alias_id,geography_id,alias,normalized_alias,alias_type,language,source_id
"3f095e59-0e7f-5c70-9938-951f1b12ea2e","ecf8c770-9d71-5fcf-91e7-39713e391479","Kenya","kenya","canonical","en","KDA-TRANSCRIPTION-LN14-2012"
"0ed7348d-3aee-51b2-a871-fdd254ece837","ecf8c770-9d71-5fcf-91e7-39713e391479","Kenya country","kenya country","common","en","KDA-TRANSCRIPTION-LN14-2012"
"a59a09f3-688e-5c67-b166-9106b5cfaa0e","d4d620d7-8602-55a8-8c78-774bc9148a70","Mombasa","mombasa","canonical","en","KDA-TRANSCRIPTION-LN14-2012"
"4b52d634-ea79-575a-a1c2-35df1fdcfd7c","d4d620d7-8602-55a8-8c78-774bc9148a70","Mombasa county","mombasa county","common","en","KDA-TRANSCRIPTION-LN14-2012"
"6490c44b-2c4a-58b5-832f-3a4658302fe2","66a1bc3d-acfb-5bf1-82a7-14c3e4158e2a","Kwale","kwale","canonical","en","KDA-TRANSCRIPTION-LN14-2012"
"64ee6b5c-9424-5bab-a3b4-9e9d8392dee4","66a1bc3d-acfb-5bf1-82a7-14c3e4158e2a","Kwale county","kwale county","common","en","KDA-TRANSCRIPTION-LN14-2012"
"492ab454-3d55-51ce-a810-62fb94c3fd29","6303f3f4-e271-5f8a-a153-730ee1bee865","Kilifi","kilifi","canonical","en","KDA-TRANSCRIPTION-LN14-2012"
"e3e854e1-8275-50ae-8574-cab705e2cb92","6303f3f4-e271-5f8a-a153-730ee1bee865","Kilifi county","kilifi county","common","en","KDA-TRANSCRIPTION-LN14-2012"
"4c37040f-3757-5dbf-8b4e-bc05f129f215","5359be9e-cb0b-59d6-9561-e48914468109","Tana River","tana river","canonical","en","KDA-TRANSCRIPTION-LN14-2012"
"b5ca6db7-c3e0-5b54-b672-b3c71b487a96","5359be9e-cb0b-59d6-9561-e48914468109","Tana River county","tana river county","common","en","KDA-TRANSCRIPTION-LN14-2012"
"cfa976fa-a7a5-5ef3-9124-9ba00cdf738b","0f1ecb4e-f7cf-5a6e-8774-13a1e5350904","Lamu","lamu","canonical","en","KDA-TRANSCRIPTION-LN14-2012"
"30df1c02-e098-5f95-ab3a-40d51bcb51e4","0f1ecb4e-f7cf-5a6e-8774-13a1e5350904","Lamu county","lamu county","common","en","KDA-TRANSCRIPTION-LN14-2012"
"6a3edeb8-8223-521c-ba18-dbb4b3c657d2","4457e0ad-60f9-5d86-abda-241b77ba3f8b","Taita Taveta","taita taveta","canonical","en","KDA-TRANSCRIPTION-LN14-2012"
"4708ad98-9f93-54e0-a2f3-78559d06e028","4457e0ad-60f9-5d86-abda-241b77ba3f8b","Taita Taveta county","taita taveta county","common","en","KDA-TRANSCRIPTION-LN14-2012"
"2b730be6-a5e1-5d37-bd75-d2fb0929a639","a7ea7bb6-5575-57dc-947e-650b9091b279","Garissa","garissa","canonical","en","KDA-TRANSCRIPTION-LN14-2012"
"d97fd364-6dd0-5f2b-8096-16eaf0853ac6","a7ea7bb6-5575-57dc-947e-650b9091b279","Garissa county","garissa county","common","en","KDA-TRANSCRIPTION-LN14-2012"
"be541a1d-a855-53bf-a1dc-98e1e11e9849","48bb9364-5557-534e-9ceb-246529626b0f","Wajir","wajir","canonical","en","KDA-TRANSCRIPTION-LN14-2012"
"a033f613-5b33-5f5a-a1a1-51944db2f66f","48bb9364-5557-534e-9ceb-246529626b0f","Wajir county","wajir county","common","en","KDA-TRANSCRIPTION-LN14-2012"
"b73bb58d-d14b-5d14-ac60-2939dfaa3b08","14ae35bd-4cdf-553f-ad03-439c502a49e6","Mandera","mandera","canonical","en","KDA-TRANSCRIPTION-LN14-2012"
"00bf5e76-d6ba-5c24-9792-0bed119d033f","14ae35bd-4cdf-553f-ad03-439c502a49e6","Mandera county","mandera county","common","en","KDA-TRANSCRIPTION-LN14-2012"
"becf1463-850c-5603-acb8-c8253924ad0e","758ead44-179a-5d2e-8612-a3aea3ec83b4","Marsabit","marsabit","canonical","en","KDA-TRANSCRIPTION-LN14-2012"
"8ddbacba-8b54-55bf-86c2-81dfd03f3233","758ead44-179a-5d2e-8612-a3aea3ec83b4","Marsabit county","marsabit county","common","en","KDA-TRANSCRIPTION-LN14-2012"
"f9c95ddd-92d1-5d9f-a917-c559da07ae02","31c6c13b-4440-5fd6-b5d1-2cbac05963be","Isiolo","isiolo","canonical","en","KDA-TRANSCRIPTION-LN14-2012"
"5e260fe3-6b7c-5f12-9971-b95c785ee2d8","31c6c13b-4440-5fd6-b5d1-2cbac05963be","Isiolo county","isiolo county","common","en","KDA-TRANSCRIPTION-LN14-2012"
"3d2ef1be-ef43-5902-97dc-e2038132ff9f","6c320716-08cb-5cfb-b4d1-16ce0a1aed8b","Meru","meru","canonical","en","KDA-TRANSCRIPTION-LN14-2012"
"37564939-de44-57ae-89dc-6ec1535977bd","6c320716-08cb-5cfb-b4d1-16ce0a1aed8b","Meru county","meru county","common","en","KDA-TRANSCRIPTION-LN14-2012"
"3b1fc1a6-b09d-5650-904b-4d306bbdf9ad","46d871ad-38a9-5f7f-8caf-fa62cf5efbbe","Tharaka-Nithi","tharaka nithi","canonical","en","KDA-TRANSCRIPTION-LN14-2012"
"f9e85bb8-3b57-504a-a09c-e66a31298cce","46d871ad-38a9-5f7f-8caf-fa62cf5efbbe","Tharaka-Nithi county","tharaka nithi county","common","en","KDA-TRANSCRIPTION-LN14-2012"
"6d84d667-373f-5f92-9143-43b0926a8818","73c49e9b-999b-5afe-b5e0-c5df4a48efed","Embu","embu","canonical","en","KDA-TRANSCRIPTION-LN14-2012"
"024a5ce6-6bf3-590e-9a8d-2025d0c48875","73c49e9b-999b-5afe-b5e0-c5df4a48efed","Embu county","embu county","common","en","KDA-TRANSCRIPTION-LN14-2012"
"dea2a948-4de6-57b2-bfc4-8275ac14cb77","efcf0d37-384c-58d0-ba43-bf8937e062a8","Kitui","kitui","canonical","en","KDA-TRANSCRIPTION-LN14-2012"
"4b2a1aaa-20b1-5ac5-8e57-f0de38f39f03","efcf0d37-384c-58d0-ba43-bf8937e062a8","Kitui county","kitui county","common","en","KDA-TRANSCRIPTION-LN14-2012"
"94d8fda8-5ee2-591a-9123-165d83691c14","110b5a9b-accf-53d3-b558-8d1cc1476690","Machakos","machakos","canonical","en","KDA-TRANSCRIPTION-LN14-2012"
"aa28eb11-6a1f-53eb-aeb8-61d4b8568683","110b5a9b-accf-53d3-b558-8d1cc1476690","Machakos county","machakos county","common","en","KDA-TRANSCRIPTION-LN14-2012"
"516eeba8-8dfa-5112-953f-f1114e131d0c","418212dc-0a47-510e-83c3-c30fd9deb53e","Makueni","makueni","canonical","en","KDA-TRANSCRIPTION-LN14-2012"
"1b3deba9-36c5-568c-b1b4-6610594fa97b","418212dc-0a47-510e-83c3-c30fd9deb53e","Makueni county","makueni county","common","en","KDA-TRANSCRIPTION-LN14-2012"
"76a3a2a7-cabb-55aa-aa6f-64260e423d95","f1432c15-8450-5e4b-a668-5151dd0e008d","Nyandarua","nyandarua","canonical","en","KDA-TRANSCRIPTION-LN14-2012"
"4b661eac-7b95-512e-add1-6ad2bd8c1a93","f1432c15-8450-5e4b-a668-5151dd0e008d","Nyandarua county","nyandarua county","common","en","KDA-TRANSCRIPTION-LN14-2012"
"578496bb-8b31-52d8-a3b3-18d7acdc4142","16808e44-6168-57a9-81fd-29dbe2682acb","Nyeri","nyeri","canonical","en","KDA-TRANSCRIPTION-LN14-2012"
"234431e6-80f1-54d8-a0a2-2e875e095550","16808e44-6168-57a9-81fd-29dbe2682acb","Nyeri county","nyeri county","common","en","KDA-TRANSCRIPTION-LN14-2012"
"05fa3eef-44b3-593c-9967-976cabd68efa","b183f606-6fbd-55ba-b94c-f4819df0a852","Kirinyaga","kirinyaga","canonical","en","KDA-TRANSCRIPTION-LN14-2012"
"873e8373-c849-565b-9f5f-7948baede233","b183f606-6fbd-55ba-b94c-f4819df0a852","Kirinyaga county","kirinyaga county","common","en","KDA-TRANSCRIPTION-LN14-2012"
"69419d4e-96c2-5474-a330-70e255109e33","63e6158b-4293-559b-a0b8-cb068735d4a8","Murang'a","muranga","canonical","en","KDA-TRANSCRIPTION-LN14-2012"
"9d78f857-78ab-5d21-8e52-19db06471c35","63e6158b-4293-559b-a0b8-cb068735d4a8","Murang'a county","muranga county","common","en","KDA-TRANSCRIPTION-LN14-2012"
"037ec869-cd53-5576-bb2f-9b24e6911c1c","b4bc133a-fe17-5ab9-8824-af7895fdd276","Kiambu","kiambu","canonical","en","KDA-TRANSCRIPTION-LN14-2012"
"fc341df2-d8d9-55df-8058-f5ae40a12a93","b4bc133a-fe17-5ab9-8824-af7895fdd276","Kiambu county","kiambu county","common","en","KDA-TRANSCRIPTION-LN14-2012"
"fc528eba-dc8b-5912-999f-2d0e4570da7d","79e6e98b-2569-5520-b4c1-7faa24557250","Turkana","turkana","canonical","en","KDA-TRANSCRIPTION-LN14-2012"
"a17232f0-91d0-5ce0-abe8-6a7b5f43bee2","79e6e98b-2569-5520-b4c1-7faa24557250","Turkana county","turkana county","common","en","KDA-TRANSCRIPTION-LN14-2012"
"a2c66219-eb85-5d53-9f5b-ae2092a00790","321c4e21-8c5a-5baf-ba86-a539c99a5e9b","West Pokot","west pokot","canonical","en","KDA-TRANSCRIPTION-LN14-2012"
"b7dd3ab8-6e65-5766-a0b0-70155a5dcc69","321c4e21-8c5a-5baf-ba86-a539c99a5e9b","West Pokot county","west pokot county","common","en","KDA-TRANSCRIPTION-LN14-2012"
"1365e117-a1fd-5238-a07c-fea86391535e","2e88f596-ae2e-5298-a295-8078bb369a9d","Samburu","samburu","canonical","en","KDA-TRANSCRIPTION-LN14-2012"
"0999aeb9-262b-5104-adfe-3228ce364954","2e88f596-ae2e-5298-a295-8078bb369a9d","Samburu county","samburu county","common","en","KDA-TRANSCRIPTION-LN14-2012"
"19f420dd-376a-5691-8f4f-cc7b188d174d","1435e02a-7508-5914-9d5c-399adc0ff5f5","Trans Nzoia","trans nzoia","canonical","en","KDA-TRANSCRIPTION-LN14-2012"
"68779b9a-c51c-59b5-a1d0-9b8a210a281a","1435e02a-7508-5914-9d5c-399adc0ff5f5","Trans Nzoia county","trans nzoia county","common","en","KDA-TRANSCRIPTION-LN14-2012"
"966362b3-4a82-5333-ba7c-bc36f5419207","550f28f3-a8f8-566e-a458-137789e3f89d","Uasin Gishu","uasin gishu","canonical","en","KDA-TRANSCRIPTION-LN14-2012"
"4912fad9-ed12-5a41-b785-caec33aad1ae","550f28f3-a8f8-566e-a458-137789e3f89d","Uasin Gishu county","uasin gishu county","common","en","KDA-TRANSCRIPTION-LN14-2012"
"0c67ffca-337e-5384-bd8d-6c764b979a40","f4d743d7-f527-5691-818d-83ca7ae22c14","Elgeyo/Marakwet","elgeyo marakwet","canonical","en","KDA-TRANSCRIPTION-LN14-2012"
"0dff365e-1a13-5a78-abb6-f2e1305312b1","f4d743d7-f527-5691-818d-83ca7ae22c14","Elgeyo/Marakwet county","elgeyo marakwet county","common","en","KDA-TRANSCRIPTION-LN14-2012"
"fc76e86b-624c-571c-8cbb-58c4df1ca38c","bd1f873f-6065-5372-96a9-0849be7e402f","Nandi","nandi","canonical","en","KDA-TRANSCRIPTION-LN14-2012"
"c9e43321-8544-5f8c-b9f5-c8106023ae63","bd1f873f-6065-5372-96a9-0849be7e402f","Nandi county","nandi county","common","en","KDA-TRANSCRIPTION-LN14-2012"
"36306608-af8d-5d94-b7ff-aac8f15f8466","c10e40a8-4a0f-5ac9-9a9c-9538938f81fd","Baringo","baringo","canonical","en","KDA-TRANSCRIPTION-LN14-2012"
"8d4d2f49-3608-54c3-b211-7e9529b16006","c10e40a8-4a0f-5ac9-9a9c-9538938f81fd","Baringo county","baringo county","common","en","KDA-TRANSCRIPTION-LN14-2012"
"6ca6a4a8-98f7-5fff-95b7-c1660f6015e9","2929fd5b-add6-5a6b-918b-661d37c1e21a","Laikipia","laikipia","canonical","en","KDA-TRANSCRIPTION-LN14-2012"
"ceab09c5-ce28-5743-9404-9be00c0f86dd","2929fd5b-add6-5a6b-918b-661d37c1e21a","Laikipia county","laikipia county","common","en","KDA-TRANSCRIPTION-LN14-2012"
"1f03d275-047a-5d85-a8a0-929bcfe2e6c2","9dc9005d-2ad9-57f1-9927-c951df4e5cfb","Nakuru","nakuru","canonical","en","KDA-TRANSCRIPTION-LN14-2012"
"cb34b53e-6915-51a3-b931-4c3915f23923","9dc9005d-2ad9-57f1-9927-c951df4e5cfb","Nakuru county","nakuru county","common","en","KDA-TRANSCRIPTION-LN14-2012"
"0d6221d5-0be4-5359-8eed-256ad12f5606","84932ef0-f570-5d9b-892c-3c561b214be9","Narok","narok","canonical","en","KDA-TRANSCRIPTION-LN14-2012"
"7ab80faa-7f0d-5e09-9f41-4ad102639fc0","84932ef0-f570-5d9b-892c-3c561b214be9","Narok county","narok county","common","en","KDA-TRANSCRIPTION-LN14-2012"
"92e5c28f-051d-5593-ac02-ef498ad32e10","a91c60cb-b2b4-5cdf-a1fc-fbe89f9f0665","Kajiado","kajiado","canonical","en","KDA-TRANSCRIPTION-LN14-2012"
"8bbdef46-a5ac-57f1-8a88-dd2a9390e134","a91c60cb-b2b4-5cdf-a1fc-fbe89f9f0665","Kajiado county","kajiado county","common","en","KDA-TRANSCRIPTION-LN14-2012"
"325c9a80-d4ce-5137-aa4d-2d5017189bf4","f377dad1-a4e8-5681-af41-07de7a5e66bc","Kericho","kericho","canonical","en","KDA-TRANSCRIPTION-LN14-2012"
"cd5dd21a-2227-577d-a57e-bedb834fa63b","f377dad1-a4e8-5681-af41-07de7a5e66bc","Kericho county","kericho county","common","en","KDA-TRANSCRIPTION-LN14-2012"
"ccc0f5ec-3476-50e8-a94f-f2b70e5a1a0e","0b3dac6f-b81a-5ac8-bd57-34f3507c8c14","Bomet","bomet","canonical","en","KDA-TRANSCRIPTION-LN14-2012"
"50f3b373-775b-5d09-be8c-12ddaa82b220","0b3dac6f-b81a-5ac8-bd57-34f3507c8c14","Bomet county","bomet county","common","en","KDA-TRANSCRIPTION-LN14-2012"
"6c61cfe8-ee92-5337-94bd-15453c3ca3af","ce6e7794-14b4-5706-bff1-dd7a12880f11","Kakamega","kakamega","canonical","en","KDA-TRANSCRIPTION-LN14-2012"
"47dd14ae-bc04-5ba2-9e7d-99f98c7864ec","ce6e7794-14b4-5706-bff1-dd7a12880f11","Kakamega county","kakamega county","common","en","KDA-TRANSCRIPTION-LN14-2012"
"f4193058-a478-599c-a9ba-94975ea06aed","e6c43924-d70e-57f7-9f0b-03aa5740d7f7","Vihiga","vihiga","canonical","en","KDA-TRANSCRIPTION-LN14-2012"
"6a11d93e-7311-5875-a9ca-db14c15b2652","e6c43924-d70e-57f7-9f0b-03aa5740d7f7","Vihiga county","vihiga county","common","en","KDA-TRANSCRIPTION-LN14-2012"
"a80d6611-3600-54d1-8a49-dac284ad8a66","a4499272-a024-54c9-81a0-3596489b405f","Bungoma","bungoma","canonical","en","KDA-TRANSCRIPTION-LN14-2012"
"b8a0ec9f-11e8-54be-8590-ac31771ab134","a4499272-a024-54c9-81a0-3596489b405f","Bungoma county","bungoma county","common","en","KDA-TRANSCRIPTION-LN14-2012"
"2a0c93e5-4ac2-5103-9325-e24837940546","ddeb0cc9-7b20-50d0-8a9e-9d5fd98d1131","Busia","busia","canonical","en","KDA-TRANSCRIPTION-LN14-2012"
"c7e4ef03-99ed-5141-95e5-56b9964a79ef","ddeb0cc9-7b20-50d0-8a9e-9d5fd98d1131","Busia county","busia county","common","en","KDA-TRANSCRIPTION-LN14-2012"
"8b5f62d5-83d3-5bae-af49-30b0f4ec9e9e","ef4a5751-388d-5620-9293-0a16f87395f2","Siaya","siaya","canonical","en","KDA-TRANSCRIPTION-LN14-2012"
"66f4e6b7-4920-553f-ad9b-f5f9f1b46e95","ef4a5751-388d-5620-9293-0a16f87395f2","Siaya county","siaya county","common","en","KDA-TRANSCRIPTION-LN14-2012"
"c3596d42-a566-519f-b576-d6a4728de4f3","b480fa47-cda8-5199-afd4-eedc5ebd6a8f","Kisumu","kisumu","canonical","en","KDA-TRANSCRIPTION-LN14-2012"
"8854186b-900f-551d-a806-90ce7a51ddd5","b480fa47-cda8-5199-afd4-eedc5ebd6a8f","Kisumu county","kisumu county","common","en","KDA-TRANSCRIPTION-LN14-2012"
"5fd127e0-cae2-5fe5-bff0-cc470d3cf777","9ddae9f2-988b-581a-8282-7230e27be6b7","Homa Bay","homa bay","canonical","en","KDA-TRANSCRIPTION-LN14-2012"
"ed061d1c-5de5-5033-83a4-5902cfd34369","9ddae9f2-988b-581a-8282-7230e27be6b7","Homa Bay county","homa bay county","common","en","KDA-TRANSCRIPTION-LN14-2012"
"f572d222-68b8-5aa7-b190-de8a5aa5471a","9575e583-e49f-5e62-9a5d-e48f053e76e8","Migori","migori","canonical","en","KDA-TRANSCRIPTION-LN14-2012"
"50e418e4-acf6-5589-a3be-9d1f62a5434d","9575e583-e49f-5e62-9a5d-e48f053e76e8","Migori county","migori county","common","en","KDA-TRANSCRIPTION-LN14-2012"
"c5189153-8787-5dd2-ae90-98e2f67e7d5a","c2c462d1-7f28-5551-952b-482a5cfd3003","Kisii","kisii","canonical","en","KDA-TRANSCRIPTION-LN14-2012"
"500b160a-cdf1-5845-86cc-255e7d0b3fe9","c2c462d1-7f28-5551-952b-482a5cfd3003","Kisii county","kisii county","common","en","KDA-TRANSCRIPTION-LN14-2012"
"ae06c8bd-3bad-52b9-9b35-bc64805c61b9","d403dba1-a3d3-5e2d-a896-78018f6b7c8e","Nyamira","nyamira","canonical","en","KDA-TRANSCRIPTION-LN14-2012"
"eed32351-24de-5e38-893f-7267f48ff82a","d403dba1-a3d3-5e2d-a896-78018f6b7c8e","Nyamira county","nyamira county","common","en","KDA-TRANSCRIPTION-LN14-2012"
"a6cd1d82-1bb2-5e23-a94a-967d190d745a","bf6864bc-9f15-5e5f-819e-b6c30c83e8e8","Nairobi","nairobi","canonical","en","KDA-TRANSCRIPTION-LN14-2012"
"ff7c2641-d71f-5498-9f29-a388e737a150","bf6864bc-9f15-5e5f-819e-b6c30c83e8e8","Nairobi county","nairobi county","common","en","KDA-TRANSCRIPTION-LN14-2012"
"b0447f06-264e-57cb-a8f3-148f19c279d6","b0e276b8-24d1-5715-88bd-1fc0812bc444","Changamwe","changamwe","canonical","en","KDA-TRANSCRIPTION-LN14-2012"
"48d38cb0-b147-5a64-b2f8-5eb56f7b1d49","b0e276b8-24d1-5715-88bd-1fc0812bc444","Changamwe constituency","changamwe constituency","common","en","KDA-TRANSCRIPTION-LN14-2012"
"eaad9467-4747-52eb-982d-611eb350803e","217f0890-6183-54cf-a4fc-7a970aff06f6","Jomvu","jomvu","canonical","en","KDA-TRANSCRIPTION-LN14-2012"
"05a34102-9032-58ad-aab0-d957494f9cf5","217f0890-6183-54cf-a4fc-7a970aff06f6","Jomvu constituency","jomvu constituency","common","en","KDA-TRANSCRIPTION-LN14-2012"
"a02597e2-08db-506a-9a5f-2ea4d860d52c","467f4044-c4c8-5e4e-9384-ddc29f27a933","Kisauni","kisauni","canonical","en","KDA-TRANSCRIPTION-LN14-2012"
"e3c7b964-75f5-50dc-a8ca-ebfdef13e04e","467f4044-c4c8-5e4e-9384-ddc29f27a933","Kisauni constituency","kisauni constituency","common","en","KDA-TRANSCRIPTION-LN14-2012"
"3fed826a-f195-599e-9751-f52acfccf88b","abaf45b4-7986-5b89-8948-47064daf5478","Nyali","nyali","canonical","en","KDA-TRANSCRIPTION-LN14-2012"
"c127dde4-158f-54c2-a004-2fb9049ebdb9","abaf45b4-7986-5b89-8948-47064daf5478","Nyali constituency","nyali constituency","common","en","KDA-TRANSCRIPTION-LN14-2012"
"db9118c2-529f-51c9-8ca1-d99927bcfa1e","d797f93b-53c6-5e4d-acc2-b38dbe181e31","Likoni","likoni","canonical","en","KDA-TRANSCRIPTION-LN14-2012"
"7ad3cfea-933c-57ff-ba48-5aaa8bc7019e","d797f93b-53c6-5e4d-acc2-b38dbe181e31","Likoni constituency","likoni constituency","common","en","KDA-TRANSCRIPTION-LN14-2012"
"aba696b9-4e87-5e2d-88b3-8993732cb10b","68e4eab1-535c-5062-b61b-845508754c44","Mvita","mvita","canonical","en","KDA-TRANSCRIPTION-LN14-2012"
"5301985a-2fc9-58f2-b09f-a8650e9611fc","68e4eab1-535c-5062-b61b-845508754c44","Mvita constituency","mvita constituency","common","en","KDA-TRANSCRIPTION-LN14-2012"
"9e0e35ea-a351-52ce-bff6-a1db681ea242","69b3a4a9-3db9-55a7-a35e-b983d4b55374","Msambweni","msambweni","canonical","en","KDA-TRANSCRIPTION-LN14-2012"
"0f0da7d5-d288-5d2f-b7c4-4b2eb2dd9148","69b3a4a9-3db9-55a7-a35e-b983d4b55374","Msambweni constituency","msambweni constituency","common","en","KDA-TRANSCRIPTION-LN14-2012"
"94d066cc-b300-54d5-9d8e-5155f3a4faaa","157afb85-90ec-5a6e-9e09-6eb3e8c00ba8","Lungalunga","lungalunga","canonical","en","KDA-TRANSCRIPTION-LN14-2012"
"b40def2e-f0e8-5ba9-9d12-92f7b50c3f84","157afb85-90ec-5a6e-9e09-6eb3e8c00ba8","Lungalunga constituency","lungalunga constituency","common","en","KDA-TRANSCRIPTION-LN14-2012"
"0109d35b-48bd-579b-843a-fda1e3cd9020","3a8d96a5-0384-5a2f-97eb-c083de06d77d","Matuga","matuga","canonical","en","KDA-TRANSCRIPTION-LN14-2012"
"d0f728e5-2def-555d-926f-cba14d6cb6a9","3a8d96a5-0384-5a2f-97eb-c083de06d77d","Matuga constituency","matuga constituency","common","en","KDA-TRANSCRIPTION-LN14-2012"
"2f2e785b-7b1c-5b32-a7ed-7e9dc82c549e","bc2718f3-dc49-59cf-a7e0-536034952b10","Kinango","kinango","canonical","en","KDA-TRANSCRIPTION-LN14-2012"
"f4581331-8ba7-5b79-afe8-c1bf8e3fb63f","bc2718f3-dc49-59cf-a7e0-536034952b10","Kinango constituency","kinango constituency","common","en","KDA-TRANSCRIPTION-LN14-2012"
"d9ed3c92-0d2c-58f1-b926-35e225001aa2","a6633cb4-2a53-51e8-8014-ebf1335f835c","Kilifi North","kilifi north","canonical","en","KDA-TRANSCRIPTION-LN14-2012"
"14229f7e-2c9b-5cab-b9fa-857b9e81a649","a6633cb4-2a53-51e8-8014-ebf1335f835c","Kilifi North constituency","kilifi north constituency","common","en","KDA-TRANSCRIPTION-LN14-2012"
"89357709-2b19-5f3e-a9ea-19dadcd927de","153b9ba3-dcb0-5086-b310-7dbcf36337ff","Kilifi South","kilifi south","canonical","en","KDA-TRANSCRIPTION-LN14-2012"
"5dc4dda6-bd72-5d83-92d6-8eb5cf875467","153b9ba3-dcb0-5086-b310-7dbcf36337ff","Kilifi South constituency","kilifi south constituency","common","en","KDA-TRANSCRIPTION-LN14-2012"
"1f778692-ef7d-5839-89ae-34b09e724387","0fbcd634-de65-5c39-b17a-be12c278eafd","Kaloleni","kaloleni","canonical","en","KDA-TRANSCRIPTION-LN14-2012"
"040322ee-819d-5229-bf3b-5bddc1a19ac2","0fbcd634-de65-5c39-b17a-be12c278eafd","Kaloleni constituency","kaloleni constituency","common","en","KDA-TRANSCRIPTION-LN14-2012"
"e97c88ae-f2d1-5121-b105-b4e97c058ad4","29091e0a-09cb-51ad-8501-11f9d3629daa","Rabai","rabai","canonical","en","KDA-TRANSCRIPTION-LN14-2012"
"c4a1f6a6-3bf9-5d14-bb3f-2a8157611889","29091e0a-09cb-51ad-8501-11f9d3629daa","Rabai constituency","rabai constituency","common","en","KDA-TRANSCRIPTION-LN14-2012"
"ebb9bfe5-68e2-5a26-bc01-c57b597e59fd","d4fd6228-0b54-594b-ab75-7ebcaf8e47f5","Ganze","ganze","canonical","en","KDA-TRANSCRIPTION-LN14-2012"
"c907d91c-c15b-53ad-98e7-e1f7111f8dde","d4fd6228-0b54-594b-ab75-7ebcaf8e47f5","Ganze constituency","ganze constituency","common","en","KDA-TRANSCRIPTION-LN14-2012"
"2320a6cc-ee13-51c9-b3a5-e70f87585e9b","9dac3381-02d4-5e16-864a-9ee01e70d34d","Malindi","malindi","canonical","en","KDA-TRANSCRIPTION-LN14-2012"
"f10b6212-e6cc-535d-87f3-5c12c80bfd45","9dac3381-02d4-5e16-864a-9ee01e70d34d","Malindi constituency","malindi constituency","common","en","KDA-TRANSCRIPTION-LN14-2012"
"a189f16b-2202-5525-81e0-0bddf2d066d4","d5187a92-f471-5b0c-af98-7a51dc3de30f","Magarini","magarini","canonical","en","KDA-TRANSCRIPTION-LN14-2012"
"75aa85d4-0b85-5050-8ac6-7e6c7fe597d7","d5187a92-f471-5b0c-af98-7a51dc3de30f","Magarini constituency","magarini constituency","common","en","KDA-TRANSCRIPTION-LN14-2012"
"8b38b123-c1fc-559b-bd4f-06684859c138","54d9485c-ebe2-5a9b-8112-7d18c2bc5940","Garsen","garsen","canonical","en","KDA-TRANSCRIPTION-LN14-2012"
"f41eb02f-9347-5c6f-963f-65a629e78954","54d9485c-ebe2-5a9b-8112-7d18c2bc5940","Garsen constituency","garsen constituency","common","en","KDA-TRANSCRIPTION-LN14-2012"
"7e8dd3a5-1d82-5581-8eb3-f364cefcdf6d","a9fe82cc-d998-5c50-a4e6-e8fbbee7ffb7","Galole","galole","canonical","en","KDA-TRANSCRIPTION-LN14-2012"
"dfed4ab4-09ce-5e43-8a88-0f668c9a7908","a9fe82cc-d998-5c50-a4e6-e8fbbee7ffb7","Galole constituency","galole constituency","common","en","KDA-TRANSCRIPTION-LN14-2012"
"ce5474ef-ad4c-549f-a63b-f1ac5bb21c3c","3186deb8-3290-5971-a105-06a1ed9edf8d","Bura","bura","canonical","en","KDA-TRANSCRIPTION-LN14-2012"
"436e64d3-a1a1-5ffe-bd72-e0e56ab3f66b","3186deb8-3290-5971-a105-06a1ed9edf8d","Bura constituency","bura constituency","common","en","KDA-TRANSCRIPTION-LN14-2012"
"6de0cd5c-65bb-5a5a-821c-21e7b31a6932","4eaeca9e-b1c3-59d4-9fbe-c42a9801a4d9","Lamu East","lamu east","canonical","en","KDA-TRANSCRIPTION-LN14-2012"
"270230fd-d735-5c15-9ef7-fe03511a17c6","4eaeca9e-b1c3-59d4-9fbe-c42a9801a4d9","Lamu East constituency","lamu east constituency","common","en","KDA-TRANSCRIPTION-LN14-2012"
"fd04b1ff-dab7-52fb-b86d-661513a9b93c","1ccf87ea-e8a8-58c0-ab24-1211591f8baa","Lamu West","lamu west","canonical","en","KDA-TRANSCRIPTION-LN14-2012"
"5beda24c-28ab-5cc5-b6e7-df1a2407d149","1ccf87ea-e8a8-58c0-ab24-1211591f8baa","Lamu West constituency","lamu west constituency","common","en","KDA-TRANSCRIPTION-LN14-2012"
"35106ddd-08f4-5d46-b70a-20cd5c828fa3","9a6b7180-4bef-5544-a1dc-80bf086b1629","Taveta","taveta","canonical","en","KDA-TRANSCRIPTION-LN14-2012"
"660c871e-7972-5a69-856a-7ba4e02a2d36","9a6b7180-4bef-5544-a1dc-80bf086b1629","Taveta constituency","taveta constituency","common","en","KDA-TRANSCRIPTION-LN14-2012"
"c24ff14c-dcda-59d1-9f45-ffccc34a9893","03bbde54-b5ef-56d9-b37c-20ba7fa6f537","Wundanyi","wundanyi","canonical","en","KDA-TRANSCRIPTION-LN14-2012"
"80f63559-e998-5854-91f5-ce57376a8f55","03bbde54-b5ef-56d9-b37c-20ba7fa6f537","Wundanyi constituency","wundanyi constituency","common","en","KDA-TRANSCRIPTION-LN14-2012"
"2b5cf27c-95f9-5681-ad55-665a864e7c9e","16170078-b685-51ca-ae2f-1b95517f7d8f","Mwatate","mwatate","canonical","en","KDA-TRANSCRIPTION-LN14-2012"
"d95a80a2-149a-559c-959a-1bdfffb63f34","16170078-b685-51ca-ae2f-1b95517f7d8f","Mwatate constituency","mwatate constituency","common","en","KDA-TRANSCRIPTION-LN14-2012"
"e8e6bb04-b94a-5e32-b6bf-3aeb3c49cb98","bb7371fe-f042-5453-80af-8c04012656d8","Voi","voi","canonical","en","KDA-TRANSCRIPTION-LN14-2012"
"9aa6613a-4f6f-5f44-938a-fb56640f0cb1","bb7371fe-f042-5453-80af-8c04012656d8","Voi constituency","voi constituency","common","en","KDA-TRANSCRIPTION-LN14-2012"
"70e9895d-7243-5fc1-86c7-d9fd245b6e15","473cc6ac-a5bd-599f-9465-b0669cca0794","Garissa Township","garissa township","canonical","en","KDA-TRANSCRIPTION-LN14-2012"
"1b2805fa-8b23-5775-a3c7-6b83ab051382","473cc6ac-a5bd-599f-9465-b0669cca0794","Garissa Township constituency","garissa township constituency","common","en","KDA-TRANSCRIPTION-LN14-2012"
"32a0a5c0-1d95-5d75-a224-e8a6eed5f36e","c059d8ba-4168-54c8-9bb1-49ce1286caba","Balambala","balambala","canonical","en","KDA-TRANSCRIPTION-LN14-2012"
"76756559-c2a0-5bc1-9f05-65b1ae8fbc26","c059d8ba-4168-54c8-9bb1-49ce1286caba","Balambala constituency","balambala constituency","common","en","KDA-TRANSCRIPTION-LN14-2012"
"cfc4b9d1-eb12-5e0f-a6ef-0ea6e848b6ce","17d338d4-3309-56c7-a143-ea1ba5e822de","Lagdera","lagdera","canonical","en","KDA-TRANSCRIPTION-LN14-2012"
"8c709156-7f9a-5c74-9825-13d9c5ae9d2e","17d338d4-3309-56c7-a143-ea1ba5e822de","Lagdera constituency","lagdera constituency","common","en","KDA-TRANSCRIPTION-LN14-2012"
"56d66e5c-1280-549d-9a57-a7e32343e760","342452d0-2dfa-5070-8816-5d2810bfbc45","Dadaab","dadaab","canonical","en","KDA-TRANSCRIPTION-LN14-2012"
"2c0635fb-a486-5cd9-b37c-d3feb85a3fd4","342452d0-2dfa-5070-8816-5d2810bfbc45","Dadaab constituency","dadaab constituency","common","en","KDA-TRANSCRIPTION-LN14-2012"
"356f0a07-abdd-5765-85a7-1049d05cae99","71ec1922-cf6c-5e19-8595-d27b77b91a8d","Fafi","fafi","canonical","en","KDA-TRANSCRIPTION-LN14-2012"
"bcea656a-9474-5cd1-b4d0-754f92040923","71ec1922-cf6c-5e19-8595-d27b77b91a8d","Fafi constituency","fafi constituency","common","en","KDA-TRANSCRIPTION-LN14-2012"
"a5ef0546-a257-5315-9a7b-0d5df427d71e","d39f303b-7165-5619-82b0-5b5aa998f870","Ijara","ijara","canonical","en","KDA-TRANSCRIPTION-LN14-2012"
"095a4e41-e0ca-52b2-8633-42726d4b7f4d","d39f303b-7165-5619-82b0-5b5aa998f870","Ijara constituency","ijara constituency","common","en","KDA-TRANSCRIPTION-LN14-2012"
"ec2835e9-0064-5187-8d3b-75a07fe46ac5","fa923aa0-5a27-544b-9d4a-8c64a2adfcc0","Wajir North","wajir north","canonical","en","KDA-TRANSCRIPTION-LN14-2012"
"9c7ead20-545c-5cbe-96e9-5efe881638ab","fa923aa0-5a27-544b-9d4a-8c64a2adfcc0","Wajir North constituency","wajir north constituency","common","en","KDA-TRANSCRIPTION-LN14-2012"
"4c0ba33f-f3a7-5098-967e-a1d9832f781e","5b62b425-0715-5ead-b089-522d5236e155","Wajir East","wajir east","canonical","en","KDA-TRANSCRIPTION-LN14-2012"
"505342e2-8e28-5cd8-aa15-3a1f1c74e304","5b62b425-0715-5ead-b089-522d5236e155","Wajir East constituency","wajir east constituency","common","en","KDA-TRANSCRIPTION-LN14-2012"
"bd29c9ea-bfcb-5602-b5ab-c97311ecb623","3bda758d-b1df-50d6-a2e1-3157aeae7b10","Tarbaj","tarbaj","canonical","en","KDA-TRANSCRIPTION-LN14-2012"
"65f368ea-b349-5bca-b356-47d59a2cf6d7","3bda758d-b1df-50d6-a2e1-3157aeae7b10","Tarbaj constituency","tarbaj constituency","common","en","KDA-TRANSCRIPTION-LN14-2012"
"db4779a4-32ff-57b7-8739-0b4b22fe9f9e","127bf57d-b28f-55e4-a9fd-a03d23a4bc13","Wajir West","wajir west","canonical","en","KDA-TRANSCRIPTION-LN14-2012"
"03b4e825-516c-5185-abc5-759b29a12518","127bf57d-b28f-55e4-a9fd-a03d23a4bc13","Wajir West constituency","wajir west constituency","common","en","KDA-TRANSCRIPTION-LN14-2012"
"3f09b21b-e080-5889-b5d9-379207b34dd7","94e2e7ed-dcbc-5f56-9e00-c3ab5fbcbdf9","Eldas","eldas","canonical","en","KDA-TRANSCRIPTION-LN14-2012"
"69d9d0eb-ebb3-5e2b-9dec-257c4284f135","94e2e7ed-dcbc-5f56-9e00-c3ab5fbcbdf9","Eldas constituency","eldas constituency","common","en","KDA-TRANSCRIPTION-LN14-2012"
"68795ca7-c819-5d4b-84d2-7a6b88db4667","9637010d-1a35-55ec-89bc-3800ac8fb2d2","Wajir South","wajir south","canonical","en","KDA-TRANSCRIPTION-LN14-2012"
"0f01b917-43dc-5a4a-a31b-67c54704ed8f","9637010d-1a35-55ec-89bc-3800ac8fb2d2","Wajir South constituency","wajir south constituency","common","en","KDA-TRANSCRIPTION-LN14-2012"
"68f9569b-4924-5867-ae54-591cc8d9372f","4ce4ca04-a64d-5e05-8342-97d41053a36b","Mandera West","mandera west","canonical","en","KDA-TRANSCRIPTION-LN14-2012"
"3f133b29-886d-5b11-8fc9-8038b06ef062","4ce4ca04-a64d-5e05-8342-97d41053a36b","Mandera West constituency","mandera west constituency","common","en","KDA-TRANSCRIPTION-LN14-2012"
"fe6da9d3-9b80-5bc0-ad0e-945fb0ced219","09c9c0b8-08d2-5a85-82b8-025ebbc40a51","Banissa","banissa","canonical","en","KDA-TRANSCRIPTION-LN14-2012"
"13140376-3644-53e5-95b7-a3bfab7da96e","09c9c0b8-08d2-5a85-82b8-025ebbc40a51","Banissa constituency","banissa constituency","common","en","KDA-TRANSCRIPTION-LN14-2012"
"39866a19-41c1-58f1-91f5-811b44549a89","b729cbca-1575-5708-96ca-a816106d22b9","Mandera North","mandera north","canonical","en","KDA-TRANSCRIPTION-LN14-2012"
"cb3d0b58-ece1-55bd-ae59-f9418db60299","b729cbca-1575-5708-96ca-a816106d22b9","Mandera North constituency","mandera north constituency","common","en","KDA-TRANSCRIPTION-LN14-2012"
"9dc11fe9-2c19-5ee1-8bb6-0b996258c771","35d25741-ebee-59a6-8a1b-2e2ff90d3358","Mandera South","mandera south","canonical","en","KDA-TRANSCRIPTION-LN14-2012"
"08f33885-d84c-5efe-acea-3e799bd85342","35d25741-ebee-59a6-8a1b-2e2ff90d3358","Mandera South constituency","mandera south constituency","common","en","KDA-TRANSCRIPTION-LN14-2012"
"4a79f2b4-9e4a-5692-9ee9-db2897c9faf8","43e8c510-d5a9-5c4e-8418-56fdb960524f","Mandera East","mandera east","canonical","en","KDA-TRANSCRIPTION-LN14-2012"
"7d934e62-a1d6-54a3-955d-a305d1b78146","43e8c510-d5a9-5c4e-8418-56fdb960524f","Mandera East constituency","mandera east constituency","common","en","KDA-TRANSCRIPTION-LN14-2012"
"5bf4b19b-212c-538a-919c-65c9127cbdbd","3c1ee231-21e8-5e79-bae9-af8f295fc22e","Lafey","lafey","canonical","en","KDA-TRANSCRIPTION-LN14-2012"
"f8078ab3-7820-53d2-b7bf-41579b567d7c","3c1ee231-21e8-5e79-bae9-af8f295fc22e","Lafey constituency","lafey constituency","common","en","KDA-TRANSCRIPTION-LN14-2012"
"b0b87e76-0e05-5a01-b9b3-00eecabffb8e","9a6efbf8-6a9e-5a5e-b3ea-ff9f29c5a8f6","Moyale","moyale","canonical","en","KDA-TRANSCRIPTION-LN14-2012"
"798a0edd-1f0b-585d-9787-d4f65d88f2ea","9a6efbf8-6a9e-5a5e-b3ea-ff9f29c5a8f6","Moyale constituency","moyale constituency","common","en","KDA-TRANSCRIPTION-LN14-2012"
"d2085fcf-a1c0-5ee1-843c-bdba68ef8dfe","5b9cf2e1-f7e3-5e23-8a0e-6322cba4a203","North Horr","north horr","canonical","en","KDA-TRANSCRIPTION-LN14-2012"
"6f51d817-ce01-5115-b262-e8b36bfaf00a","5b9cf2e1-f7e3-5e23-8a0e-6322cba4a203","North Horr constituency","north horr constituency","common","en","KDA-TRANSCRIPTION-LN14-2012"
"d8ea34c0-140a-5061-a587-a311aadfac0b","38e7813e-529e-51ef-80f6-428f5478c825","Saku","saku","canonical","en","KDA-TRANSCRIPTION-LN14-2012"
"086cb036-ca31-5893-9fdd-195de6bc22e9","38e7813e-529e-51ef-80f6-428f5478c825","Saku constituency","saku constituency","common","en","KDA-TRANSCRIPTION-LN14-2012"
"6558b711-5b55-571d-ada1-24c705f241f1","fbd7da2b-0197-5504-a66c-1a0333f5c8e5","Laisamis","laisamis","canonical","en","KDA-TRANSCRIPTION-LN14-2012"
"940fc484-78a5-5014-a628-77faae332726","fbd7da2b-0197-5504-a66c-1a0333f5c8e5","Laisamis constituency","laisamis constituency","common","en","KDA-TRANSCRIPTION-LN14-2012"
"6c7c50f9-78be-52c2-9667-41e207618a19","f1ed2f51-8c4d-5cea-b1b0-0778855ed1fb","Isiolo North","isiolo north","canonical","en","KDA-TRANSCRIPTION-LN14-2012"
"21d2e51e-0a19-50b7-915b-5477a916aa5a","f1ed2f51-8c4d-5cea-b1b0-0778855ed1fb","Isiolo North constituency","isiolo north constituency","common","en","KDA-TRANSCRIPTION-LN14-2012"
"832ea7c9-763e-54f9-9ae3-6a0fe2449251","b9cf5765-79fb-58e3-a6e1-fa419874bb9b","Isiolo South","isiolo south","canonical","en","KDA-TRANSCRIPTION-LN14-2012"
"df0d83db-a2d0-5eef-805d-f95b73d1fcfd","b9cf5765-79fb-58e3-a6e1-fa419874bb9b","Isiolo South constituency","isiolo south constituency","common","en","KDA-TRANSCRIPTION-LN14-2012"
"435d5c20-60c4-5527-986d-be6f918c3914","59f520e4-65fc-5a75-a362-0481682d7e71","Igembe South","igembe south","canonical","en","KDA-TRANSCRIPTION-LN14-2012"
"a2d25aa4-eb42-5776-8088-b8fa2ca05c6f","59f520e4-65fc-5a75-a362-0481682d7e71","Igembe South constituency","igembe south constituency","common","en","KDA-TRANSCRIPTION-LN14-2012"
"9ac5e51a-3e36-5902-9d01-81cd99567036","5e1e86a0-578b-5c85-94a0-9eba937512a2","Igembe Central","igembe central","canonical","en","KDA-TRANSCRIPTION-LN14-2012"
"62a5de88-3e90-525c-9426-720121baa0a9","5e1e86a0-578b-5c85-94a0-9eba937512a2","Igembe Central constituency","igembe central constituency","common","en","KDA-TRANSCRIPTION-LN14-2012"
"aa15ecea-d3c3-5c5a-906f-198f91302b36","6e46329e-8e61-51ab-b381-287d65682c43","Igembe North","igembe north","canonical","en","KDA-TRANSCRIPTION-LN14-2012"
"9e121c9c-828c-5645-b985-0ee8ac8a0958","6e46329e-8e61-51ab-b381-287d65682c43","Igembe North constituency","igembe north constituency","common","en","KDA-TRANSCRIPTION-LN14-2012"
"fab29496-84d0-5fc9-91fe-5f07f800d016","e4451399-9b0b-5898-b16f-94e0ff92910e","Tigania West","tigania west","canonical","en","KDA-TRANSCRIPTION-LN14-2012"
"739c6187-b286-5693-af89-1c1d981d8aa6","e4451399-9b0b-5898-b16f-94e0ff92910e","Tigania West constituency","tigania west constituency","common","en","KDA-TRANSCRIPTION-LN14-2012"
"4c5d0704-2ba3-5fa1-84fb-49adfdd5e5f1","ae0efaa5-cfaa-54b5-8f9c-feb87ba278df","Tigania East","tigania east","canonical","en","KDA-TRANSCRIPTION-LN14-2012"
"c747b566-f7d0-579e-a2c0-deb5e69cee0e","ae0efaa5-cfaa-54b5-8f9c-feb87ba278df","Tigania East constituency","tigania east constituency","common","en","KDA-TRANSCRIPTION-LN14-2012"
"b8ed85b8-6725-5ef6-8ce4-54f1948b93fa","56012725-34d5-5519-9ac2-bd07ec040da0","North Imenti","north imenti","canonical","en","KDA-TRANSCRIPTION-LN14-2012"
"a8b75f66-34ac-5245-9cc0-3400fd25969d","56012725-34d5-5519-9ac2-bd07ec040da0","North Imenti constituency","north imenti constituency","common","en","KDA-TRANSCRIPTION-LN14-2012"
"68cc0521-2490-5486-bb83-0a9b89309f3d","edd7aedb-37fe-5661-9fef-52c08cbd8f6a","Buuri","buuri","canonical","en","KDA-TRANSCRIPTION-LN14-2012"
"21dade19-1b1e-51e4-9ce0-d1347ee62c76","edd7aedb-37fe-5661-9fef-52c08cbd8f6a","Buuri constituency","buuri constituency","common","en","KDA-TRANSCRIPTION-LN14-2012"
"9a5bfe1d-9d8f-5b9d-aec0-43010111a7b9","6e222a80-99a0-5c83-91ef-0cc3d91738a5","Central Imenti","central imenti","canonical","en","KDA-TRANSCRIPTION-LN14-2012"
"f51f5773-139f-5037-a917-9c423d771a32","6e222a80-99a0-5c83-91ef-0cc3d91738a5","Central Imenti constituency","central imenti constituency","common","en","KDA-TRANSCRIPTION-LN14-2012"
"939e0264-482d-5b83-a9b2-3420079b7467","46f243db-e7f2-54b1-abc3-42bfcff2498b","South Imenti","south imenti","canonical","en","KDA-TRANSCRIPTION-LN14-2012"
"e3b5736f-79d0-5d6d-a2f5-fa9a979f1fe2","46f243db-e7f2-54b1-abc3-42bfcff2498b","South Imenti constituency","south imenti constituency","common","en","KDA-TRANSCRIPTION-LN14-2012"
"11d71ca0-2501-507d-9e77-a5dc1b6955f4","3b75bb60-db7f-5a11-ab38-0b7dc35f2f2e","Maara","maara","canonical","en","KDA-TRANSCRIPTION-LN14-2012"
"841b48e4-5ff4-5809-9282-d9240edba3e6","3b75bb60-db7f-5a11-ab38-0b7dc35f2f2e","Maara constituency","maara constituency","common","en","KDA-TRANSCRIPTION-LN14-2012"
"176895ce-5714-5a50-a46c-44e1aa51ce3d","d6c946c3-9a0f-50db-a973-d811695a2546","Chuka/Igambang'om","chuka igambangom","canonical","en","KDA-TRANSCRIPTION-LN14-2012"
"964ad1c2-a4df-56b1-b7f3-c5c03a778d3f","d6c946c3-9a0f-50db-a973-d811695a2546","Chuka/Igambang'om constituency","chuka igambangom constituency","common","en","KDA-TRANSCRIPTION-LN14-2012"
"70eaae48-c4e2-51f8-aa32-87c815b4a94f","ff0f205e-8046-5dc6-bb10-7c78c8b5fe06","Tharaka","tharaka","canonical","en","KDA-TRANSCRIPTION-LN14-2012"
"b42cab6f-56eb-52cc-a81d-85fae90f756b","ff0f205e-8046-5dc6-bb10-7c78c8b5fe06","Tharaka constituency","tharaka constituency","common","en","KDA-TRANSCRIPTION-LN14-2012"
"58a8c8c9-519d-5780-a2ec-030b6b7ada15","d5273b88-f5cf-5dc9-b81e-b723a30f1bbd","Manyatta","manyatta","canonical","en","KDA-TRANSCRIPTION-LN14-2012"
"4efa847f-db0d-5b2f-b817-563051a98e65","d5273b88-f5cf-5dc9-b81e-b723a30f1bbd","Manyatta constituency","manyatta constituency","common","en","KDA-TRANSCRIPTION-LN14-2012"
"02c1f652-3cb4-531f-aea4-50f5452bcbc7","1b3c5bda-be99-5f4d-97b7-ee916f6bfe4c","Runyenjes","runyenjes","canonical","en","KDA-TRANSCRIPTION-LN14-2012"
"b33ac66f-b729-5a05-837c-1ba9e7e281ec","1b3c5bda-be99-5f4d-97b7-ee916f6bfe4c","Runyenjes constituency","runyenjes constituency","common","en","KDA-TRANSCRIPTION-LN14-2012"
"00d1bcc1-a743-59bf-9915-d673443fdebc","ad5a1b54-cb3f-58d0-acde-d9cb1f93492c","Mbeere South","mbeere south","canonical","en","KDA-TRANSCRIPTION-LN14-2012"
"2ef0ca4f-f200-5666-8455-43d6915ba29d","ad5a1b54-cb3f-58d0-acde-d9cb1f93492c","Mbeere South constituency","mbeere south constituency","common","en","KDA-TRANSCRIPTION-LN14-2012"
"cccb25af-c52f-50b4-b5dd-6666a8f5f47e","04b9daca-a4da-58dc-868d-2c785653c8ce","Mbeere North","mbeere north","canonical","en","KDA-TRANSCRIPTION-LN14-2012"
"1b4597d2-73d0-5d72-b623-c6401224e4c1","04b9daca-a4da-58dc-868d-2c785653c8ce","Mbeere North constituency","mbeere north constituency","common","en","KDA-TRANSCRIPTION-LN14-2012"
"3f4ae0b4-e543-535b-af83-1e9dc9cd7540","027c8dd3-1a56-5d69-9f2a-1b610f9eee04","Mwingi North","mwingi north","canonical","en","KDA-TRANSCRIPTION-LN14-2012"
"efc9904b-b502-5a70-93e4-5e36381c2859","027c8dd3-1a56-5d69-9f2a-1b610f9eee04","Mwingi North constituency","mwingi north constituency","common","en","KDA-TRANSCRIPTION-LN14-2012"
"10023d08-ae11-5736-90b8-a84ceaa56510","074b6e16-ae88-5f98-b65a-da4f204f79e1","Mwingi West","mwingi west","canonical","en","KDA-TRANSCRIPTION-LN14-2012"
"c3c46dc4-4933-56bd-8b51-d5ec8f617fe2","074b6e16-ae88-5f98-b65a-da4f204f79e1","Mwingi West constituency","mwingi west constituency","common","en","KDA-TRANSCRIPTION-LN14-2012"
"38961617-7ecc-5b04-bd10-d617ab9d847b","566dfdda-4d18-586f-8c5d-2f38b1c97e5b","Mwingi Central","mwingi central","canonical","en","KDA-TRANSCRIPTION-LN14-2012"
"ada0d153-dbe6-5849-b3cf-770ee0cb3def","566dfdda-4d18-586f-8c5d-2f38b1c97e5b","Mwingi Central constituency","mwingi central constituency","common","en","KDA-TRANSCRIPTION-LN14-2012"
"6308712b-6c5f-544e-99b1-6eb08c7004e9","6572b744-7cce-5ca4-9d70-a8dfafd16fcc","Kitui West","kitui west","canonical","en","KDA-TRANSCRIPTION-LN14-2012"
"711e2338-9395-56df-b15b-b0666df11583","6572b744-7cce-5ca4-9d70-a8dfafd16fcc","Kitui West constituency","kitui west constituency","common","en","KDA-TRANSCRIPTION-LN14-2012"
"11ef40ba-3f80-53f2-ac82-3b5c165c58f5","f8f474af-cf02-5858-a220-9930e7598a38","Kitui Rural","kitui rural","canonical","en","KDA-TRANSCRIPTION-LN14-2012"
"f47e8577-b6df-5e1d-ad9e-0614306e8414","f8f474af-cf02-5858-a220-9930e7598a38","Kitui Rural constituency","kitui rural constituency","common","en","KDA-TRANSCRIPTION-LN14-2012"
"1b302115-04ec-5a22-9e38-708ad99ab377","bf575b9a-bd43-55e5-ad37-019ec53c403e","Kitui Central","kitui central","canonical","en","KDA-TRANSCRIPTION-LN14-2012"
"51383ad4-77bc-539d-84cb-b7f9727de474","bf575b9a-bd43-55e5-ad37-019ec53c403e","Kitui Central constituency","kitui central constituency","common","en","KDA-TRANSCRIPTION-LN14-2012"
"350c0fd6-8bef-590a-acd0-076330679eed","8353c485-9f28-5760-91f1-ed6b6ef05286","Kitui East","kitui east","canonical","en","KDA-TRANSCRIPTION-LN14-2012"
"7874df23-2c33-5e75-a39a-e9ebbd05e5e3","8353c485-9f28-5760-91f1-ed6b6ef05286","Kitui East constituency","kitui east constituency","common","en","KDA-TRANSCRIPTION-LN14-2012"
"efc3664d-e8f7-5f7a-8a3e-9dccc966f8fe","7f9e2d72-f726-59db-82f8-29c4c21d416f","Kitui South","kitui south","canonical","en","KDA-TRANSCRIPTION-LN14-2012"
"a403ff78-48cc-5ad4-9bb8-7598b06267b8","7f9e2d72-f726-59db-82f8-29c4c21d416f","Kitui South constituency","kitui south constituency","common","en","KDA-TRANSCRIPTION-LN14-2012"
"83f57e10-ffd5-5e02-aabc-eb8a7f1c20a6","9b837daf-e68c-548a-8b71-93da3f808718","Masinga","masinga","canonical","en","KDA-TRANSCRIPTION-LN14-2012"
"e852c7b1-feb5-5925-bff0-dd6c824ff219","9b837daf-e68c-548a-8b71-93da3f808718","Masinga constituency","masinga constituency","common","en","KDA-TRANSCRIPTION-LN14-2012"
"fc74352d-2c2d-5b01-a1d5-1eb26087969e","113afd48-eb33-581e-b225-f2d5f1ebce72","Yatta","yatta","canonical","en","KDA-TRANSCRIPTION-LN14-2012"
"5b1dd161-e0c0-5e8a-a2c6-d2326fc58b25","113afd48-eb33-581e-b225-f2d5f1ebce72","Yatta constituency","yatta constituency","common","en","KDA-TRANSCRIPTION-LN14-2012"
"0a3c44c6-8f30-52a4-a25e-eb563c6007eb","3e410b30-9bad-5a64-b929-709444c77d62","Kangundo","kangundo","canonical","en","KDA-TRANSCRIPTION-LN14-2012"
"1479e5e1-f347-5f9c-864a-271c6e6a74c3","3e410b30-9bad-5a64-b929-709444c77d62","Kangundo constituency","kangundo constituency","common","en","KDA-TRANSCRIPTION-LN14-2012"
"71395f9f-d8c0-519f-a45b-00783c4b9006","c221fad5-2ec5-570e-bf6a-7667fc4922ae","Matungulu","matungulu","canonical","en","KDA-TRANSCRIPTION-LN14-2012"
"a22880c9-8255-5045-a6d6-ca44e13080e3","c221fad5-2ec5-570e-bf6a-7667fc4922ae","Matungulu constituency","matungulu constituency","common","en","KDA-TRANSCRIPTION-LN14-2012"
"3a35b29d-3a3d-54b8-aec7-521abe6c1767","e2ba7831-aaee-536c-b10d-0ab4f1a3a043","Kathiani","kathiani","canonical","en","KDA-TRANSCRIPTION-LN14-2012"
"412b4834-11ca-5a93-ba33-9227596f1d70","e2ba7831-aaee-536c-b10d-0ab4f1a3a043","Kathiani constituency","kathiani constituency","common","en","KDA-TRANSCRIPTION-LN14-2012"
"d3282d78-3551-5025-a65b-49ce18b2c6d2","f4528eeb-59db-5a8c-8372-c837a7fa6ab5","Mavoko","mavoko","canonical","en","KDA-TRANSCRIPTION-LN14-2012"
"7d296952-ea2c-5c2b-bad0-aa9550e37ee5","f4528eeb-59db-5a8c-8372-c837a7fa6ab5","Mavoko constituency","mavoko constituency","common","en","KDA-TRANSCRIPTION-LN14-2012"
"bd9e84ad-062c-5d3a-b0ea-e442fbadbb63","ee994bd4-19ab-54d0-bde6-09905091d472","Machakos Town","machakos town","canonical","en","KDA-TRANSCRIPTION-LN14-2012"
"737ccfd0-144c-5b20-9f3a-f229e780f370","ee994bd4-19ab-54d0-bde6-09905091d472","Machakos Town constituency","machakos town constituency","common","en","KDA-TRANSCRIPTION-LN14-2012"
"73f671ac-5897-5880-8789-8ab1357b079b","683c128b-adca-57ed-9641-bfad75bf9abd","Mwala","mwala","canonical","en","KDA-TRANSCRIPTION-LN14-2012"
"7a3197bf-4594-5465-9952-e65f68363653","683c128b-adca-57ed-9641-bfad75bf9abd","Mwala constituency","mwala constituency","common","en","KDA-TRANSCRIPTION-LN14-2012"
"ffc0d91e-4832-54fa-9cfd-ddfc3855cc11","23e84501-c742-58f0-aec4-e508c2a9aba9","Mbooni","mbooni","canonical","en","KDA-TRANSCRIPTION-LN14-2012"
"d7b8084b-7494-544f-9510-400d299180f6","23e84501-c742-58f0-aec4-e508c2a9aba9","Mbooni constituency","mbooni constituency","common","en","KDA-TRANSCRIPTION-LN14-2012"
"d86e97b2-2221-5de7-a120-7eda58e6e524","086613cf-dc5a-57a4-8412-f25757b631da","Kilome","kilome","canonical","en","KDA-TRANSCRIPTION-LN14-2012"
"b28f43e1-5a70-59a5-a996-ca82609a0d48","086613cf-dc5a-57a4-8412-f25757b631da","Kilome constituency","kilome constituency","common","en","KDA-TRANSCRIPTION-LN14-2012"
"179440a1-2745-5381-ae05-20bf092aff17","8e731344-f117-50a0-95a2-a408f2ba476e","Kaiti","kaiti","canonical","en","KDA-TRANSCRIPTION-LN14-2012"
"6c6215c6-7aba-557d-bab0-576ceb023f3b","8e731344-f117-50a0-95a2-a408f2ba476e","Kaiti constituency","kaiti constituency","common","en","KDA-TRANSCRIPTION-LN14-2012"
"0f0e0db1-c2ed-5f83-98c9-210ac6314049","7f801c8d-f450-5f2c-bb97-aa954d96b32b","Makueni","makueni","canonical","en","KDA-TRANSCRIPTION-LN14-2012"
"57347358-4eb6-559e-ad99-635973d3d984","7f801c8d-f450-5f2c-bb97-aa954d96b32b","Makueni constituency","makueni constituency","common","en","KDA-TRANSCRIPTION-LN14-2012"
"6ec7e292-4a62-5ea4-8564-9633b7ad2749","3d4c3a7d-c89d-5485-87b3-9eaf63e2cf25","Kibwezi West","kibwezi west","canonical","en","KDA-TRANSCRIPTION-LN14-2012"
"8066b663-f8e1-5bbe-85c5-8f68b88965ac","3d4c3a7d-c89d-5485-87b3-9eaf63e2cf25","Kibwezi West constituency","kibwezi west constituency","common","en","KDA-TRANSCRIPTION-LN14-2012"
"af3ffdc0-db4d-54f7-a18a-3d6eb30fd20f","76688ca1-8771-5028-b381-360e8855adf7","Kibwezi East","kibwezi east","canonical","en","KDA-TRANSCRIPTION-LN14-2012"
"97353d13-0044-57c0-ad71-71c221aaf2cf","76688ca1-8771-5028-b381-360e8855adf7","Kibwezi East constituency","kibwezi east constituency","common","en","KDA-TRANSCRIPTION-LN14-2012"
"89f30582-c02d-54b2-9176-808eebc4fab2","3e76fbdd-f883-5e80-ac5d-e12f619bc840","Kinangop","kinangop","canonical","en","KDA-TRANSCRIPTION-LN14-2012"
"538ebdae-4312-5cfb-92f0-910ecce1750e","3e76fbdd-f883-5e80-ac5d-e12f619bc840","Kinangop constituency","kinangop constituency","common","en","KDA-TRANSCRIPTION-LN14-2012"
"55ff8500-ed11-5de3-a57b-7d92168e153b","ac6a69dc-cc34-526a-80e6-42641cd1c394","Kipipiri","kipipiri","canonical","en","KDA-TRANSCRIPTION-LN14-2012"
"15904dde-0be2-513b-8ffa-051af2acd4c8","ac6a69dc-cc34-526a-80e6-42641cd1c394","Kipipiri constituency","kipipiri constituency","common","en","KDA-TRANSCRIPTION-LN14-2012"
"b1dc7f2c-8499-5c45-8d36-ff8af0cc4d9e","61df211d-b1f1-5856-bcc7-826049a93c66","Ol Kalou","ol kalou","canonical","en","KDA-TRANSCRIPTION-LN14-2012"
"9410da6e-c3d8-557f-8c32-13e0e183437e","61df211d-b1f1-5856-bcc7-826049a93c66","Ol Kalou constituency","ol kalou constituency","common","en","KDA-TRANSCRIPTION-LN14-2012"
"7c5fc2c5-b397-5d9b-bd6b-e1f1cae899be","634aa4c7-5fc9-596e-974a-e111e82533d0","Ol Jorok","ol jorok","canonical","en","KDA-TRANSCRIPTION-LN14-2012"
"48410b2f-c0bf-5b22-bf40-2715347f3f18","634aa4c7-5fc9-596e-974a-e111e82533d0","Ol Jorok constituency","ol jorok constituency","common","en","KDA-TRANSCRIPTION-LN14-2012"
"4b6f4c9d-d0fc-551e-a26a-060facfc9f90","34d37caf-f364-51ba-b7d7-f97970d2dce9","Ndaragwa","ndaragwa","canonical","en","KDA-TRANSCRIPTION-LN14-2012"
"9ad0e91f-26e5-515c-8da1-0060c8746c55","34d37caf-f364-51ba-b7d7-f97970d2dce9","Ndaragwa constituency","ndaragwa constituency","common","en","KDA-TRANSCRIPTION-LN14-2012"
"a4e7dfb0-9dcc-55aa-b3af-234952989b6c","04206d49-d92c-514f-87c8-36d08e837261","Tetu","tetu","canonical","en","KDA-TRANSCRIPTION-LN14-2012"
"c783f9a9-cc66-55d5-ae7b-19ff794b25b4","04206d49-d92c-514f-87c8-36d08e837261","Tetu constituency","tetu constituency","common","en","KDA-TRANSCRIPTION-LN14-2012"
"e1cb8bcf-03bf-5c26-a23a-31f3dda2d793","fb8c41f7-2a91-50ff-b726-74459bccf562","Kieni","kieni","canonical","en","KDA-TRANSCRIPTION-LN14-2012"
"cc18691d-e80e-546a-a4fc-7b25cdf1feeb","fb8c41f7-2a91-50ff-b726-74459bccf562","Kieni constituency","kieni constituency","common","en","KDA-TRANSCRIPTION-LN14-2012"
"75e1d313-b58c-5cb1-a2af-307bbcd98230","083a989a-1902-5b1d-825d-8c1eff6d1094","Mathira","mathira","canonical","en","KDA-TRANSCRIPTION-LN14-2012"
"6769d7bb-0f90-5607-848d-0221fbbf9289","083a989a-1902-5b1d-825d-8c1eff6d1094","Mathira constituency","mathira constituency","common","en","KDA-TRANSCRIPTION-LN14-2012"
"07c0f276-fd3e-5f77-9bdb-6092f2585599","9da3a11f-b5b5-5a44-b47b-d87b75ac8963","Othaya","othaya","canonical","en","KDA-TRANSCRIPTION-LN14-2012"
"d40369a8-e2b2-5097-a514-f90735245fce","9da3a11f-b5b5-5a44-b47b-d87b75ac8963","Othaya constituency","othaya constituency","common","en","KDA-TRANSCRIPTION-LN14-2012"
"a7eb23cc-6cb5-5469-9028-2502172278d9","55dd04a8-f179-5eb7-95ad-3241430d03fe","Mukurweini","mukurweini","canonical","en","KDA-TRANSCRIPTION-LN14-2012"
"c1ace7c0-bb01-5829-8871-b104b2d8372c","55dd04a8-f179-5eb7-95ad-3241430d03fe","Mukurweini constituency","mukurweini constituency","common","en","KDA-TRANSCRIPTION-LN14-2012"
"7e89d024-4fde-5af9-94b0-bd81eeb7fe21","e99e5763-f8ac-50e6-bacd-b2c01afa5c0f","Nyeri Town","nyeri town","canonical","en","KDA-TRANSCRIPTION-LN14-2012"
"d03c4a7e-f5dc-5a0a-9d81-a9c5e0460dac","e99e5763-f8ac-50e6-bacd-b2c01afa5c0f","Nyeri Town constituency","nyeri town constituency","common","en","KDA-TRANSCRIPTION-LN14-2012"
"34c2d5c4-c16d-5c5a-99a2-81ddf483d73f","e1444f53-c417-5985-ab26-c8bfa86e1bd7","Mwea","mwea","canonical","en","KDA-TRANSCRIPTION-LN14-2012"
"0afc850e-a7c0-5a7e-bad7-9e75120eb3d7","e1444f53-c417-5985-ab26-c8bfa86e1bd7","Mwea constituency","mwea constituency","common","en","KDA-TRANSCRIPTION-LN14-2012"
"3590a480-0970-5260-93b1-4559a57af930","d23de25e-75fc-54cd-a104-ac116ba00b35","Gichugu","gichugu","canonical","en","KDA-TRANSCRIPTION-LN14-2012"
"91e7551c-23c1-51b8-8123-685dca5c21ba","d23de25e-75fc-54cd-a104-ac116ba00b35","Gichugu constituency","gichugu constituency","common","en","KDA-TRANSCRIPTION-LN14-2012"
"3fe53dca-d262-5485-ba19-6390ecdaca41","68ab84fe-eba4-5993-89e9-d4f37390d641","Ndia","ndia","canonical","en","KDA-TRANSCRIPTION-LN14-2012"
"b306b859-58d1-5660-b1ea-4f93274c3884","68ab84fe-eba4-5993-89e9-d4f37390d641","Ndia constituency","ndia constituency","common","en","KDA-TRANSCRIPTION-LN14-2012"
"936722cc-17b8-5b63-9670-963bfa956d92","f366b1e1-fe03-5f74-9842-0dd3befb08a2","Kirinyaga Central","kirinyaga central","canonical","en","KDA-TRANSCRIPTION-LN14-2012"
"0a84da4c-49b8-510d-9f6c-e4557f134545","f366b1e1-fe03-5f74-9842-0dd3befb08a2","Kirinyaga Central constituency","kirinyaga central constituency","common","en","KDA-TRANSCRIPTION-LN14-2012"
"11746149-1605-598d-8961-ff05a9c01dcc","045f2131-dfb9-5bc6-a9af-d9b0bf59bc57","Kangema","kangema","canonical","en","KDA-TRANSCRIPTION-LN14-2012"
"9637c661-c586-5bcb-9436-f331bf6f8674","045f2131-dfb9-5bc6-a9af-d9b0bf59bc57","Kangema constituency","kangema constituency","common","en","KDA-TRANSCRIPTION-LN14-2012"
"ef0625de-d25e-5b49-bd46-41cea2fe85db","86bca1b8-71fa-53bb-a808-8db7733b9b42","Mathioya","mathioya","canonical","en","KDA-TRANSCRIPTION-LN14-2012"
"d1f46c20-6cec-58f3-9ca8-82f907370939","86bca1b8-71fa-53bb-a808-8db7733b9b42","Mathioya constituency","mathioya constituency","common","en","KDA-TRANSCRIPTION-LN14-2012"
"82d05fba-9f4c-5352-b5b2-9edfbbd0ff74","62597324-4de1-5e39-878c-a2a0b97d3f37","Kiharu","kiharu","canonical","en","KDA-TRANSCRIPTION-LN14-2012"
"81e0c280-4cb0-5dd7-8cd5-6e6b08f4ce09","62597324-4de1-5e39-878c-a2a0b97d3f37","Kiharu constituency","kiharu constituency","common","en","KDA-TRANSCRIPTION-LN14-2012"
"62a6dacc-ea0a-5e5e-bd6d-263ffd23365e","8d14e29a-f48f-58a5-8872-ecb65c3220fd","Kigumo","kigumo","canonical","en","KDA-TRANSCRIPTION-LN14-2012"
"c9cc270c-f4cc-59cf-ba26-42e22d270903","8d14e29a-f48f-58a5-8872-ecb65c3220fd","Kigumo constituency","kigumo constituency","common","en","KDA-TRANSCRIPTION-LN14-2012"
"de2a5c55-7032-5641-a312-433da18692f2","fd2be618-b445-5a2b-95b8-6110402ef4d6","Maragwa","maragwa","canonical","en","KDA-TRANSCRIPTION-LN14-2012"
"489b9e2f-3c9b-5eb8-bf94-21f0036f3865","fd2be618-b445-5a2b-95b8-6110402ef4d6","Maragwa constituency","maragwa constituency","common","en","KDA-TRANSCRIPTION-LN14-2012"
"1774b93d-872e-5234-917e-82dee63441e8","2a55bf8b-3f90-5949-833f-9432d8e57db8","Kandara","kandara","canonical","en","KDA-TRANSCRIPTION-LN14-2012"
"7543c426-4abb-5d6b-8793-2095c9ce8dfd","2a55bf8b-3f90-5949-833f-9432d8e57db8","Kandara constituency","kandara constituency","common","en","KDA-TRANSCRIPTION-LN14-2012"
"35674afe-7cf3-55fa-ad49-59f041876b5c","0c8dc1a1-8e1e-5371-9ad6-9f232264dea8","Gatanga","gatanga","canonical","en","KDA-TRANSCRIPTION-LN14-2012"
"357cff13-8178-57e2-ac95-573373fe9a80","0c8dc1a1-8e1e-5371-9ad6-9f232264dea8","Gatanga constituency","gatanga constituency","common","en","KDA-TRANSCRIPTION-LN14-2012"
"4f5e91ec-449d-5aa0-98ce-72eccb8d442f","94b5401d-c318-5b51-b861-735edb327bb3","Gatundu South","gatundu south","canonical","en","KDA-TRANSCRIPTION-LN14-2012"
"468987e8-3d51-59d9-89c0-edb62b544118","94b5401d-c318-5b51-b861-735edb327bb3","Gatundu South constituency","gatundu south constituency","common","en","KDA-TRANSCRIPTION-LN14-2012"
"1529b767-f05e-568a-a866-b088dd3f151d","29c77098-397d-5f55-85db-6a1e6d7a952c","Gatundu North","gatundu north","canonical","en","KDA-TRANSCRIPTION-LN14-2012"
"fb677c34-c54a-5e52-a105-bc294711c0e7","29c77098-397d-5f55-85db-6a1e6d7a952c","Gatundu North constituency","gatundu north constituency","common","en","KDA-TRANSCRIPTION-LN14-2012"
"8a89d11c-e889-5ec9-a8c4-002fc20fff53","b3c53127-1095-5d77-aff6-3a737a6b2133","Juja","juja","canonical","en","KDA-TRANSCRIPTION-LN14-2012"
"97ffa7ed-d2b3-5dce-a832-197a4072663a","b3c53127-1095-5d77-aff6-3a737a6b2133","Juja constituency","juja constituency","common","en","KDA-TRANSCRIPTION-LN14-2012"
"3d938b93-f660-56fc-be7e-a623278aeba7","ff5df43f-d1c5-51c6-8aca-f2bd019a4b3a","Thika Town","thika town","canonical","en","KDA-TRANSCRIPTION-LN14-2012"
"e60ace7a-7cd9-5721-a601-783919b3f554","ff5df43f-d1c5-51c6-8aca-f2bd019a4b3a","Thika Town constituency","thika town constituency","common","en","KDA-TRANSCRIPTION-LN14-2012"
"f677f5f5-6a7c-5966-b171-5b9ccba6117a","96cd8267-f805-5893-a2e9-b8bc23f34889","Ruiru","ruiru","canonical","en","KDA-TRANSCRIPTION-LN14-2012"
"b7fac5cb-823c-51b2-bc42-694d978d97d3","96cd8267-f805-5893-a2e9-b8bc23f34889","Ruiru constituency","ruiru constituency","common","en","KDA-TRANSCRIPTION-LN14-2012"
"cfc5c648-aaa3-504c-b487-c691756ed27b","2e0396fc-f643-560b-a481-d4ca6ff840a3","Githunguri","githunguri","canonical","en","KDA-TRANSCRIPTION-LN14-2012"
"6f882ab3-74fc-5f5e-a36b-cd689f68780a","2e0396fc-f643-560b-a481-d4ca6ff840a3","Githunguri constituency","githunguri constituency","common","en","KDA-TRANSCRIPTION-LN14-2012"
"6ff2c815-574d-5be7-aaf3-ccd2befa3105","2aece105-cb1f-51af-8c82-82d715824f79","Kiambu","kiambu","canonical","en","KDA-TRANSCRIPTION-LN14-2012"
"de8c21f4-aeb6-5fc8-b4a0-de98187b7a5b","2aece105-cb1f-51af-8c82-82d715824f79","Kiambu constituency","kiambu constituency","common","en","KDA-TRANSCRIPTION-LN14-2012"
"5e6f417a-c0ee-50f8-b0f0-dea798ed4d42","34c4b95d-ce3d-52cf-adef-04d85fae78d8","Kiambaa","kiambaa","canonical","en","KDA-TRANSCRIPTION-LN14-2012"
"faf2066a-99c3-5ee8-8bf2-1ff2cde0eab8","34c4b95d-ce3d-52cf-adef-04d85fae78d8","Kiambaa constituency","kiambaa constituency","common","en","KDA-TRANSCRIPTION-LN14-2012"
"dd674cf5-3442-5f7d-88e0-301797e77e1e","101426ef-fdd9-5293-9130-9e89e0c62418","Kabete","kabete","canonical","en","KDA-TRANSCRIPTION-LN14-2012"
"60885db6-5701-5db7-9327-43ed9ab9dbc7","101426ef-fdd9-5293-9130-9e89e0c62418","Kabete constituency","kabete constituency","common","en","KDA-TRANSCRIPTION-LN14-2012"
"cc7c5b3e-d05e-5e7f-92b6-e4ea889a7314","ff9bf439-2d9f-5e66-a9ee-28357ffc3a2c","Kikuyu","kikuyu","canonical","en","KDA-TRANSCRIPTION-LN14-2012"
"14971f83-1fb2-5db7-b63a-0f08fce399d8","ff9bf439-2d9f-5e66-a9ee-28357ffc3a2c","Kikuyu constituency","kikuyu constituency","common","en","KDA-TRANSCRIPTION-LN14-2012"
"d9fc72ee-2d00-5e10-ab79-699e3b8972ef","e2e81514-e5f2-54d4-b72c-3aca37b43ea3","Limuru","limuru","canonical","en","KDA-TRANSCRIPTION-LN14-2012"
"1737f795-74a2-5d93-90c6-c9745fa8fcbc","e2e81514-e5f2-54d4-b72c-3aca37b43ea3","Limuru constituency","limuru constituency","common","en","KDA-TRANSCRIPTION-LN14-2012"
"82697120-63b2-5d8f-8892-db77b4492045","d488ffeb-9aef-5e50-8767-e076614e2940","Lari","lari","canonical","en","KDA-TRANSCRIPTION-LN14-2012"
"0b99c484-8d92-5658-8846-03869c597404","d488ffeb-9aef-5e50-8767-e076614e2940","Lari constituency","lari constituency","common","en","KDA-TRANSCRIPTION-LN14-2012"
"3be1533b-fb94-58bb-8a73-a7ee64b959df","ce127f61-29a3-5ed1-b7a4-932bfa8c05fc","Turkana North","turkana north","canonical","en","KDA-TRANSCRIPTION-LN14-2012"
"8db4a7ab-96f2-594c-a0e2-826b5326def1","ce127f61-29a3-5ed1-b7a4-932bfa8c05fc","Turkana North constituency","turkana north constituency","common","en","KDA-TRANSCRIPTION-LN14-2012"
"d2657354-80c0-5dfc-bd5b-c0b620d77dbd","e54b90d5-e58b-5213-99ad-b0b8a85827d0","Turkana West","turkana west","canonical","en","KDA-TRANSCRIPTION-LN14-2012"
"e941f556-6e2d-50e4-83ef-0b009cbcaca1","e54b90d5-e58b-5213-99ad-b0b8a85827d0","Turkana West constituency","turkana west constituency","common","en","KDA-TRANSCRIPTION-LN14-2012"
"51c24328-6399-5e0b-82e9-2ca0b7ed7653","e735a3f8-efdb-5a9b-92d4-9c7108377c9a","Turkana Central","turkana central","canonical","en","KDA-TRANSCRIPTION-LN14-2012"
"ef2009d4-6585-5b44-9267-ca7d7ba687eb","e735a3f8-efdb-5a9b-92d4-9c7108377c9a","Turkana Central constituency","turkana central constituency","common","en","KDA-TRANSCRIPTION-LN14-2012"
"76499d51-ae23-512f-a559-3ac411c1e113","dc7682f9-41ce-54ff-a629-550681a2c9c8","Loima","loima","canonical","en","KDA-TRANSCRIPTION-LN14-2012"
"c9446824-2673-5f26-b762-25c112f8ba9c","dc7682f9-41ce-54ff-a629-550681a2c9c8","Loima constituency","loima constituency","common","en","KDA-TRANSCRIPTION-LN14-2012"
"2ef2225f-e274-5bd8-9610-896073c1d626","0d453bee-da7c-58d2-ad5b-fd388b983737","Turkana South","turkana south","canonical","en","KDA-TRANSCRIPTION-LN14-2012"
"f795f670-a743-5c4f-b13b-8cfa999023a2","0d453bee-da7c-58d2-ad5b-fd388b983737","Turkana South constituency","turkana south constituency","common","en","KDA-TRANSCRIPTION-LN14-2012"
"1787841f-a452-5d66-97bf-d8b6f61ca795","da6f88d8-14ee-54c8-afd3-0415c34d661e","Turkana East","turkana east","canonical","en","KDA-TRANSCRIPTION-LN14-2012"
"73b4ad45-c719-5fb3-bcd3-46455f6ad3e6","da6f88d8-14ee-54c8-afd3-0415c34d661e","Turkana East constituency","turkana east constituency","common","en","KDA-TRANSCRIPTION-LN14-2012"
"af0b6204-fa3f-5702-aa8a-8b0df74e35be","b5eab659-981c-5f04-aed6-ac9dbf336d03","Kapenguria","kapenguria","canonical","en","KDA-TRANSCRIPTION-LN14-2012"
"280a6604-4a56-51e0-a612-ee93560ad242","b5eab659-981c-5f04-aed6-ac9dbf336d03","Kapenguria constituency","kapenguria constituency","common","en","KDA-TRANSCRIPTION-LN14-2012"
"b7921479-b1f3-5a28-af49-d8fccc723c3b","b04518b3-1200-58b3-a9dd-ba0e2b17858b","Sigor","sigor","canonical","en","KDA-TRANSCRIPTION-LN14-2012"
"eee2e8e0-6987-5eab-8496-b58401bc5729","b04518b3-1200-58b3-a9dd-ba0e2b17858b","Sigor constituency","sigor constituency","common","en","KDA-TRANSCRIPTION-LN14-2012"
"6c038870-3b15-5d7e-8b9e-90a12eedd67d","6880e8c3-d8fe-5038-b81a-745650a81978","Kacheliba","kacheliba","canonical","en","KDA-TRANSCRIPTION-LN14-2012"
"3295804e-b36c-542b-b626-6c3c5879bd27","6880e8c3-d8fe-5038-b81a-745650a81978","Kacheliba constituency","kacheliba constituency","common","en","KDA-TRANSCRIPTION-LN14-2012"
"08faae08-35dc-5222-b522-965b56ef12f2","aa03ab11-46a0-5ece-8ba6-4af0aaf270d2","Pokot South","pokot south","canonical","en","KDA-TRANSCRIPTION-LN14-2012"
"1470f944-2430-5129-beb6-843a92a3c624","aa03ab11-46a0-5ece-8ba6-4af0aaf270d2","Pokot South constituency","pokot south constituency","common","en","KDA-TRANSCRIPTION-LN14-2012"
"a0522e7b-2cbc-5204-a783-dd3fa88a7303","ec21a242-9d14-5030-b095-57b9b8a05371","Samburu West","samburu west","canonical","en","KDA-TRANSCRIPTION-LN14-2012"
"0ba9263f-60e9-5109-ba8c-48f61e89ee09","ec21a242-9d14-5030-b095-57b9b8a05371","Samburu West constituency","samburu west constituency","common","en","KDA-TRANSCRIPTION-LN14-2012"
"c729598e-2913-57a2-8a45-a0b3d49b9b8a","40a8b102-dcf5-5dc4-951b-2f1444751f89","Samburu North","samburu north","canonical","en","KDA-TRANSCRIPTION-LN14-2012"
"4418f667-685d-5c55-808b-5f3382031774","40a8b102-dcf5-5dc4-951b-2f1444751f89","Samburu North constituency","samburu north constituency","common","en","KDA-TRANSCRIPTION-LN14-2012"
"92828ad5-a988-5598-99e2-97ebd4a4e715","4ac80221-a23e-5de8-b482-ddafa59f6334","Samburu East","samburu east","canonical","en","KDA-TRANSCRIPTION-LN14-2012"
"f6c6b381-f2e9-5813-bd77-d3e3db0933d2","4ac80221-a23e-5de8-b482-ddafa59f6334","Samburu East constituency","samburu east constituency","common","en","KDA-TRANSCRIPTION-LN14-2012"
"79ec54af-90c5-5950-bdd4-cb740663ca1f","92ca0fe6-097f-5c7f-9254-6fbfc372cb8d","Kwanza","kwanza","canonical","en","KDA-TRANSCRIPTION-LN14-2012"
"c36731f6-1889-513d-9b28-47b742329fdb","92ca0fe6-097f-5c7f-9254-6fbfc372cb8d","Kwanza constituency","kwanza constituency","common","en","KDA-TRANSCRIPTION-LN14-2012"
"e7304eb4-333c-5cf3-8b8a-2e0ff44e57aa","32002f5f-d5c8-501e-a463-5d047c43d842","Endebess","endebess","canonical","en","KDA-TRANSCRIPTION-LN14-2012"
"bfd21bb1-441d-552f-9b2a-6015dafc4e31","32002f5f-d5c8-501e-a463-5d047c43d842","Endebess constituency","endebess constituency","common","en","KDA-TRANSCRIPTION-LN14-2012"
"1756b026-b210-5d07-8a69-b65bf8823178","7ef4b7e9-7558-5093-a923-f39f0e74853d","Saboti","saboti","canonical","en","KDA-TRANSCRIPTION-LN14-2012"
"8807a828-76c7-5e8f-9fda-4dfcec93f98d","7ef4b7e9-7558-5093-a923-f39f0e74853d","Saboti constituency","saboti constituency","common","en","KDA-TRANSCRIPTION-LN14-2012"
"534a2cb0-d53e-5848-9e76-6927aeb64c23","0f5b69c4-9fa6-57ea-8fab-b3ef9a9355f7","Kiminini","kiminini","canonical","en","KDA-TRANSCRIPTION-LN14-2012"
"4b6c27bd-da1e-58b3-a7d4-ac26231c69a9","0f5b69c4-9fa6-57ea-8fab-b3ef9a9355f7","Kiminini constituency","kiminini constituency","common","en","KDA-TRANSCRIPTION-LN14-2012"
"850440fb-ab65-5024-80fa-095873a9ffb9","193c93e6-c6ee-5605-847f-17791158d369","Cherangany","cherangany","canonical","en","KDA-TRANSCRIPTION-LN14-2012"
"d10cd65f-9017-564d-b550-57d51f2d3bff","193c93e6-c6ee-5605-847f-17791158d369","Cherangany constituency","cherangany constituency","common","en","KDA-TRANSCRIPTION-LN14-2012"
"1163993c-0b5f-5ad2-9594-4d63f9609e05","5aa4db28-6788-5803-98cf-978c00e88b41","Soy","soy","canonical","en","KDA-TRANSCRIPTION-LN14-2012"
"8df6c8a7-634a-5a93-a9e9-9ee7816c7095","5aa4db28-6788-5803-98cf-978c00e88b41","Soy constituency","soy constituency","common","en","KDA-TRANSCRIPTION-LN14-2012"
"1b26ab19-8503-5ba5-a712-5e12b2a39ee5","b0a1ea1a-9982-547a-9a2b-59ceed9d2643","Turbo","turbo","canonical","en","KDA-TRANSCRIPTION-LN14-2012"
"1b1a50bb-6525-5e5b-8d0c-259f51bffe9f","b0a1ea1a-9982-547a-9a2b-59ceed9d2643","Turbo constituency","turbo constituency","common","en","KDA-TRANSCRIPTION-LN14-2012"
"55d8ecd1-fbe6-50c3-94eb-10233c5edb61","8f81683c-bd66-5ba7-97c3-b1b830b008e2","Moiben","moiben","canonical","en","KDA-TRANSCRIPTION-LN14-2012"
"487ea032-3d70-5eb5-8fbb-357797e65165","8f81683c-bd66-5ba7-97c3-b1b830b008e2","Moiben constituency","moiben constituency","common","en","KDA-TRANSCRIPTION-LN14-2012"
"ae6e6dca-89e7-58b2-b937-59ebbf13ecba","bb99fab3-ef4b-587a-94f2-6a1bd153e880","Ainabkoi","ainabkoi","canonical","en","KDA-TRANSCRIPTION-LN14-2012"
"98fcc69c-8160-52b4-99b4-f6bdc5881acb","bb99fab3-ef4b-587a-94f2-6a1bd153e880","Ainabkoi constituency","ainabkoi constituency","common","en","KDA-TRANSCRIPTION-LN14-2012"
"b9fa6b63-7c4d-595a-9d01-56ccaf5f0694","f2575466-2eee-58ed-b2c0-8c63ff1315d8","Kapseret","kapseret","canonical","en","KDA-TRANSCRIPTION-LN14-2012"
"dc100023-3635-51b3-8136-5e12d6e003af","f2575466-2eee-58ed-b2c0-8c63ff1315d8","Kapseret constituency","kapseret constituency","common","en","KDA-TRANSCRIPTION-LN14-2012"
"278e919b-e996-5c20-947e-ff70ed50bc4c","ce1dbfbc-c985-5b2e-8dc0-bc8659f74f4a","Kesses","kesses","canonical","en","KDA-TRANSCRIPTION-LN14-2012"
"09dc4aab-7a4e-59ce-a386-5ee9c11d6600","ce1dbfbc-c985-5b2e-8dc0-bc8659f74f4a","Kesses constituency","kesses constituency","common","en","KDA-TRANSCRIPTION-LN14-2012"
"43d6640f-5241-5a42-b987-c614f697eb70","987e0c6e-4d05-5e6a-89cb-667cb753840e","Marakwet East","marakwet east","canonical","en","KDA-TRANSCRIPTION-LN14-2012"
"7c4e38a7-37b3-5fa6-81e5-e08af52d81d7","987e0c6e-4d05-5e6a-89cb-667cb753840e","Marakwet East constituency","marakwet east constituency","common","en","KDA-TRANSCRIPTION-LN14-2012"
"a5ff30ee-4839-5da2-9f49-6ce31ca62998","319d9fbb-54d1-54fd-910d-f576447a08c1","Marakwet West","marakwet west","canonical","en","KDA-TRANSCRIPTION-LN14-2012"
"c3aeeed2-50ff-5639-8a13-78f87735c3c9","319d9fbb-54d1-54fd-910d-f576447a08c1","Marakwet West constituency","marakwet west constituency","common","en","KDA-TRANSCRIPTION-LN14-2012"
"66df132c-5ca4-5686-b764-51bbc6b0c4de","be0a8b63-5b40-55e3-a0ef-49a692da8dfe","Keiyo North","keiyo north","canonical","en","KDA-TRANSCRIPTION-LN14-2012"
"29a8fc79-5f42-5a63-9bc3-d78993486f0e","be0a8b63-5b40-55e3-a0ef-49a692da8dfe","Keiyo North constituency","keiyo north constituency","common","en","KDA-TRANSCRIPTION-LN14-2012"
"68ffccd3-18d3-51e1-9eff-75d056b98be2","59447c59-5c21-5668-97be-40e8f8adc4c7","Keiyo South","keiyo south","canonical","en","KDA-TRANSCRIPTION-LN14-2012"
"61f6c433-0418-5f2d-9346-2ff473e756a3","59447c59-5c21-5668-97be-40e8f8adc4c7","Keiyo South constituency","keiyo south constituency","common","en","KDA-TRANSCRIPTION-LN14-2012"
"3b334b5b-38b1-5cd0-97eb-55ed8118b578","1cecb857-6384-5869-9d3d-ce8862de83cc","Tinderet","tinderet","canonical","en","KDA-TRANSCRIPTION-LN14-2012"
"276a7c52-ac6f-5c61-8344-b590ae9534a6","1cecb857-6384-5869-9d3d-ce8862de83cc","Tinderet constituency","tinderet constituency","common","en","KDA-TRANSCRIPTION-LN14-2012"
"ec00d340-b19f-5c4c-9aa5-f6eabefa53e2","4f606e63-710d-54e4-ba6d-aa08cdcbb765","Aldai","aldai","canonical","en","KDA-TRANSCRIPTION-LN14-2012"
"6f6f10c0-ed03-5025-afbf-f837e4c5fe98","4f606e63-710d-54e4-ba6d-aa08cdcbb765","Aldai constituency","aldai constituency","common","en","KDA-TRANSCRIPTION-LN14-2012"
"96ddc8d1-0180-551b-8937-78c3d892b916","572c627c-944f-5f53-be23-1dd070e8b40b","Nandi Hills","nandi hills","canonical","en","KDA-TRANSCRIPTION-LN14-2012"
"87497d0e-55e2-5d3b-a1c2-91b05c07a09a","572c627c-944f-5f53-be23-1dd070e8b40b","Nandi Hills constituency","nandi hills constituency","common","en","KDA-TRANSCRIPTION-LN14-2012"
"b5ba60c6-2d4f-5d63-af62-38e7113a810a","cf838d55-73e6-594d-b6dd-6f25ef80a69d","Chesumei","chesumei","canonical","en","KDA-TRANSCRIPTION-LN14-2012"
"a630973f-ea3e-591b-ac9b-0e97edef5aea","cf838d55-73e6-594d-b6dd-6f25ef80a69d","Chesumei constituency","chesumei constituency","common","en","KDA-TRANSCRIPTION-LN14-2012"
"ac73e462-204a-50ad-b0a9-4f1aeabca127","05249cd9-aa71-5617-8a0b-e2d37588a02c","Emgwen","emgwen","canonical","en","KDA-TRANSCRIPTION-LN14-2012"
"9c9e532a-1d04-5d10-bf61-4e933888f95d","05249cd9-aa71-5617-8a0b-e2d37588a02c","Emgwen constituency","emgwen constituency","common","en","KDA-TRANSCRIPTION-LN14-2012"
"afc290df-3754-57c6-8465-9998c1a7f8e9","f6ead134-c5fd-5514-bbd0-1be18d7fb2c7","Mosop","mosop","canonical","en","KDA-TRANSCRIPTION-LN14-2012"
"3934c80f-7596-5c0c-bd3a-c4da5df4ce69","f6ead134-c5fd-5514-bbd0-1be18d7fb2c7","Mosop constituency","mosop constituency","common","en","KDA-TRANSCRIPTION-LN14-2012"
"961b2588-4805-5c9a-92ee-9fae397d4516","05406fbc-c7b1-5307-82e4-e106c0ed5a30","Tiaty","tiaty","canonical","en","KDA-TRANSCRIPTION-LN14-2012"
"e03b4f4f-dc66-5b74-9db2-a51c4d22f089","05406fbc-c7b1-5307-82e4-e106c0ed5a30","Tiaty constituency","tiaty constituency","common","en","KDA-TRANSCRIPTION-LN14-2012"
"b3694606-0d1c-5b04-bb8e-4233cbe46f42","24a0e54f-9055-5f4e-bb8b-51537f34c387","Baringo North","baringo north","canonical","en","KDA-TRANSCRIPTION-LN14-2012"
"5b244f14-d43f-5246-a403-0477682034b5","24a0e54f-9055-5f4e-bb8b-51537f34c387","Baringo North constituency","baringo north constituency","common","en","KDA-TRANSCRIPTION-LN14-2012"
"d9c6b7cf-8e0e-546b-b744-b7fa253fb890","529d8896-fcd3-5e70-bd31-3953bc257ab9","Baringo Central","baringo central","canonical","en","KDA-TRANSCRIPTION-LN14-2012"
"c61442c5-cb75-59af-8e7e-34c356719c25","529d8896-fcd3-5e70-bd31-3953bc257ab9","Baringo Central constituency","baringo central constituency","common","en","KDA-TRANSCRIPTION-LN14-2012"
"9c6f5c11-f806-5b06-b255-51d8eb6cdf47","eab7e42b-3862-5e96-834a-e91ad7823aa2","Baringo South","baringo south","canonical","en","KDA-TRANSCRIPTION-LN14-2012"
"aea00c97-d848-579e-9075-3aebeecfba18","eab7e42b-3862-5e96-834a-e91ad7823aa2","Baringo South constituency","baringo south constituency","common","en","KDA-TRANSCRIPTION-LN14-2012"
"bace51d7-5b60-5e11-aacd-227688893655","36cf6911-ac5e-5c88-8558-45532a5fc5bc","Mogotio","mogotio","canonical","en","KDA-TRANSCRIPTION-LN14-2012"
"27063dbe-e51d-5494-a083-e87d01231e95","36cf6911-ac5e-5c88-8558-45532a5fc5bc","Mogotio constituency","mogotio constituency","common","en","KDA-TRANSCRIPTION-LN14-2012"
"a1d57ed8-ca53-53f6-af38-7ced1bf20c4a","307cc7b2-fdd1-5f09-ba0b-6cea26296521","Eldama Ravine","eldama ravine","canonical","en","KDA-TRANSCRIPTION-LN14-2012"
"e1aa6a75-6190-5ad8-9b10-01aacf4f7791","307cc7b2-fdd1-5f09-ba0b-6cea26296521","Eldama Ravine constituency","eldama ravine constituency","common","en","KDA-TRANSCRIPTION-LN14-2012"
"79960190-11b5-58f3-9a48-4c003032f293","fb01c5e3-9fad-5cbb-a4a4-e569943438ba","Laikipia West","laikipia west","canonical","en","KDA-TRANSCRIPTION-LN14-2012"
"9c7e63f9-de80-5e40-a193-948616a9fbd7","fb01c5e3-9fad-5cbb-a4a4-e569943438ba","Laikipia West constituency","laikipia west constituency","common","en","KDA-TRANSCRIPTION-LN14-2012"
"b6967fb9-9b65-556d-98fa-22c6db1f4911","52abede0-4cdf-5522-b498-3f6f2b4d9352","Laikipia East","laikipia east","canonical","en","KDA-TRANSCRIPTION-LN14-2012"
"47b73ec7-0dfd-5e8b-91b9-7c40afed0c7a","52abede0-4cdf-5522-b498-3f6f2b4d9352","Laikipia East constituency","laikipia east constituency","common","en","KDA-TRANSCRIPTION-LN14-2012"
"869385e5-8602-5a5e-8997-1e601d4da182","e8e5b59b-89f6-52f0-8d40-3554604892a2","Laikipia North","laikipia north","canonical","en","KDA-TRANSCRIPTION-LN14-2012"
"d331c946-6cf3-5511-b38c-2ac5da6b909c","e8e5b59b-89f6-52f0-8d40-3554604892a2","Laikipia North constituency","laikipia north constituency","common","en","KDA-TRANSCRIPTION-LN14-2012"
"18da3439-457c-5829-b2bd-fe0b8ea61068","320fdfc2-ecd1-549f-8993-99d46cf203ec","Molo","molo","canonical","en","KDA-TRANSCRIPTION-LN14-2012"
"85049341-bc09-591b-b815-2b8c87c275f2","320fdfc2-ecd1-549f-8993-99d46cf203ec","Molo constituency","molo constituency","common","en","KDA-TRANSCRIPTION-LN14-2012"
"35778fed-5a48-5d53-899c-d65d7ee0dced","ee2a45b9-c2f3-57f3-8975-2385c78bfcfb","Njoro","njoro","canonical","en","KDA-TRANSCRIPTION-LN14-2012"
"c69d4c93-c689-5236-8dfc-f002d3f8da38","ee2a45b9-c2f3-57f3-8975-2385c78bfcfb","Njoro constituency","njoro constituency","common","en","KDA-TRANSCRIPTION-LN14-2012"
"332d9570-433e-5450-8151-0c1575cc2422","5ea9116c-5d87-5b1e-8573-028232a75867","Naivasha","naivasha","canonical","en","KDA-TRANSCRIPTION-LN14-2012"
"fdcdf361-a210-52e9-a2d3-5e99be6ac4d1","5ea9116c-5d87-5b1e-8573-028232a75867","Naivasha constituency","naivasha constituency","common","en","KDA-TRANSCRIPTION-LN14-2012"
"b4adcdd6-1055-5dcb-bec5-abddba0caa09","541b9caa-847c-56b9-9ea4-924f63d592ef","Gilgil","gilgil","canonical","en","KDA-TRANSCRIPTION-LN14-2012"
"981e88d2-ee58-592f-bcf7-8c4c6ae5a189","541b9caa-847c-56b9-9ea4-924f63d592ef","Gilgil constituency","gilgil constituency","common","en","KDA-TRANSCRIPTION-LN14-2012"
"a312f8ef-5067-5ce2-9308-169645423d56","4d7c8656-70eb-57f8-8086-9e82b8de66e2","Kuresoi South","kuresoi south","canonical","en","KDA-TRANSCRIPTION-LN14-2012"
"cd3c033b-e431-554d-8607-e9bd41747701","4d7c8656-70eb-57f8-8086-9e82b8de66e2","Kuresoi South constituency","kuresoi south constituency","common","en","KDA-TRANSCRIPTION-LN14-2012"
"627f1ae5-1802-5c98-87c2-7de6b94c7754","ab6b4c25-0826-5f71-bb4f-5fdaa61c4c77","Kuresoi North","kuresoi north","canonical","en","KDA-TRANSCRIPTION-LN14-2012"
"dec85d23-c4ca-5e85-b6ad-86e5b6a940d9","ab6b4c25-0826-5f71-bb4f-5fdaa61c4c77","Kuresoi North constituency","kuresoi north constituency","common","en","KDA-TRANSCRIPTION-LN14-2012"
"993fa9e4-2252-5219-b821-3c571cf915aa","dd8ba10d-ca53-5b39-ba67-26f0f692dce7","Subukia","subukia","canonical","en","KDA-TRANSCRIPTION-LN14-2012"
"747423fc-04aa-5003-baad-0b5bf891b68c","dd8ba10d-ca53-5b39-ba67-26f0f692dce7","Subukia constituency","subukia constituency","common","en","KDA-TRANSCRIPTION-LN14-2012"
"0cb2abfe-4552-53e4-a61e-16656e798411","6791a841-45dc-5330-a088-a3583b28ccb1","Rongai","rongai","canonical","en","KDA-TRANSCRIPTION-LN14-2012"
"15b6261b-910c-56d1-a149-bc1e2727b316","6791a841-45dc-5330-a088-a3583b28ccb1","Rongai constituency","rongai constituency","common","en","KDA-TRANSCRIPTION-LN14-2012"
"f35a2c0b-b36e-5df2-adea-e7a41a7459c8","ca1d3900-4222-5521-8865-dc8a177a2fda","Bahati","bahati","canonical","en","KDA-TRANSCRIPTION-LN14-2012"
"d3d7cf9b-e76f-518a-ba4b-dbd5db5361e2","ca1d3900-4222-5521-8865-dc8a177a2fda","Bahati constituency","bahati constituency","common","en","KDA-TRANSCRIPTION-LN14-2012"
"74c7d948-497c-5827-bf6a-a636deca5f3a","cdbea74a-27d7-5abb-a6ad-ef1406b8c18e","Nakuru Town West","nakuru town west","canonical","en","KDA-TRANSCRIPTION-LN14-2012"
"6b65443d-e2ed-5a17-a316-a18297f30bd7","cdbea74a-27d7-5abb-a6ad-ef1406b8c18e","Nakuru Town West constituency","nakuru town west constituency","common","en","KDA-TRANSCRIPTION-LN14-2012"
"137e16c3-f0f6-5a7c-af06-0d058605f4c4","050cc898-a354-56f6-ad69-3b63be695f51","Nakuru Town East","nakuru town east","canonical","en","KDA-TRANSCRIPTION-LN14-2012"
"6d9626f8-c8b0-5f14-acd8-d0ae38994dd7","050cc898-a354-56f6-ad69-3b63be695f51","Nakuru Town East constituency","nakuru town east constituency","common","en","KDA-TRANSCRIPTION-LN14-2012"
"aa7a8ce7-28b5-52ba-b187-0c9b472c8eaf","3d1d08a0-46a6-533a-9d59-55350814c995","Kilgoris","kilgoris","canonical","en","KDA-TRANSCRIPTION-LN14-2012"
"5b27edc8-570c-5451-bf49-50734f17020d","3d1d08a0-46a6-533a-9d59-55350814c995","Kilgoris constituency","kilgoris constituency","common","en","KDA-TRANSCRIPTION-LN14-2012"
"1ded3cae-7922-543a-83bd-39696ae57fa5","3c37071b-793c-52c7-9b4b-fbbc575a118f","Emurua Dikirr","emurua dikirr","canonical","en","KDA-TRANSCRIPTION-LN14-2012"
"3ca8b531-f453-5ca8-9782-d3c7c740f670","3c37071b-793c-52c7-9b4b-fbbc575a118f","Emurua Dikirr constituency","emurua dikirr constituency","common","en","KDA-TRANSCRIPTION-LN14-2012"
"87174a5d-f476-51f9-bdbb-b7f2c5a85888","692557e8-f09e-55fb-8d6a-bacc051031c7","Narok North","narok north","canonical","en","KDA-TRANSCRIPTION-LN14-2012"
"2da08dae-0547-5be6-815d-cab0f8831910","692557e8-f09e-55fb-8d6a-bacc051031c7","Narok North constituency","narok north constituency","common","en","KDA-TRANSCRIPTION-LN14-2012"
"839f0d04-a6d4-51cc-9692-155af38407df","f192c08e-aa29-524c-b71e-806701772c55","Narok East","narok east","canonical","en","KDA-TRANSCRIPTION-LN14-2012"
"4295887e-f3ea-571d-94dc-ad45806dd963","f192c08e-aa29-524c-b71e-806701772c55","Narok East constituency","narok east constituency","common","en","KDA-TRANSCRIPTION-LN14-2012"
"7ff29db3-7a13-5f75-9944-5c077a43f486","1d093764-8ed6-59d4-8ee9-c6e6d142fb3e","Narok South","narok south","canonical","en","KDA-TRANSCRIPTION-LN14-2012"
"b89d700e-7e33-5ee4-a6ed-86c4e7e305b5","1d093764-8ed6-59d4-8ee9-c6e6d142fb3e","Narok South constituency","narok south constituency","common","en","KDA-TRANSCRIPTION-LN14-2012"
"f7226e3c-bb68-5600-96dd-7e9d847d642f","c6476f66-c160-5ba9-be85-44d3be0390cc","Narok West","narok west","canonical","en","KDA-TRANSCRIPTION-LN14-2012"
"19f821f0-0d75-56dd-9574-eafe0b0d68ba","c6476f66-c160-5ba9-be85-44d3be0390cc","Narok West constituency","narok west constituency","common","en","KDA-TRANSCRIPTION-LN14-2012"
"81032c42-853d-5eee-b2bd-875207b82021","29b738d0-8e94-551c-afd9-399462c52d18","Kajiado North","kajiado north","canonical","en","KDA-TRANSCRIPTION-LN14-2012"
"d9909587-a4e0-5cab-a580-5867652a04ea","29b738d0-8e94-551c-afd9-399462c52d18","Kajiado North constituency","kajiado north constituency","common","en","KDA-TRANSCRIPTION-LN14-2012"
"c71c801c-0ea3-5e5d-aa70-bfd3492053a5","58b947e4-e6db-53dc-9976-1aea8309126a","Kajiado Central","kajiado central","canonical","en","KDA-TRANSCRIPTION-LN14-2012"
"b03c845c-ab27-551e-aad0-299721a04ea2","58b947e4-e6db-53dc-9976-1aea8309126a","Kajiado Central constituency","kajiado central constituency","common","en","KDA-TRANSCRIPTION-LN14-2012"
"e261ac3d-cbd2-5ce4-8d15-4f34211ec0c5","2bc81767-b5f1-5107-ba3b-e3b4206a5ba1","Kajiado East","kajiado east","canonical","en","KDA-TRANSCRIPTION-LN14-2012"
"240d148f-cbb9-53f3-97b9-34e6cf8c7a06","2bc81767-b5f1-5107-ba3b-e3b4206a5ba1","Kajiado East constituency","kajiado east constituency","common","en","KDA-TRANSCRIPTION-LN14-2012"
"90a1e1b2-f285-592e-b2f7-b6e3156da0d4","d055ade7-dfc5-5af8-88f2-bace0e0b5a53","Kajiado West","kajiado west","canonical","en","KDA-TRANSCRIPTION-LN14-2012"
"eb78ca7a-3d6d-5db9-8f15-181808d73cf2","d055ade7-dfc5-5af8-88f2-bace0e0b5a53","Kajiado West constituency","kajiado west constituency","common","en","KDA-TRANSCRIPTION-LN14-2012"
"e46e2fb5-ed5a-5873-b1da-6e265222be8e","10da4b27-206f-564d-9049-fe1606f01381","Kajiado South","kajiado south","canonical","en","KDA-TRANSCRIPTION-LN14-2012"
"c72ea9ec-db4e-54d4-bb3f-1074bc1af9e4","10da4b27-206f-564d-9049-fe1606f01381","Kajiado South constituency","kajiado south constituency","common","en","KDA-TRANSCRIPTION-LN14-2012"
"5028995a-3f25-57b9-89f7-747c4fef3c6e","80d97109-9f47-5271-b9cf-10862f77f080","Kipkelion East","kipkelion east","canonical","en","KDA-TRANSCRIPTION-LN14-2012"
"6ff1225f-b87d-5dd0-a787-faabaedb75b1","80d97109-9f47-5271-b9cf-10862f77f080","Kipkelion East constituency","kipkelion east constituency","common","en","KDA-TRANSCRIPTION-LN14-2012"
"a24a488e-dbde-55d3-b976-56c82fccca49","6a7d9a1f-866a-5054-a742-5dd46a853be8","Kipkelion West","kipkelion west","canonical","en","KDA-TRANSCRIPTION-LN14-2012"
"dc9bdbfb-5bc3-5854-bb91-dfbca6f96f8c","6a7d9a1f-866a-5054-a742-5dd46a853be8","Kipkelion West constituency","kipkelion west constituency","common","en","KDA-TRANSCRIPTION-LN14-2012"
"d0f31157-806c-5c46-b3cd-6d38ebc03b14","c1ad580e-96d2-53d0-889a-8c6a8ef46b0e","Ainamoi","ainamoi","canonical","en","KDA-TRANSCRIPTION-LN14-2012"
"b0d85662-1efc-5241-a2bb-98fe1db86c42","c1ad580e-96d2-53d0-889a-8c6a8ef46b0e","Ainamoi constituency","ainamoi constituency","common","en","KDA-TRANSCRIPTION-LN14-2012"
"ed7abf2f-d3aa-5742-89b4-a0f6cb086be9","bf346659-5d4e-54db-b59c-7e1f47411dea","Bureti","bureti","canonical","en","KDA-TRANSCRIPTION-LN14-2012"
"f2a8606d-3ad2-590f-b1a4-bf10cf47059d","bf346659-5d4e-54db-b59c-7e1f47411dea","Bureti constituency","bureti constituency","common","en","KDA-TRANSCRIPTION-LN14-2012"
"daf4fbaf-2f7a-5cd7-804e-a68d5c4dde66","f68f6db6-8235-5773-ab33-03e26a185f3f","Belgut","belgut","canonical","en","KDA-TRANSCRIPTION-LN14-2012"
"81282954-4002-5a08-ae13-f826eeedc0cc","f68f6db6-8235-5773-ab33-03e26a185f3f","Belgut constituency","belgut constituency","common","en","KDA-TRANSCRIPTION-LN14-2012"
"a66b7200-175c-5a9b-8acd-fe41682e185d","8d52b59b-d1c0-5091-9001-b2d9a459c7f3","Sigowet/Soin","sigowet soin","canonical","en","KDA-TRANSCRIPTION-LN14-2012"
"e98c9cd6-534f-58ce-9d7b-d43e8c712cfb","8d52b59b-d1c0-5091-9001-b2d9a459c7f3","Sigowet/Soin constituency","sigowet soin constituency","common","en","KDA-TRANSCRIPTION-LN14-2012"
"4624a018-ffc5-580e-8a3c-6de0983ce3cd","75cb3ef6-dd84-5fda-8f1c-1b8f0bab2156","Sotik","sotik","canonical","en","KDA-TRANSCRIPTION-LN14-2012"
"4f2820d2-4f26-5391-99ee-e1460de8bdd6","75cb3ef6-dd84-5fda-8f1c-1b8f0bab2156","Sotik constituency","sotik constituency","common","en","KDA-TRANSCRIPTION-LN14-2012"
"e5a7dc06-1ccc-5b5b-867f-ac38b45593f4","b0859999-4757-51f4-b9a8-dd8709eaa499","Chepalungu","chepalungu","canonical","en","KDA-TRANSCRIPTION-LN14-2012"
"a1780629-f368-5bf9-9978-6d4cfb61d84b","b0859999-4757-51f4-b9a8-dd8709eaa499","Chepalungu constituency","chepalungu constituency","common","en","KDA-TRANSCRIPTION-LN14-2012"
"26b5db23-b278-5588-bd55-1b451ce8133c","2fa1e295-3385-550b-9502-188971b1ba48","Bomet East","bomet east","canonical","en","KDA-TRANSCRIPTION-LN14-2012"
"9bcd9c16-aa72-5950-ac5c-122fcb00dfe5","2fa1e295-3385-550b-9502-188971b1ba48","Bomet East constituency","bomet east constituency","common","en","KDA-TRANSCRIPTION-LN14-2012"
"d05e49c5-54e7-556e-92f9-ac1652faa695","f4b00450-98b5-5ace-b98f-9e0ca922a8d9","Bomet Central","bomet central","canonical","en","KDA-TRANSCRIPTION-LN14-2012"
"6796534e-a58f-51fa-827a-77b062a33e07","f4b00450-98b5-5ace-b98f-9e0ca922a8d9","Bomet Central constituency","bomet central constituency","common","en","KDA-TRANSCRIPTION-LN14-2012"
"ecb34663-b1ba-5faa-add6-8c7d2fb50a4a","aeb1e7cc-80cb-52b7-8e5a-df66b2809d6b","Konoin","konoin","canonical","en","KDA-TRANSCRIPTION-LN14-2012"
"1b060eb3-23f3-5eb4-97a9-72dda180a9d8","aeb1e7cc-80cb-52b7-8e5a-df66b2809d6b","Konoin constituency","konoin constituency","common","en","KDA-TRANSCRIPTION-LN14-2012"
"9db8a3e4-3594-5077-baae-5d7623bec7e8","4f107d58-6828-55c3-8b2d-d9d6d26ef673","Lugari","lugari","canonical","en","KDA-TRANSCRIPTION-LN14-2012"
"b4a6f2bf-d9c2-5c07-ade0-204bf831083a","4f107d58-6828-55c3-8b2d-d9d6d26ef673","Lugari constituency","lugari constituency","common","en","KDA-TRANSCRIPTION-LN14-2012"
"1471aa17-4343-5328-805d-bcec5f910f39","86eaf8a3-d1f3-5bdb-a482-ee282c883814","Likuyani","likuyani","canonical","en","KDA-TRANSCRIPTION-LN14-2012"
"8dc2ca3a-631e-51c5-b978-8c9cc86748c9","86eaf8a3-d1f3-5bdb-a482-ee282c883814","Likuyani constituency","likuyani constituency","common","en","KDA-TRANSCRIPTION-LN14-2012"
"688ed308-970a-581f-9c37-4cec1e65aa33","d59cca26-880e-50cb-a13c-791c44aa12d9","Malava","malava","canonical","en","KDA-TRANSCRIPTION-LN14-2012"
"4022b5ba-cbf7-5ea3-b432-095a9e30f0ee","d59cca26-880e-50cb-a13c-791c44aa12d9","Malava constituency","malava constituency","common","en","KDA-TRANSCRIPTION-LN14-2012"
"64dbcb2a-9853-58fe-bba8-bb3783357479","96485e2b-cfc0-5157-bcc0-4b24c525766a","Lurambi","lurambi","canonical","en","KDA-TRANSCRIPTION-LN14-2012"
"5a986b22-5e4b-5c8f-a35f-1f79f919c21e","96485e2b-cfc0-5157-bcc0-4b24c525766a","Lurambi constituency","lurambi constituency","common","en","KDA-TRANSCRIPTION-LN14-2012"
"3c0cb91e-36df-5b4b-b559-895f72479130","69ebdb76-2969-5a65-babd-a79db9466a20","Navakholo","navakholo","canonical","en","KDA-TRANSCRIPTION-LN14-2012"
"dec3c7c9-b3f1-5128-8c0e-6d247613a95b","69ebdb76-2969-5a65-babd-a79db9466a20","Navakholo constituency","navakholo constituency","common","en","KDA-TRANSCRIPTION-LN14-2012"
"67958b1d-fb23-596d-b5bd-a662d8ffca6a","07429db9-8173-5908-b1d1-1beea111afd2","Mumias West","mumias west","canonical","en","KDA-TRANSCRIPTION-LN14-2012"
"a071b681-dca0-5b95-ace1-066ba339ae36","07429db9-8173-5908-b1d1-1beea111afd2","Mumias West constituency","mumias west constituency","common","en","KDA-TRANSCRIPTION-LN14-2012"
"041c5560-63e3-58b3-8cda-d14f0b485175","a71ae52b-942e-533b-8496-c93db1fe2e33","Mumias East","mumias east","canonical","en","KDA-TRANSCRIPTION-LN14-2012"
"1761838e-37b8-5371-bc62-b5371bea650b","a71ae52b-942e-533b-8496-c93db1fe2e33","Mumias East constituency","mumias east constituency","common","en","KDA-TRANSCRIPTION-LN14-2012"
"c344092a-938a-5b6b-90d5-182bb0544b8c","23ef3c66-a0f3-562e-aefe-03141b74fc97","Matungu","matungu","canonical","en","KDA-TRANSCRIPTION-LN14-2012"
"f0d20b66-c43c-55d7-84b0-ca7faadcfe1b","23ef3c66-a0f3-562e-aefe-03141b74fc97","Matungu constituency","matungu constituency","common","en","KDA-TRANSCRIPTION-LN14-2012"
"1d5309c0-8e17-5890-bc16-29dd53f96715","7c5634ad-3ec4-5c97-ac1d-b37c753e600a","Butere","butere","canonical","en","KDA-TRANSCRIPTION-LN14-2012"
"647a91b1-a109-5548-af79-02a10b7d3f3a","7c5634ad-3ec4-5c97-ac1d-b37c753e600a","Butere constituency","butere constituency","common","en","KDA-TRANSCRIPTION-LN14-2012"
"6290bcf2-d9f5-5448-a879-4baa0bacca45","18dc2665-7af6-5bb1-907b-172b906aeb7f","Khwisero","khwisero","canonical","en","KDA-TRANSCRIPTION-LN14-2012"
"4df65ad0-9ca6-5348-85b2-63e783cac86e","18dc2665-7af6-5bb1-907b-172b906aeb7f","Khwisero constituency","khwisero constituency","common","en","KDA-TRANSCRIPTION-LN14-2012"
"4cfcaf7a-0ccd-5310-b8cc-7f8c7b273ae7","155dc141-be0a-5413-954c-2ee1d3b0fe96","Shinyalu","shinyalu","canonical","en","KDA-TRANSCRIPTION-LN14-2012"
"3c05f4e9-6be5-5438-ae23-bcf311936eb7","155dc141-be0a-5413-954c-2ee1d3b0fe96","Shinyalu constituency","shinyalu constituency","common","en","KDA-TRANSCRIPTION-LN14-2012"
"f75ad866-8fce-5c81-9e71-af08728ae52a","3f5826b8-f174-5c87-ad59-4112dbff0a1e","Ikolomani","ikolomani","canonical","en","KDA-TRANSCRIPTION-LN14-2012"
"05970bff-54e9-537f-9a33-4acc7a48e6d7","3f5826b8-f174-5c87-ad59-4112dbff0a1e","Ikolomani constituency","ikolomani constituency","common","en","KDA-TRANSCRIPTION-LN14-2012"
"43347006-f05c-53b6-acd8-548917544912","693f89ff-36f2-5f39-b29c-da4cd48e361e","Vihiga","vihiga","canonical","en","KDA-TRANSCRIPTION-LN14-2012"
"25b844ee-d6a4-58a0-89c5-3fff7c62a0c9","693f89ff-36f2-5f39-b29c-da4cd48e361e","Vihiga constituency","vihiga constituency","common","en","KDA-TRANSCRIPTION-LN14-2012"
"fc74bff0-547b-539a-b0c4-d9c0f2c85bbf","dc866b68-1128-548e-8bfe-52cdcdd8835e","Sabatia","sabatia","canonical","en","KDA-TRANSCRIPTION-LN14-2012"
"335fe78b-1c23-5ef6-ae22-981ce321764b","dc866b68-1128-548e-8bfe-52cdcdd8835e","Sabatia constituency","sabatia constituency","common","en","KDA-TRANSCRIPTION-LN14-2012"
"22a7db03-3a42-5b09-9d31-08c9d172364c","d1bd3e85-9ba5-5952-bf03-9a08a39aa38f","Hamisi","hamisi","canonical","en","KDA-TRANSCRIPTION-LN14-2012"
"a666f2dd-a3ee-5403-bdf0-f3cf86610088","d1bd3e85-9ba5-5952-bf03-9a08a39aa38f","Hamisi constituency","hamisi constituency","common","en","KDA-TRANSCRIPTION-LN14-2012"
"730876c1-1f81-5541-bf0d-61ebd6a7ac71","f2f6218a-04d6-5bcd-95ac-71cd1a13c3c0","Luanda","luanda","canonical","en","KDA-TRANSCRIPTION-LN14-2012"
"4aa34f76-6655-5e9c-9d4a-7757b094779b","f2f6218a-04d6-5bcd-95ac-71cd1a13c3c0","Luanda constituency","luanda constituency","common","en","KDA-TRANSCRIPTION-LN14-2012"
"02bb06d0-7442-5fd5-aed8-b25de446f38c","22548d17-894b-59de-b144-5677df9d836b","Emuhaya","emuhaya","canonical","en","KDA-TRANSCRIPTION-LN14-2012"
"628fd9f3-be8f-5be2-97cb-6cf674369b42","22548d17-894b-59de-b144-5677df9d836b","Emuhaya constituency","emuhaya constituency","common","en","KDA-TRANSCRIPTION-LN14-2012"
"63e1427a-d462-5cd6-bae8-d40a2d117dcc","a7877050-79ff-5e51-a6a8-5df4269a4b61","Mt.elgon","mt elgon","canonical","en","KDA-TRANSCRIPTION-LN14-2012"
"529e70ec-af5c-5a5a-9ada-96b17290f912","a7877050-79ff-5e51-a6a8-5df4269a4b61","Mt.elgon constituency","mt elgon constituency","common","en","KDA-TRANSCRIPTION-LN14-2012"
"af7b9105-16f1-51e8-9091-d5e7418522f7","a2e9653a-8f69-5a03-b851-aa79873b83da","Sirisia","sirisia","canonical","en","KDA-TRANSCRIPTION-LN14-2012"
"322fd760-b0f4-5fbb-ba31-0b5a69648061","a2e9653a-8f69-5a03-b851-aa79873b83da","Sirisia constituency","sirisia constituency","common","en","KDA-TRANSCRIPTION-LN14-2012"
"978aa937-bfe7-5b8f-9104-ad239cce76b3","126ceae3-6e01-5f72-b050-9fa0d466a188","Kabuchai","kabuchai","canonical","en","KDA-TRANSCRIPTION-LN14-2012"
"22f4355f-3187-5705-ae37-94a43ca63d68","126ceae3-6e01-5f72-b050-9fa0d466a188","Kabuchai constituency","kabuchai constituency","common","en","KDA-TRANSCRIPTION-LN14-2012"
"cbe98936-1628-50ef-8c97-77bf11e465f6","224a38f5-1a66-5034-bab3-660c43c2cb01","Bumula","bumula","canonical","en","KDA-TRANSCRIPTION-LN14-2012"
"e06310ae-2112-537a-8844-d42327384108","224a38f5-1a66-5034-bab3-660c43c2cb01","Bumula constituency","bumula constituency","common","en","KDA-TRANSCRIPTION-LN14-2012"
"43cbac08-679e-506d-ade7-d4c0f602fa81","619cbdd4-cce9-5caf-a562-0764d6d4895d","Kanduyi","kanduyi","canonical","en","KDA-TRANSCRIPTION-LN14-2012"
"e5f142ae-1d85-5643-a8bf-b20865b44bdc","619cbdd4-cce9-5caf-a562-0764d6d4895d","Kanduyi constituency","kanduyi constituency","common","en","KDA-TRANSCRIPTION-LN14-2012"
"fdd3fd2e-47bf-595a-8bf7-aadd5c41f6f8","1ef45277-a384-55c3-945b-5caa38778083","Webuye East","webuye east","canonical","en","KDA-TRANSCRIPTION-LN14-2012"
"4afba5b9-b46e-5fba-bc18-50a12f94ab48","1ef45277-a384-55c3-945b-5caa38778083","Webuye East constituency","webuye east constituency","common","en","KDA-TRANSCRIPTION-LN14-2012"
"1cb42aca-ee60-575d-b548-e7c8f2a624e5","d0f52550-2ce0-52bc-a70c-15bbf96425c2","Webuye West","webuye west","canonical","en","KDA-TRANSCRIPTION-LN14-2012"
"2c7fe98e-7445-563c-8413-e37904fa8e81","d0f52550-2ce0-52bc-a70c-15bbf96425c2","Webuye West constituency","webuye west constituency","common","en","KDA-TRANSCRIPTION-LN14-2012"
"933cfa1b-a3a9-55ef-9ff4-5489dbbc06fe","a2a7a9e4-20b8-523f-8f14-3ea794315157","Kimilili","kimilili","canonical","en","KDA-TRANSCRIPTION-LN14-2012"
"ecb63dee-5f85-59d1-90ac-84b8dcab91d1","a2a7a9e4-20b8-523f-8f14-3ea794315157","Kimilili constituency","kimilili constituency","common","en","KDA-TRANSCRIPTION-LN14-2012"
"9fa68a8a-f548-531e-b3b1-dd805e8da93f","293f9f42-275a-565e-abf4-84adb051adbb","Tongaren","tongaren","canonical","en","KDA-TRANSCRIPTION-LN14-2012"
"ddfb2edc-4110-5cc7-90b0-531c15e4b4e6","293f9f42-275a-565e-abf4-84adb051adbb","Tongaren constituency","tongaren constituency","common","en","KDA-TRANSCRIPTION-LN14-2012"
"8d9f17da-a156-55d0-9f27-be1a20161e43","1c5717d0-9954-5bee-b53b-bf24a8621087","Teso North","teso north","canonical","en","KDA-TRANSCRIPTION-LN14-2012"
"c0a5a83c-939b-5527-a88e-96a44af41050","1c5717d0-9954-5bee-b53b-bf24a8621087","Teso North constituency","teso north constituency","common","en","KDA-TRANSCRIPTION-LN14-2012"
"86d6cdfd-3df7-51c0-9c16-c10d6e81fb55","6680b5c2-d0a0-5a65-8c3e-3677d85efc8d","Teso South","teso south","canonical","en","KDA-TRANSCRIPTION-LN14-2012"
"70e74fc1-e31b-50de-a6b4-5210c41f3857","6680b5c2-d0a0-5a65-8c3e-3677d85efc8d","Teso South constituency","teso south constituency","common","en","KDA-TRANSCRIPTION-LN14-2012"
"4bf5b705-1640-5cc0-bfd0-97e01fe63173","5eca61b4-d95b-5042-9503-793c8121e202","Nambale","nambale","canonical","en","KDA-TRANSCRIPTION-LN14-2012"
"5416d3fb-2a6b-50ff-a1cf-7dd7a01725d2","5eca61b4-d95b-5042-9503-793c8121e202","Nambale constituency","nambale constituency","common","en","KDA-TRANSCRIPTION-LN14-2012"
"8e674b25-81af-5e26-b676-1a1b3953a5b2","cd5a5ec0-a0ee-5766-858e-0e99b4d02064","Matayos","matayos","canonical","en","KDA-TRANSCRIPTION-LN14-2012"
"ecc9d669-db52-55f1-b591-ea958d84f277","cd5a5ec0-a0ee-5766-858e-0e99b4d02064","Matayos constituency","matayos constituency","common","en","KDA-TRANSCRIPTION-LN14-2012"
"104c2fac-00e9-59ef-b302-3dcfecd67b72","19689ed8-2da4-5e9b-bf20-6aa161367ab2","Butula","butula","canonical","en","KDA-TRANSCRIPTION-LN14-2012"
"3e3806ab-2eb1-54dd-9fcd-67c65dc75206","19689ed8-2da4-5e9b-bf20-6aa161367ab2","Butula constituency","butula constituency","common","en","KDA-TRANSCRIPTION-LN14-2012"
"3fd9b16b-8466-50c8-b39d-d1f6f8d78c98","ee645bfa-7523-5457-96bc-1b1ce596ff11","Funyula","funyula","canonical","en","KDA-TRANSCRIPTION-LN14-2012"
"f89adbb9-9f4e-513f-8a3f-c961be3839ec","ee645bfa-7523-5457-96bc-1b1ce596ff11","Funyula constituency","funyula constituency","common","en","KDA-TRANSCRIPTION-LN14-2012"
"f06ad8dc-eead-5d66-bb06-0fa91d1f3403","49232b5f-9f7c-5bcd-83a2-93893efc8ad3","Budalangi","budalangi","canonical","en","KDA-TRANSCRIPTION-LN14-2012"
"3a1f39a6-73b8-5b47-bf78-bb3794c0f717","49232b5f-9f7c-5bcd-83a2-93893efc8ad3","Budalangi constituency","budalangi constituency","common","en","KDA-TRANSCRIPTION-LN14-2012"
"6e485fee-4d19-5d6d-bc3a-da0f53350b73","06a5c108-40e6-5d05-a945-7abb28613db2","Ugenya","ugenya","canonical","en","KDA-TRANSCRIPTION-LN14-2012"
"d3ad659a-50e0-55db-8455-1d84d7daebd0","06a5c108-40e6-5d05-a945-7abb28613db2","Ugenya constituency","ugenya constituency","common","en","KDA-TRANSCRIPTION-LN14-2012"
"68c2e889-7ce3-5075-b8a1-21c2433b1646","5598163b-13d1-5515-830d-a94918dc208d","Ugunja","ugunja","canonical","en","KDA-TRANSCRIPTION-LN14-2012"
"6696550d-f7b4-5134-aad9-794901f306cf","5598163b-13d1-5515-830d-a94918dc208d","Ugunja constituency","ugunja constituency","common","en","KDA-TRANSCRIPTION-LN14-2012"
"246bd39a-1569-57c6-b52b-8da7ded7a434","cdbfd87a-7665-5311-aa8a-09f4186ceaa1","Alego Usonga","alego usonga","canonical","en","KDA-TRANSCRIPTION-LN14-2012"
"5fa5a00d-f014-50e4-b723-8e6afbceb350","cdbfd87a-7665-5311-aa8a-09f4186ceaa1","Alego Usonga constituency","alego usonga constituency","common","en","KDA-TRANSCRIPTION-LN14-2012"
"20d870ac-d747-5120-b4cb-577fe42a4007","cbcecfc6-592c-5db2-bced-c50f2a2ec9c2","Gem","gem","canonical","en","KDA-TRANSCRIPTION-LN14-2012"
"3968de72-9f91-5346-956a-8c279a3387ef","cbcecfc6-592c-5db2-bced-c50f2a2ec9c2","Gem constituency","gem constituency","common","en","KDA-TRANSCRIPTION-LN14-2012"
"50712db7-7baa-5fac-9cb0-5c056b49bbee","447a16b4-424f-5cf0-9936-0085461057d2","Bondo","bondo","canonical","en","KDA-TRANSCRIPTION-LN14-2012"
"243ba92f-537e-5073-a75a-e6f4f2c52eb2","447a16b4-424f-5cf0-9936-0085461057d2","Bondo constituency","bondo constituency","common","en","KDA-TRANSCRIPTION-LN14-2012"
"3ec54b34-46e6-532b-b21b-a13bd2afcce2","02cd6b41-801a-5a0e-981c-f3a1e4e7696c","Rarieda","rarieda","canonical","en","KDA-TRANSCRIPTION-LN14-2012"
"d0b32ede-b3e2-539d-8492-435951af79d8","02cd6b41-801a-5a0e-981c-f3a1e4e7696c","Rarieda constituency","rarieda constituency","common","en","KDA-TRANSCRIPTION-LN14-2012"
"9bc980e4-36b7-5432-be83-9e7bb72ca896","73661f18-f0b5-5e8f-b869-f58574078bfd","Kisumu East","kisumu east","canonical","en","KDA-TRANSCRIPTION-LN14-2012"
"e34cea02-fc09-58b0-b9b8-a3fa3fdb4d46","73661f18-f0b5-5e8f-b869-f58574078bfd","Kisumu East constituency","kisumu east constituency","common","en","KDA-TRANSCRIPTION-LN14-2012"
"c8cfd395-4d6b-539c-a3ae-0c5d771a5b52","9761c578-85e0-5218-979e-1f1cfd6381a5","Kisumu West","kisumu west","canonical","en","KDA-TRANSCRIPTION-LN14-2012"
"007ec40d-6ebb-5e58-9b56-44ad1ff68d68","9761c578-85e0-5218-979e-1f1cfd6381a5","Kisumu West constituency","kisumu west constituency","common","en","KDA-TRANSCRIPTION-LN14-2012"
"ff75839a-b69d-516c-8b7b-fbf0c55ec767","ba1abc3a-2182-54a1-9cd2-a9b9658cb708","Kisumu Central","kisumu central","canonical","en","KDA-TRANSCRIPTION-LN14-2012"
"13863ada-9a86-56b4-b626-a727e1192f6e","ba1abc3a-2182-54a1-9cd2-a9b9658cb708","Kisumu Central constituency","kisumu central constituency","common","en","KDA-TRANSCRIPTION-LN14-2012"
"77c536e4-08bd-5a1c-9f8f-e3bbae47c42b","e69c20d5-a8ef-54a4-8432-e200949d3504","Seme","seme","canonical","en","KDA-TRANSCRIPTION-LN14-2012"
"8eec1ae6-7b61-53ed-a9ab-1af163a35493","e69c20d5-a8ef-54a4-8432-e200949d3504","Seme constituency","seme constituency","common","en","KDA-TRANSCRIPTION-LN14-2012"
"8d0643f5-a8db-53de-86a9-e5f2f435a0d5","1972c59a-75aa-54c9-9d46-25d1c2b12a7a","Nyando","nyando","canonical","en","KDA-TRANSCRIPTION-LN14-2012"
"43dbb0a2-9b1d-57ee-8af7-b6ae64561cb8","1972c59a-75aa-54c9-9d46-25d1c2b12a7a","Nyando constituency","nyando constituency","common","en","KDA-TRANSCRIPTION-LN14-2012"
"4d8a2c9e-f224-5027-876b-3c425d3154a8","190fab02-c18d-5007-b6be-005745c492dd","Muhoroni","muhoroni","canonical","en","KDA-TRANSCRIPTION-LN14-2012"
"6545423e-9ee0-59ad-b867-449f095112bc","190fab02-c18d-5007-b6be-005745c492dd","Muhoroni constituency","muhoroni constituency","common","en","KDA-TRANSCRIPTION-LN14-2012"
"b0e16c29-83d9-50b7-94af-9a04adf0a17e","8c80eb96-7752-5c2c-9db1-a508e4065f8b","Nyakach","nyakach","canonical","en","KDA-TRANSCRIPTION-LN14-2012"
"b9456c91-3c0c-5eb1-9999-2af1747212fc","8c80eb96-7752-5c2c-9db1-a508e4065f8b","Nyakach constituency","nyakach constituency","common","en","KDA-TRANSCRIPTION-LN14-2012"
"456cc271-4d08-59a8-be3a-213d6ae3bd24","e291dfd2-93d3-58d2-ac9f-438706c35f26","Kasipul","kasipul","canonical","en","KDA-TRANSCRIPTION-LN14-2012"
"463a156e-f7d0-5e73-acb4-1e0417414fee","e291dfd2-93d3-58d2-ac9f-438706c35f26","Kasipul constituency","kasipul constituency","common","en","KDA-TRANSCRIPTION-LN14-2012"
"e7a41843-8f02-56ff-8f26-e06c856a4a52","d7cde90a-0383-5bee-9ce6-1e3454cbb889","Kabondo Kasipul","kabondo kasipul","canonical","en","KDA-TRANSCRIPTION-LN14-2012"
"ec8576e1-8855-5558-aa67-88828cda937a","d7cde90a-0383-5bee-9ce6-1e3454cbb889","Kabondo Kasipul constituency","kabondo kasipul constituency","common","en","KDA-TRANSCRIPTION-LN14-2012"
"0c939b82-2ffd-50d1-9ad0-61bf4440d43f","69b78118-6bad-5045-b68f-3a28d91d89f1","Karachuonyo","karachuonyo","canonical","en","KDA-TRANSCRIPTION-LN14-2012"
"91a749af-7230-5341-a513-d38aca8f4a89","69b78118-6bad-5045-b68f-3a28d91d89f1","Karachuonyo constituency","karachuonyo constituency","common","en","KDA-TRANSCRIPTION-LN14-2012"
"d75621f3-6f12-5fc6-a5fd-db56cc30e3e4","502244f9-caf4-5608-b1a1-40efaf2bcf9a","Rangwe","rangwe","canonical","en","KDA-TRANSCRIPTION-LN14-2012"
"ef57ec36-e817-5929-86eb-b1a1f0b90a36","502244f9-caf4-5608-b1a1-40efaf2bcf9a","Rangwe constituency","rangwe constituency","common","en","KDA-TRANSCRIPTION-LN14-2012"
"be099f44-962a-5490-b8b9-65a13e2988fb","cf018c03-9109-5b51-82ef-60e9c7c3788a","Homa Bay Town","homa bay town","canonical","en","KDA-TRANSCRIPTION-LN14-2012"
"73fe0acd-c8f2-5159-9dbb-8d06e06f9956","cf018c03-9109-5b51-82ef-60e9c7c3788a","Homa Bay Town constituency","homa bay town constituency","common","en","KDA-TRANSCRIPTION-LN14-2012"
"24a50a05-2300-5322-a181-643867f2499b","8aa8c1e0-9867-5573-becb-cba627117dda","Ndhiwa","ndhiwa","canonical","en","KDA-TRANSCRIPTION-LN14-2012"
"6fb88ba5-d8d4-5363-9e15-2ccc74134511","8aa8c1e0-9867-5573-becb-cba627117dda","Ndhiwa constituency","ndhiwa constituency","common","en","KDA-TRANSCRIPTION-LN14-2012"
"0378443e-76bb-5db1-a714-417ef14df18a","fd5d283a-2886-59f6-a398-40c647c2cfc7","Mbita","mbita","canonical","en","KDA-TRANSCRIPTION-LN14-2012"
"38daf83e-cab9-53cc-b4d8-bb16faea53b1","fd5d283a-2886-59f6-a398-40c647c2cfc7","Mbita constituency","mbita constituency","common","en","KDA-TRANSCRIPTION-LN14-2012"
"a72f9d0c-5dfe-5dd9-b86d-6ba3cc134880","a7561949-953f-5f64-b52d-ec099af9206e","Suba","suba","canonical","en","KDA-TRANSCRIPTION-LN14-2012"
"d605e9f8-7621-5cc6-8821-b0b6e79a7730","a7561949-953f-5f64-b52d-ec099af9206e","Suba constituency","suba constituency","common","en","KDA-TRANSCRIPTION-LN14-2012"
"2a5c88a0-6bd4-5c3b-a436-e4527389ad90","f232db1d-a832-5502-afe6-75bc457d92d9","Rongo","rongo","canonical","en","KDA-TRANSCRIPTION-LN14-2012"
"f23b4de6-c36e-5120-a346-8167c5fd4e2e","f232db1d-a832-5502-afe6-75bc457d92d9","Rongo constituency","rongo constituency","common","en","KDA-TRANSCRIPTION-LN14-2012"
"c923c7e9-5698-53ff-90fc-9f1878a48323","2b9da437-6bad-5043-9273-c99b41fcf074","Awendo","awendo","canonical","en","KDA-TRANSCRIPTION-LN14-2012"
"bc8ee275-4fc2-548a-aa44-407466883dbc","2b9da437-6bad-5043-9273-c99b41fcf074","Awendo constituency","awendo constituency","common","en","KDA-TRANSCRIPTION-LN14-2012"
"f305565c-3ea6-5b0e-9841-a187f225e79f","5c1de55d-293b-51a7-ad78-5049e6d0cd92","Suna East","suna east","canonical","en","KDA-TRANSCRIPTION-LN14-2012"
"ba1fb5db-3005-5f6d-9469-b65749c4ecdc","5c1de55d-293b-51a7-ad78-5049e6d0cd92","Suna East constituency","suna east constituency","common","en","KDA-TRANSCRIPTION-LN14-2012"
"cff4ead9-812b-5960-8e47-742dd1372d58","e97ea70a-4391-53c9-829b-d612ea40bb84","Suna West","suna west","canonical","en","KDA-TRANSCRIPTION-LN14-2012"
"d12735a4-17f7-5d10-b731-93109f230f87","e97ea70a-4391-53c9-829b-d612ea40bb84","Suna West constituency","suna west constituency","common","en","KDA-TRANSCRIPTION-LN14-2012"
"b4e07f43-76bb-5542-b0f3-f834fd98dc66","d08e9ad4-3279-5e2b-a6b7-12f16e67b50f","Uriri","uriri","canonical","en","KDA-TRANSCRIPTION-LN14-2012"
"7f6bd11d-845b-501e-af1a-a28552e3aaa6","d08e9ad4-3279-5e2b-a6b7-12f16e67b50f","Uriri constituency","uriri constituency","common","en","KDA-TRANSCRIPTION-LN14-2012"
"3a6417eb-0296-5618-88df-2ffea0ea7d87","1fda31d8-68a0-50c6-bb4b-db05eaf55da5","Nyatike","nyatike","canonical","en","KDA-TRANSCRIPTION-LN14-2012"
"17fd14e8-1947-5203-ac72-fc5af043f0d3","1fda31d8-68a0-50c6-bb4b-db05eaf55da5","Nyatike constituency","nyatike constituency","common","en","KDA-TRANSCRIPTION-LN14-2012"
"47a05c0c-84f1-56ae-8aef-97c207e96703","12b90fc7-f796-5c55-a829-be39ba252cb6","Kuria West","kuria west","canonical","en","KDA-TRANSCRIPTION-LN14-2012"
"34053264-bebc-5003-9a5c-8761a5f1cf30","12b90fc7-f796-5c55-a829-be39ba252cb6","Kuria West constituency","kuria west constituency","common","en","KDA-TRANSCRIPTION-LN14-2012"
"72337bce-ead6-5a8d-bde1-7eeb2f8abcae","9b56e85f-b8d6-523d-a36f-5a846c17b696","Kuria East","kuria east","canonical","en","KDA-TRANSCRIPTION-LN14-2012"
"17090f61-4444-5c7d-81c6-932cfacb9c66","9b56e85f-b8d6-523d-a36f-5a846c17b696","Kuria East constituency","kuria east constituency","common","en","KDA-TRANSCRIPTION-LN14-2012"
"6bfbc694-dfb2-58fb-9ae4-cd69dad29a63","c4f13258-42c7-5bfa-becc-ede2caf51a21","Bonchari","bonchari","canonical","en","KDA-TRANSCRIPTION-LN14-2012"
"7d66ded3-cd79-5055-876d-8228a4802c3a","c4f13258-42c7-5bfa-becc-ede2caf51a21","Bonchari constituency","bonchari constituency","common","en","KDA-TRANSCRIPTION-LN14-2012"
"edf76155-4b74-520d-a1dc-a816b759650f","79c2c356-b666-538a-89af-3a208c0b9510","South Mugirango","south mugirango","canonical","en","KDA-TRANSCRIPTION-LN14-2012"
"91ba2938-0331-5914-8cc0-5e37bf800ddc","79c2c356-b666-538a-89af-3a208c0b9510","South Mugirango constituency","south mugirango constituency","common","en","KDA-TRANSCRIPTION-LN14-2012"
"4adbe03f-5f74-5c35-ae04-63bec5b3d577","e4efbfd3-df38-53c9-b42c-826d247a5dc6","Bomachoge Borabu","bomachoge borabu","canonical","en","KDA-TRANSCRIPTION-LN14-2012"
"2b5b2177-0f67-5903-ae7d-73a7e79c3716","e4efbfd3-df38-53c9-b42c-826d247a5dc6","Bomachoge Borabu constituency","bomachoge borabu constituency","common","en","KDA-TRANSCRIPTION-LN14-2012"
"2619962f-496a-5a40-bcec-0ecd0decdc82","c0a0f039-2760-5bfb-aae0-de67a791cbc0","Bobasi","bobasi","canonical","en","KDA-TRANSCRIPTION-LN14-2012"
"6a687ba2-e68f-5dbc-9d75-092df08f3cb5","c0a0f039-2760-5bfb-aae0-de67a791cbc0","Bobasi constituency","bobasi constituency","common","en","KDA-TRANSCRIPTION-LN14-2012"
"21f140a6-940f-5329-b90b-7fa6c7250101","15d3d29e-a31e-593e-8225-1d185ae87900","Bomachoge Chache","bomachoge chache","canonical","en","KDA-TRANSCRIPTION-LN14-2012"
"f76a2968-7609-5d63-a4d4-9166406cb0ff","15d3d29e-a31e-593e-8225-1d185ae87900","Bomachoge Chache constituency","bomachoge chache constituency","common","en","KDA-TRANSCRIPTION-LN14-2012"
"8f9b8bef-6980-57da-a0b5-6937ec1e9b8d","374d482b-5706-5f4e-8bb5-2ad66d407426","Nyaribari Masaba","nyaribari masaba","canonical","en","KDA-TRANSCRIPTION-LN14-2012"
"76ee2439-faba-5c1a-9844-39857245d703","374d482b-5706-5f4e-8bb5-2ad66d407426","Nyaribari Masaba constituency","nyaribari masaba constituency","common","en","KDA-TRANSCRIPTION-LN14-2012"
"c15a4946-ea8c-52b2-8b50-07ef58b6421e","e6678ef4-ee8a-5621-a8f3-cd22a8fa19a8","Nyaribari Chache","nyaribari chache","canonical","en","KDA-TRANSCRIPTION-LN14-2012"
"15f64b94-700a-5e59-9986-36c1b22cc8d8","e6678ef4-ee8a-5621-a8f3-cd22a8fa19a8","Nyaribari Chache constituency","nyaribari chache constituency","common","en","KDA-TRANSCRIPTION-LN14-2012"
"ad7b088d-0334-59ee-82b8-099839f8038b","90026473-26b0-5eb6-9220-203833a31d94","Kitutu Chache North","kitutu chache north","canonical","en","KDA-TRANSCRIPTION-LN14-2012"
"7b90d8f7-6c9b-51cd-9621-52531b0204fe","90026473-26b0-5eb6-9220-203833a31d94","Kitutu Chache North constituency","kitutu chache north constituency","common","en","KDA-TRANSCRIPTION-LN14-2012"
"40921311-068f-5f44-87ce-783afc0ad3a1","457989df-9180-53e4-ba9e-555865fd1814","Kitutu Chache South","kitutu chache south","canonical","en","KDA-TRANSCRIPTION-LN14-2012"
"090cb1b6-9509-5c84-80b7-b1eff90a1e7c","457989df-9180-53e4-ba9e-555865fd1814","Kitutu Chache South constituency","kitutu chache south constituency","common","en","KDA-TRANSCRIPTION-LN14-2012"
"448f01d1-9928-5abf-b55b-9b21e54b4068","1d2b9e8a-5adf-5ebd-8d6f-d35fd129102b","Kitutu Masaba","kitutu masaba","canonical","en","KDA-TRANSCRIPTION-LN14-2012"
"d72175e7-1a82-5efe-b37b-1700c66f7462","1d2b9e8a-5adf-5ebd-8d6f-d35fd129102b","Kitutu Masaba constituency","kitutu masaba constituency","common","en","KDA-TRANSCRIPTION-LN14-2012"
"5934baa8-7498-5217-9389-2cd475439d4e","1f8da509-1fcd-5b24-905a-900ff1238d0d","West Mugirango","west mugirango","canonical","en","KDA-TRANSCRIPTION-LN14-2012"
"569233e4-e57d-5a2b-a2a3-83e8e58c1ea7","1f8da509-1fcd-5b24-905a-900ff1238d0d","West Mugirango constituency","west mugirango constituency","common","en","KDA-TRANSCRIPTION-LN14-2012"
"187c4f75-3355-59a0-babf-0da88945d624","5306e0e1-5682-558b-8fe8-b1dc315b84a9","North Mugirango","north mugirango","canonical","en","KDA-TRANSCRIPTION-LN14-2012"
"ec1a695c-1104-53a4-a487-b910e1a11df8","5306e0e1-5682-558b-8fe8-b1dc315b84a9","North Mugirango constituency","north mugirango constituency","common","en","KDA-TRANSCRIPTION-LN14-2012"
"42f5800d-b4f4-5bbf-a824-743ebe0d0571","2a9093cf-d957-59df-a30c-acac552b9365","Borabu","borabu","canonical","en","KDA-TRANSCRIPTION-LN14-2012"
"d0c4eae1-377d-58d4-b87f-dc1a74ec5a2e","2a9093cf-d957-59df-a30c-acac552b9365","Borabu constituency","borabu constituency","common","en","KDA-TRANSCRIPTION-LN14-2012"
"78d9d358-8819-571e-aec0-79c187f9522d","b21eed74-4154-5e8e-a719-5c638fd7cc2d","Westlands","westlands","canonical","en","KDA-TRANSCRIPTION-LN14-2012"
"9bd2610c-e129-58f8-9bd6-861dec9ba9d4","b21eed74-4154-5e8e-a719-5c638fd7cc2d","Westlands constituency","westlands constituency","common","en","KDA-TRANSCRIPTION-LN14-2012"
"82e09104-2b50-5e97-b6c3-c5cc0f803fa5","b8697876-2537-59b6-89d4-38aef93bbc8a","Dagoretti North","dagoretti north","canonical","en","KDA-TRANSCRIPTION-LN14-2012"
"721defb3-3ca0-500c-8ad8-b4626dc5838a","b8697876-2537-59b6-89d4-38aef93bbc8a","Dagoretti North constituency","dagoretti north constituency","common","en","KDA-TRANSCRIPTION-LN14-2012"
"a6ca4869-e142-59db-aa32-525100af3b74","731ca7be-4940-580c-9ee5-db14a8062695","Dagoretti South","dagoretti south","canonical","en","KDA-TRANSCRIPTION-LN14-2012"
"a7bbe61d-7d08-537f-b601-cc7f8fc6482d","731ca7be-4940-580c-9ee5-db14a8062695","Dagoretti South constituency","dagoretti south constituency","common","en","KDA-TRANSCRIPTION-LN14-2012"
"96f4033b-2a3b-57b9-ab37-ddb374dec452","98f56051-9ff1-57d1-82f6-2533868056ad","Langata","langata","canonical","en","KDA-TRANSCRIPTION-LN14-2012"
"02909af3-dcdd-5b60-88d9-e1723c14ebb3","98f56051-9ff1-57d1-82f6-2533868056ad","Langata constituency","langata constituency","common","en","KDA-TRANSCRIPTION-LN14-2012"
"fdd43916-eab2-5c84-8b66-c42e4ad0f92d","a1ba8348-610d-54db-be4d-443c97f42e4f","Kibra","kibra","canonical","en","KDA-TRANSCRIPTION-LN14-2012"
"e72ca4a0-57bb-5c46-b442-4c604be7b0ac","a1ba8348-610d-54db-be4d-443c97f42e4f","Kibra constituency","kibra constituency","common","en","KDA-TRANSCRIPTION-LN14-2012"
"93124333-dbdc-5920-8bd9-18d09568a4d6","f5ac8a55-1100-5f2d-855c-087fbfb36328","Roysambu","roysambu","canonical","en","KDA-TRANSCRIPTION-LN14-2012"
"455aa968-b90c-5434-899e-4ff256ac1b37","f5ac8a55-1100-5f2d-855c-087fbfb36328","Roysambu constituency","roysambu constituency","common","en","KDA-TRANSCRIPTION-LN14-2012"
"f624e07c-09e2-52c7-9913-c67466b6b802","c82f6595-f2b0-5c72-a5c1-5fa57215ea26","Kasarani","kasarani","canonical","en","KDA-TRANSCRIPTION-LN14-2012"
"0d879f3e-2ab2-525c-9402-e4be7520a568","c82f6595-f2b0-5c72-a5c1-5fa57215ea26","Kasarani constituency","kasarani constituency","common","en","KDA-TRANSCRIPTION-LN14-2012"
"4f210935-9047-5f61-94fd-314ac4066a83","3aeab3e8-7dc0-5677-bb56-579ccb92b41d","Ruaraka","ruaraka","canonical","en","KDA-TRANSCRIPTION-LN14-2012"
"a4f5aea6-e203-59cc-a19b-52b3d71d5203","3aeab3e8-7dc0-5677-bb56-579ccb92b41d","Ruaraka constituency","ruaraka constituency","common","en","KDA-TRANSCRIPTION-LN14-2012"
"95021df0-8abe-5b35-bd4b-da0cf4fe8a11","3c3f3dfb-f3f0-5515-bcde-8d8cdd42b802","Embakasi South","embakasi south","canonical","en","KDA-TRANSCRIPTION-LN14-2012"
"fb452ce0-b7f5-55d6-a09e-9c5c536246ce","3c3f3dfb-f3f0-5515-bcde-8d8cdd42b802","Embakasi South constituency","embakasi south constituency","common","en","KDA-TRANSCRIPTION-LN14-2012"
"4cd55379-1743-5355-b39f-4af64cd51363","d2030353-3bcb-57aa-a579-cf59cbd1068f","Embakasi North","embakasi north","canonical","en","KDA-TRANSCRIPTION-LN14-2012"
"65a5d386-a43f-5ae3-bb15-c42af5f7fdde","d2030353-3bcb-57aa-a579-cf59cbd1068f","Embakasi North constituency","embakasi north constituency","common","en","KDA-TRANSCRIPTION-LN14-2012"
"c82f37fe-9906-578c-ba83-15b242f884d4","2e0787a8-8f97-5519-8797-73fb4c713943","Embakasi Central","embakasi central","canonical","en","KDA-TRANSCRIPTION-LN14-2012"
"9d1d459b-488f-58dc-90a9-3779af459d8a","2e0787a8-8f97-5519-8797-73fb4c713943","Embakasi Central constituency","embakasi central constituency","common","en","KDA-TRANSCRIPTION-LN14-2012"
"d62b8440-094c-5815-bb5c-dd92fb458080","b23f3e8e-6191-5d05-af14-c877038311ae","Embakasi East","embakasi east","canonical","en","KDA-TRANSCRIPTION-LN14-2012"
"ad3a5e6c-cc0c-5ae8-b715-5855c1a36be3","b23f3e8e-6191-5d05-af14-c877038311ae","Embakasi East constituency","embakasi east constituency","common","en","KDA-TRANSCRIPTION-LN14-2012"
"913370eb-422f-57ff-b5c0-f76133ec0661","bfff3678-3392-57e8-9f91-1b970a5c740c","Embakasi West","embakasi west","canonical","en","KDA-TRANSCRIPTION-LN14-2012"
"08600c23-897d-5eae-a571-865b6114ba31","bfff3678-3392-57e8-9f91-1b970a5c740c","Embakasi West constituency","embakasi west constituency","common","en","KDA-TRANSCRIPTION-LN14-2012"
"fff3bc01-74a9-5467-a89e-6388f19c5f26","08a5e1ac-d55b-592c-817d-93412aae2b4b","Makadara","makadara","canonical","en","KDA-TRANSCRIPTION-LN14-2012"
"bbad161b-1908-54cf-bfa4-c1a51ac47523","08a5e1ac-d55b-592c-817d-93412aae2b4b","Makadara constituency","makadara constituency","common","en","KDA-TRANSCRIPTION-LN14-2012"
"53668b92-1afc-5548-b099-15e7a671766b","4815ecd3-8ae9-539f-9678-3bbbbd9cfb57","Kamukunji","kamukunji","canonical","en","KDA-TRANSCRIPTION-LN14-2012"
"690df598-a212-53d2-a369-8d79e21ae620","4815ecd3-8ae9-539f-9678-3bbbbd9cfb57","Kamukunji constituency","kamukunji constituency","common","en","KDA-TRANSCRIPTION-LN14-2012"
"23dc68eb-867d-5735-9925-dee8fbfb0be6","2a2961ce-7551-5041-b696-6be93ebdd88e","Starehe","starehe","canonical","en","KDA-TRANSCRIPTION-LN14-2012"
"5c6760ee-b095-5bd7-9b9b-8353d8927cd1","2a2961ce-7551-5041-b696-6be93ebdd88e","Starehe constituency","starehe constituency","common","en","KDA-TRANSCRIPTION-LN14-2012"
"cba7b4c9-12f5-5ec6-b0dc-0fe1efcb3b1d","39d6339b-be75-5f89-8998-aa59b3e6aee4","Mathare","mathare","canonical","en","KDA-TRANSCRIPTION-LN14-2012"
"f089a5a0-f236-5565-8034-0e07b5ddb3e8","39d6339b-be75-5f89-8998-aa59b3e6aee4","Mathare constituency","mathare constituency","common","en","KDA-TRANSCRIPTION-LN14-2012"
"ae378a99-653d-541b-8469-60668d7ec205","ebb5c86a-19d5-5510-824f-c90072a6f78f","Port Reitz","port reitz","canonical","en","KDA-TRANSCRIPTION-LN14-2012"
"a75683e2-7d2a-5741-9437-457f9f859c03","ebb5c86a-19d5-5510-824f-c90072a6f78f","Port Reitz ward","port reitz ward","common","en","KDA-TRANSCRIPTION-LN14-2012"
"c367f8ec-2718-5300-a7fd-3862c6904f57","33c0ef4f-2a35-54c4-a640-7d385343e1b9","Kipevu","kipevu","canonical","en","KDA-TRANSCRIPTION-LN14-2012"
"ef300b20-90ef-527d-b804-73e5e8a1089b","33c0ef4f-2a35-54c4-a640-7d385343e1b9","Kipevu ward","kipevu ward","common","en","KDA-TRANSCRIPTION-LN14-2012"
"9382b06e-accf-5037-95e9-e8577b199b7d","8159b271-16d8-5a19-a860-38de0d7d66bf","Airport","airport","canonical","en","KDA-TRANSCRIPTION-LN14-2012"
"5a63b8c8-d0a4-5cbe-a84f-81e6d52713a9","8159b271-16d8-5a19-a860-38de0d7d66bf","Airport ward","airport ward","common","en","KDA-TRANSCRIPTION-LN14-2012"
"73b375c6-6ca0-5c79-a209-64546de42106","1a3189ad-01de-5030-b4ea-fe2a25cd02e6","Changamwe","changamwe","canonical","en","KDA-TRANSCRIPTION-LN14-2012"
"3491cacc-b486-5328-9de9-bac1c17166fe","1a3189ad-01de-5030-b4ea-fe2a25cd02e6","Changamwe ward","changamwe ward","common","en","KDA-TRANSCRIPTION-LN14-2012"
"25b1b9e6-9e43-5f12-991c-4bd202f4d6d6","a6a03a0f-5b86-5238-89c3-16680240cdfa","Chaani","chaani","canonical","en","KDA-TRANSCRIPTION-LN14-2012"
"ba293f79-bfe0-5136-a74f-5a474d7646dd","a6a03a0f-5b86-5238-89c3-16680240cdfa","Chaani ward","chaani ward","common","en","KDA-TRANSCRIPTION-LN14-2012"
"9ec62241-2f4c-5833-ae35-686afd46d313","c78e642b-0125-5caf-9c7f-e21a02b0206d","Jomvu Kuu","jomvu kuu","canonical","en","KDA-TRANSCRIPTION-LN14-2012"
"ae3cced9-f1c7-5f3e-b941-fbdf74341711","c78e642b-0125-5caf-9c7f-e21a02b0206d","Jomvu Kuu ward","jomvu kuu ward","common","en","KDA-TRANSCRIPTION-LN14-2012"
"17eb3799-3c27-5b0d-8b6d-1d775614d52e","0fbff2b8-da52-51b2-bbd2-ee66307af4f8","Miritini","miritini","canonical","en","KDA-TRANSCRIPTION-LN14-2012"
"14cafb05-c9f1-570f-a155-24ddeeaa79aa","0fbff2b8-da52-51b2-bbd2-ee66307af4f8","Miritini ward","miritini ward","common","en","KDA-TRANSCRIPTION-LN14-2012"
"cd03f805-9d69-55fb-b604-cf5fad97fe39","d200ea23-9371-55d8-b2a7-d073a0c87038","Mikindani","mikindani","canonical","en","KDA-TRANSCRIPTION-LN14-2012"
"c208b1fb-f589-5861-97b7-0ed2322f940b","d200ea23-9371-55d8-b2a7-d073a0c87038","Mikindani ward","mikindani ward","common","en","KDA-TRANSCRIPTION-LN14-2012"
"3272485d-14d9-5e7b-96f7-b7d39cb30bea","033a1585-da99-5be2-a3e9-98087195ea4f","Mjambere","mjambere","canonical","en","KDA-TRANSCRIPTION-LN14-2012"
"4fd13a9e-b616-5edf-8956-fbeb8b388a8f","033a1585-da99-5be2-a3e9-98087195ea4f","Mjambere ward","mjambere ward","common","en","KDA-TRANSCRIPTION-LN14-2012"
"b69155d4-aca6-5c19-bf71-a3fa3a302dd6","135eeb5c-0685-5084-9019-f1c47b327984","Junda","junda","canonical","en","KDA-TRANSCRIPTION-LN14-2012"
"93dc14ec-c209-5479-9007-2b9eca32e0ee","135eeb5c-0685-5084-9019-f1c47b327984","Junda ward","junda ward","common","en","KDA-TRANSCRIPTION-LN14-2012"
"916e6490-d1d0-504c-afc8-95017d0592b3","edc2287b-5c93-5388-aec2-138d8dd97b34","Bamburi","bamburi","canonical","en","KDA-TRANSCRIPTION-LN14-2012"
"8a457844-3deb-5b8c-bb9c-e7cdd4c999c4","edc2287b-5c93-5388-aec2-138d8dd97b34","Bamburi ward","bamburi ward","common","en","KDA-TRANSCRIPTION-LN14-2012"
"979038e9-a739-5179-b873-b59d26b0fa00","a7dca6f0-7570-5097-afb5-951a68d1bb40","Mwakirunge","mwakirunge","canonical","en","KDA-TRANSCRIPTION-LN14-2012"
"1b2dd319-da93-542a-a050-ec0e38abba29","a7dca6f0-7570-5097-afb5-951a68d1bb40","Mwakirunge ward","mwakirunge ward","common","en","KDA-TRANSCRIPTION-LN14-2012"
"2b01045e-3846-5775-9e36-214ad6c768dc","323c5a9c-c303-5b24-aa54-33d468e82039","Mtopanga","mtopanga","canonical","en","KDA-TRANSCRIPTION-LN14-2012"
"61d8d8ec-2980-5c6a-9344-a4cf318e27be","323c5a9c-c303-5b24-aa54-33d468e82039","Mtopanga ward","mtopanga ward","common","en","KDA-TRANSCRIPTION-LN14-2012"
"138ef07c-cb39-5456-91a3-4f96fbbfe30a","8cc23f92-f1f6-54a6-a489-2455a0350cc7","Magogoni","magogoni","canonical","en","KDA-TRANSCRIPTION-LN14-2012"
"aa7f0bdf-119a-52f9-b4a6-414c662cd4f8","8cc23f92-f1f6-54a6-a489-2455a0350cc7","Magogoni ward","magogoni ward","common","en","KDA-TRANSCRIPTION-LN14-2012"
"b7c15fdd-66ea-580e-8714-a750382fe28d","37455e37-df58-5b1d-b989-2f1ecf400cd5","Shanzu","shanzu","canonical","en","KDA-TRANSCRIPTION-LN14-2012"
"3e3c6220-b587-563d-9840-ded0df5c6755","37455e37-df58-5b1d-b989-2f1ecf400cd5","Shanzu ward","shanzu ward","common","en","KDA-TRANSCRIPTION-LN14-2012"
"8301c311-beab-54db-8a1a-2888ab7bd70f","1780cb57-42fd-5821-ab18-38d5a5bb094a","Frere Town","frere town","canonical","en","KDA-TRANSCRIPTION-LN14-2012"
"e5c49c0a-ea43-525c-a416-6baf3d8de9a3","1780cb57-42fd-5821-ab18-38d5a5bb094a","Frere Town ward","frere town ward","common","en","KDA-TRANSCRIPTION-LN14-2012"
"b175aa06-6c4b-516c-8d9c-6b9bfbf7d159","f8c814ad-1655-5eef-bdcc-ba0162044e7a","Ziwa La Ng'ombe","ziwa la ngombe","canonical","en","KDA-TRANSCRIPTION-LN14-2012"
"cbf11b2e-e65b-5bd2-b936-9e3b949af747","f8c814ad-1655-5eef-bdcc-ba0162044e7a","Ziwa La Ng'ombe ward","ziwa la ngombe ward","common","en","KDA-TRANSCRIPTION-LN14-2012"
"55af4d16-9e30-57f3-8794-ed2bada5b25e","a4b3094c-24dc-576a-a3bd-e2b8d704501b","Mkomani","mkomani","canonical","en","KDA-TRANSCRIPTION-LN14-2012"
"ff58bfbe-4cfc-5af6-93c9-423c840ba885","a4b3094c-24dc-576a-a3bd-e2b8d704501b","Mkomani ward","mkomani ward","common","en","KDA-TRANSCRIPTION-LN14-2012"
"aa5700eb-b5a2-5f5d-81c7-45a933fc0780","d21a6efb-1a26-57d4-90a7-b1f9f02e67fa","Kongowea","kongowea","canonical","en","KDA-TRANSCRIPTION-LN14-2012"
"f0d5efe3-06cf-5c00-aab4-d51c7a8c7f15","d21a6efb-1a26-57d4-90a7-b1f9f02e67fa","Kongowea ward","kongowea ward","common","en","KDA-TRANSCRIPTION-LN14-2012"
"c383b004-3855-5c64-bc04-cabe3e13595c","35ce5163-e9cc-566e-876f-3a3dd6598a7f","Kadzandani","kadzandani","canonical","en","KDA-TRANSCRIPTION-LN14-2012"
"d4ab5561-4ea9-5b00-8d50-3d072651a22d","35ce5163-e9cc-566e-876f-3a3dd6598a7f","Kadzandani ward","kadzandani ward","common","en","KDA-TRANSCRIPTION-LN14-2012"
"cc91956e-2205-5188-9f98-3e3744b1ae3a","4210cf9e-3717-5173-b631-7e0b319865c1","Mtongwe","mtongwe","canonical","en","KDA-TRANSCRIPTION-LN14-2012"
"1cdee092-f8d5-5e0c-981b-f382b21885a2","4210cf9e-3717-5173-b631-7e0b319865c1","Mtongwe ward","mtongwe ward","common","en","KDA-TRANSCRIPTION-LN14-2012"
"b4980dbb-1e5e-570b-a5e3-889a139f46a8","b0d9e9d0-d596-5abe-8e9b-b0f9a2236de5","Shika Adabu","shika adabu","canonical","en","KDA-TRANSCRIPTION-LN14-2012"
"751259b1-4505-5a6b-9699-da185cb5e9c8","b0d9e9d0-d596-5abe-8e9b-b0f9a2236de5","Shika Adabu ward","shika adabu ward","common","en","KDA-TRANSCRIPTION-LN14-2012"
"67821dcd-13c5-5ed6-8f97-f7eb969f5cdc","98307eb8-a0d4-563f-b2be-64a8aa8f9450","Bofu","bofu","canonical","en","KDA-TRANSCRIPTION-LN14-2012"
"0360bc05-100a-52b5-baeb-b4864351e2cd","98307eb8-a0d4-563f-b2be-64a8aa8f9450","Bofu ward","bofu ward","common","en","KDA-TRANSCRIPTION-LN14-2012"
"95a2e241-85fe-5ba9-9127-5b709a3f9867","2ec4f980-bacc-581b-8486-7cefcb599d15","Likoni","likoni","canonical","en","KDA-TRANSCRIPTION-LN14-2012"
"14a05b00-5ea5-599e-af7c-52bc4e261a00","2ec4f980-bacc-581b-8486-7cefcb599d15","Likoni ward","likoni ward","common","en","KDA-TRANSCRIPTION-LN14-2012"
"57c223f9-ca6d-50cf-b2e5-172b594177d2","c3710924-70c8-5c12-adb3-6d9f0aad0464","Timbwani","timbwani","canonical","en","KDA-TRANSCRIPTION-LN14-2012"
"2a70a626-54b4-5157-afa5-1b23a93e38b1","c3710924-70c8-5c12-adb3-6d9f0aad0464","Timbwani ward","timbwani ward","common","en","KDA-TRANSCRIPTION-LN14-2012"
"01379633-7f4e-5746-b2e2-bb04127de504","75897a95-834b-5110-91af-3085e68f5705","Mji Wa Kale/Makadara","mji wa kale makadara","canonical","en","KDA-TRANSCRIPTION-LN14-2012"
"3d6033fa-1765-523b-b6ba-536cbaf5f8ab","75897a95-834b-5110-91af-3085e68f5705","Mji Wa Kale/Makadara ward","mji wa kale makadara ward","common","en","KDA-TRANSCRIPTION-LN14-2012"
"ecb3908f-4299-5cdd-8863-67250fb1f228","bfbc66e5-0ff3-5343-be2d-50d77b7825bb","Tudor","tudor","canonical","en","KDA-TRANSCRIPTION-LN14-2012"
"8389c031-b976-52cc-a2a7-a556182c5fa9","bfbc66e5-0ff3-5343-be2d-50d77b7825bb","Tudor ward","tudor ward","common","en","KDA-TRANSCRIPTION-LN14-2012"
"9cdf6313-bdc9-509e-b76d-2f6461441e34","4c18d1a4-bab8-5f61-8b08-a16a880bfb28","Tononoka","tononoka","canonical","en","KDA-TRANSCRIPTION-LN14-2012"
"77c69f79-83c3-5c6b-baca-d1ede2c7a5b2","4c18d1a4-bab8-5f61-8b08-a16a880bfb28","Tononoka ward","tononoka ward","common","en","KDA-TRANSCRIPTION-LN14-2012"
"a6c5388e-da59-5608-80d4-a7f667499224","547b900b-4371-58c9-8160-4d2339687c59","Shimanzi/Ganjoni","shimanzi ganjoni","canonical","en","KDA-TRANSCRIPTION-LN14-2012"
"e67a04fb-9804-5bb8-91c1-8a87958c61f5","547b900b-4371-58c9-8160-4d2339687c59","Shimanzi/Ganjoni ward","shimanzi ganjoni ward","common","en","KDA-TRANSCRIPTION-LN14-2012"
"d2016bfc-c98d-5722-aaad-8e6386ccd43a","bdbe3c56-b348-5a66-aa8c-84f1e0715dbe","Majengo","majengo","canonical","en","KDA-TRANSCRIPTION-LN14-2012"
"de71b500-65e3-5481-9fc5-22462755e08f","bdbe3c56-b348-5a66-aa8c-84f1e0715dbe","Majengo ward","majengo ward","common","en","KDA-TRANSCRIPTION-LN14-2012"
"e5491bda-1a12-5733-902a-f7da2515bf13","0d2dbae3-f2fd-58d1-819c-ee1c13c90f5f","Gombatobongwe","gombatobongwe","canonical","en","KDA-TRANSCRIPTION-LN14-2012"
"7652ad58-3b87-5546-969e-04a0d99ecffe","0d2dbae3-f2fd-58d1-819c-ee1c13c90f5f","Gombatobongwe ward","gombatobongwe ward","common","en","KDA-TRANSCRIPTION-LN14-2012"
"69a796ad-b310-5631-a171-060af2b74eb8","cb838b48-4208-5e8a-8816-83e65974a6d9","Ukunda","ukunda","canonical","en","KDA-TRANSCRIPTION-LN14-2012"
"6b7e7f4c-9906-5d50-b398-00b7aeac9b66","cb838b48-4208-5e8a-8816-83e65974a6d9","Ukunda ward","ukunda ward","common","en","KDA-TRANSCRIPTION-LN14-2012"
"7d2fc1dc-66ee-5964-8c85-53046627cebe","f894e4ee-96e4-5f30-917e-7b6553e77ef7","Kinondo","kinondo","canonical","en","KDA-TRANSCRIPTION-LN14-2012"
"ad7628b7-841f-5e8a-bd66-0c8923aeca38","f894e4ee-96e4-5f30-917e-7b6553e77ef7","Kinondo ward","kinondo ward","common","en","KDA-TRANSCRIPTION-LN14-2012"
"ae53a74c-d499-5e81-8f58-20d1158ea15c","7b418f63-aa74-563c-8300-5c712a1dec40","Ramisi","ramisi","canonical","en","KDA-TRANSCRIPTION-LN14-2012"
"9c13e969-43ce-5685-9d2c-0a1448464042","7b418f63-aa74-563c-8300-5c712a1dec40","Ramisi ward","ramisi ward","common","en","KDA-TRANSCRIPTION-LN14-2012"
"3518e462-a4c4-5224-b83f-f100d231b08a","ed410af4-cf24-5f0c-872a-b2c7c7b529d5","Pongwekikoneni","pongwekikoneni","canonical","en","KDA-TRANSCRIPTION-LN14-2012"
"ade20982-ecd0-5c1b-b94a-7426873915e1","ed410af4-cf24-5f0c-872a-b2c7c7b529d5","Pongwekikoneni ward","pongwekikoneni ward","common","en","KDA-TRANSCRIPTION-LN14-2012"
"09c62d0a-561e-56a3-afb8-a64ebd6bd54b","c699e5e1-c989-5f47-a3fb-70cc02a58026","Dzombo","dzombo","canonical","en","KDA-TRANSCRIPTION-LN14-2012"
"aa96dd0c-98ae-59d6-8a6b-477a7156e7f3","c699e5e1-c989-5f47-a3fb-70cc02a58026","Dzombo ward","dzombo ward","common","en","KDA-TRANSCRIPTION-LN14-2012"
"bbf7009f-e16e-5143-aa83-b90c5902db54","3017e4f6-72c9-5aaf-9e75-d8ea0a4379b2","Mwereni","mwereni","canonical","en","KDA-TRANSCRIPTION-LN14-2012"
"3fc985f7-bb0f-586f-9a6e-4fb586ee3d51","3017e4f6-72c9-5aaf-9e75-d8ea0a4379b2","Mwereni ward","mwereni ward","common","en","KDA-TRANSCRIPTION-LN14-2012"
"8f2da34b-7e16-56fb-90fa-b4c63ef96355","d3cca9aa-43e8-58f6-932e-f8c0ba1f8c73","Vanga","vanga","canonical","en","KDA-TRANSCRIPTION-LN14-2012"
"86fb2df4-48d3-54ea-84f4-5524b20efc29","d3cca9aa-43e8-58f6-932e-f8c0ba1f8c73","Vanga ward","vanga ward","common","en","KDA-TRANSCRIPTION-LN14-2012"
"30fbeedf-7f63-5d2d-b73c-9bc20ccd93f5","9432b57e-26ae-5eee-89c3-1332bf49db07","Tsimba Golini","tsimba golini","canonical","en","KDA-TRANSCRIPTION-LN14-2012"
"688b449a-15ff-5a86-af7c-504864db2946","9432b57e-26ae-5eee-89c3-1332bf49db07","Tsimba Golini ward","tsimba golini ward","common","en","KDA-TRANSCRIPTION-LN14-2012"
"f7d141c2-e3a9-5020-bda9-aca63e8046da","dbc0061a-3fad-5cf2-8b56-5260f3810ba2","Waa","waa","canonical","en","KDA-TRANSCRIPTION-LN14-2012"
"ec1b7afc-a7fc-51ad-b732-183ec7b35aa7","dbc0061a-3fad-5cf2-8b56-5260f3810ba2","Waa ward","waa ward","common","en","KDA-TRANSCRIPTION-LN14-2012"
"a0cf53f9-e7db-5905-b330-27a3b5c11eb0","08940432-872f-5686-9958-dd4921f1d509","Tiwi","tiwi","canonical","en","KDA-TRANSCRIPTION-LN14-2012"
"3cf85bc3-d420-5c27-ad85-6941276de9d0","08940432-872f-5686-9958-dd4921f1d509","Tiwi ward","tiwi ward","common","en","KDA-TRANSCRIPTION-LN14-2012"
"76c00656-d3fa-5fcb-9cfc-848565fe883c","c9ff7332-bd23-5371-b840-e816826b2226","Kubo South","kubo south","canonical","en","KDA-TRANSCRIPTION-LN14-2012"
"96dcca46-a3f9-5c54-b2af-c5eeb7896b78","c9ff7332-bd23-5371-b840-e816826b2226","Kubo South ward","kubo south ward","common","en","KDA-TRANSCRIPTION-LN14-2012"
"59f82444-8151-564e-a147-f62f09921f4b","451374d4-ecd4-57d3-bfab-1b5e4b54808b","Mkongani","mkongani","canonical","en","KDA-TRANSCRIPTION-LN14-2012"
"3b640cbe-cde9-5cb3-943c-22ae4742ed39","451374d4-ecd4-57d3-bfab-1b5e4b54808b","Mkongani ward","mkongani ward","common","en","KDA-TRANSCRIPTION-LN14-2012"
"65fe0cfe-d0ba-5a58-b718-e334addfa255","d5fe79d2-21dd-5215-ac3a-211dc62aad53","Nadavaya","nadavaya","canonical","en","KDA-TRANSCRIPTION-LN14-2012"
"c4358d8d-b94e-5e56-b8f5-99f299727567","d5fe79d2-21dd-5215-ac3a-211dc62aad53","Nadavaya ward","nadavaya ward","common","en","KDA-TRANSCRIPTION-LN14-2012"
"9f157938-c419-5bbf-8b1c-84265fc048d7","f2750b57-33c7-54da-947f-fe65d4ea45c4","Puma","puma","canonical","en","KDA-TRANSCRIPTION-LN14-2012"
"407c1da9-afb6-5161-907c-7863a3c503ad","f2750b57-33c7-54da-947f-fe65d4ea45c4","Puma ward","puma ward","common","en","KDA-TRANSCRIPTION-LN14-2012"
"5570d35f-43b6-51ad-96ca-798f62b9444d","767e2e64-77c1-5f3c-be52-8983e762944d","Kinango","kinango","canonical","en","KDA-TRANSCRIPTION-LN14-2012"
"1364b1f1-28de-54b8-b662-085775b74a39","767e2e64-77c1-5f3c-be52-8983e762944d","Kinango ward","kinango ward","common","en","KDA-TRANSCRIPTION-LN14-2012"
"a5cbb238-1c94-5664-ae70-fe2693c4870e","07095485-fcbf-5948-afdd-90aa9fd080b0","Mackinnon-Road","mackinnon road","canonical","en","KDA-TRANSCRIPTION-LN14-2012"
"0ec7cf05-9d33-5cc2-8207-f6f4f6d49070","07095485-fcbf-5948-afdd-90aa9fd080b0","Mackinnon-Road ward","mackinnon road ward","common","en","KDA-TRANSCRIPTION-LN14-2012"
"c3981b92-5474-5e77-a377-1e09a18b0ba1","b6f1c56a-c430-5e65-9d64-b616017f756d","Chengoni/Samburu","chengoni samburu","canonical","en","KDA-TRANSCRIPTION-LN14-2012"
"1c85d157-6f16-5bb6-961f-f178eeee8890","b6f1c56a-c430-5e65-9d64-b616017f756d","Chengoni/Samburu ward","chengoni samburu ward","common","en","KDA-TRANSCRIPTION-LN14-2012"
"4bad1f83-ad29-5873-94ed-ab55151c4e00","fb3a2e57-085d-5932-8661-f6a13f4c73d5","Mwavumbo","mwavumbo","canonical","en","KDA-TRANSCRIPTION-LN14-2012"
"84dff701-d576-5c2f-b2eb-243edd38c1d9","fb3a2e57-085d-5932-8661-f6a13f4c73d5","Mwavumbo ward","mwavumbo ward","common","en","KDA-TRANSCRIPTION-LN14-2012"
"1d5c23eb-6763-59ba-ae95-febb40cc0590","a0eecfbf-11bf-58ef-8af3-be6609ae05cd","Kasemeni","kasemeni","canonical","en","KDA-TRANSCRIPTION-LN14-2012"
"098b10ab-5575-597b-a1f4-74c2474fe1ef","a0eecfbf-11bf-58ef-8af3-be6609ae05cd","Kasemeni ward","kasemeni ward","common","en","KDA-TRANSCRIPTION-LN14-2012"
"64b1896a-1969-5fa3-be52-26a94c640ebd","c15010cd-542e-5c64-9bb5-4c6bcb35d7c2","Tezo","tezo","canonical","en","KDA-TRANSCRIPTION-LN14-2012"
"d63f0ece-653a-55c8-876f-86e3d5d4424f","c15010cd-542e-5c64-9bb5-4c6bcb35d7c2","Tezo ward","tezo ward","common","en","KDA-TRANSCRIPTION-LN14-2012"
"a063884c-894b-5e0d-a4ab-d95b9b3df9a4","9447d37d-2a0b-5c39-825d-55fbe4a28ded","Sokoni","sokoni","canonical","en","KDA-TRANSCRIPTION-LN14-2012"
"5ac38835-3d2d-5aae-b098-a65ec679246d","9447d37d-2a0b-5c39-825d-55fbe4a28ded","Sokoni ward","sokoni ward","common","en","KDA-TRANSCRIPTION-LN14-2012"
"f1a1d013-f9f5-541b-8ea2-424cb08e05bb","f09755e8-424b-54fb-ac71-3b14e0e7be70","Kibarani","kibarani","canonical","en","KDA-TRANSCRIPTION-LN14-2012"
"e27d58cc-dab3-5f1b-b550-c8273f64c0b8","f09755e8-424b-54fb-ac71-3b14e0e7be70","Kibarani ward","kibarani ward","common","en","KDA-TRANSCRIPTION-LN14-2012"
"55167950-ea67-5057-aac4-8c0926537afd","eac4d25f-119a-5956-8813-592a33901def","Dabaso","dabaso","canonical","en","KDA-TRANSCRIPTION-LN14-2012"
"64ac8b3e-c779-5b13-bcfb-47132bc9845d","eac4d25f-119a-5956-8813-592a33901def","Dabaso ward","dabaso ward","common","en","KDA-TRANSCRIPTION-LN14-2012"
"cdb39fa3-ecd4-5690-8a53-76d74ef865aa","10eceeaf-8bea-5929-9f28-0f4f9414c00e","Matsangoni","matsangoni","canonical","en","KDA-TRANSCRIPTION-LN14-2012"
"8b648853-ddd7-5364-8a02-cdf774b32132","10eceeaf-8bea-5929-9f28-0f4f9414c00e","Matsangoni ward","matsangoni ward","common","en","KDA-TRANSCRIPTION-LN14-2012"
"47a74ac6-5f0d-5a66-85ee-b8272c4e04ef","302cc73f-85f7-5bd7-9471-bb088b497bfd","Watamu","watamu","canonical","en","KDA-TRANSCRIPTION-LN14-2012"
"04d8c475-52a2-528a-9f10-d60e8ca53d49","302cc73f-85f7-5bd7-9471-bb088b497bfd","Watamu ward","watamu ward","common","en","KDA-TRANSCRIPTION-LN14-2012"
"dca73270-3421-540e-bf48-531562902b58","68132b4e-6bac-55b5-8273-006442ca9195","Mnarani","mnarani","canonical","en","KDA-TRANSCRIPTION-LN14-2012"
"f4dda2fb-620c-5f99-94eb-c82e30540cc8","68132b4e-6bac-55b5-8273-006442ca9195","Mnarani ward","mnarani ward","common","en","KDA-TRANSCRIPTION-LN14-2012"
"f4dbd10a-0e6a-5521-8aef-d9117ae9ec3a","62a9a4a4-f05d-5234-8858-8d4f60a0a2e4","Junju","junju","canonical","en","KDA-TRANSCRIPTION-LN14-2012"
"6c3dd62f-a60e-5c44-9df6-8113c1bfeb64","62a9a4a4-f05d-5234-8858-8d4f60a0a2e4","Junju ward","junju ward","common","en","KDA-TRANSCRIPTION-LN14-2012"
"6a29f068-ffeb-599d-a257-450ebdc740a1","582cfc62-50e5-5929-ba2e-94deffa7e4be","Mwarakaya","mwarakaya","canonical","en","KDA-TRANSCRIPTION-LN14-2012"
"55e15a44-25ff-5297-bad2-e4a0fb551f3e","582cfc62-50e5-5929-ba2e-94deffa7e4be","Mwarakaya ward","mwarakaya ward","common","en","KDA-TRANSCRIPTION-LN14-2012"
"7280b857-ca1f-54cf-b544-a5ecd4d67830","6db9c319-8eaf-5c21-b133-5d6193bf0e9b","Shimo La Tewa","shimo la tewa","canonical","en","KDA-TRANSCRIPTION-LN14-2012"
"515c4760-6da9-531b-88cf-e668d4607426","6db9c319-8eaf-5c21-b133-5d6193bf0e9b","Shimo La Tewa ward","shimo la tewa ward","common","en","KDA-TRANSCRIPTION-LN14-2012"
"c5a4b6f5-f475-5658-bde7-593531644bbd","6ed02caf-11b8-5cf6-b466-a4a92e51424c","Chasimba","chasimba","canonical","en","KDA-TRANSCRIPTION-LN14-2012"
"3616faa3-deb0-551c-b6a9-563e313aca44","6ed02caf-11b8-5cf6-b466-a4a92e51424c","Chasimba ward","chasimba ward","common","en","KDA-TRANSCRIPTION-LN14-2012"
"3295ee9c-d0f0-500b-b65d-6df484660bba","0fa62fb0-7b2d-54a3-add1-f6f798cf70d8","Mtepeni","mtepeni","canonical","en","KDA-TRANSCRIPTION-LN14-2012"
"30a74c8d-bfac-5a9f-93d7-9a7f71a158d6","0fa62fb0-7b2d-54a3-add1-f6f798cf70d8","Mtepeni ward","mtepeni ward","common","en","KDA-TRANSCRIPTION-LN14-2012"
"93113401-23f5-5c42-aba9-ee8e0d6cba13","9abdbaf4-344d-5bd2-8fdb-50ae05be26af","Mariakani","mariakani","canonical","en","KDA-TRANSCRIPTION-LN14-2012"
"2a87f585-8fe5-51bd-84a6-84476bb834f9","9abdbaf4-344d-5bd2-8fdb-50ae05be26af","Mariakani ward","mariakani ward","common","en","KDA-TRANSCRIPTION-LN14-2012"
"06b9c703-93fb-592e-a5c4-cebc48aef8bf","42754167-8a13-5e18-816d-809b706f337f","Kayafungo","kayafungo","canonical","en","KDA-TRANSCRIPTION-LN14-2012"
"c4a727da-9c00-5036-b281-4b0884b54f62","42754167-8a13-5e18-816d-809b706f337f","Kayafungo ward","kayafungo ward","common","en","KDA-TRANSCRIPTION-LN14-2012"
"ae872c03-ea7a-5f9f-896d-877ebf85140a","880bdc05-7819-527c-b684-eb8020937912","Kaloleni","kaloleni","canonical","en","KDA-TRANSCRIPTION-LN14-2012"
"1e83298a-74fd-53d1-85d6-ef27fc2274c2","880bdc05-7819-527c-b684-eb8020937912","Kaloleni ward","kaloleni ward","common","en","KDA-TRANSCRIPTION-LN14-2012"
"b644cf7b-f4e9-563d-b169-c1e2662623fb","f00c5480-eefb-50a8-80a2-a5d8944b6c98","Mwanamwinga","mwanamwinga","canonical","en","KDA-TRANSCRIPTION-LN14-2012"
"7b073fe3-998f-599f-acc8-8366863ac868","f00c5480-eefb-50a8-80a2-a5d8944b6c98","Mwanamwinga ward","mwanamwinga ward","common","en","KDA-TRANSCRIPTION-LN14-2012"
"517c16e7-95e9-5b23-9cc1-0e1d2acf642e","e829be2a-d203-50ad-a91f-f72f3a218401","Mwawesa","mwawesa","canonical","en","KDA-TRANSCRIPTION-LN14-2012"
"1cee751d-3137-5c1e-b67e-916af875c93f","e829be2a-d203-50ad-a91f-f72f3a218401","Mwawesa ward","mwawesa ward","common","en","KDA-TRANSCRIPTION-LN14-2012"
"fa40b2fb-4018-5fc5-be1d-3f0e81d7d750","66b929aa-d23b-50f4-b99a-cb1540bdfeb3","Ruruma","ruruma","canonical","en","KDA-TRANSCRIPTION-LN14-2012"
"ee8efeae-c0c5-5aeb-8f0c-de81c5f36d50","66b929aa-d23b-50f4-b99a-cb1540bdfeb3","Ruruma ward","ruruma ward","common","en","KDA-TRANSCRIPTION-LN14-2012"
"3e06be8a-ecc8-5df7-9f43-e594dff36bfe","5816f7c3-322e-5e40-96b3-ca0e75eae8df","Kambe/Ribe","kambe ribe","canonical","en","KDA-TRANSCRIPTION-LN14-2012"
"91eb4598-0b5a-5f73-ac61-90cc05ca2ebb","5816f7c3-322e-5e40-96b3-ca0e75eae8df","Kambe/Ribe ward","kambe ribe ward","common","en","KDA-TRANSCRIPTION-LN14-2012"
"28ef4e68-5e69-5b2d-96af-88632e6405ab","f89a4ed0-22a1-5c64-8fe9-2f6d995a7629","Rabai/Kisurutini","rabai kisurutini","canonical","en","KDA-TRANSCRIPTION-LN14-2012"
"a2c458c3-c10b-5b48-90b6-dd20ab7795bb","f89a4ed0-22a1-5c64-8fe9-2f6d995a7629","Rabai/Kisurutini ward","rabai kisurutini ward","common","en","KDA-TRANSCRIPTION-LN14-2012"
"5bb18493-a8c0-52d3-8e19-8804a5b7a044","35225b9c-d3c1-53b1-b0d3-a7564bf0ea1a","Ganze","ganze","canonical","en","KDA-TRANSCRIPTION-LN14-2012"
"a48cf724-d13d-5e51-87bf-1492c99a66f1","35225b9c-d3c1-53b1-b0d3-a7564bf0ea1a","Ganze ward","ganze ward","common","en","KDA-TRANSCRIPTION-LN14-2012"
"2ab177ca-50cb-5575-92e5-3ea5a0eb0ea6","121da7da-9f66-5f0c-a1ee-ebd4f1ef5e6b","Bamba","bamba","canonical","en","KDA-TRANSCRIPTION-LN14-2012"
"11c8d032-5068-537e-9bd8-6ab4c56a861e","121da7da-9f66-5f0c-a1ee-ebd4f1ef5e6b","Bamba ward","bamba ward","common","en","KDA-TRANSCRIPTION-LN14-2012"
"10e6d4ea-3108-5e0b-9fa1-9abc648668c4","e7c877c6-4e4b-53e7-860b-7676eda600bf","Jaribuni","jaribuni","canonical","en","KDA-TRANSCRIPTION-LN14-2012"
"22cc212c-decf-5931-be05-3760d4f263eb","e7c877c6-4e4b-53e7-860b-7676eda600bf","Jaribuni ward","jaribuni ward","common","en","KDA-TRANSCRIPTION-LN14-2012"
"99c0ee99-2f12-5fae-9914-42a460ef4d72","ff90209f-58e7-5870-9ac6-8df9fb02d430","Sokoke","sokoke","canonical","en","KDA-TRANSCRIPTION-LN14-2012"
"195e77fe-3073-5a90-a24c-2d3c16335ea9","ff90209f-58e7-5870-9ac6-8df9fb02d430","Sokoke ward","sokoke ward","common","en","KDA-TRANSCRIPTION-LN14-2012"
"38897263-3fd7-526a-82b6-536b4b27c326","390fcefd-5bd5-563d-b59c-79de0ff7c4f2","Jilore","jilore","canonical","en","KDA-TRANSCRIPTION-LN14-2012"
"a021359c-d50b-525f-ae80-975560b91eb1","390fcefd-5bd5-563d-b59c-79de0ff7c4f2","Jilore ward","jilore ward","common","en","KDA-TRANSCRIPTION-LN14-2012"
"652b01f9-3331-5abf-9f23-e7eadae6324a","1c452e86-cfd3-55b2-9072-d88b1598cc99","Kakuyuni","kakuyuni","canonical","en","KDA-TRANSCRIPTION-LN14-2012"
"532cefeb-c1f5-55d5-b1f7-a0a672ae14e6","1c452e86-cfd3-55b2-9072-d88b1598cc99","Kakuyuni ward","kakuyuni ward","common","en","KDA-TRANSCRIPTION-LN14-2012"
"725453c2-9298-5e36-a442-100109a35a9e","ea50646b-71cf-5b94-9f3b-7277a3c42637","Ganda","ganda","canonical","en","KDA-TRANSCRIPTION-LN14-2012"
"7da5853f-d16b-5e8d-8742-db777012e875","ea50646b-71cf-5b94-9f3b-7277a3c42637","Ganda ward","ganda ward","common","en","KDA-TRANSCRIPTION-LN14-2012"
"b154538c-dfa3-5b28-b89f-a75f84da4950","d065c020-9f7a-547b-badf-e4ec6a23965b","Malindi Town","malindi town","canonical","en","KDA-TRANSCRIPTION-LN14-2012"
"4a6a1aa7-5a7e-52f9-83f4-0b68c62a82b5","d065c020-9f7a-547b-badf-e4ec6a23965b","Malindi Town ward","malindi town ward","common","en","KDA-TRANSCRIPTION-LN14-2012"
"7c3dafc6-65b2-5777-bc13-3507af46fd6c","598844f3-0b10-5f53-b6cb-8dcdc08df38c","Shella","shella","canonical","en","KDA-TRANSCRIPTION-LN14-2012"
"81dcf4e4-b2aa-56d6-887f-e05cd082d227","598844f3-0b10-5f53-b6cb-8dcdc08df38c","Shella ward","shella ward","common","en","KDA-TRANSCRIPTION-LN14-2012"
"acea1b50-e1e1-5ace-b259-e8a75efc2619","d34b6157-13cc-55b6-9b13-6717832d598b","Marafa","marafa","canonical","en","KDA-TRANSCRIPTION-LN14-2012"
"5496d5dd-1d79-5560-bcb4-d570f9770dfd","d34b6157-13cc-55b6-9b13-6717832d598b","Marafa ward","marafa ward","common","en","KDA-TRANSCRIPTION-LN14-2012"
"e073adb0-f05b-572f-9c35-af79e58f8c15","c0f58783-6964-5b95-9fd9-bef9b3c6fd64","Magarini","magarini","canonical","en","KDA-TRANSCRIPTION-LN14-2012"
"47fa9a22-9f66-5706-a8b0-a395816ce1e6","c0f58783-6964-5b95-9fd9-bef9b3c6fd64","Magarini ward","magarini ward","common","en","KDA-TRANSCRIPTION-LN14-2012"
"04b3c843-6169-5b44-9854-0557a95aeabd","8f1f4a3a-5cd8-56d3-ac79-98d84211e15a","Gongoni","gongoni","canonical","en","KDA-TRANSCRIPTION-LN14-2012"
"dac98c81-06ed-559b-aa9d-c7a860362a6f","8f1f4a3a-5cd8-56d3-ac79-98d84211e15a","Gongoni ward","gongoni ward","common","en","KDA-TRANSCRIPTION-LN14-2012"
"26796d33-d5a7-550a-a21e-16a8703f2383","81dc31a3-3e36-5ea3-8f5c-f71f3f15edfa","Adu","adu","canonical","en","KDA-TRANSCRIPTION-LN14-2012"
"19547671-2723-5d2c-a016-b13b662daac0","81dc31a3-3e36-5ea3-8f5c-f71f3f15edfa","Adu ward","adu ward","common","en","KDA-TRANSCRIPTION-LN14-2012"
"77801c25-9021-50cd-b0dc-7b0cd380dfa0","08b41f8d-27f2-5520-8b85-7a273503fa5e","Garashi","garashi","canonical","en","KDA-TRANSCRIPTION-LN14-2012"
"b45e0979-40fe-5b64-880e-fd1b0ada1208","08b41f8d-27f2-5520-8b85-7a273503fa5e","Garashi ward","garashi ward","common","en","KDA-TRANSCRIPTION-LN14-2012"
"da174c02-4b57-52a9-942c-96d41846133b","3326202a-dc41-5938-bdb7-dfb9cef0b9b8","Sabaki","sabaki","canonical","en","KDA-TRANSCRIPTION-LN14-2012"
"68febabd-393d-53db-ac9c-751e8a33174f","3326202a-dc41-5938-bdb7-dfb9cef0b9b8","Sabaki ward","sabaki ward","common","en","KDA-TRANSCRIPTION-LN14-2012"
"42598221-44ef-5ee5-af77-d1196551144a","8b557473-ddec-59e1-aff5-cea5d9e4a706","Kipini East","kipini east","canonical","en","KDA-TRANSCRIPTION-LN14-2012"
"a64b7f75-9dae-5baf-9d33-7dabcc688b80","8b557473-ddec-59e1-aff5-cea5d9e4a706","Kipini East ward","kipini east ward","common","en","KDA-TRANSCRIPTION-LN14-2012"
"5c1aa229-3fbc-5307-86e4-b1a4a731a1c1","047c821d-e9f3-5d06-ab35-0d9535936769","Garsen South","garsen south","canonical","en","KDA-TRANSCRIPTION-LN14-2012"
"d648c6b6-bbc8-5a6c-8c05-b82da5f441fc","047c821d-e9f3-5d06-ab35-0d9535936769","Garsen South ward","garsen south ward","common","en","KDA-TRANSCRIPTION-LN14-2012"
"f440a1d8-8a32-58c0-9837-8be04871b215","0f3cb7ba-ccde-59ae-b1b6-21a117d73f7e","Kipini West","kipini west","canonical","en","KDA-TRANSCRIPTION-LN14-2012"
"0584c7f5-bcad-5cf9-a3b6-0d4f6268b3b0","0f3cb7ba-ccde-59ae-b1b6-21a117d73f7e","Kipini West ward","kipini west ward","common","en","KDA-TRANSCRIPTION-LN14-2012"
"fe813137-8d10-53fb-98f6-f1b926d12f9c","431d63a0-a6c3-50f9-ba34-5997e142b3a7","Garsen Central","garsen central","canonical","en","KDA-TRANSCRIPTION-LN14-2012"
"ef7d244d-4543-5b0b-9a31-667116ec4363","431d63a0-a6c3-50f9-ba34-5997e142b3a7","Garsen Central ward","garsen central ward","common","en","KDA-TRANSCRIPTION-LN14-2012"
"32403985-0537-59ef-a10c-30a18ecc55dd","9422da77-bf1d-59f6-9095-8a182702b9af","Garsen West","garsen west","canonical","en","KDA-TRANSCRIPTION-LN14-2012"
"11fe210a-01dd-58ca-be59-7da67936345b","9422da77-bf1d-59f6-9095-8a182702b9af","Garsen West ward","garsen west ward","common","en","KDA-TRANSCRIPTION-LN14-2012"
"bc28a360-d475-5c38-9e48-6c195b98c49c","b62f4717-53b9-59f9-ae95-cb1a94aeab4f","Garsen North","garsen north","canonical","en","KDA-TRANSCRIPTION-LN14-2012"
"38c48702-8924-55d7-8635-e50d6f7fc4a8","b62f4717-53b9-59f9-ae95-cb1a94aeab4f","Garsen North ward","garsen north ward","common","en","KDA-TRANSCRIPTION-LN14-2012"
"73caacb9-e7b2-5015-8bdf-24c9976bfd94","6c0dab53-abe6-5e63-903c-36b2cbd5121a","Kinakomba","kinakomba","canonical","en","KDA-TRANSCRIPTION-LN14-2012"
"379b2a7f-b44f-52ed-aad6-4c51143d70dc","6c0dab53-abe6-5e63-903c-36b2cbd5121a","Kinakomba ward","kinakomba ward","common","en","KDA-TRANSCRIPTION-LN14-2012"
"605f4193-053d-5f73-b2d9-a385052db54d","3028a725-0989-594e-8d29-54954dce800f","Mikinduni","mikinduni","canonical","en","KDA-TRANSCRIPTION-LN14-2012"
"4a92f7b6-2186-5cf3-80aa-65355652bab2","3028a725-0989-594e-8d29-54954dce800f","Mikinduni ward","mikinduni ward","common","en","KDA-TRANSCRIPTION-LN14-2012"
"3ead1363-57bc-5690-89b4-51cd554af684","0e6fdbd9-60ac-5cfe-8f70-34ebca7e8fbb","Chewani","chewani","canonical","en","KDA-TRANSCRIPTION-LN14-2012"
"a15b9ffb-e2eb-5fba-b535-d19977683207","0e6fdbd9-60ac-5cfe-8f70-34ebca7e8fbb","Chewani ward","chewani ward","common","en","KDA-TRANSCRIPTION-LN14-2012"
"16fa787d-43f9-5e58-aab3-1356890bcd9d","25c17996-ea65-5080-9bfc-42e648e36d9c","Wayu","wayu","canonical","en","KDA-TRANSCRIPTION-LN14-2012"
"276d4743-e6da-5008-910f-5e15ae7cebe3","25c17996-ea65-5080-9bfc-42e648e36d9c","Wayu ward","wayu ward","common","en","KDA-TRANSCRIPTION-LN14-2012"
"f3dc4dbc-cd29-58e0-8b03-f0ee37ad796b","06dec909-0286-5b85-85a2-a3a074d344c3","Chewele","chewele","canonical","en","KDA-TRANSCRIPTION-LN14-2012"
"57c3c55d-6912-527b-8cc3-42fecc38924d","06dec909-0286-5b85-85a2-a3a074d344c3","Chewele ward","chewele ward","common","en","KDA-TRANSCRIPTION-LN14-2012"
"4f05382c-5361-545b-b360-b5b4d999cdbb","30176442-16ee-5d59-beea-0dc4cea8deea","Bura","bura","canonical","en","KDA-TRANSCRIPTION-LN14-2012"
"2472afd1-95ce-5d5b-b4d2-2c8b93c4a88a","30176442-16ee-5d59-beea-0dc4cea8deea","Bura ward","bura ward","common","en","KDA-TRANSCRIPTION-LN14-2012"
"f28d8c35-c474-5aab-9465-7e42502c36f8","1166530d-52a2-5441-83b9-c96eecfc9b55","Bangale","bangale","canonical","en","KDA-TRANSCRIPTION-LN14-2012"
"8436e07e-0d78-5cfe-8f04-737c55da293a","1166530d-52a2-5441-83b9-c96eecfc9b55","Bangale ward","bangale ward","common","en","KDA-TRANSCRIPTION-LN14-2012"
"dde00ea8-84ea-5276-bc23-5027d88a20a5","10d5f78b-8c7e-5967-a2f2-d9848359a349","Sala","sala","canonical","en","KDA-TRANSCRIPTION-LN14-2012"
"2eed7f8e-fbbc-5f24-b913-be21cd9a55fc","10d5f78b-8c7e-5967-a2f2-d9848359a349","Sala ward","sala ward","common","en","KDA-TRANSCRIPTION-LN14-2012"
"02a8cbaf-85ee-51d1-8c05-ffbc81444ad8","c48941e1-72eb-5122-a9a2-9bd9243528b8","Madogo","madogo","canonical","en","KDA-TRANSCRIPTION-LN14-2012"
"d06aa744-5294-549e-b517-655d3fabae47","c48941e1-72eb-5122-a9a2-9bd9243528b8","Madogo ward","madogo ward","common","en","KDA-TRANSCRIPTION-LN14-2012"
"825782bf-3151-5aca-aecc-00a0390f3db5","1eae2d15-e6aa-5480-be22-6b0a2fb5b852","Faza","faza","canonical","en","KDA-TRANSCRIPTION-LN14-2012"
"8758ce38-dea0-50d0-80a5-488c4de1d4d0","1eae2d15-e6aa-5480-be22-6b0a2fb5b852","Faza ward","faza ward","common","en","KDA-TRANSCRIPTION-LN14-2012"
"f64c157a-e32a-5173-a177-ababcac32244","5f8c1e50-0eb1-552b-8214-e948be4a3296","Kiunga","kiunga","canonical","en","KDA-TRANSCRIPTION-LN14-2012"
"3d682bd2-e2e0-5a01-8f90-d963f9b1601f","5f8c1e50-0eb1-552b-8214-e948be4a3296","Kiunga ward","kiunga ward","common","en","KDA-TRANSCRIPTION-LN14-2012"
"c803e805-7da3-5b42-b4a0-dc3c67f35abe","6ebd2047-3630-5b93-9b11-b736aa01a420","Basuba","basuba","canonical","en","KDA-TRANSCRIPTION-LN14-2012"
"6a5393fe-25a0-585b-b22c-53b18f7d8bf3","6ebd2047-3630-5b93-9b11-b736aa01a420","Basuba ward","basuba ward","common","en","KDA-TRANSCRIPTION-LN14-2012"
"75144452-364b-5d93-9ec5-f59f954f43dc","6863221f-36e1-51e1-a147-3e38184ab3d0","Shella","shella","canonical","en","KDA-TRANSCRIPTION-LN14-2012"
"9aead647-32b1-5701-bbb8-a94d1ecfe21d","6863221f-36e1-51e1-a147-3e38184ab3d0","Shella ward","shella ward","common","en","KDA-TRANSCRIPTION-LN14-2012"
"2fe6dd04-fb0b-5ac9-9f17-1d3fd2c826eb","b250988b-b9c7-57b4-bcfb-9cff4424d376","Mkomani","mkomani","canonical","en","KDA-TRANSCRIPTION-LN14-2012"
"8d672eda-f492-5976-a4be-82ab14e2677c","b250988b-b9c7-57b4-bcfb-9cff4424d376","Mkomani ward","mkomani ward","common","en","KDA-TRANSCRIPTION-LN14-2012"
"a9d27497-32d8-525b-8d5a-91f320fc5c11","71e0fc8e-5176-5e52-885d-eb1dd21981ac","Hindi","hindi","canonical","en","KDA-TRANSCRIPTION-LN14-2012"
"387e8a77-1f9e-5d0d-8ed6-5684b55528a5","71e0fc8e-5176-5e52-885d-eb1dd21981ac","Hindi ward","hindi ward","common","en","KDA-TRANSCRIPTION-LN14-2012"
"ca5066be-3f62-5271-a5dd-ea50887f0312","416b9d79-5532-51f6-afc2-ec423254c7d6","Mkunumbi","mkunumbi","canonical","en","KDA-TRANSCRIPTION-LN14-2012"
"3ddece15-1e97-58ea-b8d6-afa88f60c085","416b9d79-5532-51f6-afc2-ec423254c7d6","Mkunumbi ward","mkunumbi ward","common","en","KDA-TRANSCRIPTION-LN14-2012"
"25e9d2b8-9762-5362-a3b9-c1358d58c24d","a06ad7a7-71b9-5fcd-9336-614325357c68","Hongwe","hongwe","canonical","en","KDA-TRANSCRIPTION-LN14-2012"
"77d54118-6dde-59c8-adc8-3247a357cec5","a06ad7a7-71b9-5fcd-9336-614325357c68","Hongwe ward","hongwe ward","common","en","KDA-TRANSCRIPTION-LN14-2012"
"b265b89c-4ab7-58a6-9392-e571b0eae2f1","0f71c261-e587-5b6b-b13e-bb01590f79c0","Witu","witu","canonical","en","KDA-TRANSCRIPTION-LN14-2012"
"f9836251-0afc-56b3-8976-6be9ad9dfb09","0f71c261-e587-5b6b-b13e-bb01590f79c0","Witu ward","witu ward","common","en","KDA-TRANSCRIPTION-LN14-2012"
"922bd875-4156-5205-a405-015383603a97","a45c145b-6d47-5754-8cc5-cf1d5bab580c","Bahari","bahari","canonical","en","KDA-TRANSCRIPTION-LN14-2012"
"f5fb70ee-deef-5942-b609-0eb20bdd876d","a45c145b-6d47-5754-8cc5-cf1d5bab580c","Bahari ward","bahari ward","common","en","KDA-TRANSCRIPTION-LN14-2012"
"a9b2df81-c13d-5621-8923-fde72148dc6b","e5505c21-99dd-5e34-9b50-586b73dc7ecf","Chala","chala","canonical","en","KDA-TRANSCRIPTION-LN14-2012"
"929843f5-d232-5c11-b388-692343955271","e5505c21-99dd-5e34-9b50-586b73dc7ecf","Chala ward","chala ward","common","en","KDA-TRANSCRIPTION-LN14-2012"
"75b9d009-b7ad-5178-a9ef-22fa35a9bcef","06ad86ac-7471-52f7-b5b9-8c4e8e938a87","Mahoo","mahoo","canonical","en","KDA-TRANSCRIPTION-LN14-2012"
"f40a60b2-e17f-5516-8d58-1149b70f304a","06ad86ac-7471-52f7-b5b9-8c4e8e938a87","Mahoo ward","mahoo ward","common","en","KDA-TRANSCRIPTION-LN14-2012"
"ce2c23ca-8bf1-56a5-8af5-597d78743779","62d59e38-3643-5351-9fc4-6e69a43a9754","Bomeni","bomeni","canonical","en","KDA-TRANSCRIPTION-LN14-2012"
"c5fda1a4-c1ec-5331-9433-335bc5cdd065","62d59e38-3643-5351-9fc4-6e69a43a9754","Bomeni ward","bomeni ward","common","en","KDA-TRANSCRIPTION-LN14-2012"
"2773d896-d825-538e-a098-28427ea10454","b661757a-e69e-5759-991b-7e7bcc4a3497","Mboghoni","mboghoni","canonical","en","KDA-TRANSCRIPTION-LN14-2012"
"48701ccb-0dad-5da8-acf9-ed921b9fadb1","b661757a-e69e-5759-991b-7e7bcc4a3497","Mboghoni ward","mboghoni ward","common","en","KDA-TRANSCRIPTION-LN14-2012"
"15f9831f-e17c-5a3b-8c60-53e351dcce60","eeb872c8-2eb1-5ae9-98f2-ee617dd40dc5","Mata","mata","canonical","en","KDA-TRANSCRIPTION-LN14-2012"
"6d2205e4-2e0c-5ca0-9e0a-69695c464f48","eeb872c8-2eb1-5ae9-98f2-ee617dd40dc5","Mata ward","mata ward","common","en","KDA-TRANSCRIPTION-LN14-2012"
"69cd8cb0-32bc-5e01-a4da-091346efca77","aa33b99b-9bb3-5f2a-a748-4a598a93f3c7","Wundanyi/Mbale","wundanyi mbale","canonical","en","KDA-TRANSCRIPTION-LN14-2012"
"4a64c287-8036-5209-a714-073d4149cc30","aa33b99b-9bb3-5f2a-a748-4a598a93f3c7","Wundanyi/Mbale ward","wundanyi mbale ward","common","en","KDA-TRANSCRIPTION-LN14-2012"
"4f3e537f-1e17-522f-ac54-5f21c650c1a8","0266cad8-dd02-5263-abc3-919695e21dd8","Werugha","werugha","canonical","en","KDA-TRANSCRIPTION-LN14-2012"
"9fe36a9d-b628-5328-a32f-7d9f6bc3d9cb","0266cad8-dd02-5263-abc3-919695e21dd8","Werugha ward","werugha ward","common","en","KDA-TRANSCRIPTION-LN14-2012"
"bb075db7-9ee1-537c-b3cb-0abac2c86503","26e3be03-57a8-5492-9af0-7fb25f616ee9","Wumingu/Kishushe","wumingu kishushe","canonical","en","KDA-TRANSCRIPTION-LN14-2012"
"51340e5b-6d5f-51f5-879a-2797e3902548","26e3be03-57a8-5492-9af0-7fb25f616ee9","Wumingu/Kishushe ward","wumingu kishushe ward","common","en","KDA-TRANSCRIPTION-LN14-2012"
"c6e71895-ac6d-59dc-b65a-73d67753fd01","82718d2c-8c2a-5c7f-896e-2e98a75266bf","Mwanda/Mgange","mwanda mgange","canonical","en","KDA-TRANSCRIPTION-LN14-2012"
"25740cb7-ded5-5469-9e5e-81e3b46293cd","82718d2c-8c2a-5c7f-896e-2e98a75266bf","Mwanda/Mgange ward","mwanda mgange ward","common","en","KDA-TRANSCRIPTION-LN14-2012"
"54d71585-5c1b-5644-af59-089fda5dd2a2","64528db2-4924-5fb9-a3ec-89c06a9f9cc2","Rong'e","ronge","canonical","en","KDA-TRANSCRIPTION-LN14-2012"
"7e9fbee2-4f6f-540e-94a9-60caf54a6100","64528db2-4924-5fb9-a3ec-89c06a9f9cc2","Rong'e ward","ronge ward","common","en","KDA-TRANSCRIPTION-LN14-2012"
"dad0a0e2-9e11-5405-b7de-48b9bf5fed68","e808b6a0-1a65-5978-a2d0-4eb336374659","Mwatate","mwatate","canonical","en","KDA-TRANSCRIPTION-LN14-2012"
"e41ac930-a9ff-5b46-8962-735dca4fb7af","e808b6a0-1a65-5978-a2d0-4eb336374659","Mwatate ward","mwatate ward","common","en","KDA-TRANSCRIPTION-LN14-2012"
"bb37612c-ddc4-542d-9a64-0c615526ae22","78cf0619-5a47-57d8-b16d-266758601b3c","Bura","bura","canonical","en","KDA-TRANSCRIPTION-LN14-2012"
"bd45d138-8b89-538f-9b27-154f93a0c787","78cf0619-5a47-57d8-b16d-266758601b3c","Bura ward","bura ward","common","en","KDA-TRANSCRIPTION-LN14-2012"
"6654f6ac-19c0-5188-93ad-56fa6070cbcc","68854ffc-e276-555e-832f-2d5230e87cc9","Chawia","chawia","canonical","en","KDA-TRANSCRIPTION-LN14-2012"
"62f12156-c73c-5de9-8af7-f0a0153cb51b","68854ffc-e276-555e-832f-2d5230e87cc9","Chawia ward","chawia ward","common","en","KDA-TRANSCRIPTION-LN14-2012"
"f85086f3-8779-5ba7-a502-15f6d1605e62","434a6199-0def-5b7d-90d7-f5c96e61d7a5","Wusi/Kishamba","wusi kishamba","canonical","en","KDA-TRANSCRIPTION-LN14-2012"
"00ce2a7b-d5d5-5707-af78-2a0bb8e7a17c","434a6199-0def-5b7d-90d7-f5c96e61d7a5","Wusi/Kishamba ward","wusi kishamba ward","common","en","KDA-TRANSCRIPTION-LN14-2012"
"ae2049d0-5148-5342-921c-a96b5a244af5","3eba48dc-bd75-5b71-a5c9-588a2a2a5347","Mbololo","mbololo","canonical","en","KDA-TRANSCRIPTION-LN14-2012"
"77645e53-e136-5848-ab92-ad0bdc9b2212","3eba48dc-bd75-5b71-a5c9-588a2a2a5347","Mbololo ward","mbololo ward","common","en","KDA-TRANSCRIPTION-LN14-2012"
"6c728372-4fe7-5280-b2d7-8a91fcec7a64","ff061be7-fb75-5ce7-b1f4-bb418041d58e","Sagalla","sagalla","canonical","en","KDA-TRANSCRIPTION-LN14-2012"
"07b2f509-b585-527c-8586-3581384440da","ff061be7-fb75-5ce7-b1f4-bb418041d58e","Sagalla ward","sagalla ward","common","en","KDA-TRANSCRIPTION-LN14-2012"
"f5e99b01-ae76-5231-9e7a-4621a0283f27","baa028af-a4db-57b6-95b6-6e955d0e1b7e","Kaloleni","kaloleni","canonical","en","KDA-TRANSCRIPTION-LN14-2012"
"b66dcf67-f98b-5936-8854-91f9c586b5a8","baa028af-a4db-57b6-95b6-6e955d0e1b7e","Kaloleni ward","kaloleni ward","common","en","KDA-TRANSCRIPTION-LN14-2012"
"48b5d361-f4a8-5c88-8b11-1371219732ec","d2611b75-1b9f-5620-ab45-f2dfb12c9a53","Marungu","marungu","canonical","en","KDA-TRANSCRIPTION-LN14-2012"
"8035ece9-b7cf-5b2a-b1d4-8b7a635bc1d0","d2611b75-1b9f-5620-ab45-f2dfb12c9a53","Marungu ward","marungu ward","common","en","KDA-TRANSCRIPTION-LN14-2012"
"49e2296a-5d08-529e-8a00-edcf160973e6","0861bfad-0724-54ec-be90-b365d62320ac","Kasigau","kasigau","canonical","en","KDA-TRANSCRIPTION-LN14-2012"
"a40292eb-df5e-52dd-a883-ba4401335195","0861bfad-0724-54ec-be90-b365d62320ac","Kasigau ward","kasigau ward","common","en","KDA-TRANSCRIPTION-LN14-2012"
"990aa384-401a-5d69-87d1-0794e033451d","88037040-cb6c-5951-8f7b-da9e64ead972","Ngolia","ngolia","canonical","en","KDA-TRANSCRIPTION-LN14-2012"
"409e4906-dd6a-562b-86b4-989711624f47","88037040-cb6c-5951-8f7b-da9e64ead972","Ngolia ward","ngolia ward","common","en","KDA-TRANSCRIPTION-LN14-2012"
"e1f83829-60f0-5802-a713-6d055637d30a","44f67d8d-0ded-53a6-8fd6-659e7960e21c","Waberi","waberi","canonical","en","KDA-TRANSCRIPTION-LN14-2012"
"b3363c07-4e9a-59ab-8ab8-d77b58d2ddc0","44f67d8d-0ded-53a6-8fd6-659e7960e21c","Waberi ward","waberi ward","common","en","KDA-TRANSCRIPTION-LN14-2012"
"1fd99248-7482-5468-9304-4e319fda1214","76f90874-04ee-5bd1-aa61-780cbcdeef87","Galbet","galbet","canonical","en","KDA-TRANSCRIPTION-LN14-2012"
"5b6f856a-8b63-5a7f-ac46-29226b19c751","76f90874-04ee-5bd1-aa61-780cbcdeef87","Galbet ward","galbet ward","common","en","KDA-TRANSCRIPTION-LN14-2012"
"622271d0-27af-5f66-93fd-d4fd270c95a4","a68dc472-0b36-5e72-b7f2-a48ca7c427fe","Township","township","canonical","en","KDA-TRANSCRIPTION-LN14-2012"
"472701a8-5b26-55b6-90d6-90a1331856a4","a68dc472-0b36-5e72-b7f2-a48ca7c427fe","Township ward","township ward","common","en","KDA-TRANSCRIPTION-LN14-2012"
"ff2e4479-5bc2-50c4-aecb-6a3a4d23c3cb","3129f918-87b4-5203-bb61-5281b7d3b41b","Iftin","iftin","canonical","en","KDA-TRANSCRIPTION-LN14-2012"
"5b12d2fa-e215-5889-8765-ccdd106e823b","3129f918-87b4-5203-bb61-5281b7d3b41b","Iftin ward","iftin ward","common","en","KDA-TRANSCRIPTION-LN14-2012"
"1dc8d06b-fa2c-5d4f-a4b5-95ed03bf2f5f","8f0c5f15-eacb-5192-8102-69d79bcfddbf","Balambala","balambala","canonical","en","KDA-TRANSCRIPTION-LN14-2012"
"9d835b21-6b06-5b95-b15c-61792e31fe2c","8f0c5f15-eacb-5192-8102-69d79bcfddbf","Balambala ward","balambala ward","common","en","KDA-TRANSCRIPTION-LN14-2012"
"c644262c-84b0-5659-a6d1-640b9bfd4b2d","d70a179e-0f87-56ea-b04a-90b3ee6b7248","Danyere","danyere","canonical","en","KDA-TRANSCRIPTION-LN14-2012"
"3b14cad9-8e49-593d-b124-63ce9da81a8e","d70a179e-0f87-56ea-b04a-90b3ee6b7248","Danyere ward","danyere ward","common","en","KDA-TRANSCRIPTION-LN14-2012"
"bc6c064a-7734-53ac-a116-0051671e80be","35b2497d-90a4-5524-848b-213a1f8e51a7","Jara Jara","jara jara","canonical","en","KDA-TRANSCRIPTION-LN14-2012"
"c1880970-02fe-5a9a-b541-eaf86bb4fd7f","35b2497d-90a4-5524-848b-213a1f8e51a7","Jara Jara ward","jara jara ward","common","en","KDA-TRANSCRIPTION-LN14-2012"
"bc3b69ca-efe4-5845-a093-8348fb520fc8","593ffcaa-c4f6-5df3-9ac2-fdd80d0b691a","Saka","saka","canonical","en","KDA-TRANSCRIPTION-LN14-2012"
"fed31ac6-825f-5df6-b2ff-2370c15deb54","593ffcaa-c4f6-5df3-9ac2-fdd80d0b691a","Saka ward","saka ward","common","en","KDA-TRANSCRIPTION-LN14-2012"
"d35c4d9a-199e-5280-89e8-af4039905396","e2e5f56e-07b4-5421-87e5-7bfa0806ce3e","Sankuri","sankuri","canonical","en","KDA-TRANSCRIPTION-LN14-2012"
"0539a016-6ae8-59de-bc3c-cd6f3fddcc29","e2e5f56e-07b4-5421-87e5-7bfa0806ce3e","Sankuri ward","sankuri ward","common","en","KDA-TRANSCRIPTION-LN14-2012"
"bdf900f7-115b-512b-9bfa-0526512b56f6","d9f97503-f197-5359-bcfe-64c3cef65018","Modogashe","modogashe","canonical","en","KDA-TRANSCRIPTION-LN14-2012"
"0d758b6c-311b-5f32-9805-6d48543ecec5","d9f97503-f197-5359-bcfe-64c3cef65018","Modogashe ward","modogashe ward","common","en","KDA-TRANSCRIPTION-LN14-2012"
"76c01943-86a9-5525-b7ab-3052b9b2ef03","8bbccc88-9441-5ff1-9f65-eca7515c5ba2","Benane","benane","canonical","en","KDA-TRANSCRIPTION-LN14-2012"
"6c1c160e-cd1c-503c-9c79-477702c1ab59","8bbccc88-9441-5ff1-9f65-eca7515c5ba2","Benane ward","benane ward","common","en","KDA-TRANSCRIPTION-LN14-2012"
"891d35c4-a56e-5acc-bcb3-a4a1dea5d0ad","21923211-de7d-542a-b9a8-db6186fa92a8","Goreale","goreale","canonical","en","KDA-TRANSCRIPTION-LN14-2012"
"c923193d-3fb2-5eca-b27b-e4475d3ebc20","21923211-de7d-542a-b9a8-db6186fa92a8","Goreale ward","goreale ward","common","en","KDA-TRANSCRIPTION-LN14-2012"
"1aa8534b-3b2e-59e0-ab8c-8824793989e9","eb12ad2b-9f08-56e7-a0fd-e2b17bc662db","Maalimin","maalimin","canonical","en","KDA-TRANSCRIPTION-LN14-2012"
"a2cba695-9b3a-52a7-9f36-a45bcf0d6fc9","eb12ad2b-9f08-56e7-a0fd-e2b17bc662db","Maalimin ward","maalimin ward","common","en","KDA-TRANSCRIPTION-LN14-2012"
"c0feb03b-e8ed-5b41-a57c-7d0b5239f2e1","17e7a58c-fd66-5324-8ee7-b25989cff9c6","Sabena","sabena","canonical","en","KDA-TRANSCRIPTION-LN14-2012"
"9210b121-09fe-542d-ab4e-d7e82f3e4312","17e7a58c-fd66-5324-8ee7-b25989cff9c6","Sabena ward","sabena ward","common","en","KDA-TRANSCRIPTION-LN14-2012"
"a1e8b237-655f-50a3-88f8-4f5471d436f5","c157b481-8e60-5bf2-bf8d-30c0de3bdde2","Baraki","baraki","canonical","en","KDA-TRANSCRIPTION-LN14-2012"
"4d631288-caa0-55b0-8b0e-ee31adb6c314","c157b481-8e60-5bf2-bf8d-30c0de3bdde2","Baraki ward","baraki ward","common","en","KDA-TRANSCRIPTION-LN14-2012"
"5467379b-7580-51ac-bc2b-06be652b1b97","469efcde-a1cd-52fd-9405-7910e2d6c219","Dertu","dertu","canonical","en","KDA-TRANSCRIPTION-LN14-2012"
"5ffa91a6-7ce1-578f-b7c5-0a2743d99154","469efcde-a1cd-52fd-9405-7910e2d6c219","Dertu ward","dertu ward","common","en","KDA-TRANSCRIPTION-LN14-2012"
"cff505d9-6b02-5473-a5e0-568880113d3c","2f141533-25fa-5b38-9444-062cd8f393c0","Dadaab","dadaab","canonical","en","KDA-TRANSCRIPTION-LN14-2012"
"8d5ea5bf-a29d-56f1-b308-5095029fd379","2f141533-25fa-5b38-9444-062cd8f393c0","Dadaab ward","dadaab ward","common","en","KDA-TRANSCRIPTION-LN14-2012"
"a901b433-c429-5529-afad-81899def455a","871d919e-7628-53f9-909c-4fa8f3f5b54b","Labasigale","labasigale","canonical","en","KDA-TRANSCRIPTION-LN14-2012"
"9075db71-c8d6-5a16-923c-b5f90eef4b68","871d919e-7628-53f9-909c-4fa8f3f5b54b","Labasigale ward","labasigale ward","common","en","KDA-TRANSCRIPTION-LN14-2012"
"9f2e6669-68fd-5707-bbf4-c03c30be4b60","f68073f9-dcdc-55ba-97bc-ec21200b2992","Damajale","damajale","canonical","en","KDA-TRANSCRIPTION-LN14-2012"
"f27dfc09-cc8a-5f73-b6c1-e6737bfc5925","f68073f9-dcdc-55ba-97bc-ec21200b2992","Damajale ward","damajale ward","common","en","KDA-TRANSCRIPTION-LN14-2012"
"ff7dad5b-4424-50dd-8c28-20a5bbde2c6d","72df7326-9a59-5f92-bcc4-d04b20fd5fb8","Liboi","liboi","canonical","en","KDA-TRANSCRIPTION-LN14-2012"
"e579697f-df58-50d1-83be-d62b2abdc547","72df7326-9a59-5f92-bcc4-d04b20fd5fb8","Liboi ward","liboi ward","common","en","KDA-TRANSCRIPTION-LN14-2012"
"7dc177a3-f4a0-5855-b7c7-150dad40b252","777ce17a-bfcd-51d6-bb5d-d043863078db","Abakaile","abakaile","canonical","en","KDA-TRANSCRIPTION-LN14-2012"
"cfbd3df7-9977-5286-8e6a-88c2c521684a","777ce17a-bfcd-51d6-bb5d-d043863078db","Abakaile ward","abakaile ward","common","en","KDA-TRANSCRIPTION-LN14-2012"
"ac362abb-4c30-55f7-ab0a-bdb7f04d0591","e1ea3293-6b40-5695-98e8-c8bcf5e2e254","Bura","bura","canonical","en","KDA-TRANSCRIPTION-LN14-2012"
"63ecdf2f-1907-52c0-8899-5dd95efcaf4f","e1ea3293-6b40-5695-98e8-c8bcf5e2e254","Bura ward","bura ward","common","en","KDA-TRANSCRIPTION-LN14-2012"
"8273ae5d-0a89-58df-8b98-421d8c09bad1","c7d3210a-ff3b-5e27-a352-d1d8e1012612","Dekaharia","dekaharia","canonical","en","KDA-TRANSCRIPTION-LN14-2012"
"d3c1c9de-11da-5f48-9b88-8e9e920270cc","c7d3210a-ff3b-5e27-a352-d1d8e1012612","Dekaharia ward","dekaharia ward","common","en","KDA-TRANSCRIPTION-LN14-2012"
"e8c8c4e8-6fc6-506d-8336-8a1b9dd93a14","0848a6a7-9b66-5a2f-a3e1-7da805e276c0","Jarajila","jarajila","canonical","en","KDA-TRANSCRIPTION-LN14-2012"
"359f0503-d23e-5c79-8870-87b43d3c0807","0848a6a7-9b66-5a2f-a3e1-7da805e276c0","Jarajila ward","jarajila ward","common","en","KDA-TRANSCRIPTION-LN14-2012"
"86c9bc21-44ca-5452-99c8-90a10804e0ea","e83a2c98-4eaf-5b5b-8e3f-4c72163e4628","Fafi","fafi","canonical","en","KDA-TRANSCRIPTION-LN14-2012"
"c0ae6c61-a971-554d-b6b3-a88a58563f37","e83a2c98-4eaf-5b5b-8e3f-4c72163e4628","Fafi ward","fafi ward","common","en","KDA-TRANSCRIPTION-LN14-2012"
"5926161b-666d-5db8-984e-c637b95da545","3b026951-2a1b-517f-8cc5-4f99f3a35815","Nanighi","nanighi","canonical","en","KDA-TRANSCRIPTION-LN14-2012"
"c7503e5a-0c26-51e6-91bd-ed4468f0c432","3b026951-2a1b-517f-8cc5-4f99f3a35815","Nanighi ward","nanighi ward","common","en","KDA-TRANSCRIPTION-LN14-2012"
"e83f0390-426d-5864-9ab4-8255a02c4801","67dc4c6e-0455-5721-b706-623fad58bab4","Hulugho","hulugho","canonical","en","KDA-TRANSCRIPTION-LN14-2012"
"6b6fd85b-25a1-5dc6-93ff-93644847d70b","67dc4c6e-0455-5721-b706-623fad58bab4","Hulugho ward","hulugho ward","common","en","KDA-TRANSCRIPTION-LN14-2012"
"819ae89f-a028-5c98-9931-ebeeea261b03","b6a2afa1-75ec-5260-ba6a-aca125ca5423","Sangailu","sangailu","canonical","en","KDA-TRANSCRIPTION-LN14-2012"
"7803ed0d-1e29-5275-995d-3e613ac66d13","b6a2afa1-75ec-5260-ba6a-aca125ca5423","Sangailu ward","sangailu ward","common","en","KDA-TRANSCRIPTION-LN14-2012"
"f5f344f3-bc86-5b91-9605-1f09e8aca1ee","a007793d-7aa1-514d-b28b-9131f05ae4ed","Ijara","ijara","canonical","en","KDA-TRANSCRIPTION-LN14-2012"
"23ce82d8-1555-5343-954b-0c03d723963f","a007793d-7aa1-514d-b28b-9131f05ae4ed","Ijara ward","ijara ward","common","en","KDA-TRANSCRIPTION-LN14-2012"
"e96294f0-d7f7-5c3f-9c03-4dd768b13297","83a9fcfd-fdcc-57f9-b01b-68080275dc09","Masalani","masalani","canonical","en","KDA-TRANSCRIPTION-LN14-2012"
"d30d6c02-7b60-59da-b468-d6949a04321f","83a9fcfd-fdcc-57f9-b01b-68080275dc09","Masalani ward","masalani ward","common","en","KDA-TRANSCRIPTION-LN14-2012"
"54204f00-9e83-523f-b2d9-fbb0340d27fd","a78aede6-e5a5-5954-ad93-5233523ff146","Gurar","gurar","canonical","en","KDA-TRANSCRIPTION-LN14-2012"
"d22d7d50-5e6b-5e11-ba11-e10622836744","a78aede6-e5a5-5954-ad93-5233523ff146","Gurar ward","gurar ward","common","en","KDA-TRANSCRIPTION-LN14-2012"
"af464649-b8e0-5320-9d96-d6e70e14b0e1","982939e3-2cc2-51a9-88b6-fff95921081f","Bute","bute","canonical","en","KDA-TRANSCRIPTION-LN14-2012"
"827af6a1-b609-5f2e-a952-b74682c403f7","982939e3-2cc2-51a9-88b6-fff95921081f","Bute ward","bute ward","common","en","KDA-TRANSCRIPTION-LN14-2012"
"b5f656bd-c717-5d89-a5d5-57fa3fc62155","8a564392-d75a-59c1-a071-967646f29a76","Korondile","korondile","canonical","en","KDA-TRANSCRIPTION-LN14-2012"
"d666f7a8-a4c9-53be-bb8d-9720514990da","8a564392-d75a-59c1-a071-967646f29a76","Korondile ward","korondile ward","common","en","KDA-TRANSCRIPTION-LN14-2012"
"4a312cff-9b26-5f85-bb07-c111224de210","208f6a64-224d-5c5d-a62d-bb4a48057aa9","Malkagufu","malkagufu","canonical","en","KDA-TRANSCRIPTION-LN14-2012"
"ba43c090-a5a7-574c-92d9-4e1e26d5d94b","208f6a64-224d-5c5d-a62d-bb4a48057aa9","Malkagufu ward","malkagufu ward","common","en","KDA-TRANSCRIPTION-LN14-2012"
"e7b7a175-29fe-50f8-8460-41efe6efa2de","fe4cb03c-cf0b-5f7d-be91-3c114d714417","Batalu","batalu","canonical","en","KDA-TRANSCRIPTION-LN14-2012"
"58937238-3bc3-517c-8569-5186e10a9f21","fe4cb03c-cf0b-5f7d-be91-3c114d714417","Batalu ward","batalu ward","common","en","KDA-TRANSCRIPTION-LN14-2012"
"2ee54788-3089-57d7-a498-218d332dd3ee","38533f6b-64c5-5b8f-bd1f-039a8093c6bb","Danaba","danaba","canonical","en","KDA-TRANSCRIPTION-LN14-2012"
"69e15a0e-a7cf-5deb-b75f-f63b3525847b","38533f6b-64c5-5b8f-bd1f-039a8093c6bb","Danaba ward","danaba ward","common","en","KDA-TRANSCRIPTION-LN14-2012"
"18530122-e6d0-5575-bd19-6304e50b83b5","ff4cdee4-d340-501f-88e7-8961a580d6a6","Godoma","godoma","canonical","en","KDA-TRANSCRIPTION-LN14-2012"
"3a1e6e87-6b9b-5980-b3c8-ff5fe85c2c75","ff4cdee4-d340-501f-88e7-8961a580d6a6","Godoma ward","godoma ward","common","en","KDA-TRANSCRIPTION-LN14-2012"
"b9b72110-0d33-5181-99b2-ee0c12ae8479","93427d67-0817-5405-b901-8fb8b3ba3394","Wagberi","wagberi","canonical","en","KDA-TRANSCRIPTION-LN14-2012"
"54f928a3-e31c-5363-b6ce-3baa036441bd","93427d67-0817-5405-b901-8fb8b3ba3394","Wagberi ward","wagberi ward","common","en","KDA-TRANSCRIPTION-LN14-2012"
"7113d0ee-0bb5-5a1f-bb2e-f3414b1eb34c","429a0275-64d0-5166-bc6b-2cc9a79ad697","Township","township","canonical","en","KDA-TRANSCRIPTION-LN14-2012"
"3699d118-c181-5392-8c98-5b2c411cb0ec","429a0275-64d0-5166-bc6b-2cc9a79ad697","Township ward","township ward","common","en","KDA-TRANSCRIPTION-LN14-2012"
"1d9e8327-d0f2-5a85-9649-b10d3da7ecc2","9888ec24-6c1d-54f5-af51-3220f066a441","Barwago","barwago","canonical","en","KDA-TRANSCRIPTION-LN14-2012"
"9b6cfba4-bbd5-54f7-a3ef-4ef0bbb1554f","9888ec24-6c1d-54f5-af51-3220f066a441","Barwago ward","barwago ward","common","en","KDA-TRANSCRIPTION-LN14-2012"
"d10e3c4f-55ff-5a7c-8f43-3fd045b795f6","49b2a9a8-2b2a-5ac1-bcfb-3983caf8ff6f","Khorof/Harar","khorof harar","canonical","en","KDA-TRANSCRIPTION-LN14-2012"
"fe6b51cc-9018-5799-bc4a-28f726559961","49b2a9a8-2b2a-5ac1-bcfb-3983caf8ff6f","Khorof/Harar ward","khorof harar ward","common","en","KDA-TRANSCRIPTION-LN14-2012"
"fc7206b9-f34a-5a4d-822b-1d5212a52deb","a8cf5d32-cb7f-5181-bbf3-6161fe57f23b","Elben","elben","canonical","en","KDA-TRANSCRIPTION-LN14-2012"
"2bed0cc5-862b-5a2d-8301-039aa47bd5dc","a8cf5d32-cb7f-5181-bbf3-6161fe57f23b","Elben ward","elben ward","common","en","KDA-TRANSCRIPTION-LN14-2012"
"4f3d24a7-0032-5ff3-9576-72129a26eef7","680f46eb-7b11-577e-8e6f-6b0c3d608570","Sarman","sarman","canonical","en","KDA-TRANSCRIPTION-LN14-2012"
"3c2710f3-7be7-5731-b7a1-c4ab0ce061c9","680f46eb-7b11-577e-8e6f-6b0c3d608570","Sarman ward","sarman ward","common","en","KDA-TRANSCRIPTION-LN14-2012"
"8d193ca6-7887-5629-a48b-8bf3298b1c01","ca425f89-e08d-5325-bb32-b40acc8e81ef","Tarbaj","tarbaj","canonical","en","KDA-TRANSCRIPTION-LN14-2012"
"f500f60e-a9e7-55b6-ab28-fae7ae8ff096","ca425f89-e08d-5325-bb32-b40acc8e81ef","Tarbaj ward","tarbaj ward","common","en","KDA-TRANSCRIPTION-LN14-2012"
"94384037-991a-53f0-bb24-9c40d2919e9e","23633eb0-9848-5059-9315-b1f4fa372f32","Wargadud","wargadud","canonical","en","KDA-TRANSCRIPTION-LN14-2012"
"14e14c89-d8cc-5f9f-a6c6-74aeca7b8a0e","23633eb0-9848-5059-9315-b1f4fa372f32","Wargadud ward","wargadud ward","common","en","KDA-TRANSCRIPTION-LN14-2012"
"e6142ffe-4dc3-5874-9249-eb2528ba169b","bf36cac4-152c-5a41-9452-4422871e891a","Arbajahan","arbajahan","canonical","en","KDA-TRANSCRIPTION-LN14-2012"
"d3e95983-3a15-5181-bd80-b5076bf3a31c","bf36cac4-152c-5a41-9452-4422871e891a","Arbajahan ward","arbajahan ward","common","en","KDA-TRANSCRIPTION-LN14-2012"
"1f1bc538-0b03-5982-ac4e-c115c50c1873","9ed0925f-edc3-5fb9-a2db-f5420dd59472","Hadado/Athibohol","hadado athibohol","canonical","en","KDA-TRANSCRIPTION-LN14-2012"
"9366b117-4f7d-54f8-b7c9-2e31e9694818","9ed0925f-edc3-5fb9-a2db-f5420dd59472","Hadado/Athibohol ward","hadado athibohol ward","common","en","KDA-TRANSCRIPTION-LN14-2012"
"eb0bb1fa-4465-58ea-ac1b-c2eac85c7073","3ef2341c-c783-567b-9589-254cc45763fe","Ademasajide","ademasajide","canonical","en","KDA-TRANSCRIPTION-LN14-2012"
"467b5cab-10f5-5411-9708-49d567e087a3","3ef2341c-c783-567b-9589-254cc45763fe","Ademasajide ward","ademasajide ward","common","en","KDA-TRANSCRIPTION-LN14-2012"
"51e68332-ea8b-5c81-a7a0-dbdf90ad2cd5","a17c20a9-932e-5bf0-8a34-c877d4adb94a","Wagalla/Ganyure","wagalla ganyure","canonical","en","KDA-TRANSCRIPTION-LN14-2012"
"683945e1-3f58-5bdc-b365-fa64f529daf2","a17c20a9-932e-5bf0-8a34-c877d4adb94a","Wagalla/Ganyure ward","wagalla ganyure ward","common","en","KDA-TRANSCRIPTION-LN14-2012"
"d935b24e-e4fe-5887-b8b0-57be40a9554e","b6ab75e6-98ca-5474-b697-b9c2cf742bfa","Eldas","eldas","canonical","en","KDA-TRANSCRIPTION-LN14-2012"
"0a8039b0-d4c6-59b1-9cb3-c0edf6918614","b6ab75e6-98ca-5474-b697-b9c2cf742bfa","Eldas ward","eldas ward","common","en","KDA-TRANSCRIPTION-LN14-2012"
"c34e44f7-fc30-5c9e-a36c-bd6e4c78d029","7f5f0d83-11d2-52e8-9692-e25151e8c6b9","Della","della","canonical","en","KDA-TRANSCRIPTION-LN14-2012"
"1e687d3d-624e-514c-94d1-3e16d9fd2cb1","7f5f0d83-11d2-52e8-9692-e25151e8c6b9","Della ward","della ward","common","en","KDA-TRANSCRIPTION-LN14-2012"
"77a3928a-9100-55a7-99e1-b8dc5cc9d04d","39fa22ea-90d4-5ec8-8406-ee7d2f9b01c4","Lakoley South/Basir","lakoley south basir","canonical","en","KDA-TRANSCRIPTION-LN14-2012"
"89d9f6cb-0064-5bfa-a9d9-fd29a80d9dd9","39fa22ea-90d4-5ec8-8406-ee7d2f9b01c4","Lakoley South/Basir ward","lakoley south basir ward","common","en","KDA-TRANSCRIPTION-LN14-2012"
"43e91359-3a96-5eb1-84ac-2eb7c2b1df0e","64f85e33-c56d-5d6a-952f-4d8238c490e7","Elnur/Tula Tula","elnur tula tula","canonical","en","KDA-TRANSCRIPTION-LN14-2012"
"3df497cd-c747-5104-9e1a-c8eb26b1165f","64f85e33-c56d-5d6a-952f-4d8238c490e7","Elnur/Tula Tula ward","elnur tula tula ward","common","en","KDA-TRANSCRIPTION-LN14-2012"
"355cd141-39c8-5fd0-8900-df77739d8264","40302229-5c34-5264-a04e-d199b3489c52","Benane","benane","canonical","en","KDA-TRANSCRIPTION-LN14-2012"
"e3ba3a6e-bc4c-5926-be66-a6a34a71f752","40302229-5c34-5264-a04e-d199b3489c52","Benane ward","benane ward","common","en","KDA-TRANSCRIPTION-LN14-2012"
"b5aa3eaf-20e0-5134-8582-38f55e5f7ee6","11d7e7f7-48c5-5ada-a9c9-80bd47ba559b","Burder","burder","canonical","en","KDA-TRANSCRIPTION-LN14-2012"
"058859d7-fd2b-5330-9a7b-3ca73be63978","11d7e7f7-48c5-5ada-a9c9-80bd47ba559b","Burder ward","burder ward","common","en","KDA-TRANSCRIPTION-LN14-2012"
"bade5f84-4a2a-5df0-a233-679b7c92f2a0","ee0c6c29-716e-5b0e-b901-45a8637bd184","Dadaja Bulla","dadaja bulla","canonical","en","KDA-TRANSCRIPTION-LN14-2012"
"109ee6bb-359d-524d-8c6f-43a42c48cdc7","ee0c6c29-716e-5b0e-b901-45a8637bd184","Dadaja Bulla ward","dadaja bulla ward","common","en","KDA-TRANSCRIPTION-LN14-2012"
"7b009e01-d09a-5cc5-ba7e-e3057e32b122","f26ec836-a768-5365-97dc-91d1a1845b74","Habasswein","habasswein","canonical","en","KDA-TRANSCRIPTION-LN14-2012"
"7890086c-61a2-565f-b1f4-9a07a64131a9","f26ec836-a768-5365-97dc-91d1a1845b74","Habasswein ward","habasswein ward","common","en","KDA-TRANSCRIPTION-LN14-2012"
"cc6cc55f-9ebc-5658-9684-065583a9ef17","c7e60d6f-f22e-5105-8451-6228557c1a0a","Lagboghol South","lagboghol south","canonical","en","KDA-TRANSCRIPTION-LN14-2012"
"c4c19631-e58b-53db-a1e5-1ed3409c10a7","c7e60d6f-f22e-5105-8451-6228557c1a0a","Lagboghol South ward","lagboghol south ward","common","en","KDA-TRANSCRIPTION-LN14-2012"
"40c721f7-47ff-5769-b6fe-5b70a515f373","c57c594a-d5b2-5e5e-b4a8-d765925e322d","Ibrahim Ure","ibrahim ure","canonical","en","KDA-TRANSCRIPTION-LN14-2012"
"bc730d26-d3b5-581d-9760-21064f88ea2b","c57c594a-d5b2-5e5e-b4a8-d765925e322d","Ibrahim Ure ward","ibrahim ure ward","common","en","KDA-TRANSCRIPTION-LN14-2012"
"5ab0e4f5-6b32-530e-81b2-e1faa345560e","21c0ad9b-d1fb-54da-b7ff-adcfd10849fb","Diif","diif","canonical","en","KDA-TRANSCRIPTION-LN14-2012"
"0b6fb933-5d79-5105-83d0-dafdeef926da","21c0ad9b-d1fb-54da-b7ff-adcfd10849fb","Diif ward","diif ward","common","en","KDA-TRANSCRIPTION-LN14-2012"
"b3fc1c2e-64c0-5290-90bd-606c340a8abe","6f576453-bb66-5d37-be26-20ea45282dc0","Takaba South","takaba south","canonical","en","KDA-TRANSCRIPTION-LN14-2012"
"b6b82b01-6b24-5d0d-a23b-4d99a8df9fbe","6f576453-bb66-5d37-be26-20ea45282dc0","Takaba South ward","takaba south ward","common","en","KDA-TRANSCRIPTION-LN14-2012"
"77f6ba40-8681-590b-96a1-e4376590aaaf","9e7b476f-5177-5e08-8302-c40bd01aea51","Takaba","takaba","canonical","en","KDA-TRANSCRIPTION-LN14-2012"
"ff094788-1df5-5de3-bf93-c2f05acc94ec","9e7b476f-5177-5e08-8302-c40bd01aea51","Takaba ward","takaba ward","common","en","KDA-TRANSCRIPTION-LN14-2012"
"a93a48c7-0a7f-564a-a89a-a97f0c9efbb4","098350a4-6b98-52d7-be22-826401157f0b","Lag Sure","lag sure","canonical","en","KDA-TRANSCRIPTION-LN14-2012"
"2000f992-e2f9-5d7e-82fb-5404522b0872","098350a4-6b98-52d7-be22-826401157f0b","Lag Sure ward","lag sure ward","common","en","KDA-TRANSCRIPTION-LN14-2012"
"dd1cb00a-08f8-51db-9095-f1765a04be1b","44e09676-b865-5caf-9954-5d26730f0985","Dandu","dandu","canonical","en","KDA-TRANSCRIPTION-LN14-2012"
"a5e5fde4-cd63-57f7-be18-8679939c7126","44e09676-b865-5caf-9954-5d26730f0985","Dandu ward","dandu ward","common","en","KDA-TRANSCRIPTION-LN14-2012"
"80d30183-8776-5ce3-8275-6a65f2df8ab1","a90c79e6-a82e-5f70-b525-bcbbb0eb2772","Gither","gither","canonical","en","KDA-TRANSCRIPTION-LN14-2012"
"19583bf3-62db-5693-8e02-fc095ce07a4d","a90c79e6-a82e-5f70-b525-bcbbb0eb2772","Gither ward","gither ward","common","en","KDA-TRANSCRIPTION-LN14-2012"
"428cdb57-fbaf-5b3c-bb10-e58a546c3b46","d3e62bc7-c3e5-55fd-b146-f3da481b216d","Banissa","banissa","canonical","en","KDA-TRANSCRIPTION-LN14-2012"
"54989604-832d-55e4-8ce5-d16be9401108","d3e62bc7-c3e5-55fd-b146-f3da481b216d","Banissa ward","banissa ward","common","en","KDA-TRANSCRIPTION-LN14-2012"
"71b5db83-231c-5f36-bb3d-5182a87bcdd2","55eac320-753e-5fca-93d9-08a85de731ba","Derkhale","derkhale","canonical","en","KDA-TRANSCRIPTION-LN14-2012"
"5734528e-2804-53d7-950a-c7aeda6dea04","55eac320-753e-5fca-93d9-08a85de731ba","Derkhale ward","derkhale ward","common","en","KDA-TRANSCRIPTION-LN14-2012"
"7addc9e4-417e-5b35-9365-ea20ba7d717b","121c54e5-295d-50fa-a6c8-5679b3887eb8","Guba","guba","canonical","en","KDA-TRANSCRIPTION-LN14-2012"
"73296523-99ae-518a-bf40-47659f32a52e","121c54e5-295d-50fa-a6c8-5679b3887eb8","Guba ward","guba ward","common","en","KDA-TRANSCRIPTION-LN14-2012"
"5b9816a7-a671-5d3c-8a48-9636c39d5a7c","5e400582-6847-5b8a-a215-4e32490308a0","Malkamari","malkamari","canonical","en","KDA-TRANSCRIPTION-LN14-2012"
"623ad5a4-6820-5c3a-9de8-ac247d00cb18","5e400582-6847-5b8a-a215-4e32490308a0","Malkamari ward","malkamari ward","common","en","KDA-TRANSCRIPTION-LN14-2012"
"5aa2dc7e-8f44-5da0-836c-e14509d640d9","d8a13650-f258-5d86-a7ce-e87313d26048","Kiliwehiri","kiliwehiri","canonical","en","KDA-TRANSCRIPTION-LN14-2012"
"e3be6017-a00c-53f4-9e12-ee393ba14cfd","d8a13650-f258-5d86-a7ce-e87313d26048","Kiliwehiri ward","kiliwehiri ward","common","en","KDA-TRANSCRIPTION-LN14-2012"
"d61cd953-438b-5ef6-a256-6f31fa1b5803","f4c03b76-0c0e-55d2-807c-960e62c53c02","Ashabito","ashabito","canonical","en","KDA-TRANSCRIPTION-LN14-2012"
"5f6bc1e5-f6d0-5952-9d9d-d1561852a02b","f4c03b76-0c0e-55d2-807c-960e62c53c02","Ashabito ward","ashabito ward","common","en","KDA-TRANSCRIPTION-LN14-2012"
"cc07fbaa-4238-5780-8148-c9a56a3434dc","76abbb22-c600-5bac-839c-94f8342afbc8","Guticha","guticha","canonical","en","KDA-TRANSCRIPTION-LN14-2012"
"c2a0c72f-2bab-5004-9f08-9d626d580278","76abbb22-c600-5bac-839c-94f8342afbc8","Guticha ward","guticha ward","common","en","KDA-TRANSCRIPTION-LN14-2012"
"2ff5783c-7f23-5741-ba8c-6b92a799789c","19331771-5def-5a63-bf75-2947fdc58bf3","Morothile","morothile","canonical","en","KDA-TRANSCRIPTION-LN14-2012"
"4c55c909-362d-5672-b83d-0b7904f64a72","19331771-5def-5a63-bf75-2947fdc58bf3","Morothile ward","morothile ward","common","en","KDA-TRANSCRIPTION-LN14-2012"
"ce35341e-9435-5d59-95d6-5df643fc94a1","c6418de8-2652-5ef8-8bcd-b348af7c0f4b","Rhamu","rhamu","canonical","en","KDA-TRANSCRIPTION-LN14-2012"
"bf09f336-9cad-5a00-97e0-773a5ee0c56e","c6418de8-2652-5ef8-8bcd-b348af7c0f4b","Rhamu ward","rhamu ward","common","en","KDA-TRANSCRIPTION-LN14-2012"
"3029ff90-5806-5d92-9221-b7931a22838c","926e8763-ba7a-5cd1-98d4-a764fface7bb","Rhamu-Dimtu","rhamu dimtu","canonical","en","KDA-TRANSCRIPTION-LN14-2012"
"faa68dc8-f2bf-5441-a5ac-d65211885da9","926e8763-ba7a-5cd1-98d4-a764fface7bb","Rhamu-Dimtu ward","rhamu dimtu ward","common","en","KDA-TRANSCRIPTION-LN14-2012"
"af781924-7bff-56a5-8828-b87645e0c535","ae060bc0-3003-5da4-9a17-0d3ba0b70492","Wargudud","wargudud","canonical","en","KDA-TRANSCRIPTION-LN14-2012"
"240fc74c-a657-5701-971b-bf474af6f975","ae060bc0-3003-5da4-9a17-0d3ba0b70492","Wargudud ward","wargudud ward","common","en","KDA-TRANSCRIPTION-LN14-2012"
"1177a4d0-d125-54ab-a6da-79fdb5836566","e25e7f3f-04fd-5db9-a2dd-06b82e0323e3","Kutulo","kutulo","canonical","en","KDA-TRANSCRIPTION-LN14-2012"
"833da41e-3dd5-52f7-bbdf-2ff77756baf2","e25e7f3f-04fd-5db9-a2dd-06b82e0323e3","Kutulo ward","kutulo ward","common","en","KDA-TRANSCRIPTION-LN14-2012"
"72b86993-9da1-5685-a3df-2cfdbab2634e","85a21d2e-6ed0-5f81-b745-7e0f3997b830","Elwak South","elwak south","canonical","en","KDA-TRANSCRIPTION-LN14-2012"
"6cf04e20-3a57-5288-991f-59344474d896","85a21d2e-6ed0-5f81-b745-7e0f3997b830","Elwak South ward","elwak south ward","common","en","KDA-TRANSCRIPTION-LN14-2012"
"65d0b0d6-bad6-532e-a3f4-717b28123091","4fc5e8dc-4242-5872-8ff3-64f66eb73a26","Elwak North","elwak north","canonical","en","KDA-TRANSCRIPTION-LN14-2012"
"9a12e6d0-fc82-517b-80f3-d87970e724c7","4fc5e8dc-4242-5872-8ff3-64f66eb73a26","Elwak North ward","elwak north ward","common","en","KDA-TRANSCRIPTION-LN14-2012"
"3a5740c8-93fe-5a23-b9bb-ac838f3372ef","2264ee6b-56de-52ed-a18d-429101e882e7","Shimbir Fatuma","shimbir fatuma","canonical","en","KDA-TRANSCRIPTION-LN14-2012"
"6d17c98e-2b42-5171-a725-ef73b1550378","2264ee6b-56de-52ed-a18d-429101e882e7","Shimbir Fatuma ward","shimbir fatuma ward","common","en","KDA-TRANSCRIPTION-LN14-2012"
"6d535152-cf93-59fd-9c34-1d6bdb03e7ca","5c1d6dc0-1c9e-54e3-b089-437b8b165b26","Arabia","arabia","canonical","en","KDA-TRANSCRIPTION-LN14-2012"
"3c1dcb0b-1f67-5c76-8cef-90537fb628ea","5c1d6dc0-1c9e-54e3-b089-437b8b165b26","Arabia ward","arabia ward","common","en","KDA-TRANSCRIPTION-LN14-2012"
"7c437be7-d583-5d2a-9819-27d500151613","7a99021e-0f4c-5049-be57-cb9d9ee4e07a","Bulla Mpya","bulla mpya","canonical","en","KDA-TRANSCRIPTION-LN14-2012"
"c1199dac-fa6d-5659-9b03-1c81ea66ced6","7a99021e-0f4c-5049-be57-cb9d9ee4e07a","Bulla Mpya ward","bulla mpya ward","common","en","KDA-TRANSCRIPTION-LN14-2012"
"c2e5b764-25f1-518b-a341-a638fed06b5a","3c5a18cb-1b99-5614-b68c-fbf1dd9f94b0","Khalalio","khalalio","canonical","en","KDA-TRANSCRIPTION-LN14-2012"
"77e56555-5efd-5da0-a930-7a95d2f32c9e","3c5a18cb-1b99-5614-b68c-fbf1dd9f94b0","Khalalio ward","khalalio ward","common","en","KDA-TRANSCRIPTION-LN14-2012"
"1358f378-5a95-5f77-bf1b-1f57637eb5f3","47c159b4-9c49-5041-a379-537bc713acf5","Neboi","neboi","canonical","en","KDA-TRANSCRIPTION-LN14-2012"
"ed24496f-1aaf-569c-90b1-affbfa586ec2","47c159b4-9c49-5041-a379-537bc713acf5","Neboi ward","neboi ward","common","en","KDA-TRANSCRIPTION-LN14-2012"
"195dc6cd-bc07-58d4-ac61-0d92408e8da3","0463e5a7-88c2-539d-9c9c-ee04b0495551","Township","township","canonical","en","KDA-TRANSCRIPTION-LN14-2012"
"e8c17ac9-742f-5be3-94aa-946180593c8a","0463e5a7-88c2-539d-9c9c-ee04b0495551","Township ward","township ward","common","en","KDA-TRANSCRIPTION-LN14-2012"
"a7eec6e6-891d-5ed3-b690-6e45e430ed80","465bfee6-bbed-5d66-a57e-7409e94f8284","Libehia","libehia","canonical","en","KDA-TRANSCRIPTION-LN14-2012"
"c46e00ee-2fd3-56de-a57a-472f87989021","465bfee6-bbed-5d66-a57e-7409e94f8284","Libehia ward","libehia ward","common","en","KDA-TRANSCRIPTION-LN14-2012"
"29df0fbd-1d0c-5f2d-91fe-963b2449843f","cf87f312-4e6e-5fb0-9615-270048e3827f","Fino","fino","canonical","en","KDA-TRANSCRIPTION-LN14-2012"
"0d5d9094-436c-5a8c-b977-f440282bfa1d","cf87f312-4e6e-5fb0-9615-270048e3827f","Fino ward","fino ward","common","en","KDA-TRANSCRIPTION-LN14-2012"
"ea961c77-335a-5776-a437-7d0d0b366943","36984ed0-6240-58ae-abc2-41b371314962","Lafey","lafey","canonical","en","KDA-TRANSCRIPTION-LN14-2012"
"afb36a5f-f299-5a9d-a3a9-1d060b7b50a6","36984ed0-6240-58ae-abc2-41b371314962","Lafey ward","lafey ward","common","en","KDA-TRANSCRIPTION-LN14-2012"
"828d419d-520e-50e2-9ade-c75c4e317b26","b986aece-594a-5ab5-a801-88959e3c19f0","Warankara","warankara","canonical","en","KDA-TRANSCRIPTION-LN14-2012"
"edae2f7a-8681-5044-83e9-cc853fe07980","b986aece-594a-5ab5-a801-88959e3c19f0","Warankara ward","warankara ward","common","en","KDA-TRANSCRIPTION-LN14-2012"
"487864dc-67f6-594c-a489-bfe39ddb1a0e","eac79b61-6963-5eae-86dc-b9d02c42ad4d","Alungo Gof","alungo gof","canonical","en","KDA-TRANSCRIPTION-LN14-2012"
"8311105b-876d-563e-9376-896855f84b6f","eac79b61-6963-5eae-86dc-b9d02c42ad4d","Alungo Gof ward","alungo gof ward","common","en","KDA-TRANSCRIPTION-LN14-2012"
"e30ac5cc-f262-5ade-8c06-c305f25c4c24","a0093471-dba2-5802-ab02-e7ca5ae5a41e","Butiye","butiye","canonical","en","KDA-TRANSCRIPTION-LN14-2012"
"8c85b5e6-4ec6-592b-8456-477057bcba96","a0093471-dba2-5802-ab02-e7ca5ae5a41e","Butiye ward","butiye ward","common","en","KDA-TRANSCRIPTION-LN14-2012"
"fd6e038e-1407-59ba-b88d-a6e38fb6858f","2ac97b8f-4e17-5718-9d6b-001cf9c42dba","Sololo","sololo","canonical","en","KDA-TRANSCRIPTION-LN14-2012"
"929760e7-6834-51f3-bb5d-778e401f74ce","2ac97b8f-4e17-5718-9d6b-001cf9c42dba","Sololo ward","sololo ward","common","en","KDA-TRANSCRIPTION-LN14-2012"
"d90729a1-c235-5e2f-9ed5-cab7ec6050c1","78b861bd-f480-5af5-ae3c-6513ff29bac1","Heilu-Manyatta","heilu manyatta","canonical","en","KDA-TRANSCRIPTION-LN14-2012"
"fd1a5706-0379-5f25-807e-7d8dece05dc6","78b861bd-f480-5af5-ae3c-6513ff29bac1","Heilu-Manyatta ward","heilu manyatta ward","common","en","KDA-TRANSCRIPTION-LN14-2012"
"16fc3332-4e59-5053-b5d7-a1392bccf437","4fa47de4-70c9-5b80-8469-4c0570c35cea","Golbo","golbo","canonical","en","KDA-TRANSCRIPTION-LN14-2012"
"44e7e803-bfaa-588e-8148-c95d7f080de8","4fa47de4-70c9-5b80-8469-4c0570c35cea","Golbo ward","golbo ward","common","en","KDA-TRANSCRIPTION-LN14-2012"
"71763739-4725-5a3f-ac35-d4e0cecdc4e3","cda856b1-6d27-5594-b156-fd4b6eb4c237","Moyale Township","moyale township","canonical","en","KDA-TRANSCRIPTION-LN14-2012"
"3e8266e1-8d1a-5c50-82d0-ce7747010965","cda856b1-6d27-5594-b156-fd4b6eb4c237","Moyale Township ward","moyale township ward","common","en","KDA-TRANSCRIPTION-LN14-2012"
"413951ee-b4ac-5ba5-8d13-d7db59794ba0","0e8d83a9-3ad9-5330-b74e-5c4344e15ee2","Uran","uran","canonical","en","KDA-TRANSCRIPTION-LN14-2012"
"a053b995-dd1f-526b-a704-c1b992429744","0e8d83a9-3ad9-5330-b74e-5c4344e15ee2","Uran ward","uran ward","common","en","KDA-TRANSCRIPTION-LN14-2012"
"e397f526-3fec-5adb-bf50-99e780c03f6a","9b1cbb3b-19ea-566c-9d20-a626da3ac62d","Obbu","obbu","canonical","en","KDA-TRANSCRIPTION-LN14-2012"
"b2bbbcbc-0ff2-5ad0-8722-7aa8b65d8e65","9b1cbb3b-19ea-566c-9d20-a626da3ac62d","Obbu ward","obbu ward","common","en","KDA-TRANSCRIPTION-LN14-2012"
"411225b1-ccd8-5431-8eee-94e823cd332a","675aab50-2a29-5ccc-81ab-260bd1a4ce5c","Illeret","illeret","canonical","en","KDA-TRANSCRIPTION-LN14-2012"
"e0f49605-916a-5632-92e1-e651c82e2f4b","675aab50-2a29-5ccc-81ab-260bd1a4ce5c","Illeret ward","illeret ward","common","en","KDA-TRANSCRIPTION-LN14-2012"
"688b2e28-0cfc-5539-8246-16e8cdc13c85","0c8ec117-b0d0-5a8b-a1e7-32c3a9af0d0d","North Horr","north horr","canonical","en","KDA-TRANSCRIPTION-LN14-2012"
"78059630-6f57-5060-ba0f-9c4480c8ee00","0c8ec117-b0d0-5a8b-a1e7-32c3a9af0d0d","North Horr ward","north horr ward","common","en","KDA-TRANSCRIPTION-LN14-2012"
"0e7a5f7c-4816-5bd3-93c8-6901b1748a63","b27d2504-6244-5de3-a2e6-e5f494a2cf75","Dukana","dukana","canonical","en","KDA-TRANSCRIPTION-LN14-2012"
"7bcb14d8-ddc3-5ad5-8e89-033a376e5a60","b27d2504-6244-5de3-a2e6-e5f494a2cf75","Dukana ward","dukana ward","common","en","KDA-TRANSCRIPTION-LN14-2012"
"6f7e6f63-01f9-5eda-9c84-5cf1d17cd0c1","a05f9c2e-66f4-59bb-b4f8-0a4b1d2acfd3","Maikona","maikona","canonical","en","KDA-TRANSCRIPTION-LN14-2012"
"68841410-5cbf-50bb-9256-57f8e834715b","a05f9c2e-66f4-59bb-b4f8-0a4b1d2acfd3","Maikona ward","maikona ward","common","en","KDA-TRANSCRIPTION-LN14-2012"
"bb4e7c92-0224-559c-9689-4083297f550b","e792893d-8a05-5ac2-a793-c5d7a8e240fe","Turbi","turbi","canonical","en","KDA-TRANSCRIPTION-LN14-2012"
"435f04af-10f1-556b-95c2-03c0622806ce","e792893d-8a05-5ac2-a793-c5d7a8e240fe","Turbi ward","turbi ward","common","en","KDA-TRANSCRIPTION-LN14-2012"
"a910fdbd-7f80-52d7-80eb-d899a659f242","24af9d9f-1b18-5e7e-92be-83cbcffe60d0","Sagante/Jaldesa","sagante jaldesa","canonical","en","KDA-TRANSCRIPTION-LN14-2012"
"d17801f8-9633-5c01-a497-32803cfd28ac","24af9d9f-1b18-5e7e-92be-83cbcffe60d0","Sagante/Jaldesa ward","sagante jaldesa ward","common","en","KDA-TRANSCRIPTION-LN14-2012"
"7b8276d9-8874-5474-b330-659771635a6d","1197dcc1-a3c1-53e4-9d23-0385bfd22038","Karare","karare","canonical","en","KDA-TRANSCRIPTION-LN14-2012"
"a8592dcd-2d12-5271-aa6e-74a71ada108a","1197dcc1-a3c1-53e4-9d23-0385bfd22038","Karare ward","karare ward","common","en","KDA-TRANSCRIPTION-LN14-2012"
"eedee65d-e88e-5a05-8b45-b9d614985f2a","956228a2-75e3-5d5f-9c47-b757c7ab0e50","Marsabit Central","marsabit central","canonical","en","KDA-TRANSCRIPTION-LN14-2012"
"334779dd-df1c-5515-807a-aec2e6af4c46","956228a2-75e3-5d5f-9c47-b757c7ab0e50","Marsabit Central ward","marsabit central ward","common","en","KDA-TRANSCRIPTION-LN14-2012"
"8a623854-f972-5a0c-a597-c888cbb9b348","7fa46083-d09c-58f1-abed-c127723f7c63","Loiyangalani","loiyangalani","canonical","en","KDA-TRANSCRIPTION-LN14-2012"
"29d68a67-641c-566f-99d2-8a146b5ec4cb","7fa46083-d09c-58f1-abed-c127723f7c63","Loiyangalani ward","loiyangalani ward","common","en","KDA-TRANSCRIPTION-LN14-2012"
"c4980a40-4152-502e-91cd-8033262c12a8","c35c52d8-60b5-5a0d-a843-3e66fd78694e","Kargi/South Horr","kargi south horr","canonical","en","KDA-TRANSCRIPTION-LN14-2012"
"456ed363-f987-5c68-b1ed-7e5979524c7d","c35c52d8-60b5-5a0d-a843-3e66fd78694e","Kargi/South Horr ward","kargi south horr ward","common","en","KDA-TRANSCRIPTION-LN14-2012"
"3146d561-762c-54a7-94e4-bff224d6a1c6","b3c5ad30-b8d3-53b5-abe2-b423b63b8612","Korr/Ngurunit","korr ngurunit","canonical","en","KDA-TRANSCRIPTION-LN14-2012"
"a7d20aa3-b557-5f10-8000-7c62e8d38bb6","b3c5ad30-b8d3-53b5-abe2-b423b63b8612","Korr/Ngurunit ward","korr ngurunit ward","common","en","KDA-TRANSCRIPTION-LN14-2012"
"20a06eba-0e82-583c-88a3-9a26e742e8b4","088efcf4-a4be-5e53-90c1-a05046753107","Log Logo","log logo","canonical","en","KDA-TRANSCRIPTION-LN14-2012"
"5ecd7fd1-21af-54cc-b1d4-866088d844f5","088efcf4-a4be-5e53-90c1-a05046753107","Log Logo ward","log logo ward","common","en","KDA-TRANSCRIPTION-LN14-2012"
"45de79e0-0be1-5005-81a8-ceeb677688a0","e017929e-7f45-5b41-924e-fbe8e81f16b5","Laisamis","laisamis","canonical","en","KDA-TRANSCRIPTION-LN14-2012"
"328178c9-e882-5e94-948e-367e9ff417a1","e017929e-7f45-5b41-924e-fbe8e81f16b5","Laisamis ward","laisamis ward","common","en","KDA-TRANSCRIPTION-LN14-2012"
"c48f7103-4fdf-5001-90dc-db1780329b27","fda9b297-3768-5a36-afea-0bc2e2cc23a2","Wabera","wabera","canonical","en","KDA-TRANSCRIPTION-LN14-2012"
"7d377a89-00fe-5e51-8e6f-864cce390100","fda9b297-3768-5a36-afea-0bc2e2cc23a2","Wabera ward","wabera ward","common","en","KDA-TRANSCRIPTION-LN14-2012"
"8035df68-241d-5cbe-aaed-01f308d5d4a4","9ae3f6a0-8cf9-5742-8d4c-3ec146d0d7f0","Bulla Pesa","bulla pesa","canonical","en","KDA-TRANSCRIPTION-LN14-2012"
"cb3924ec-4722-54e7-a9ac-94545ae49c74","9ae3f6a0-8cf9-5742-8d4c-3ec146d0d7f0","Bulla Pesa ward","bulla pesa ward","common","en","KDA-TRANSCRIPTION-LN14-2012"
"4d2177ae-7c6b-5f07-ac98-e39b7dfc49e0","570619bb-3d4a-5b3b-93f8-b71734a7588a","Chari","chari","canonical","en","KDA-TRANSCRIPTION-LN14-2012"
"36b3dcff-3aac-54de-8c7d-a953354c739b","570619bb-3d4a-5b3b-93f8-b71734a7588a","Chari ward","chari ward","common","en","KDA-TRANSCRIPTION-LN14-2012"
"45e76bdf-7625-5e92-b3ff-def080656b5c","0f9b5304-2c45-536a-bad7-7f6be63337b2","Cherab","cherab","canonical","en","KDA-TRANSCRIPTION-LN14-2012"
"c90b12f7-a7ad-5a77-bde4-ea0adc2c7601","0f9b5304-2c45-536a-bad7-7f6be63337b2","Cherab ward","cherab ward","common","en","KDA-TRANSCRIPTION-LN14-2012"
"c73819cc-f7e5-5762-82a6-d48b561f1755","521be53b-4f64-53b8-b4d3-c4a139705949","Ngare Mara","ngare mara","canonical","en","KDA-TRANSCRIPTION-LN14-2012"
"dd626b23-88e4-58d1-8e91-56aa62c1b0cf","521be53b-4f64-53b8-b4d3-c4a139705949","Ngare Mara ward","ngare mara ward","common","en","KDA-TRANSCRIPTION-LN14-2012"
"c9272ab5-8982-5d8d-b423-c4bcb0520231","4fe3624e-e7fd-5a50-a66c-ea9949aee092","Burat","burat","canonical","en","KDA-TRANSCRIPTION-LN14-2012"
"8cc7886a-eace-5ec3-99c6-07da7d2efad2","4fe3624e-e7fd-5a50-a66c-ea9949aee092","Burat ward","burat ward","common","en","KDA-TRANSCRIPTION-LN14-2012"
"b27cef21-1a60-5cf2-92b9-ed32949db960","df1b8c22-6f1f-51ec-8ea8-9fff3d2ae20c","Oldonyiro","oldonyiro","canonical","en","KDA-TRANSCRIPTION-LN14-2012"
"bbc12d7d-f3c8-5afc-a314-df4856e8047a","df1b8c22-6f1f-51ec-8ea8-9fff3d2ae20c","Oldonyiro ward","oldonyiro ward","common","en","KDA-TRANSCRIPTION-LN14-2012"
"f93885ba-2222-5955-b05e-e9d7e8d93162","f46ca082-0828-57e5-b8f4-00d2c8b45484","Garbatulla","garbatulla","canonical","en","KDA-TRANSCRIPTION-LN14-2012"
"4ce78c24-664b-5aa2-949e-de54d1f88c33","f46ca082-0828-57e5-b8f4-00d2c8b45484","Garbatulla ward","garbatulla ward","common","en","KDA-TRANSCRIPTION-LN14-2012"
"d32baf66-856d-5e61-9c13-abf0118f20da","ba8f81bb-0248-5506-96e5-ec79ce5a5c60","Kinna","kinna","canonical","en","KDA-TRANSCRIPTION-LN14-2012"
"9fc20b96-99a9-5eda-9ff8-0141fac73c2b","ba8f81bb-0248-5506-96e5-ec79ce5a5c60","Kinna ward","kinna ward","common","en","KDA-TRANSCRIPTION-LN14-2012"
"b1dd0116-d55e-5f62-8008-909f576089c0","70cc6860-64dd-5848-abab-9239ff443c54","Sericho","sericho","canonical","en","KDA-TRANSCRIPTION-LN14-2012"
"9f7f67bb-0afb-5be0-9be5-a9d7b891f397","70cc6860-64dd-5848-abab-9239ff443c54","Sericho ward","sericho ward","common","en","KDA-TRANSCRIPTION-LN14-2012"
"e7f0ee20-ba12-5ed4-809f-555dc169ef59","9d4109c0-9b28-50a0-bcde-5e89b3db1b7b","Maua","maua","canonical","en","KDA-TRANSCRIPTION-LN14-2012"
"35467e36-792b-504a-b9bb-2ae238b2bf33","9d4109c0-9b28-50a0-bcde-5e89b3db1b7b","Maua ward","maua ward","common","en","KDA-TRANSCRIPTION-LN14-2012"
"c3297aad-2e20-53a1-8f7f-ff2ca2221c6e","d747986e-a05b-5d20-9a7a-1a798195adfc","Kiegoi/Antubochiu","kiegoi antubochiu","canonical","en","KDA-TRANSCRIPTION-LN14-2012"
"d8b8536a-1ad1-511d-b477-c508c95eeb5f","d747986e-a05b-5d20-9a7a-1a798195adfc","Kiegoi/Antubochiu ward","kiegoi antubochiu ward","common","en","KDA-TRANSCRIPTION-LN14-2012"
"4d7f9087-20cc-56ea-9d39-e4ed95807042","ae97ba8a-4823-58e1-b046-fe4d4321ed6d","Athiru Gaiti","athiru gaiti","canonical","en","KDA-TRANSCRIPTION-LN14-2012"
"2ba7435c-c45a-5a6c-9abe-12aaa31e3732","ae97ba8a-4823-58e1-b046-fe4d4321ed6d","Athiru Gaiti ward","athiru gaiti ward","common","en","KDA-TRANSCRIPTION-LN14-2012"
"a6304c2a-0d40-5403-af24-cc5db86f7ca8","90bfb4e0-245e-52e3-958d-24de0306f41d","Akachiu","akachiu","canonical","en","KDA-TRANSCRIPTION-LN14-2012"
"c7239567-5019-54b0-a2ad-978a44714b6b","90bfb4e0-245e-52e3-958d-24de0306f41d","Akachiu ward","akachiu ward","common","en","KDA-TRANSCRIPTION-LN14-2012"
"ed3d8018-8506-57ae-b28a-b64caec1582d","5abf08c4-7168-5f7c-89b0-f68ea6ee5816","Kanuni","kanuni","canonical","en","KDA-TRANSCRIPTION-LN14-2012"
"4e0be2d0-b7a9-51be-b7ef-a5b101145bda","5abf08c4-7168-5f7c-89b0-f68ea6ee5816","Kanuni ward","kanuni ward","common","en","KDA-TRANSCRIPTION-LN14-2012"
"44af7833-ce12-5b85-9140-df67e574f354","305627a2-13e3-5839-84ab-77f9645787ff","Akirang'ondu","akirangondu","canonical","en","KDA-TRANSCRIPTION-LN14-2012"
"18d5a965-299e-5286-b811-b15f02cfb01a","305627a2-13e3-5839-84ab-77f9645787ff","Akirang'ondu ward","akirangondu ward","common","en","KDA-TRANSCRIPTION-LN14-2012"
"5c51ab5d-3a74-5027-be66-2dc1a3a7bc44","53711a02-354c-59c2-9f09-bdb8d1a2987b","Athiru Ruujine","athiru ruujine","canonical","en","KDA-TRANSCRIPTION-LN14-2012"
"415966f9-64db-53ed-aba1-1d7ccaad4f05","53711a02-354c-59c2-9f09-bdb8d1a2987b","Athiru Ruujine ward","athiru ruujine ward","common","en","KDA-TRANSCRIPTION-LN14-2012"
"896ecfb8-7c44-5061-9d33-b3bbba8cae32","cb4a1e52-59c7-5d58-9127-82c8105a0149","Igembe East","igembe east","canonical","en","KDA-TRANSCRIPTION-LN14-2012"
"ebd9b456-41e6-5996-ba0d-76c7776d1a0d","cb4a1e52-59c7-5d58-9127-82c8105a0149","Igembe East ward","igembe east ward","common","en","KDA-TRANSCRIPTION-LN14-2012"
"1c6b88af-d748-57b9-9417-e4dcfc162017","0eab0f0f-6294-5145-9417-c038ada3cdf8","Njia","njia","canonical","en","KDA-TRANSCRIPTION-LN14-2012"
"e69f2731-9f56-5022-a2af-1cec97c315e0","0eab0f0f-6294-5145-9417-c038ada3cdf8","Njia ward","njia ward","common","en","KDA-TRANSCRIPTION-LN14-2012"
"d4ee3081-c5de-53e7-9f93-ab45f8de3dd8","58cb5dc2-67de-5b6f-933f-9067bed3070f","Kangeta","kangeta","canonical","en","KDA-TRANSCRIPTION-LN14-2012"
"e30f79b6-54c1-5fc7-80e6-96cbdee41bdf","58cb5dc2-67de-5b6f-933f-9067bed3070f","Kangeta ward","kangeta ward","common","en","KDA-TRANSCRIPTION-LN14-2012"
"722927bd-e8a1-5c2e-b20e-aac16cb33933","f4bb8832-1bd9-5f92-8dc2-f44e96118210","Antuambui","antuambui","canonical","en","KDA-TRANSCRIPTION-LN14-2012"
"51fdbefd-bdf9-5bea-a267-2fa3438e6714","f4bb8832-1bd9-5f92-8dc2-f44e96118210","Antuambui ward","antuambui ward","common","en","KDA-TRANSCRIPTION-LN14-2012"
"5d7e06c3-869b-5654-9136-d84c8d398e8b","c34f244a-c5c7-54a1-8ed3-415a3eb3bd12","Ntunene","ntunene","canonical","en","KDA-TRANSCRIPTION-LN14-2012"
"be4ca72a-528b-5512-8dd1-3de5443d37e3","c34f244a-c5c7-54a1-8ed3-415a3eb3bd12","Ntunene ward","ntunene ward","common","en","KDA-TRANSCRIPTION-LN14-2012"
"98348403-38f9-5ce7-a8aa-8b804538e7e6","012e8130-8300-5345-a943-319f1c8f20dd","Antubetwe Kiongo","antubetwe kiongo","canonical","en","KDA-TRANSCRIPTION-LN14-2012"
"cd75d96f-c4dc-528f-ab20-538199874ff6","012e8130-8300-5345-a943-319f1c8f20dd","Antubetwe Kiongo ward","antubetwe kiongo ward","common","en","KDA-TRANSCRIPTION-LN14-2012"
"10bb687c-acba-534d-933e-98d0b2bf6cab","47d9670e-624e-5dfc-bfba-2f394f8e4f5f","Naathu","naathu","canonical","en","KDA-TRANSCRIPTION-LN14-2012"
"95664ce3-6769-5919-97cc-7407eb474d44","47d9670e-624e-5dfc-bfba-2f394f8e4f5f","Naathu ward","naathu ward","common","en","KDA-TRANSCRIPTION-LN14-2012"
"3fcef71c-d988-58bd-86cd-273872d66d7a","317d89bc-6974-5598-99e6-751ee43261b8","Amwathi","amwathi","canonical","en","KDA-TRANSCRIPTION-LN14-2012"
"674f7fa0-0400-5b70-b38a-962a39e29bc0","317d89bc-6974-5598-99e6-751ee43261b8","Amwathi ward","amwathi ward","common","en","KDA-TRANSCRIPTION-LN14-2012"
"f9ef9847-20ea-5f9e-870b-b2585064fd44","b32736ad-610c-5ed7-8bc2-8c36f1a333ea","Athwana","athwana","canonical","en","KDA-TRANSCRIPTION-LN14-2012"
"eabc390e-d93e-5d76-8c29-d1fb8ff9b8bc","b32736ad-610c-5ed7-8bc2-8c36f1a333ea","Athwana ward","athwana ward","common","en","KDA-TRANSCRIPTION-LN14-2012"
"89dd950b-6be9-54fb-924b-11a127413fce","548f79b0-a09c-5c70-adde-a3b737fbce0d","Akithii","akithii","canonical","en","KDA-TRANSCRIPTION-LN14-2012"
"dd1cad86-53a1-5a9d-b77b-411e2a69a88e","548f79b0-a09c-5c70-adde-a3b737fbce0d","Akithii ward","akithii ward","common","en","KDA-TRANSCRIPTION-LN14-2012"
"0658e3f8-6171-5580-902c-8017f8d16f45","0dfacd50-540d-54a6-9fb0-6d73ca6553f7","Kianjai","kianjai","canonical","en","KDA-TRANSCRIPTION-LN14-2012"
"4f614c05-05ce-55d5-bfaf-238c22a30c43","0dfacd50-540d-54a6-9fb0-6d73ca6553f7","Kianjai ward","kianjai ward","common","en","KDA-TRANSCRIPTION-LN14-2012"
"3b4be027-639c-5148-b607-4bce2c284786","53c3994b-8520-52ee-8012-6bf407865539","Nkomo","nkomo","canonical","en","KDA-TRANSCRIPTION-LN14-2012"
"da0062fd-8b15-5ce1-abf5-9749cc9001ce","53c3994b-8520-52ee-8012-6bf407865539","Nkomo ward","nkomo ward","common","en","KDA-TRANSCRIPTION-LN14-2012"
"0c87b57a-5a57-5253-9fa1-4c529a3e7a4c","7fa5d1dd-8f31-55d7-b380-f92efeff2e5b","Mbeu","mbeu","canonical","en","KDA-TRANSCRIPTION-LN14-2012"
"da7c68c7-2895-5b18-9b9e-610be5f049bf","7fa5d1dd-8f31-55d7-b380-f92efeff2e5b","Mbeu ward","mbeu ward","common","en","KDA-TRANSCRIPTION-LN14-2012"
"fd40757e-cf9e-533c-ab9d-69f398485213","535c933d-c6fd-5572-bbbe-7192ce027b90","Thangatha","thangatha","canonical","en","KDA-TRANSCRIPTION-LN14-2012"
"d1f1b886-fb7c-5526-aa8f-781c661596df","535c933d-c6fd-5572-bbbe-7192ce027b90","Thangatha ward","thangatha ward","common","en","KDA-TRANSCRIPTION-LN14-2012"
"f135ff17-a9ca-57d3-925f-13a14c93462f","38a0a054-36e8-54bb-b396-c231cc6db00a","Mikinduri","mikinduri","canonical","en","KDA-TRANSCRIPTION-LN14-2012"
"bdb66f9a-e57b-5048-8a2e-c4b31a58e364","38a0a054-36e8-54bb-b396-c231cc6db00a","Mikinduri ward","mikinduri ward","common","en","KDA-TRANSCRIPTION-LN14-2012"
"ead9553a-130e-5861-a181-d8392534e1c1","b3f4bedf-94b9-5365-9934-c3678bb93219","Kiguchwa","kiguchwa","canonical","en","KDA-TRANSCRIPTION-LN14-2012"
"5265e892-1252-526c-abec-9985335a1ca3","b3f4bedf-94b9-5365-9934-c3678bb93219","Kiguchwa ward","kiguchwa ward","common","en","KDA-TRANSCRIPTION-LN14-2012"
"5232f86c-0c44-5fa5-855f-f0b572ed7561","e764b4eb-1623-5d52-b90b-ace1756b9198","Muthara","muthara","canonical","en","KDA-TRANSCRIPTION-LN14-2012"
"b3334df9-4f19-5762-8c21-ed61a857c195","e764b4eb-1623-5d52-b90b-ace1756b9198","Muthara ward","muthara ward","common","en","KDA-TRANSCRIPTION-LN14-2012"
"1093cf81-22ba-5228-aafb-84cf5689885e","55493060-75e4-52bd-b3bd-7e2a787cd6a9","Karama","karama","canonical","en","KDA-TRANSCRIPTION-LN14-2012"
"3bf141dc-2ec9-5e14-8635-27d2a0030cf7","55493060-75e4-52bd-b3bd-7e2a787cd6a9","Karama ward","karama ward","common","en","KDA-TRANSCRIPTION-LN14-2012"
"928ae6c2-67ef-56bf-ab47-bf60da52d3da","e8fca19f-c7a1-5735-9e1d-d6cf44acfabc","Municipality","municipality","canonical","en","KDA-TRANSCRIPTION-LN14-2012"
"001661a4-de4f-5a40-b111-21287684736b","e8fca19f-c7a1-5735-9e1d-d6cf44acfabc","Municipality ward","municipality ward","common","en","KDA-TRANSCRIPTION-LN14-2012"
"8d6ee9e1-99da-5344-82f2-bdf2e9fe83a7","65d71585-853c-5da7-94ff-8a86ff17e6fe","Ntima East","ntima east","canonical","en","KDA-TRANSCRIPTION-LN14-2012"
"8f2b5a6c-4381-5faf-92ea-5bcb076bd1df","65d71585-853c-5da7-94ff-8a86ff17e6fe","Ntima East ward","ntima east ward","common","en","KDA-TRANSCRIPTION-LN14-2012"
"c57ff6f2-f167-5615-8094-0a3c4c07362e","b3d2cbb6-59b6-55c7-842c-db5acc0b59f4","Ntima West","ntima west","canonical","en","KDA-TRANSCRIPTION-LN14-2012"
"c7f9afa1-b3ab-50bf-8eab-977ffdb97503","b3d2cbb6-59b6-55c7-842c-db5acc0b59f4","Ntima West ward","ntima west ward","common","en","KDA-TRANSCRIPTION-LN14-2012"
"1c546f16-c768-5231-8449-16c45bd94e66","b8520e77-36de-5fc9-9945-b62c50b8317f","Nyaki West","nyaki west","canonical","en","KDA-TRANSCRIPTION-LN14-2012"
"c479236c-d19f-5a16-90e8-02871b039f00","b8520e77-36de-5fc9-9945-b62c50b8317f","Nyaki West ward","nyaki west ward","common","en","KDA-TRANSCRIPTION-LN14-2012"
"913ee7aa-21a2-578d-8325-0854ad721506","979de6dd-4c5b-5e87-8dab-6d3e58880d4d","Nyaki East","nyaki east","canonical","en","KDA-TRANSCRIPTION-LN14-2012"
"a3b43fa8-6454-5344-a039-dcb8ad92f348","979de6dd-4c5b-5e87-8dab-6d3e58880d4d","Nyaki East ward","nyaki east ward","common","en","KDA-TRANSCRIPTION-LN14-2012"
"fc290e51-229f-5b9f-9269-1bfd9d7bc55a","c2cd14b0-adab-56c5-be87-93f9eaa206f7","Timau","timau","canonical","en","KDA-TRANSCRIPTION-LN14-2012"
"6a447974-8f96-56e4-98ec-409967a6824d","c2cd14b0-adab-56c5-be87-93f9eaa206f7","Timau ward","timau ward","common","en","KDA-TRANSCRIPTION-LN14-2012"
"7713058b-7067-51bb-9f1e-e6e874529001","4db6116d-ae94-538a-8a4f-3edc936d34e5","Kisima","kisima","canonical","en","KDA-TRANSCRIPTION-LN14-2012"
"052eff39-bd15-5fcc-8fa9-f98e67fc6d7a","4db6116d-ae94-538a-8a4f-3edc936d34e5","Kisima ward","kisima ward","common","en","KDA-TRANSCRIPTION-LN14-2012"
"04e55314-bf26-5953-9035-acca73c809b2","1904577f-9b6b-5c21-9c10-fffe450d4fa3","Kiirua/Naari","kiirua naari","canonical","en","KDA-TRANSCRIPTION-LN14-2012"
"09bdc0e3-f049-51fa-b86f-8d671ae31c8d","1904577f-9b6b-5c21-9c10-fffe450d4fa3","Kiirua/Naari ward","kiirua naari ward","common","en","KDA-TRANSCRIPTION-LN14-2012"
"5cdae901-4c1c-513d-9a5e-11f3e79ccd85","03ff5a09-d6a3-5dc3-bef1-1e84ae087db0","Ruiri/Rwarera","ruiri rwarera","canonical","en","KDA-TRANSCRIPTION-LN14-2012"
"cf326d49-6d17-5902-8329-4814d9e640ae","03ff5a09-d6a3-5dc3-bef1-1e84ae087db0","Ruiri/Rwarera ward","ruiri rwarera ward","common","en","KDA-TRANSCRIPTION-LN14-2012"
"5fb759d5-b73f-5f02-99d2-34b384ac840a","701ce1ef-97d6-54eb-b799-5eb5d583e027","Kibirichia","kibirichia","canonical","en","KDA-TRANSCRIPTION-LN14-2012"
"3b325ed0-4c66-5368-994b-e9d537c3b1a8","701ce1ef-97d6-54eb-b799-5eb5d583e027","Kibirichia ward","kibirichia ward","common","en","KDA-TRANSCRIPTION-LN14-2012"
"7a2dfb6f-7913-529c-bb0e-3c6cb51f09cc","f646c6fc-50d2-52a3-9430-008778e92808","Mwanganthia","mwanganthia","canonical","en","KDA-TRANSCRIPTION-LN14-2012"
"3dc76ad9-7122-59f3-9dd3-75299ff24bef","f646c6fc-50d2-52a3-9430-008778e92808","Mwanganthia ward","mwanganthia ward","common","en","KDA-TRANSCRIPTION-LN14-2012"
"754804f1-8ce4-5af3-81b0-a67cb8891cf3","d8dc27ed-144d-55bb-80b4-fe8293fbf66d","Abothuguchi Central","abothuguchi central","canonical","en","KDA-TRANSCRIPTION-LN14-2012"
"f5f87132-6107-5b18-bada-9bfdd2c30058","d8dc27ed-144d-55bb-80b4-fe8293fbf66d","Abothuguchi Central ward","abothuguchi central ward","common","en","KDA-TRANSCRIPTION-LN14-2012"
"6dd7ce2c-2cd0-5a5c-bf56-d01438a4dd11","47afe396-5370-514e-853d-a842cc72dba2","Abothuguchi West","abothuguchi west","canonical","en","KDA-TRANSCRIPTION-LN14-2012"
"a922b744-5b09-5ad2-b02f-6667434d2c5f","47afe396-5370-514e-853d-a842cc72dba2","Abothuguchi West ward","abothuguchi west ward","common","en","KDA-TRANSCRIPTION-LN14-2012"
"f8b30ea1-10d8-5122-b3e8-e7fc04e4cdd8","6858e3fc-ba0a-5ed4-872a-a7fcf287f49d","Kiagu","kiagu","canonical","en","KDA-TRANSCRIPTION-LN14-2012"
"2a3926f5-ef20-5bfb-b975-2060ad99e0b2","6858e3fc-ba0a-5ed4-872a-a7fcf287f49d","Kiagu ward","kiagu ward","common","en","KDA-TRANSCRIPTION-LN14-2012"
"1c05408e-1df6-5f85-ace2-c5f6ad777cd7","cda51c7b-5e25-546c-b0ee-5704b0e05f17","Mitunguu","mitunguu","canonical","en","KDA-TRANSCRIPTION-LN14-2012"
"69723e95-e98c-5d14-a430-08085db33bc7","cda51c7b-5e25-546c-b0ee-5704b0e05f17","Mitunguu ward","mitunguu ward","common","en","KDA-TRANSCRIPTION-LN14-2012"
"e945e257-0bf8-50ca-876f-46a67002aee0","1bbe2fc3-c6d0-5f8a-ab16-8a7dc50dd851","Igoji East","igoji east","canonical","en","KDA-TRANSCRIPTION-LN14-2012"
"1d52525c-ea96-5baa-a89a-39eb956e5e3c","1bbe2fc3-c6d0-5f8a-ab16-8a7dc50dd851","Igoji East ward","igoji east ward","common","en","KDA-TRANSCRIPTION-LN14-2012"
"1d47290d-9712-59d1-9e0b-f965b54cf9c1","2837686b-d0ca-57b8-b1bf-1eabfac0fe36","Igoji West","igoji west","canonical","en","KDA-TRANSCRIPTION-LN14-2012"
"35024b57-9868-52d8-82a4-f34da2a351f4","2837686b-d0ca-57b8-b1bf-1eabfac0fe36","Igoji West ward","igoji west ward","common","en","KDA-TRANSCRIPTION-LN14-2012"
"7df718e5-5f4d-5bea-9963-cc4088b404c7","870d3e25-18d6-5b8a-abb4-47c4101718fe","Abogeta East","abogeta east","canonical","en","KDA-TRANSCRIPTION-LN14-2012"
"b62118a7-f70a-5a91-8ef9-65363e0087a9","870d3e25-18d6-5b8a-abb4-47c4101718fe","Abogeta East ward","abogeta east ward","common","en","KDA-TRANSCRIPTION-LN14-2012"
"7af024fd-a58f-5184-979b-f121b164242b","1d509de0-580e-5633-ac9a-d23546b81cb4","Abogeta West","abogeta west","canonical","en","KDA-TRANSCRIPTION-LN14-2012"
"f9d7ef65-b06b-557d-9bc3-e7aeeee52823","1d509de0-580e-5633-ac9a-d23546b81cb4","Abogeta West ward","abogeta west ward","common","en","KDA-TRANSCRIPTION-LN14-2012"
"b809cf74-4de7-5ff3-8eed-886f64842e26","f2a93ffa-45c4-5efe-87ee-b5382bcc6cb7","Nkuene","nkuene","canonical","en","KDA-TRANSCRIPTION-LN14-2012"
"be49d8e9-be0c-567c-b388-48f181ffe060","f2a93ffa-45c4-5efe-87ee-b5382bcc6cb7","Nkuene ward","nkuene ward","common","en","KDA-TRANSCRIPTION-LN14-2012"
"b309452b-ee6f-518d-8adf-a627039390b7","b9232f9f-d8a1-561f-a99d-6919ba181e2e","Mitheru","mitheru","canonical","en","KDA-TRANSCRIPTION-LN14-2012"
"ed8bf17e-b56e-5e22-8908-db84ae07a81e","b9232f9f-d8a1-561f-a99d-6919ba181e2e","Mitheru ward","mitheru ward","common","en","KDA-TRANSCRIPTION-LN14-2012"
"b297e34f-5429-5203-8c80-b1d4ff9f0e03","f87032e5-e965-51f7-9ae9-ba9e3705c875","Muthambi","muthambi","canonical","en","KDA-TRANSCRIPTION-LN14-2012"
"6f793012-db90-553f-820b-071430706039","f87032e5-e965-51f7-9ae9-ba9e3705c875","Muthambi ward","muthambi ward","common","en","KDA-TRANSCRIPTION-LN14-2012"
"1fa9f953-9b68-5b01-b903-07bf9a56456a","22237ec6-be76-5d2c-910c-b9e4074fbaa7","Mwimbi","mwimbi","canonical","en","KDA-TRANSCRIPTION-LN14-2012"
"358a9d05-c50d-5909-8a19-30fd417d0092","22237ec6-be76-5d2c-910c-b9e4074fbaa7","Mwimbi ward","mwimbi ward","common","en","KDA-TRANSCRIPTION-LN14-2012"
"3f4ddc9c-81b5-585b-a80f-305bd557f191","dd62a3c7-ec38-5fc9-930a-b4ecf4d80bd1","Ganga","ganga","canonical","en","KDA-TRANSCRIPTION-LN14-2012"
"916bb49b-0525-5c11-ba58-7bf09d41eecf","dd62a3c7-ec38-5fc9-930a-b4ecf4d80bd1","Ganga ward","ganga ward","common","en","KDA-TRANSCRIPTION-LN14-2012"
"8e7475ac-80bd-5c47-b7fb-bf210f0c64e3","dc739ca7-2625-5e97-b9a9-adfdf3b266ac","Chogoria","chogoria","canonical","en","KDA-TRANSCRIPTION-LN14-2012"
"992f233d-0734-51cf-bf9e-fcf2d5a4e15b","dc739ca7-2625-5e97-b9a9-adfdf3b266ac","Chogoria ward","chogoria ward","common","en","KDA-TRANSCRIPTION-LN14-2012"
"5541a2a6-dffe-5926-aaab-416abdb701b4","bad9dc01-374d-558b-8990-d9b00558013b","Mariani","mariani","canonical","en","KDA-TRANSCRIPTION-LN14-2012"
"3c7ff605-a471-5d47-961a-a4d09e42c7ca","bad9dc01-374d-558b-8990-d9b00558013b","Mariani ward","mariani ward","common","en","KDA-TRANSCRIPTION-LN14-2012"
"7fcd2c1b-6c57-5d06-aa7d-20e2171916ec","b45c7a54-926a-5f35-affc-4de42678ae3d","Karingani","karingani","canonical","en","KDA-TRANSCRIPTION-LN14-2012"
"776a5973-f394-5b4e-be2c-f9ed0c97e9b8","b45c7a54-926a-5f35-affc-4de42678ae3d","Karingani ward","karingani ward","common","en","KDA-TRANSCRIPTION-LN14-2012"
"8a05cca2-f1a0-5421-99a6-c075a07ecb84","65ad00cb-940e-5e6c-bc1b-a00466595f6f","Magumoni","magumoni","canonical","en","KDA-TRANSCRIPTION-LN14-2012"
"0100ca72-2615-5d47-a21c-aec47a062034","65ad00cb-940e-5e6c-bc1b-a00466595f6f","Magumoni ward","magumoni ward","common","en","KDA-TRANSCRIPTION-LN14-2012"
"9e23c637-22d1-5bae-8171-2137adda2c3b","c7c9455c-ca25-5e84-a349-498d47b92c72","Mugwe","mugwe","canonical","en","KDA-TRANSCRIPTION-LN14-2012"
"82fc1a41-3251-53ad-bd10-22e93580a833","c7c9455c-ca25-5e84-a349-498d47b92c72","Mugwe ward","mugwe ward","common","en","KDA-TRANSCRIPTION-LN14-2012"
"0f54f98b-f255-55fd-8628-f6877c86f911","bddfa363-2483-5334-a88a-778d0f66f9d3","Igambang'ombe","igambangombe","canonical","en","KDA-TRANSCRIPTION-LN14-2012"
"78feb0ec-cad3-58db-8f99-abaedd2d8896","bddfa363-2483-5334-a88a-778d0f66f9d3","Igambang'ombe ward","igambangombe ward","common","en","KDA-TRANSCRIPTION-LN14-2012"
"f19a620c-324c-5e3d-b6be-64e502605b6e","2d51561e-e009-562c-91e6-8b09217b8f66","Gatunga","gatunga","canonical","en","KDA-TRANSCRIPTION-LN14-2012"
"41e35974-d043-57a2-99ec-13afafb49f7f","2d51561e-e009-562c-91e6-8b09217b8f66","Gatunga ward","gatunga ward","common","en","KDA-TRANSCRIPTION-LN14-2012"
"6c5b3080-da86-5544-938e-4e37a06b4cdd","5bf94ab4-daf9-5ef4-a098-4cc6f4db7bd2","Mukothima","mukothima","canonical","en","KDA-TRANSCRIPTION-LN14-2012"
"b0003065-3ff0-54d5-b3dd-41bb11fd09ff","5bf94ab4-daf9-5ef4-a098-4cc6f4db7bd2","Mukothima ward","mukothima ward","common","en","KDA-TRANSCRIPTION-LN14-2012"
"b8f19591-421b-58b1-885c-a911c5eef0c4","ad97eb89-19dd-52f6-82b7-7cf31a15829a","Nkondi","nkondi","canonical","en","KDA-TRANSCRIPTION-LN14-2012"
"480fed4f-8dfb-58f4-89af-241613cde261","ad97eb89-19dd-52f6-82b7-7cf31a15829a","Nkondi ward","nkondi ward","common","en","KDA-TRANSCRIPTION-LN14-2012"
"2b18e050-365b-5f24-8df0-e80f0bd76fa2","5e1b2568-ccda-57c9-9c04-47ec0de57863","Chiakariga","chiakariga","canonical","en","KDA-TRANSCRIPTION-LN14-2012"
"fbbcd68c-d66e-56de-90d3-eabf8b6e9f2f","5e1b2568-ccda-57c9-9c04-47ec0de57863","Chiakariga ward","chiakariga ward","common","en","KDA-TRANSCRIPTION-LN14-2012"
"7b2a44ca-243e-58d9-8e28-f546fde5a972","94926a61-e7b9-53fb-ae76-4f9aa5e85048","Marimanti","marimanti","canonical","en","KDA-TRANSCRIPTION-LN14-2012"
"d0dd2cc8-c908-5cd0-97f3-54223830085e","94926a61-e7b9-53fb-ae76-4f9aa5e85048","Marimanti ward","marimanti ward","common","en","KDA-TRANSCRIPTION-LN14-2012"
"da1c21a5-2152-5f93-b647-7e99ddf8aacd","9bec2a04-64fb-5115-ab79-6b9b621198fe","Ruguru/Ngandori","ruguru ngandori","canonical","en","KDA-TRANSCRIPTION-LN14-2012"
"362567cf-1665-5c04-b8ed-e45387465308","9bec2a04-64fb-5115-ab79-6b9b621198fe","Ruguru/Ngandori ward","ruguru ngandori ward","common","en","KDA-TRANSCRIPTION-LN14-2012"
"ee0d16ed-f22b-5f1e-91b4-ee76f36a89e7","ee786c49-86fd-511e-9403-6eb9274c6138","Kithimu","kithimu","canonical","en","KDA-TRANSCRIPTION-LN14-2012"
"191506f8-730e-55a6-9223-f4d0d4d9c47f","ee786c49-86fd-511e-9403-6eb9274c6138","Kithimu ward","kithimu ward","common","en","KDA-TRANSCRIPTION-LN14-2012"
"9b2c3515-6915-5ca7-882b-77708da27009","32e414c8-cbe5-58f1-92e1-7d89158ce8c3","Nginda","nginda","canonical","en","KDA-TRANSCRIPTION-LN14-2012"
"46272c88-48e6-51b7-8797-ce239738a178","32e414c8-cbe5-58f1-92e1-7d89158ce8c3","Nginda ward","nginda ward","common","en","KDA-TRANSCRIPTION-LN14-2012"
"c7bdca41-0c2d-5bab-8021-1306b262e943","5f79a25d-f50e-59cb-8063-b21fbe78bbe9","Mbeti North","mbeti north","canonical","en","KDA-TRANSCRIPTION-LN14-2012"
"d09e59c3-484a-5dee-82b1-a1d7087346e0","5f79a25d-f50e-59cb-8063-b21fbe78bbe9","Mbeti North ward","mbeti north ward","common","en","KDA-TRANSCRIPTION-LN14-2012"
"8a112c20-3223-5d12-98a7-bf3fceae5c9f","d5d4af33-7834-5651-8028-f77a487d01d1","Kirimari","kirimari","canonical","en","KDA-TRANSCRIPTION-LN14-2012"
"01ec73dd-9b84-53f2-b858-d53cca148c6d","d5d4af33-7834-5651-8028-f77a487d01d1","Kirimari ward","kirimari ward","common","en","KDA-TRANSCRIPTION-LN14-2012"
"322990f5-0f50-5fab-aa7a-2861423c0ab9","ba11a5eb-9b7c-53b7-a26d-6a0b072026c6","Gaturi South","gaturi south","canonical","en","KDA-TRANSCRIPTION-LN14-2012"
"8d130632-df1c-5bc0-930a-b0917e7b4d27","ba11a5eb-9b7c-53b7-a26d-6a0b072026c6","Gaturi South ward","gaturi south ward","common","en","KDA-TRANSCRIPTION-LN14-2012"
"72c25911-9b17-530a-86ce-62758f5044e1","64d1388a-e157-5259-8083-d4f5ca8864b8","Gaturi North","gaturi north","canonical","en","KDA-TRANSCRIPTION-LN14-2012"
"a0158473-4f15-58e9-bc68-91a2cf07b566","64d1388a-e157-5259-8083-d4f5ca8864b8","Gaturi North ward","gaturi north ward","common","en","KDA-TRANSCRIPTION-LN14-2012"
"d2dd9f32-49c9-5285-ae4e-d949dec16989","a0dfd5c0-02d3-5b48-90a1-a6df54377739","Kagaari South","kagaari south","canonical","en","KDA-TRANSCRIPTION-LN14-2012"
"76420fa5-dd25-56e6-a89c-117cfa91d3d7","a0dfd5c0-02d3-5b48-90a1-a6df54377739","Kagaari South ward","kagaari south ward","common","en","KDA-TRANSCRIPTION-LN14-2012"
"62544dfa-af80-5303-98e6-3651da3a69c7","37e62cc6-b8cd-5a52-8b4b-62cb1bac5dee","Central Ward","central ward","canonical","en","KDA-TRANSCRIPTION-LN14-2012"
"d4f9daea-625e-5ed2-a8a9-f04718c0dfa9","37e62cc6-b8cd-5a52-8b4b-62cb1bac5dee","Central Ward ward","central ward ward","common","en","KDA-TRANSCRIPTION-LN14-2012"
"6c776b2b-4cbd-5243-b2de-3b140b61b194","f3de9ae6-d57a-5f55-be24-e1dbdddcad68","Kagaari North","kagaari north","canonical","en","KDA-TRANSCRIPTION-LN14-2012"
"282db343-d5bc-5ac2-aaed-6465f646cbf2","f3de9ae6-d57a-5f55-be24-e1dbdddcad68","Kagaari North ward","kagaari north ward","common","en","KDA-TRANSCRIPTION-LN14-2012"
"c8a43c74-2646-5be1-9151-5b1f9c86a61e","e5054a2a-90ee-5582-9c75-cf709bd96916","Kyeni North","kyeni north","canonical","en","KDA-TRANSCRIPTION-LN14-2012"
"dd51507a-2f28-5a06-b40d-16f57b0ec095","e5054a2a-90ee-5582-9c75-cf709bd96916","Kyeni North ward","kyeni north ward","common","en","KDA-TRANSCRIPTION-LN14-2012"
"4be05b59-c161-51bc-851e-80be2dbb1f49","4a06d4d3-366c-5a71-949a-daf4b4ae1a0b","Kyeni South","kyeni south","canonical","en","KDA-TRANSCRIPTION-LN14-2012"
"66a47aab-95a6-5ff8-8744-b330328250b8","4a06d4d3-366c-5a71-949a-daf4b4ae1a0b","Kyeni South ward","kyeni south ward","common","en","KDA-TRANSCRIPTION-LN14-2012"
"b59607b6-01ca-5462-996b-7e1d2fd66b5e","b0ce2a3b-cd02-54b4-a081-e342531042a6","Mwea","mwea","canonical","en","KDA-TRANSCRIPTION-LN14-2012"
"006a00a9-49f2-5d3c-b5b7-1cde6a8d9a89","b0ce2a3b-cd02-54b4-a081-e342531042a6","Mwea ward","mwea ward","common","en","KDA-TRANSCRIPTION-LN14-2012"
"87e8870a-6e49-5c3b-8b27-cf7065e787a4","09533600-c0c2-5c2b-95b9-e4c40d7503f0","Makima","makima","canonical","en","KDA-TRANSCRIPTION-LN14-2012"
"404062a3-39d6-578e-aecb-66e863795403","09533600-c0c2-5c2b-95b9-e4c40d7503f0","Makima ward","makima ward","common","en","KDA-TRANSCRIPTION-LN14-2012"
"db10e533-1ba3-5ee0-9f45-d25c2b85bb70","c8dfdac6-c1f4-53f7-b08c-4b0b3ac490cb","Mbeti South","mbeti south","canonical","en","KDA-TRANSCRIPTION-LN14-2012"
"056ef447-8323-5005-a4cb-4fe3b2ef42b1","c8dfdac6-c1f4-53f7-b08c-4b0b3ac490cb","Mbeti South ward","mbeti south ward","common","en","KDA-TRANSCRIPTION-LN14-2012"
"689dc9ac-0abf-5bf3-906b-ba1b641eb10a","a5224e22-03bb-5127-83c1-56b7400a5f25","Mavuria","mavuria","canonical","en","KDA-TRANSCRIPTION-LN14-2012"
"9114fd1e-d059-5039-942e-373d1149503c","a5224e22-03bb-5127-83c1-56b7400a5f25","Mavuria ward","mavuria ward","common","en","KDA-TRANSCRIPTION-LN14-2012"
"a5b9164d-42d5-5041-a462-8f334c2ba925","e3c0631d-745e-5814-9fff-454347971a93","Kiambere","kiambere","canonical","en","KDA-TRANSCRIPTION-LN14-2012"
"f4f22091-e3bf-5a12-8bf9-ca5b54b9a331","e3c0631d-745e-5814-9fff-454347971a93","Kiambere ward","kiambere ward","common","en","KDA-TRANSCRIPTION-LN14-2012"
"a4787689-6903-50d0-9d78-8a626550a313","d106779b-6b87-509e-9147-eb7e48542e0b","Nthawa","nthawa","canonical","en","KDA-TRANSCRIPTION-LN14-2012"
"b396332c-c32c-5548-ad59-9ce540bb2c89","d106779b-6b87-509e-9147-eb7e48542e0b","Nthawa ward","nthawa ward","common","en","KDA-TRANSCRIPTION-LN14-2012"
"882aca9d-ed9f-56bf-9553-240a71262eba","6c060fd7-aeb9-5cfd-8350-cae3daaf4b42","Muminji","muminji","canonical","en","KDA-TRANSCRIPTION-LN14-2012"
"fc3c7fa8-2f9a-5757-a350-84382753fbde","6c060fd7-aeb9-5cfd-8350-cae3daaf4b42","Muminji ward","muminji ward","common","en","KDA-TRANSCRIPTION-LN14-2012"
"96434985-9239-528e-a51e-d6e4819fb191","0b51c701-829e-56b8-b008-9379a18f20d3","Evurore","evurore","canonical","en","KDA-TRANSCRIPTION-LN14-2012"
"b3e47f4a-2712-559d-a606-20f5e867c6b0","0b51c701-829e-56b8-b008-9379a18f20d3","Evurore ward","evurore ward","common","en","KDA-TRANSCRIPTION-LN14-2012"
"8cedebf8-9e4e-5626-badf-c67a61de8527","a2a3ba8d-d0a9-52ff-bace-1c84b96573ac","Ngomeni","ngomeni","canonical","en","KDA-TRANSCRIPTION-LN14-2012"
"0bed5273-895e-5edd-a30d-c2c1abe0b7d0","a2a3ba8d-d0a9-52ff-bace-1c84b96573ac","Ngomeni ward","ngomeni ward","common","en","KDA-TRANSCRIPTION-LN14-2012"
"4e9768f7-b53f-5b5c-b6f7-5a660215a0b6","a3b6948d-b965-52d4-9b49-31daa750aadc","Kyuso","kyuso","canonical","en","KDA-TRANSCRIPTION-LN14-2012"
"e0bbe404-29e0-5774-815e-b312f51135b4","a3b6948d-b965-52d4-9b49-31daa750aadc","Kyuso ward","kyuso ward","common","en","KDA-TRANSCRIPTION-LN14-2012"
"af653c34-8151-5ba1-86e1-9c4b79416944","bc9c535a-87dd-5189-9318-b996f1ad27cc","Mumoni","mumoni","canonical","en","KDA-TRANSCRIPTION-LN14-2012"
"eed44114-fe5c-5195-980c-9108cf2c66c1","bc9c535a-87dd-5189-9318-b996f1ad27cc","Mumoni ward","mumoni ward","common","en","KDA-TRANSCRIPTION-LN14-2012"
"0ffa69f2-4238-535c-b79a-dd4fd02ba3de","18e2dcb0-4066-53f4-96bc-f42a9b58318c","Tseikuru","tseikuru","canonical","en","KDA-TRANSCRIPTION-LN14-2012"
"d8aa4e89-5a60-5909-8855-834d689f180f","18e2dcb0-4066-53f4-96bc-f42a9b58318c","Tseikuru ward","tseikuru ward","common","en","KDA-TRANSCRIPTION-LN14-2012"
"ef2b2e19-1acc-5132-a7a9-93fd94bd8d99","4b4d444e-3b98-5124-b11c-67da0b1bb5ea","Tharaka","tharaka","canonical","en","KDA-TRANSCRIPTION-LN14-2012"
"3cd2429d-ee37-5745-a709-6910870715c2","4b4d444e-3b98-5124-b11c-67da0b1bb5ea","Tharaka ward","tharaka ward","common","en","KDA-TRANSCRIPTION-LN14-2012"
"27b4c036-1b26-5a1a-8817-01ad7c2e168f","f0e28ab4-2cce-5c58-aea6-668a23462313","Kyome/Thaana","kyome thaana","canonical","en","KDA-TRANSCRIPTION-LN14-2012"
"1b20c9ed-f088-512a-b75a-b8d32223e20d","f0e28ab4-2cce-5c58-aea6-668a23462313","Kyome/Thaana ward","kyome thaana ward","common","en","KDA-TRANSCRIPTION-LN14-2012"
"05bdea2e-8694-5fb9-b131-29f22f8c47b9","78b06159-7010-58a0-a712-35a477f96446","Nguutani","nguutani","canonical","en","KDA-TRANSCRIPTION-LN14-2012"
"efa85b54-38b4-5d45-8dbb-696192fe1ef8","78b06159-7010-58a0-a712-35a477f96446","Nguutani ward","nguutani ward","common","en","KDA-TRANSCRIPTION-LN14-2012"
"8f7155f6-33c7-5469-a974-6406ebc4fc32","f44cc775-9f32-5dac-aa19-1e6f29d7d7bc","Migwani","migwani","canonical","en","KDA-TRANSCRIPTION-LN14-2012"
"3f5d22a7-ed3c-56ff-9b3c-534df817c786","f44cc775-9f32-5dac-aa19-1e6f29d7d7bc","Migwani ward","migwani ward","common","en","KDA-TRANSCRIPTION-LN14-2012"
"3291ad38-1302-5e87-a00b-89d2a4b8138b","54340cf0-f307-598d-85d5-166304b4d34a","Kiomo/Kyethani","kiomo kyethani","canonical","en","KDA-TRANSCRIPTION-LN14-2012"
"9fa1603c-2605-5294-908f-76333e3326cd","54340cf0-f307-598d-85d5-166304b4d34a","Kiomo/Kyethani ward","kiomo kyethani ward","common","en","KDA-TRANSCRIPTION-LN14-2012"
"0835ac43-71a8-5515-a8d6-d87cf9e7cc68","92f8cbab-8a82-549e-b169-1aec4d70443e","Central","central","canonical","en","KDA-TRANSCRIPTION-LN14-2012"
"93d1bcf9-4457-544a-a560-633e078651c1","92f8cbab-8a82-549e-b169-1aec4d70443e","Central ward","central ward","common","en","KDA-TRANSCRIPTION-LN14-2012"
"ea4f9148-e677-5e29-8b62-53efc18dbc32","05050949-09cd-5861-b616-fe97aee67899","Kivou","kivou","canonical","en","KDA-TRANSCRIPTION-LN14-2012"
"839cfb8e-bdf3-533a-b44c-175d5d4e1a30","05050949-09cd-5861-b616-fe97aee67899","Kivou ward","kivou ward","common","en","KDA-TRANSCRIPTION-LN14-2012"
"0c7cbff8-1e30-5949-bf90-2b29e1353c3f","f9d5b3b2-139e-525a-8866-c721931fbd4b","Nguni","nguni","canonical","en","KDA-TRANSCRIPTION-LN14-2012"
"d0ff6509-a67a-57fd-bf0a-332a7a57483e","f9d5b3b2-139e-525a-8866-c721931fbd4b","Nguni ward","nguni ward","common","en","KDA-TRANSCRIPTION-LN14-2012"
"54036dda-d8c1-5c6d-9b5c-bdabdad31bb7","35b8492e-070c-50a2-a46b-6b8db7a88387","Nuu","nuu","canonical","en","KDA-TRANSCRIPTION-LN14-2012"
"368fa461-7eac-538b-b3ac-909bdeb12b80","35b8492e-070c-50a2-a46b-6b8db7a88387","Nuu ward","nuu ward","common","en","KDA-TRANSCRIPTION-LN14-2012"
"2dbb5883-dcef-5ab9-bc5e-296e44d9bbe4","ca4fefaf-7c82-5900-aad1-d22666fe8c9c","Mui","mui","canonical","en","KDA-TRANSCRIPTION-LN14-2012"
"45c9549c-cd4f-507d-9975-315d8755d70c","ca4fefaf-7c82-5900-aad1-d22666fe8c9c","Mui ward","mui ward","common","en","KDA-TRANSCRIPTION-LN14-2012"
"b67cb99c-4d3b-5a76-b380-acb23bc8f746","43c95e0a-3544-59f7-991c-73d1431632f6","Waita","waita","canonical","en","KDA-TRANSCRIPTION-LN14-2012"
"ff57b5aa-cd1b-5c81-9d80-b7e2a9128fbd","43c95e0a-3544-59f7-991c-73d1431632f6","Waita ward","waita ward","common","en","KDA-TRANSCRIPTION-LN14-2012"
"179413bc-8672-55eb-a41f-578d6389909e","613fd9ff-032c-5acc-a827-6e46db693034","Mutonguni","mutonguni","canonical","en","KDA-TRANSCRIPTION-LN14-2012"
"8b526c7d-4282-52ff-b97c-1f598b431e34","613fd9ff-032c-5acc-a827-6e46db693034","Mutonguni ward","mutonguni ward","common","en","KDA-TRANSCRIPTION-LN14-2012"
"188165ac-cae9-5729-b58d-d781a364f420","d637b839-3182-5ed7-999f-bdf41d26790b","Kauwi","kauwi","canonical","en","KDA-TRANSCRIPTION-LN14-2012"
"7d1f6e6c-1ca9-56f1-a820-1f5e0ec2a271","d637b839-3182-5ed7-999f-bdf41d26790b","Kauwi ward","kauwi ward","common","en","KDA-TRANSCRIPTION-LN14-2012"
"592d9a4d-a2b4-510c-a381-5fdff01cf2c2","909c9f0e-edd5-50e3-8d59-6083ae872acd","Matinyani","matinyani","canonical","en","KDA-TRANSCRIPTION-LN14-2012"
"4142b3bd-43e5-5450-88c4-1f80ba46b88c","909c9f0e-edd5-50e3-8d59-6083ae872acd","Matinyani ward","matinyani ward","common","en","KDA-TRANSCRIPTION-LN14-2012"
"f1bff74f-8390-5430-b9e5-09892c75ac93","74d699ae-411a-5d6c-8d4c-9a450355ac4d","Kwa Mutonga/Kithumula","kwa mutonga kithumula","canonical","en","KDA-TRANSCRIPTION-LN14-2012"
"d12b8346-9d7f-5498-8ce4-28d3032ddaf7","74d699ae-411a-5d6c-8d4c-9a450355ac4d","Kwa Mutonga/Kithumula ward","kwa mutonga kithumula ward","common","en","KDA-TRANSCRIPTION-LN14-2012"
"b9ee643a-ee3e-52bb-94c0-aa9724ce13db","16a0f2c5-720a-52bc-84da-ec6ce40a31e6","Kisasi","kisasi","canonical","en","KDA-TRANSCRIPTION-LN14-2012"
"54f81450-1de2-5dc8-b9d6-6c57d0625fc1","16a0f2c5-720a-52bc-84da-ec6ce40a31e6","Kisasi ward","kisasi ward","common","en","KDA-TRANSCRIPTION-LN14-2012"
"3d70361d-32d1-5077-8e78-30e5c3768a80","08d8cb77-6e6f-5133-8ec6-bc2e74799e81","Mbitini","mbitini","canonical","en","KDA-TRANSCRIPTION-LN14-2012"
"c1e57de3-c25d-5175-8ea1-e4df90d6a67d","08d8cb77-6e6f-5133-8ec6-bc2e74799e81","Mbitini ward","mbitini ward","common","en","KDA-TRANSCRIPTION-LN14-2012"
"b9fc918d-3756-539a-86ce-7ea6ccc37df9","b4375bd8-576d-5759-8320-c5ac42920e49","Kwavonza/Yatta","kwavonza yatta","canonical","en","KDA-TRANSCRIPTION-LN14-2012"
"27346eee-29f2-5eec-abd2-784f7534fdf9","b4375bd8-576d-5759-8320-c5ac42920e49","Kwavonza/Yatta ward","kwavonza yatta ward","common","en","KDA-TRANSCRIPTION-LN14-2012"
"f1425c40-f990-5443-ba37-09fc0978e42e","5da36258-0d33-50f5-99e1-0d3cd0062cfd","Kanyangi","kanyangi","canonical","en","KDA-TRANSCRIPTION-LN14-2012"
"cb9f2650-0156-5c54-89a6-372e4f632e05","5da36258-0d33-50f5-99e1-0d3cd0062cfd","Kanyangi ward","kanyangi ward","common","en","KDA-TRANSCRIPTION-LN14-2012"
"8c0371e4-16fb-51c6-943d-737e1c80df2d","e1283696-c739-5280-bf95-80fb31742944","Miambani","miambani","canonical","en","KDA-TRANSCRIPTION-LN14-2012"
"4b7a39ee-57ec-5b25-9e91-5899e181c328","e1283696-c739-5280-bf95-80fb31742944","Miambani ward","miambani ward","common","en","KDA-TRANSCRIPTION-LN14-2012"
"bf82f93f-32e8-5bc6-aad1-bc1d6e569227","4c32d4b7-31e5-54f2-b632-0ff2c61bc7ea","Township","township","canonical","en","KDA-TRANSCRIPTION-LN14-2012"
"10317807-5449-5bd3-8323-808fa29942f4","4c32d4b7-31e5-54f2-b632-0ff2c61bc7ea","Township ward","township ward","common","en","KDA-TRANSCRIPTION-LN14-2012"
"48b3d924-6241-5b80-aad1-a5af3f81ef05","e3da7548-4da4-5c2f-89eb-40efcc1f2a2a","Kyangwithya West","kyangwithya west","canonical","en","KDA-TRANSCRIPTION-LN14-2012"
"7fb17f86-345f-5c65-a895-a61b150deb5b","e3da7548-4da4-5c2f-89eb-40efcc1f2a2a","Kyangwithya West ward","kyangwithya west ward","common","en","KDA-TRANSCRIPTION-LN14-2012"
"dfa363a7-a8e4-563e-ad21-c5cf74e72b79","bdeb1ecc-85ec-513b-a3ad-ba482981f997","Mulango","mulango","canonical","en","KDA-TRANSCRIPTION-LN14-2012"
"2baf4d67-67ef-5809-8c73-398b372f868a","bdeb1ecc-85ec-513b-a3ad-ba482981f997","Mulango ward","mulango ward","common","en","KDA-TRANSCRIPTION-LN14-2012"
"9f19305c-b712-5953-82ac-917c73f508df","76a09d4e-5638-5c1e-a613-3938c7da2923","Kyangwithya East","kyangwithya east","canonical","en","KDA-TRANSCRIPTION-LN14-2012"
"e5b9790d-625f-58c1-8c55-b36bbb4e38d5","76a09d4e-5638-5c1e-a613-3938c7da2923","Kyangwithya East ward","kyangwithya east ward","common","en","KDA-TRANSCRIPTION-LN14-2012"
"7b9239e6-98d5-5910-b980-c3f2573add42","8dac3b7d-07c5-5dc9-a651-513f71615528","Zombe/Mwitika","zombe mwitika","canonical","en","KDA-TRANSCRIPTION-LN14-2012"
"585a8566-b176-5c5e-8cbe-014d283da988","8dac3b7d-07c5-5dc9-a651-513f71615528","Zombe/Mwitika ward","zombe mwitika ward","common","en","KDA-TRANSCRIPTION-LN14-2012"
"7ee132dd-cc69-5872-9993-c625b08ffa50","02829bf3-fa82-50a3-874c-697b4b0d213c","Chuluni","chuluni","canonical","en","KDA-TRANSCRIPTION-LN14-2012"
"79aa7ec9-94a3-5827-a137-86faea917bda","02829bf3-fa82-50a3-874c-697b4b0d213c","Chuluni ward","chuluni ward","common","en","KDA-TRANSCRIPTION-LN14-2012"
"935999ca-593b-5f71-b919-ed9c6e1625ff","bae3a256-4c21-5f47-b0b1-8195770d189c","Nzambani","nzambani","canonical","en","KDA-TRANSCRIPTION-LN14-2012"
"d24d6a38-93f6-5ded-9423-2d0aa4ec27fc","bae3a256-4c21-5f47-b0b1-8195770d189c","Nzambani ward","nzambani ward","common","en","KDA-TRANSCRIPTION-LN14-2012"
"51b64946-623c-53d2-a81e-e1fad8b8e756","f332a43d-b547-5cf3-af25-5d02087315db","Voo/Kyamatu","voo kyamatu","canonical","en","KDA-TRANSCRIPTION-LN14-2012"
"286db43a-4cdd-555d-bfd4-ab18d5df67b7","f332a43d-b547-5cf3-af25-5d02087315db","Voo/Kyamatu ward","voo kyamatu ward","common","en","KDA-TRANSCRIPTION-LN14-2012"
"1a9b0542-c76f-55fd-8cc9-1a36fa1db64c","75d62070-2772-578f-867c-daea27460d83","Endau/Malalani","endau malalani","canonical","en","KDA-TRANSCRIPTION-LN14-2012"
"da21659c-b50c-5965-9c4d-4b51a5c2f75e","75d62070-2772-578f-867c-daea27460d83","Endau/Malalani ward","endau malalani ward","common","en","KDA-TRANSCRIPTION-LN14-2012"
"9236d2cf-8e18-50aa-9617-6cbe512d1332","d82d64dd-8706-5290-b32d-945929e92c9e","Mutito/Kaliku","mutito kaliku","canonical","en","KDA-TRANSCRIPTION-LN14-2012"
"14a67fc7-df06-58a4-b62f-b0126858f9bf","d82d64dd-8706-5290-b32d-945929e92c9e","Mutito/Kaliku ward","mutito kaliku ward","common","en","KDA-TRANSCRIPTION-LN14-2012"
"0b3edf1d-53f1-5b40-9233-26adeca46303","437e32ce-bfdb-51b4-b75f-a0da6aad2f15","Ikanga/Kyatune","ikanga kyatune","canonical","en","KDA-TRANSCRIPTION-LN14-2012"
"8212c3c3-b5fd-577a-acff-ee610e6133a4","437e32ce-bfdb-51b4-b75f-a0da6aad2f15","Ikanga/Kyatune ward","ikanga kyatune ward","common","en","KDA-TRANSCRIPTION-LN14-2012"
"c6c44cb8-6aa9-58be-8bae-5b756619da8f","fbe92394-faa2-59e5-a265-ecc0da707d60","Mutomo","mutomo","canonical","en","KDA-TRANSCRIPTION-LN14-2012"
"ce583924-b72e-5d0d-9176-dbd2fec8aed0","fbe92394-faa2-59e5-a265-ecc0da707d60","Mutomo ward","mutomo ward","common","en","KDA-TRANSCRIPTION-LN14-2012"
"9de800a2-dd18-5f37-9e02-d8fd031884a4","83881b94-490f-5f71-83bf-d4856fe93c1f","Mutha","mutha","canonical","en","KDA-TRANSCRIPTION-LN14-2012"
"a14b45ba-760a-5f5c-9c2f-11b319510f58","83881b94-490f-5f71-83bf-d4856fe93c1f","Mutha ward","mutha ward","common","en","KDA-TRANSCRIPTION-LN14-2012"
"d8065884-7c1c-5879-a226-00d0167a19b0","cc9e262e-749f-523e-8cb7-51a9168b8812","Ikutha","ikutha","canonical","en","KDA-TRANSCRIPTION-LN14-2012"
"9cc5388d-b86d-52a2-9225-b822fcaa2c4b","cc9e262e-749f-523e-8cb7-51a9168b8812","Ikutha ward","ikutha ward","common","en","KDA-TRANSCRIPTION-LN14-2012"
"fc60edde-84f0-5075-95fd-4e52b880cac8","53f2b1f2-7ac2-5a76-a39b-bfe5c182f7b5","Kanziko","kanziko","canonical","en","KDA-TRANSCRIPTION-LN14-2012"
"13013c55-5de4-5c5f-b33c-11550c61a93d","53f2b1f2-7ac2-5a76-a39b-bfe5c182f7b5","Kanziko ward","kanziko ward","common","en","KDA-TRANSCRIPTION-LN14-2012"
"a288c757-495c-5b27-bbf4-da150c1b2c75","c8c3775d-0458-529c-b347-1d30b99b6984","Athi","athi","canonical","en","KDA-TRANSCRIPTION-LN14-2012"
"a4ef48f7-fdeb-5dad-8886-e3da913ef435","c8c3775d-0458-529c-b347-1d30b99b6984","Athi ward","athi ward","common","en","KDA-TRANSCRIPTION-LN14-2012"
"f7e62962-76de-581c-bea8-a991d4dd8880","8fba00b8-4ff7-53c4-b1fa-c7930ce5d7fa","Kivaa","kivaa","canonical","en","KDA-TRANSCRIPTION-LN14-2012"
"44e145b0-582b-5cd1-8a1b-7cba46ec9512","8fba00b8-4ff7-53c4-b1fa-c7930ce5d7fa","Kivaa ward","kivaa ward","common","en","KDA-TRANSCRIPTION-LN14-2012"
"5fa686bd-66e5-5785-9ade-bb40ce33f62e","9c859a9e-d2c5-5190-b985-7982ccef76b2","Masinga Central","masinga central","canonical","en","KDA-TRANSCRIPTION-LN14-2012"
"3758befc-4f6c-5007-ad35-5c43dc288974","9c859a9e-d2c5-5190-b985-7982ccef76b2","Masinga Central ward","masinga central ward","common","en","KDA-TRANSCRIPTION-LN14-2012"
"cedb564e-a036-5022-8259-28ec5231e0e7","fc0707e1-b330-5b70-a509-f28c254774e3","Ekalakala","ekalakala","canonical","en","KDA-TRANSCRIPTION-LN14-2012"
"60dcd4ad-6a68-5eef-a2f5-3cb3c41aa090","fc0707e1-b330-5b70-a509-f28c254774e3","Ekalakala ward","ekalakala ward","common","en","KDA-TRANSCRIPTION-LN14-2012"
"30c7c0f8-378d-52e7-bf86-d74c5b7ed900","d1027da7-0c1e-578d-8225-fecb619348b4","Muthesya","muthesya","canonical","en","KDA-TRANSCRIPTION-LN14-2012"
"6cdc3877-830d-5153-8c8a-9c76eb7ea324","d1027da7-0c1e-578d-8225-fecb619348b4","Muthesya ward","muthesya ward","common","en","KDA-TRANSCRIPTION-LN14-2012"
"ca549fcd-7cfb-5eb1-9d07-5bb965d3801a","1598c3b8-8ca3-5875-a7ac-46a2420b363b","Ndithini","ndithini","canonical","en","KDA-TRANSCRIPTION-LN14-2012"
"c8ba4dd1-81d5-5244-a6f5-02dadfc174e0","1598c3b8-8ca3-5875-a7ac-46a2420b363b","Ndithini ward","ndithini ward","common","en","KDA-TRANSCRIPTION-LN14-2012"
"9c7ae50b-0f98-5eb3-8c77-557f164a2e56","59bddde9-c8a1-5155-a5da-c69077b4a0e2","Ndalani","ndalani","canonical","en","KDA-TRANSCRIPTION-LN14-2012"
"7bf8eab3-9d09-5a95-bbf5-30173dbd71d8","59bddde9-c8a1-5155-a5da-c69077b4a0e2","Ndalani ward","ndalani ward","common","en","KDA-TRANSCRIPTION-LN14-2012"
"3a36d025-5989-5d08-b962-da51def64378","dd12670b-7ef4-5b4f-b1aa-0aa6c1539f93","Matuu","matuu","canonical","en","KDA-TRANSCRIPTION-LN14-2012"
"722c6227-947d-5128-97a3-0fbe96458c7f","dd12670b-7ef4-5b4f-b1aa-0aa6c1539f93","Matuu ward","matuu ward","common","en","KDA-TRANSCRIPTION-LN14-2012"
"b5872092-817b-54f2-94ab-04db915fd1d5","3da57f0a-575a-542d-b302-1b0d98f1356d","Kithimani","kithimani","canonical","en","KDA-TRANSCRIPTION-LN14-2012"
"7d3ae69b-3210-52f0-91ba-5abf1f3b8947","3da57f0a-575a-542d-b302-1b0d98f1356d","Kithimani ward","kithimani ward","common","en","KDA-TRANSCRIPTION-LN14-2012"
"5c075125-6f6d-5fc5-aadd-f87ff1ac67ba","1334d104-d315-5d75-874b-de44483fe12c","Ikombe","ikombe","canonical","en","KDA-TRANSCRIPTION-LN14-2012"
"461c514b-d1fc-5321-9f57-1bd1f0e1390c","1334d104-d315-5d75-874b-de44483fe12c","Ikombe ward","ikombe ward","common","en","KDA-TRANSCRIPTION-LN14-2012"
"17c2ff78-86cf-5955-ab46-df9ad813cdd8","573d01b8-5572-575a-a0c2-cd76606e5160","Katangi","katangi","canonical","en","KDA-TRANSCRIPTION-LN14-2012"
"e030d97d-c7b6-56e0-9af0-d616feaea553","573d01b8-5572-575a-a0c2-cd76606e5160","Katangi ward","katangi ward","common","en","KDA-TRANSCRIPTION-LN14-2012"
"48746f32-6932-5be6-9f88-ff36773f94ee","898dd524-5f21-5fba-8b8c-9d9e65e5ed43","Kangundo North","kangundo north","canonical","en","KDA-TRANSCRIPTION-LN14-2012"
"97fd2039-a304-51e2-99d2-ed729f281aab","898dd524-5f21-5fba-8b8c-9d9e65e5ed43","Kangundo North ward","kangundo north ward","common","en","KDA-TRANSCRIPTION-LN14-2012"
"7e22bd98-b36c-5700-8c3e-9d4d930048e7","4c05c41c-4cb5-5bcc-b83a-e915d38613f9","Kangundo Central","kangundo central","canonical","en","KDA-TRANSCRIPTION-LN14-2012"
"2e824389-42cf-520a-a619-d6ae1cb41a03","4c05c41c-4cb5-5bcc-b83a-e915d38613f9","Kangundo Central ward","kangundo central ward","common","en","KDA-TRANSCRIPTION-LN14-2012"
"379d0bc8-5683-5756-8863-fc69c3f29723","cfc1e36f-b5aa-5da2-90d4-43d996b69279","Kangundo East","kangundo east","canonical","en","KDA-TRANSCRIPTION-LN14-2012"
"545b0cca-c0fa-5078-b98f-deda271423c4","cfc1e36f-b5aa-5da2-90d4-43d996b69279","Kangundo East ward","kangundo east ward","common","en","KDA-TRANSCRIPTION-LN14-2012"
"0f590a07-6309-558e-b6a2-4bd9bde956b5","f8a45b51-4005-5a3e-9efd-876f3996394e","Kangundo West","kangundo west","canonical","en","KDA-TRANSCRIPTION-LN14-2012"
"586083c9-f3a3-5bfa-922c-662d288c8232","f8a45b51-4005-5a3e-9efd-876f3996394e","Kangundo West ward","kangundo west ward","common","en","KDA-TRANSCRIPTION-LN14-2012"
"d9f5003d-dfa1-536c-9f9c-d24c29fdd7eb","f778e249-8501-51c8-aa9f-6ce776f1fa85","Tala","tala","canonical","en","KDA-TRANSCRIPTION-LN14-2012"
"6b61b6b7-dcf5-5460-9d19-547e036bb808","f778e249-8501-51c8-aa9f-6ce776f1fa85","Tala ward","tala ward","common","en","KDA-TRANSCRIPTION-LN14-2012"
"59fbf769-5f48-5be2-b1ea-746d32853eb4","5baba020-5436-5067-98d9-13350e87f594","Matungulu North","matungulu north","canonical","en","KDA-TRANSCRIPTION-LN14-2012"
"cf51ced2-7668-5ee4-bb5b-b71bc4a112e0","5baba020-5436-5067-98d9-13350e87f594","Matungulu North ward","matungulu north ward","common","en","KDA-TRANSCRIPTION-LN14-2012"
"9fd423c2-e191-5016-a378-59a732134fba","da5a5e7e-3929-588c-a9ee-2b2fb8dec673","Matungulu East","matungulu east","canonical","en","KDA-TRANSCRIPTION-LN14-2012"
"ca53b2a7-f3fe-55e9-80b7-26944997a76d","da5a5e7e-3929-588c-a9ee-2b2fb8dec673","Matungulu East ward","matungulu east ward","common","en","KDA-TRANSCRIPTION-LN14-2012"
"e7199905-85d4-585e-92a7-b30fdabd7214","f48df194-269e-5bc5-8796-a8420b86cbc4","Matungulu West","matungulu west","canonical","en","KDA-TRANSCRIPTION-LN14-2012"
"31c6cb3e-6d6e-5556-85d8-58e8d9b8c41a","f48df194-269e-5bc5-8796-a8420b86cbc4","Matungulu West ward","matungulu west ward","common","en","KDA-TRANSCRIPTION-LN14-2012"
"4019e97f-5ae9-54a2-b543-f2df81b0141e","96899165-978e-5dc5-9e13-563fd55abc2f","Kyeleni","kyeleni","canonical","en","KDA-TRANSCRIPTION-LN14-2012"
"d3b6f2ed-d83a-5930-a547-013e060e34e4","96899165-978e-5dc5-9e13-563fd55abc2f","Kyeleni ward","kyeleni ward","common","en","KDA-TRANSCRIPTION-LN14-2012"
"bfccb754-e4b8-570e-877a-30e51c693617","fe54909d-dca7-5f19-8ecd-75105d823d54","Mitaboni","mitaboni","canonical","en","KDA-TRANSCRIPTION-LN14-2012"
"239b0317-2797-5e27-b74c-3f8e72a89079","fe54909d-dca7-5f19-8ecd-75105d823d54","Mitaboni ward","mitaboni ward","common","en","KDA-TRANSCRIPTION-LN14-2012"
"1cfebb33-06f3-50b3-afe4-79c50482b173","ab4d3386-d299-5845-a084-9a3f2aa0adce","Kathiani Central","kathiani central","canonical","en","KDA-TRANSCRIPTION-LN14-2012"
"d6e8d829-ed8d-58a1-af2c-770d9f1ae8ab","ab4d3386-d299-5845-a084-9a3f2aa0adce","Kathiani Central ward","kathiani central ward","common","en","KDA-TRANSCRIPTION-LN14-2012"
"e2c912d4-a88b-506f-ba91-6446fb38762a","fdd54cfa-0ea6-50d3-815d-07757474021e","Upper Kaewa/Iveti","upper kaewa iveti","canonical","en","KDA-TRANSCRIPTION-LN14-2012"
"48db48f7-8380-5561-9696-9dab4b811f2f","fdd54cfa-0ea6-50d3-815d-07757474021e","Upper Kaewa/Iveti ward","upper kaewa iveti ward","common","en","KDA-TRANSCRIPTION-LN14-2012"
"e871df49-44d6-58e2-b1b9-a1fb935d7871","fc0efec3-4ade-5cc4-9d4c-0e10b4aa905a","Lower Kaewa/Kaani","lower kaewa kaani","canonical","en","KDA-TRANSCRIPTION-LN14-2012"
"6869eae0-50ff-570d-898c-a4a6b923b612","fc0efec3-4ade-5cc4-9d4c-0e10b4aa905a","Lower Kaewa/Kaani ward","lower kaewa kaani ward","common","en","KDA-TRANSCRIPTION-LN14-2012"
"d66aa0f7-6ac0-552e-9598-a935edcfc7a7","25c4199b-66e1-54cb-8fcd-a8edbcaa0ee0","Athi River","athi river","canonical","en","KDA-TRANSCRIPTION-LN14-2012"
"247c6066-c1f5-51d5-9aea-588e32d14e82","25c4199b-66e1-54cb-8fcd-a8edbcaa0ee0","Athi River ward","athi river ward","common","en","KDA-TRANSCRIPTION-LN14-2012"
"10d2ff1e-0f28-564d-bfcf-148abd788b88","be5944db-90bf-5b65-b230-ffd66e6b4c72","Kinanie","kinanie","canonical","en","KDA-TRANSCRIPTION-LN14-2012"
"c0d5a10e-2ace-51bc-91f4-fd5b86024ad2","be5944db-90bf-5b65-b230-ffd66e6b4c72","Kinanie ward","kinanie ward","common","en","KDA-TRANSCRIPTION-LN14-2012"
"fbc543de-ff12-5c29-8b9c-5c910caeceb0","d51457cc-8845-541e-bdcb-04481d095e77","Muthwani","muthwani","canonical","en","KDA-TRANSCRIPTION-LN14-2012"
"79f53178-ca53-5e94-b5d0-57dfd0b20093","d51457cc-8845-541e-bdcb-04481d095e77","Muthwani ward","muthwani ward","common","en","KDA-TRANSCRIPTION-LN14-2012"
"e072b155-a64b-5057-8651-3b3058e05b60","36eefe74-7cea-57c0-843a-ea42b45a15cd","Syokimau/Mulolongo","syokimau mulolongo","canonical","en","KDA-TRANSCRIPTION-LN14-2012"
"48644ee5-2e74-5bd2-964c-ddefe6c120d6","36eefe74-7cea-57c0-843a-ea42b45a15cd","Syokimau/Mulolongo ward","syokimau mulolongo ward","common","en","KDA-TRANSCRIPTION-LN14-2012"
"4e3ad3b6-f6ef-5518-a913-c0d3c2955a70","baf73f53-d590-5409-8656-7f7d2fa00aac","Kalama","kalama","canonical","en","KDA-TRANSCRIPTION-LN14-2012"
"b747b559-b8e5-5fe5-b72a-d92804632209","baf73f53-d590-5409-8656-7f7d2fa00aac","Kalama ward","kalama ward","common","en","KDA-TRANSCRIPTION-LN14-2012"
"7e2acaf0-53d5-5411-be5a-5d2f3c77783e","d63bf11b-f870-5c5f-a5f8-0c07d9dae0a4","Mua","mua","canonical","en","KDA-TRANSCRIPTION-LN14-2012"
"da8354c0-d1bd-5768-b859-9338b38f31f5","d63bf11b-f870-5c5f-a5f8-0c07d9dae0a4","Mua ward","mua ward","common","en","KDA-TRANSCRIPTION-LN14-2012"
"675315f6-18a8-5541-9d1a-df2d9ff794f4","15babf6d-1c43-5024-9ae0-59cafaa4cfb9","Mutituni","mutituni","canonical","en","KDA-TRANSCRIPTION-LN14-2012"
"09f33a6c-5742-5dd0-b304-c5d09c904382","15babf6d-1c43-5024-9ae0-59cafaa4cfb9","Mutituni ward","mutituni ward","common","en","KDA-TRANSCRIPTION-LN14-2012"
"d4ac610d-46a4-5a6d-869d-142272693c17","c393071c-fdbf-5fbc-ad27-3e9ac4929bb1","Machakos Central","machakos central","canonical","en","KDA-TRANSCRIPTION-LN14-2012"
"c9a4d3c1-698b-575d-8bfa-78ff1c6f58dc","c393071c-fdbf-5fbc-ad27-3e9ac4929bb1","Machakos Central ward","machakos central ward","common","en","KDA-TRANSCRIPTION-LN14-2012"
"baac7686-92b2-542d-8de7-4a70221e6762","e8d5edb4-b141-55c5-82ff-b5fab2a3fb37","Mumbuni North","mumbuni north","canonical","en","KDA-TRANSCRIPTION-LN14-2012"
"a4159b24-c02f-5c3d-8480-921aacc0cbaf","e8d5edb4-b141-55c5-82ff-b5fab2a3fb37","Mumbuni North ward","mumbuni north ward","common","en","KDA-TRANSCRIPTION-LN14-2012"
"b71e9af2-7ba9-5a03-b448-6e3504204dab","087cab96-6bb0-5a21-a952-d16128a0d7c4","Muvuti/Kiima-Kimwe","muvuti kiima kimwe","canonical","en","KDA-TRANSCRIPTION-LN14-2012"
"02452efd-4f72-59c7-aceb-f1cf9e74f899","087cab96-6bb0-5a21-a952-d16128a0d7c4","Muvuti/Kiima-Kimwe ward","muvuti kiima kimwe ward","common","en","KDA-TRANSCRIPTION-LN14-2012"
"0b28fcd2-3a48-5c1a-8f7f-69fb16013531","eb1009b9-a2f5-54e1-9c55-f6cf2d6e8d4f","Kola","kola","canonical","en","KDA-TRANSCRIPTION-LN14-2012"
"d674b15a-5aa6-5137-b629-465495108966","eb1009b9-a2f5-54e1-9c55-f6cf2d6e8d4f","Kola ward","kola ward","common","en","KDA-TRANSCRIPTION-LN14-2012"
"28acc5c7-dbf5-5c78-9500-3d26e185dd61","cb4c14cf-a6a3-5539-88b0-f5e1b01c1645","Mbiuni","mbiuni","canonical","en","KDA-TRANSCRIPTION-LN14-2012"
"6ce22ee1-cc55-5fb3-831e-833676ea0d0a","cb4c14cf-a6a3-5539-88b0-f5e1b01c1645","Mbiuni ward","mbiuni ward","common","en","KDA-TRANSCRIPTION-LN14-2012"
"260992c4-8d04-5f0c-84d9-77973c9c1fad","ade21a3d-858b-547b-8745-7b5d2e4568ac","Makutano/ Mwala","makutano mwala","canonical","en","KDA-TRANSCRIPTION-LN14-2012"
"84c6eef4-b734-550f-aaae-c2dd3c548cf9","ade21a3d-858b-547b-8745-7b5d2e4568ac","Makutano/ Mwala ward","makutano mwala ward","common","en","KDA-TRANSCRIPTION-LN14-2012"
"dfb7a1a2-323f-53af-8a43-765ca56eda3c","24723f62-d3ca-5132-8be1-be55220a58d7","Masii","masii","canonical","en","KDA-TRANSCRIPTION-LN14-2012"
"31ca6b4f-3139-561f-bc02-d82e780d500b","24723f62-d3ca-5132-8be1-be55220a58d7","Masii ward","masii ward","common","en","KDA-TRANSCRIPTION-LN14-2012"
"b19a9a64-0da6-57e9-b787-c08abdbd9cde","85e8dc71-3ce1-51e5-bddb-9a76adfdc8f5","Muthetheni","muthetheni","canonical","en","KDA-TRANSCRIPTION-LN14-2012"
"8580020c-bcec-511a-b4a5-3de91b3be0fe","85e8dc71-3ce1-51e5-bddb-9a76adfdc8f5","Muthetheni ward","muthetheni ward","common","en","KDA-TRANSCRIPTION-LN14-2012"
"485ef92b-1a3e-561f-8998-fe6bef670b0f","f30e90c4-63d4-5bc9-8d22-2c52430acaf0","Wamunyu","wamunyu","canonical","en","KDA-TRANSCRIPTION-LN14-2012"
"b1faea13-7f2d-5512-beee-a39094af4d2f","f30e90c4-63d4-5bc9-8d22-2c52430acaf0","Wamunyu ward","wamunyu ward","common","en","KDA-TRANSCRIPTION-LN14-2012"
"4c41263c-785e-5e13-9188-b317a3ae87a9","c4aa03f3-439f-5cc5-aefa-980be7778437","Kibauni","kibauni","canonical","en","KDA-TRANSCRIPTION-LN14-2012"
"e109deb7-8222-5b32-8225-773d25e7c283","c4aa03f3-439f-5cc5-aefa-980be7778437","Kibauni ward","kibauni ward","common","en","KDA-TRANSCRIPTION-LN14-2012"
"da1b2e39-000c-5fcc-ab57-d02b53994862","a2ac0106-cbca-56d9-85f3-fb21fe9bf63f","Tulimani","tulimani","canonical","en","KDA-TRANSCRIPTION-LN14-2012"
"90805610-d716-5a29-a6e4-018b7a0c9ef0","a2ac0106-cbca-56d9-85f3-fb21fe9bf63f","Tulimani ward","tulimani ward","common","en","KDA-TRANSCRIPTION-LN14-2012"
"0fd34d66-4043-52b7-bb42-b6cd9efafb7b","1bedce60-9448-5cd5-8c68-cf9513da986d","Mbooni","mbooni","canonical","en","KDA-TRANSCRIPTION-LN14-2012"
"f21de43e-c855-5b55-9d31-a961f7a2b452","1bedce60-9448-5cd5-8c68-cf9513da986d","Mbooni ward","mbooni ward","common","en","KDA-TRANSCRIPTION-LN14-2012"
"fa4b8280-59bd-5ab0-921c-a09b0cff2dab","893a7350-698d-5a59-ad9f-2ae248ffeba8","Kithungo/Kitundu","kithungo kitundu","canonical","en","KDA-TRANSCRIPTION-LN14-2012"
"62af0626-6488-555c-ab17-3b5768743b48","893a7350-698d-5a59-ad9f-2ae248ffeba8","Kithungo/Kitundu ward","kithungo kitundu ward","common","en","KDA-TRANSCRIPTION-LN14-2012"
"24217527-d0e5-5bba-ae2e-b58eb87e394b","11c9368e-4b8a-5417-a4ea-e5d3cae27166","Kisau/Kiteta","kisau kiteta","canonical","en","KDA-TRANSCRIPTION-LN14-2012"
"bcda1cba-3a7c-5ac0-a42d-63c3f03c2c44","11c9368e-4b8a-5417-a4ea-e5d3cae27166","Kisau/Kiteta ward","kisau kiteta ward","common","en","KDA-TRANSCRIPTION-LN14-2012"
"297132e3-b839-53bd-9c06-699c5d226dc5","1e23f421-1e4f-58a7-96bf-632524d3502d","Waia/Kako","waia kako","canonical","en","KDA-TRANSCRIPTION-LN14-2012"
"d4023066-ebff-51f3-9921-824ead18a77f","1e23f421-1e4f-58a7-96bf-632524d3502d","Waia/Kako ward","waia kako ward","common","en","KDA-TRANSCRIPTION-LN14-2012"
"36ef60af-3922-5288-9533-ed65b53d030a","88aa19fa-3ef4-53c5-9bd1-c6161427ad3a","Kalawa","kalawa","canonical","en","KDA-TRANSCRIPTION-LN14-2012"
"5814317e-dd42-50b5-9a25-ec5f6a411a03","88aa19fa-3ef4-53c5-9bd1-c6161427ad3a","Kalawa ward","kalawa ward","common","en","KDA-TRANSCRIPTION-LN14-2012"
"959c15b5-54be-56ee-ba6d-4c4d15795a68","e686f691-9cf3-5f9b-b4bd-088da5b65db3","Kasikeu","kasikeu","canonical","en","KDA-TRANSCRIPTION-LN14-2012"
"0db991da-dded-5718-a410-9ce712a38ce7","e686f691-9cf3-5f9b-b4bd-088da5b65db3","Kasikeu ward","kasikeu ward","common","en","KDA-TRANSCRIPTION-LN14-2012"
"66bbf4d0-4a6f-5758-97ec-fda4166aef4d","21b2c9ce-7dcd-50fd-9236-211ee7964b75","Mukaa","mukaa","canonical","en","KDA-TRANSCRIPTION-LN14-2012"
"ddb1a91f-087b-537a-8d8c-0e96bb682d41","21b2c9ce-7dcd-50fd-9236-211ee7964b75","Mukaa ward","mukaa ward","common","en","KDA-TRANSCRIPTION-LN14-2012"
"30df1252-d3f4-58f0-ac4a-5a0399772d6e","a50c54b7-7b29-5b60-95a2-85edf7ac0c7b","Kiima Kiu/Kalanzoni","kiima kiu kalanzoni","canonical","en","KDA-TRANSCRIPTION-LN14-2012"
"a420c796-9289-5b2f-b170-0327b34c1df5","a50c54b7-7b29-5b60-95a2-85edf7ac0c7b","Kiima Kiu/Kalanzoni ward","kiima kiu kalanzoni ward","common","en","KDA-TRANSCRIPTION-LN14-2012"
"a70af377-818b-51ba-a12b-252b6d18d3d6","4d82fc0e-2450-516e-aa4c-e7e03ea2d67e","Ukia","ukia","canonical","en","KDA-TRANSCRIPTION-LN14-2012"
"7c024ca0-b4a5-5078-92e7-f481a90f63bd","4d82fc0e-2450-516e-aa4c-e7e03ea2d67e","Ukia ward","ukia ward","common","en","KDA-TRANSCRIPTION-LN14-2012"
"9ee80050-0bdd-5706-a103-1f1e1a8848db","e7e4043e-5e38-59b2-b70a-72be4a41392c","Kee","kee","canonical","en","KDA-TRANSCRIPTION-LN14-2012"
"3998ce6a-33ef-5d57-857d-a1c8294c7de5","e7e4043e-5e38-59b2-b70a-72be4a41392c","Kee ward","kee ward","common","en","KDA-TRANSCRIPTION-LN14-2012"
"fc426166-a67e-51d6-aaa4-0e53a7609b72","1c66e304-3ba8-5559-af8c-8ed166362bd8","Kilungu","kilungu","canonical","en","KDA-TRANSCRIPTION-LN14-2012"
"8b778f4d-d230-5481-9b55-91561794d920","1c66e304-3ba8-5559-af8c-8ed166362bd8","Kilungu ward","kilungu ward","common","en","KDA-TRANSCRIPTION-LN14-2012"
"0ec5ba77-2762-562e-bc18-32a635b7d093","9d91ef23-cb15-5b8e-b2bf-1ff8e2cc08e2","Ilima","ilima","canonical","en","KDA-TRANSCRIPTION-LN14-2012"
"bb738330-0f77-5e06-9332-7bd4d760af17","9d91ef23-cb15-5b8e-b2bf-1ff8e2cc08e2","Ilima ward","ilima ward","common","en","KDA-TRANSCRIPTION-LN14-2012"
"162f4b3f-c1c5-518a-8f15-3d58880b09d0","72c457ff-3d62-54ec-8e88-0465aad6cf7a","Wote","wote","canonical","en","KDA-TRANSCRIPTION-LN14-2012"
"1da4fc5a-d98c-57e1-bfab-7381745b79d2","72c457ff-3d62-54ec-8e88-0465aad6cf7a","Wote ward","wote ward","common","en","KDA-TRANSCRIPTION-LN14-2012"
"7b13012c-ca5b-58a4-98d7-45cff44fa6e0","9affa358-609d-51ca-b662-8f043067837d","Muvau/Kikuumini","muvau kikuumini","canonical","en","KDA-TRANSCRIPTION-LN14-2012"
"df697bc7-b75e-5d02-bf02-a14173bbd57e","9affa358-609d-51ca-b662-8f043067837d","Muvau/Kikuumini ward","muvau kikuumini ward","common","en","KDA-TRANSCRIPTION-LN14-2012"
"34147880-0ed6-5e46-8f3a-cb69c19851f1","568b3878-1910-5251-ae16-c2f63d1f24e7","Mavindini","mavindini","canonical","en","KDA-TRANSCRIPTION-LN14-2012"
"1d298421-a7c4-5f3a-9403-4041e4032cfc","568b3878-1910-5251-ae16-c2f63d1f24e7","Mavindini ward","mavindini ward","common","en","KDA-TRANSCRIPTION-LN14-2012"
"6309f7b1-f4f1-5ff9-9c99-1f1de6e56f1e","0846b5dc-61b1-5854-9ce3-ff78ffaa5ccf","Kitise/Kithuki","kitise kithuki","canonical","en","KDA-TRANSCRIPTION-LN14-2012"
"0d8c9285-3570-5f3b-8831-924654f45f8f","0846b5dc-61b1-5854-9ce3-ff78ffaa5ccf","Kitise/Kithuki ward","kitise kithuki ward","common","en","KDA-TRANSCRIPTION-LN14-2012"
"152b3186-877f-50f1-be03-d2d6885acce5","f69d54dc-459f-5250-902c-61ecd8469583","Kathonzweni","kathonzweni","canonical","en","KDA-TRANSCRIPTION-LN14-2012"
"200f54f0-26b1-55f0-91fb-b0866eab7ccf","f69d54dc-459f-5250-902c-61ecd8469583","Kathonzweni ward","kathonzweni ward","common","en","KDA-TRANSCRIPTION-LN14-2012"
"5eb0c5fa-b469-5057-9e3a-369ebededa2e","80194935-7a0b-5783-93c1-593421749f3a","Nzaui/Kilili/Kalamba","nzaui kilili kalamba","canonical","en","KDA-TRANSCRIPTION-LN14-2012"
"2d03c900-161b-533a-a749-ce7ab5abb685","80194935-7a0b-5783-93c1-593421749f3a","Nzaui/Kilili/Kalamba ward","nzaui kilili kalamba ward","common","en","KDA-TRANSCRIPTION-LN14-2012"
"2ce77f1e-c1fd-5e3c-944e-567184740e78","9eaabb39-7b9c-5fb5-80f5-809e2fc5b040","Mbitini","mbitini","canonical","en","KDA-TRANSCRIPTION-LN14-2012"
"6eebe013-d4d4-543c-92c4-e1873f6368b8","9eaabb39-7b9c-5fb5-80f5-809e2fc5b040","Mbitini ward","mbitini ward","common","en","KDA-TRANSCRIPTION-LN14-2012"
"a689a622-f56d-5b2e-b2d3-43b7262d6bf8","9231efd8-98e2-530a-ad78-0387187f2c32","Makindu","makindu","canonical","en","KDA-TRANSCRIPTION-LN14-2012"
"94560e7a-ae42-5d05-82be-fdbd9cc57d98","9231efd8-98e2-530a-ad78-0387187f2c32","Makindu ward","makindu ward","common","en","KDA-TRANSCRIPTION-LN14-2012"
"1389091c-05c0-5f50-a7d5-2cd406320431","4574e52c-774f-518a-98a2-0ac95845d5ce","Nguumo","nguumo","canonical","en","KDA-TRANSCRIPTION-LN14-2012"
"b58bd0cd-5c64-5700-8f12-058080efd33b","4574e52c-774f-518a-98a2-0ac95845d5ce","Nguumo ward","nguumo ward","common","en","KDA-TRANSCRIPTION-LN14-2012"
"a44268cc-755e-5b9e-b242-5f502e719606","1aa3922e-e89f-55b3-829c-44ab74c45bac","Kikumbulyu North","kikumbulyu north","canonical","en","KDA-TRANSCRIPTION-LN14-2012"
"f078757f-b512-52f1-a1c2-73cc79ad7648","1aa3922e-e89f-55b3-829c-44ab74c45bac","Kikumbulyu North ward","kikumbulyu north ward","common","en","KDA-TRANSCRIPTION-LN14-2012"
"03cccc2c-136d-5e44-abbe-6c207328f5c8","67f393db-22ba-58f9-824c-63470cb84f01","Kikumbulyu South","kikumbulyu south","canonical","en","KDA-TRANSCRIPTION-LN14-2012"
"96805122-8e94-550d-b16e-188c37a3669c","67f393db-22ba-58f9-824c-63470cb84f01","Kikumbulyu South ward","kikumbulyu south ward","common","en","KDA-TRANSCRIPTION-LN14-2012"
"d6a56755-efeb-51ca-9b45-e35cd4c4e314","00a9905c-f26f-5908-be2f-7ad05faa28c5","Nguu/Masumba","nguu masumba","canonical","en","KDA-TRANSCRIPTION-LN14-2012"
"e69098d1-ce76-512b-b008-b4559c35cd9c","00a9905c-f26f-5908-be2f-7ad05faa28c5","Nguu/Masumba ward","nguu masumba ward","common","en","KDA-TRANSCRIPTION-LN14-2012"
"772e84e7-a772-5936-88e3-3781fd84bfd8","8762a688-49f5-5a26-aef1-aee28090fbdb","Emali/Mulala","emali mulala","canonical","en","KDA-TRANSCRIPTION-LN14-2012"
"04e20e1b-00b6-5a8d-923e-65fc577665dd","8762a688-49f5-5a26-aef1-aee28090fbdb","Emali/Mulala ward","emali mulala ward","common","en","KDA-TRANSCRIPTION-LN14-2012"
"0e144990-9c62-5447-8577-750137d049f9","7fc3a4c7-e352-5bf0-beb6-3e8d1cf0c533","Masongaleni","masongaleni","canonical","en","KDA-TRANSCRIPTION-LN14-2012"
"c569a029-5b3b-5ff9-ab86-47ec156391d0","7fc3a4c7-e352-5bf0-beb6-3e8d1cf0c533","Masongaleni ward","masongaleni ward","common","en","KDA-TRANSCRIPTION-LN14-2012"
"e3d3568c-8152-5946-97ef-76d9c72d3e0f","ac795b0a-9b6c-5b9a-91b9-af6032bc86ef","Mtito Andei","mtito andei","canonical","en","KDA-TRANSCRIPTION-LN14-2012"
"5a85fdc0-06b5-5a8a-9149-efec99cfa206","ac795b0a-9b6c-5b9a-91b9-af6032bc86ef","Mtito Andei ward","mtito andei ward","common","en","KDA-TRANSCRIPTION-LN14-2012"
"194508c0-d36c-5c06-97eb-141b49fcf9cf","fd1a3839-9f19-51a6-aeae-a9da72271b29","Thange","thange","canonical","en","KDA-TRANSCRIPTION-LN14-2012"
"0cebfba0-8eba-5a28-92cc-a4f61e4a469f","fd1a3839-9f19-51a6-aeae-a9da72271b29","Thange ward","thange ward","common","en","KDA-TRANSCRIPTION-LN14-2012"
"023e6065-df27-5bfa-9191-50eca09d3c6b","4146cbd0-3bd4-513b-8e75-33f2d9c79677","Ivingoni/Nzambani","ivingoni nzambani","canonical","en","KDA-TRANSCRIPTION-LN14-2012"
"f4707fd1-5524-5f13-9487-32861e75f524","4146cbd0-3bd4-513b-8e75-33f2d9c79677","Ivingoni/Nzambani ward","ivingoni nzambani ward","common","en","KDA-TRANSCRIPTION-LN14-2012"
"5c02469f-ef81-5b5f-823f-eac3547a92c7","f0fba172-9fd4-5330-9866-5e8d81560b04","Engineer","engineer","canonical","en","KDA-TRANSCRIPTION-LN14-2012"
"7b084bbe-f26f-5ecc-9e16-bf8c4d8fda9d","f0fba172-9fd4-5330-9866-5e8d81560b04","Engineer ward","engineer ward","common","en","KDA-TRANSCRIPTION-LN14-2012"
"35c67186-4e42-5950-952d-54a1a5fcc7b4","b4083abe-9784-509c-8056-70c3b0295ed3","Gathara","gathara","canonical","en","KDA-TRANSCRIPTION-LN14-2012"
"18d946c4-21b7-5d9b-8d0f-4c341cda7827","b4083abe-9784-509c-8056-70c3b0295ed3","Gathara ward","gathara ward","common","en","KDA-TRANSCRIPTION-LN14-2012"
"bfd4148a-126f-53ba-a22b-abe7718fb592","5dd6100d-1147-52f6-af83-03b056fcb043","North Kinangop","north kinangop","canonical","en","KDA-TRANSCRIPTION-LN14-2012"
"8447a204-e758-5159-aa68-0ff39b80c538","5dd6100d-1147-52f6-af83-03b056fcb043","North Kinangop ward","north kinangop ward","common","en","KDA-TRANSCRIPTION-LN14-2012"
"15828a0b-365b-5de0-b6d0-3dca1b7b8db7","ebe84f33-4673-5684-9d1d-f60c21c1a94e","Murungaru","murungaru","canonical","en","KDA-TRANSCRIPTION-LN14-2012"
"120ac63d-ec73-567f-8462-6d6a8b3529bb","ebe84f33-4673-5684-9d1d-f60c21c1a94e","Murungaru ward","murungaru ward","common","en","KDA-TRANSCRIPTION-LN14-2012"
"c076289d-29ef-5f7c-88de-f938602736cc","37886885-747d-5f8c-aa89-1c2557c951cd","Njabini\kiburu","njabini kiburu","canonical","en","KDA-TRANSCRIPTION-LN14-2012"
"2fa90358-f022-5a84-b8a4-cfb3bc40c204","37886885-747d-5f8c-aa89-1c2557c951cd","Njabini\kiburu ward","njabini kiburu ward","common","en","KDA-TRANSCRIPTION-LN14-2012"
"4c42369b-e803-53b6-b874-58a28810943f","9a24a47f-4128-5f0d-ad74-8eb98691d904","Nyakio","nyakio","canonical","en","KDA-TRANSCRIPTION-LN14-2012"
"ce08fb65-952b-5ecb-a1d2-a15fd635f28b","9a24a47f-4128-5f0d-ad74-8eb98691d904","Nyakio ward","nyakio ward","common","en","KDA-TRANSCRIPTION-LN14-2012"
"e33d7304-8774-5823-bfe4-bd9d5d9d2764","28e004f7-4546-5ca2-9efd-0ad77341d879","Githabai","githabai","canonical","en","KDA-TRANSCRIPTION-LN14-2012"
"ca4a6bb7-81c0-5ccc-bb21-572d8110fa83","28e004f7-4546-5ca2-9efd-0ad77341d879","Githabai ward","githabai ward","common","en","KDA-TRANSCRIPTION-LN14-2012"
"a7bf97f0-566b-587d-a1fb-53d243454c55","1a07cb07-ba4f-5448-a04b-a19840969361","Magumu","magumu","canonical","en","KDA-TRANSCRIPTION-LN14-2012"
"15cf5802-5f35-59b9-a1bd-deec042fea7a","1a07cb07-ba4f-5448-a04b-a19840969361","Magumu ward","magumu ward","common","en","KDA-TRANSCRIPTION-LN14-2012"
"a3223e31-c70a-5379-a3b2-b8ca851d88e4","dc6b8315-7b7b-5e62-8dd3-1976f6a67374","Wanjohi","wanjohi","canonical","en","KDA-TRANSCRIPTION-LN14-2012"
"3af89a45-f167-5b1e-8f05-031f44cbd77f","dc6b8315-7b7b-5e62-8dd3-1976f6a67374","Wanjohi ward","wanjohi ward","common","en","KDA-TRANSCRIPTION-LN14-2012"
"445c9e93-52a0-51e4-bc69-d4734d06994c","042a5fe1-cec7-5e84-ad75-a84e5c2328ab","Kipipiri","kipipiri","canonical","en","KDA-TRANSCRIPTION-LN14-2012"
"2cc2a922-3aee-5a75-a646-72b4bb9ef9d9","042a5fe1-cec7-5e84-ad75-a84e5c2328ab","Kipipiri ward","kipipiri ward","common","en","KDA-TRANSCRIPTION-LN14-2012"
"37363de2-1846-5b1b-9d14-960962e33f04","1e81f0c8-62d3-56d5-9074-eea9279d7737","Geta","geta","canonical","en","KDA-TRANSCRIPTION-LN14-2012"
"da20b27a-0405-5026-bef0-b369220e829c","1e81f0c8-62d3-56d5-9074-eea9279d7737","Geta ward","geta ward","common","en","KDA-TRANSCRIPTION-LN14-2012"
"0ccaf9e8-0576-53ff-9dd8-afb8f2adcf65","a59a81bf-7b27-5808-ad4b-76bf31bcf0b4","Githioro","githioro","canonical","en","KDA-TRANSCRIPTION-LN14-2012"
"d7f38db3-deac-5fa5-9553-e9257283364e","a59a81bf-7b27-5808-ad4b-76bf31bcf0b4","Githioro ward","githioro ward","common","en","KDA-TRANSCRIPTION-LN14-2012"
"89e25831-50f1-542e-9745-314277887cd0","0de10c7b-686f-55a9-9199-a76d2ef7cb84","Karau","karau","canonical","en","KDA-TRANSCRIPTION-LN14-2012"
"a7d7f457-c43c-5a1c-b25b-4dd06d961172","0de10c7b-686f-55a9-9199-a76d2ef7cb84","Karau ward","karau ward","common","en","KDA-TRANSCRIPTION-LN14-2012"
"db4b54a2-36ec-5e6d-a20b-21f3a8eff06e","1ec5ae96-d991-5e09-a817-a0d88c939dd8","Kanjuiri Ridge","kanjuiri ridge","canonical","en","KDA-TRANSCRIPTION-LN14-2012"
"c84f0a8e-d274-51c3-ae83-e13a468f8263","1ec5ae96-d991-5e09-a817-a0d88c939dd8","Kanjuiri Ridge ward","kanjuiri ridge ward","common","en","KDA-TRANSCRIPTION-LN14-2012"
"1cf71e02-d62a-5167-b254-7a34eff851a3","8f349670-451c-5288-a9b0-72aa24709064","Mirangine","mirangine","canonical","en","KDA-TRANSCRIPTION-LN14-2012"
"0e81c3ea-ed0a-58ea-b082-96887507af85","8f349670-451c-5288-a9b0-72aa24709064","Mirangine ward","mirangine ward","common","en","KDA-TRANSCRIPTION-LN14-2012"
"33046d81-5c5e-56f7-8038-6576f47fd6ec","3af685d6-47d4-5fd9-988f-49f8369af879","Kaimbaga","kaimbaga","canonical","en","KDA-TRANSCRIPTION-LN14-2012"
"fe13c75f-426f-5cd5-9687-bb1cbf726b48","3af685d6-47d4-5fd9-988f-49f8369af879","Kaimbaga ward","kaimbaga ward","common","en","KDA-TRANSCRIPTION-LN14-2012"
"a47eeb3a-b4f0-542f-959e-176bcf8c7aca","abf00d26-b8ca-55d8-851e-f0b94267db82","Rurii","rurii","canonical","en","KDA-TRANSCRIPTION-LN14-2012"
"d47fd104-6dc8-5377-a24e-49a36ddd5665","abf00d26-b8ca-55d8-851e-f0b94267db82","Rurii ward","rurii ward","common","en","KDA-TRANSCRIPTION-LN14-2012"
"5935f99e-53bd-55ba-bf42-e172176fb687","0ecfbc8c-7de5-501b-b2ed-f59bdde9877d","Gathanji","gathanji","canonical","en","KDA-TRANSCRIPTION-LN14-2012"
"8827011e-3fee-59fb-b201-d3ec4f0276e7","0ecfbc8c-7de5-501b-b2ed-f59bdde9877d","Gathanji ward","gathanji ward","common","en","KDA-TRANSCRIPTION-LN14-2012"
"3ccfa4c2-0e67-5efb-a8df-64de8c9f2111","47ef51a7-8679-59e1-b925-1c2ab88412ab","Gatimu","gatimu","canonical","en","KDA-TRANSCRIPTION-LN14-2012"
"8fe56dad-939a-50ef-b24c-0aa20cdcbd7a","47ef51a7-8679-59e1-b925-1c2ab88412ab","Gatimu ward","gatimu ward","common","en","KDA-TRANSCRIPTION-LN14-2012"
"7db5e6e4-7b0d-5300-b564-4c6c17232ddf","f8a9f68a-bb3f-5340-9d17-c783c06515f0","Weru","weru","canonical","en","KDA-TRANSCRIPTION-LN14-2012"
"de81c04b-97d7-563b-85eb-8973412369f6","f8a9f68a-bb3f-5340-9d17-c783c06515f0","Weru ward","weru ward","common","en","KDA-TRANSCRIPTION-LN14-2012"
"9c8e7725-2b23-5969-bdc2-539167b6a616","d1edd675-bfa0-5eb1-aa8e-c81868599395","Charagita","charagita","canonical","en","KDA-TRANSCRIPTION-LN14-2012"
"3d814872-6538-5d5a-aab8-c5bef6934a1a","d1edd675-bfa0-5eb1-aa8e-c81868599395","Charagita ward","charagita ward","common","en","KDA-TRANSCRIPTION-LN14-2012"
"270aa060-46cb-5fc3-9829-fc6b787b7e59","227a7f92-57b5-5bf0-96cf-23c603e9536e","Leshau Pondo","leshau pondo","canonical","en","KDA-TRANSCRIPTION-LN14-2012"
"791f0905-221e-5bc9-8f9d-39693de4f9ad","227a7f92-57b5-5bf0-96cf-23c603e9536e","Leshau Pondo ward","leshau pondo ward","common","en","KDA-TRANSCRIPTION-LN14-2012"
"0fe4337c-6e31-553b-91f5-1562d080da2b","8b47ff5d-cb6d-53d5-b8ca-f5154a9b0ee3","Kiriita","kiriita","canonical","en","KDA-TRANSCRIPTION-LN14-2012"
"e5073c28-d050-57c7-ad0c-07d608499aee","8b47ff5d-cb6d-53d5-b8ca-f5154a9b0ee3","Kiriita ward","kiriita ward","common","en","KDA-TRANSCRIPTION-LN14-2012"
"38b11d64-2256-5a0a-86f9-1a667c2914de","edd3054d-d9c9-502b-aeae-d3ea8c90d4f4","Central","central","canonical","en","KDA-TRANSCRIPTION-LN14-2012"
"449eb893-0f6c-5037-b495-4541ca97c608","edd3054d-d9c9-502b-aeae-d3ea8c90d4f4","Central ward","central ward","common","en","KDA-TRANSCRIPTION-LN14-2012"
"332c5ddb-ea2a-5783-8a87-20804bf9874a","53a9bf8e-da5f-5e45-a930-011feb1dbeca","Shamata","shamata","canonical","en","KDA-TRANSCRIPTION-LN14-2012"
"208168bc-0918-5a26-9715-50f3231f243e","53a9bf8e-da5f-5e45-a930-011feb1dbeca","Shamata ward","shamata ward","common","en","KDA-TRANSCRIPTION-LN14-2012"
"00102aae-9bb9-5145-8862-5c617a47365c","a04bb7b6-aeb2-5205-8920-0277caa19257","Dedan Kimanthi","dedan kimanthi","canonical","en","KDA-TRANSCRIPTION-LN14-2012"
"9f605948-67f6-5968-b683-f92824d73cc4","a04bb7b6-aeb2-5205-8920-0277caa19257","Dedan Kimanthi ward","dedan kimanthi ward","common","en","KDA-TRANSCRIPTION-LN14-2012"
"60e33a21-6adc-59b5-9abf-b23c2e762978","7b72147c-57c3-54d0-a411-f5fdd40d5c9a","Wamagana","wamagana","canonical","en","KDA-TRANSCRIPTION-LN14-2012"
"3e94a5e4-7cf0-5d5d-b3eb-daf8520fa992","7b72147c-57c3-54d0-a411-f5fdd40d5c9a","Wamagana ward","wamagana ward","common","en","KDA-TRANSCRIPTION-LN14-2012"
"987dc0a3-550c-5bff-9dd0-2dc4d74105c0","d2267fbd-3ba0-5355-a6d1-331c52e85a34","Aguthi/Gaaki","aguthi gaaki","canonical","en","KDA-TRANSCRIPTION-LN14-2012"
"47bf3fdd-b6b9-536a-aee6-e15d8e1d0433","d2267fbd-3ba0-5355-a6d1-331c52e85a34","Aguthi/Gaaki ward","aguthi gaaki ward","common","en","KDA-TRANSCRIPTION-LN14-2012"
"7ff729af-206b-545a-9ce2-b93c8c47c013","5ebd9e14-8495-5c09-963a-8e8b0b24ff04","Mweiga","mweiga","canonical","en","KDA-TRANSCRIPTION-LN14-2012"
"99af482a-f7cd-5e39-8ec5-9646c10f363e","5ebd9e14-8495-5c09-963a-8e8b0b24ff04","Mweiga ward","mweiga ward","common","en","KDA-TRANSCRIPTION-LN14-2012"
"6ff82ec0-55be-51ee-bbb8-633d440d1d78","a47fb0d0-e009-5f17-ac2c-41a429165cf4","Naromoru Kiamathaga","naromoru kiamathaga","canonical","en","KDA-TRANSCRIPTION-LN14-2012"
"fcf581ca-bf2a-5783-995d-e532b2efb9ec","a47fb0d0-e009-5f17-ac2c-41a429165cf4","Naromoru Kiamathaga ward","naromoru kiamathaga ward","common","en","KDA-TRANSCRIPTION-LN14-2012"
"3dcc90f1-fad2-559a-a83d-1e30077208cd","d34f4738-cb29-5500-89e3-2407ef75a3c9","Mwiyogo/Endarasha","mwiyogo endarasha","canonical","en","KDA-TRANSCRIPTION-LN14-2012"
"a7241432-8b1a-571a-a494-5ee504b3aa65","d34f4738-cb29-5500-89e3-2407ef75a3c9","Mwiyogo/Endarasha ward","mwiyogo endarasha ward","common","en","KDA-TRANSCRIPTION-LN14-2012"
"0295ec25-58da-5643-9a4e-ac0a6cfe62d6","b42d12a5-d601-55c1-825e-4b12a10c0454","Mugunda","mugunda","canonical","en","KDA-TRANSCRIPTION-LN14-2012"
"a8bf141b-39b6-56ac-80e9-cf474f87b40e","b42d12a5-d601-55c1-825e-4b12a10c0454","Mugunda ward","mugunda ward","common","en","KDA-TRANSCRIPTION-LN14-2012"
"9353a19c-0885-5b30-a62b-d1608d84180f","035f7720-d5df-5df3-9a98-337b2a5f41c5","Gatarakwa","gatarakwa","canonical","en","KDA-TRANSCRIPTION-LN14-2012"
"7c1d329d-f4fb-5ea9-aa6f-cc7ae9f786c7","035f7720-d5df-5df3-9a98-337b2a5f41c5","Gatarakwa ward","gatarakwa ward","common","en","KDA-TRANSCRIPTION-LN14-2012"
"b46ff22b-c904-54a5-9e5e-3393164b5097","5bd17cec-cf5c-56b7-a771-234b0a47b37e","Thegu River","thegu river","canonical","en","KDA-TRANSCRIPTION-LN14-2012"
"50209b59-96cb-5252-bf87-4b0eea061a8c","5bd17cec-cf5c-56b7-a771-234b0a47b37e","Thegu River ward","thegu river ward","common","en","KDA-TRANSCRIPTION-LN14-2012"
"696a5c48-0a07-5146-875e-9b2205486c0b","82cfb3a8-2253-5bf3-a066-944c5b496bdc","Kabaru","kabaru","canonical","en","KDA-TRANSCRIPTION-LN14-2012"
"01112021-462b-55e2-afc6-99f8bf9fd912","82cfb3a8-2253-5bf3-a066-944c5b496bdc","Kabaru ward","kabaru ward","common","en","KDA-TRANSCRIPTION-LN14-2012"
"67b64ac3-4f3a-5d8b-82fe-8c33bef05bed","a1f03d59-eaab-5026-aaa5-16eda71bdc0a","Gakawa","gakawa","canonical","en","KDA-TRANSCRIPTION-LN14-2012"
"47974e86-2019-5082-a496-d4fdaf6b3d46","a1f03d59-eaab-5026-aaa5-16eda71bdc0a","Gakawa ward","gakawa ward","common","en","KDA-TRANSCRIPTION-LN14-2012"
"80719110-9ba8-531e-8281-672cd8a34321","a42f9742-040a-571c-99bd-0b7800a2749d","Ruguru","ruguru","canonical","en","KDA-TRANSCRIPTION-LN14-2012"
"04a08cde-97c0-54ea-8d25-4d955fb94cb3","a42f9742-040a-571c-99bd-0b7800a2749d","Ruguru ward","ruguru ward","common","en","KDA-TRANSCRIPTION-LN14-2012"
"dea29a72-0050-5c43-b912-4c97a601b81b","66633c8d-64a9-564f-af11-5b37635adec8","Magutu","magutu","canonical","en","KDA-TRANSCRIPTION-LN14-2012"
"a2f6f6d1-9c1b-54ca-8899-c6327b820bcb","66633c8d-64a9-564f-af11-5b37635adec8","Magutu ward","magutu ward","common","en","KDA-TRANSCRIPTION-LN14-2012"
"16e1681d-78a8-5f04-9fea-7aa0273f7540","5ec4556f-0c65-593c-b58b-a17b1f08ba10","Iriaini","iriaini","canonical","en","KDA-TRANSCRIPTION-LN14-2012"
"1ac4d643-c274-539c-9eaa-99bf6773ea12","5ec4556f-0c65-593c-b58b-a17b1f08ba10","Iriaini ward","iriaini ward","common","en","KDA-TRANSCRIPTION-LN14-2012"
"b87677ff-126d-5609-bbd9-db547d5851e8","0367fb6c-6b24-5592-a3dc-e83f2b47014a","Konyu","konyu","canonical","en","KDA-TRANSCRIPTION-LN14-2012"
"fa020fca-9271-5c8e-9b02-5973cc86e9a1","0367fb6c-6b24-5592-a3dc-e83f2b47014a","Konyu ward","konyu ward","common","en","KDA-TRANSCRIPTION-LN14-2012"
"d41980a3-1c14-58ab-97e6-92d6e6f880ba","e46ad16b-572f-5773-8a6f-089a7d1079ba","Kirimukuyu","kirimukuyu","canonical","en","KDA-TRANSCRIPTION-LN14-2012"
"d26d17c7-76d5-5fcc-b4bc-a177abafde4c","e46ad16b-572f-5773-8a6f-089a7d1079ba","Kirimukuyu ward","kirimukuyu ward","common","en","KDA-TRANSCRIPTION-LN14-2012"
"c4a73f12-7932-5dec-97c9-cf142e779d94","66a76513-0196-52ce-bc39-db125b1cbc55","Karatina Town","karatina town","canonical","en","KDA-TRANSCRIPTION-LN14-2012"
"ba1e6ecc-dcac-5f85-8748-e8134e2266b9","66a76513-0196-52ce-bc39-db125b1cbc55","Karatina Town ward","karatina town ward","common","en","KDA-TRANSCRIPTION-LN14-2012"
"9c709cd3-e08d-5c68-9aa9-c416bab7c1c1","60ccda4d-453a-5ad7-8da1-edda1ab7537e","Mahiga","mahiga","canonical","en","KDA-TRANSCRIPTION-LN14-2012"
"f24882eb-39eb-5cc4-858f-3c2fa6428b63","60ccda4d-453a-5ad7-8da1-edda1ab7537e","Mahiga ward","mahiga ward","common","en","KDA-TRANSCRIPTION-LN14-2012"
"48d99e14-fd55-5b36-a6b6-a9e3dad61d85","a07cb7bf-ce0e-58b8-affa-da9a9db653d0","Iria-Ini","iria ini","canonical","en","KDA-TRANSCRIPTION-LN14-2012"
"3a3b4716-b359-5733-a1fd-33338102534b","a07cb7bf-ce0e-58b8-affa-da9a9db653d0","Iria-Ini ward","iria ini ward","common","en","KDA-TRANSCRIPTION-LN14-2012"
"6b01b8b2-1573-591f-a03b-c37823350ffb","6df52416-2269-58b0-8230-b16c7538ebfd","Chinga","chinga","canonical","en","KDA-TRANSCRIPTION-LN14-2012"
"6bc27ccf-bf23-555d-ad13-c1d0b55f4f8d","6df52416-2269-58b0-8230-b16c7538ebfd","Chinga ward","chinga ward","common","en","KDA-TRANSCRIPTION-LN14-2012"
"23a8e881-d864-55db-b7d1-1b34498bbaf2","da809517-b9de-5f12-86f5-0fd751019715","Karima","karima","canonical","en","KDA-TRANSCRIPTION-LN14-2012"
"84d9f6af-255a-595b-9628-90a10a61def3","da809517-b9de-5f12-86f5-0fd751019715","Karima ward","karima ward","common","en","KDA-TRANSCRIPTION-LN14-2012"
"fb317d63-429f-5f84-8677-84bb178749b9","b3a9a73a-f8e4-59b1-ae55-67f2effa39cf","Gikondi","gikondi","canonical","en","KDA-TRANSCRIPTION-LN14-2012"
"1f746a8a-14bf-590d-b582-8faffedff13d","b3a9a73a-f8e4-59b1-ae55-67f2effa39cf","Gikondi ward","gikondi ward","common","en","KDA-TRANSCRIPTION-LN14-2012"
"ecc09ed8-bf32-5220-ba19-263aca32935c","ac5041f0-c7e6-50a1-8794-bcf8e1d9fab1","Rugi","rugi","canonical","en","KDA-TRANSCRIPTION-LN14-2012"
"dd1d4433-278f-5f0f-9d1a-7f543dc8d09b","ac5041f0-c7e6-50a1-8794-bcf8e1d9fab1","Rugi ward","rugi ward","common","en","KDA-TRANSCRIPTION-LN14-2012"
"7ef3a808-978b-5956-94b5-31b32f24650f","c953657c-5416-5886-8f58-465921c5751b","Mukurwe-Ini West","mukurwe ini west","canonical","en","KDA-TRANSCRIPTION-LN14-2012"
"4c74e0fc-7967-5430-9fa7-efc6e2d38bc5","c953657c-5416-5886-8f58-465921c5751b","Mukurwe-Ini West ward","mukurwe ini west ward","common","en","KDA-TRANSCRIPTION-LN14-2012"
"6c62ee4f-1f7b-574b-b96b-9457c89ec225","203de5db-0919-57aa-83d5-e448bfc89c35","Mukurwe-Ini Central","mukurwe ini central","canonical","en","KDA-TRANSCRIPTION-LN14-2012"
"e16a141d-19a5-525f-86c7-2fbc7086edb9","203de5db-0919-57aa-83d5-e448bfc89c35","Mukurwe-Ini Central ward","mukurwe ini central ward","common","en","KDA-TRANSCRIPTION-LN14-2012"
"c662dbd5-1c38-5c57-89f3-66d5737570b9","e6531225-9d5b-5117-b0e5-4aed823907b9","Kiganjo/Mathari","kiganjo mathari","canonical","en","KDA-TRANSCRIPTION-LN14-2012"
"effcf176-1d82-5bcd-bca8-666858918f8e","e6531225-9d5b-5117-b0e5-4aed823907b9","Kiganjo/Mathari ward","kiganjo mathari ward","common","en","KDA-TRANSCRIPTION-LN14-2012"
"ed1fd151-34ff-5505-962e-ca2cbc600c45","d5b02981-9d87-5ea9-bb32-282821d5c1a8","Rware","rware","canonical","en","KDA-TRANSCRIPTION-LN14-2012"
"f764d465-62e8-5cd9-bc5b-ff9c4b05a61f","d5b02981-9d87-5ea9-bb32-282821d5c1a8","Rware ward","rware ward","common","en","KDA-TRANSCRIPTION-LN14-2012"
"ddf76889-31e6-5aa1-a82e-3829d2337386","6055cad4-f39b-5b2d-9732-d5d8d5ef06ee","Gatitu/Muruguru","gatitu muruguru","canonical","en","KDA-TRANSCRIPTION-LN14-2012"
"71911d91-65bf-52a3-be70-1fb69e83edea","6055cad4-f39b-5b2d-9732-d5d8d5ef06ee","Gatitu/Muruguru ward","gatitu muruguru ward","common","en","KDA-TRANSCRIPTION-LN14-2012"
"e0cb21d9-3b75-50da-9dc5-61263774c886","92fa4d59-6884-5c19-b229-2b90c4317002","Ruring'u","ruringu","canonical","en","KDA-TRANSCRIPTION-LN14-2012"
"430f0031-f47d-5940-9a4f-e7fa3603f708","92fa4d59-6884-5c19-b229-2b90c4317002","Ruring'u ward","ruringu ward","common","en","KDA-TRANSCRIPTION-LN14-2012"
"3f4befdf-5196-586c-86e6-1d8df45a6f54","625e4f0f-68f0-5c34-ac04-b8e796872def","Kamakwa/Mukaro","kamakwa mukaro","canonical","en","KDA-TRANSCRIPTION-LN14-2012"
"5a113e35-a476-58d7-87f8-aa647e3f0edd","625e4f0f-68f0-5c34-ac04-b8e796872def","Kamakwa/Mukaro ward","kamakwa mukaro ward","common","en","KDA-TRANSCRIPTION-LN14-2012"
"7e50e677-a3e7-5f01-b631-b7495fa3fe56","ff719278-32f8-5f19-ba07-2c0b55c2b798","Mutithi","mutithi","canonical","en","KDA-TRANSCRIPTION-LN14-2012"
"a0efc30f-5f62-572d-a67a-2f47b5e79b32","ff719278-32f8-5f19-ba07-2c0b55c2b798","Mutithi ward","mutithi ward","common","en","KDA-TRANSCRIPTION-LN14-2012"
"405bd0e4-72ea-5f94-bf78-dce66146fffa","96cd9e92-89fe-5406-9482-f181d0a09cf9","Kangai","kangai","canonical","en","KDA-TRANSCRIPTION-LN14-2012"
"36adf04f-79b3-5e6f-967c-7c4ce7d1d72d","96cd9e92-89fe-5406-9482-f181d0a09cf9","Kangai ward","kangai ward","common","en","KDA-TRANSCRIPTION-LN14-2012"
"cbc16d01-55ff-5073-8947-8243aa0f3208","0a07dda3-b5b4-5530-9aed-f4c037547d55","Thiba","thiba","canonical","en","KDA-TRANSCRIPTION-LN14-2012"
"3fd9cf2d-2aec-559a-ad89-063270d7eb20","0a07dda3-b5b4-5530-9aed-f4c037547d55","Thiba ward","thiba ward","common","en","KDA-TRANSCRIPTION-LN14-2012"
"b7b21887-227c-5907-b3c9-78737e2ab603","48d5a28d-e67e-586a-9050-ec0ee301596c","Wamumu","wamumu","canonical","en","KDA-TRANSCRIPTION-LN14-2012"
"5cec3c4e-10c6-5d66-aaf5-074df02f29a8","48d5a28d-e67e-586a-9050-ec0ee301596c","Wamumu ward","wamumu ward","common","en","KDA-TRANSCRIPTION-LN14-2012"
"14c46b55-0edc-5909-a057-4294cc440bfa","c1ba405f-efc5-56b1-b529-b674d29ff306","Nyangati","nyangati","canonical","en","KDA-TRANSCRIPTION-LN14-2012"
"4671bdde-43e3-526e-a168-c22726c30c9d","c1ba405f-efc5-56b1-b529-b674d29ff306","Nyangati ward","nyangati ward","common","en","KDA-TRANSCRIPTION-LN14-2012"
"88083b7e-a980-5523-9581-a02b9a666892","d29f3d39-bb57-5c92-a5f8-02d05e16589c","Murinduko","murinduko","canonical","en","KDA-TRANSCRIPTION-LN14-2012"
"47041710-3311-5dae-9cc7-5352323f2c36","d29f3d39-bb57-5c92-a5f8-02d05e16589c","Murinduko ward","murinduko ward","common","en","KDA-TRANSCRIPTION-LN14-2012"
"888abbe7-e6d3-5af8-a498-79c1a6127eed","888845ee-b315-5392-9f88-f869ccb7f1be","Gathigiriri","gathigiriri","canonical","en","KDA-TRANSCRIPTION-LN14-2012"
"7e7e48ae-921d-5e8d-8a62-c92ece087dc8","888845ee-b315-5392-9f88-f869ccb7f1be","Gathigiriri ward","gathigiriri ward","common","en","KDA-TRANSCRIPTION-LN14-2012"
"98281d82-ff22-5883-b21d-bc1b03936e87","2ecd29b8-41a2-571e-9265-235f93cfadb9","Tebere","tebere","canonical","en","KDA-TRANSCRIPTION-LN14-2012"
"4f8c5095-b872-5629-9ac0-905b3cb21beb","2ecd29b8-41a2-571e-9265-235f93cfadb9","Tebere ward","tebere ward","common","en","KDA-TRANSCRIPTION-LN14-2012"
"939b677a-d3d5-51d1-93bb-a0c252e62d06","9daa35db-0c8f-5202-a0b0-2ac76b065425","Kabare","kabare","canonical","en","KDA-TRANSCRIPTION-LN14-2012"
"623b213e-1362-5e60-987f-bbc98209137c","9daa35db-0c8f-5202-a0b0-2ac76b065425","Kabare ward","kabare ward","common","en","KDA-TRANSCRIPTION-LN14-2012"
"1f483e55-3733-599a-8607-5ed612058e0e","77161df4-1252-57f7-ad7c-30c7a5b2f7c5","Baragwi","baragwi","canonical","en","KDA-TRANSCRIPTION-LN14-2012"
"ac1c99d2-9490-5832-831f-d343ad6accc6","77161df4-1252-57f7-ad7c-30c7a5b2f7c5","Baragwi ward","baragwi ward","common","en","KDA-TRANSCRIPTION-LN14-2012"
"7db8e862-e55f-56a5-8227-e2f7340f8b74","8843c16c-241d-5158-8971-d371fb1c8e7c","Njukiini","njukiini","canonical","en","KDA-TRANSCRIPTION-LN14-2012"
"7f417ca1-d2a1-5945-8c5e-54c6cd64e822","8843c16c-241d-5158-8971-d371fb1c8e7c","Njukiini ward","njukiini ward","common","en","KDA-TRANSCRIPTION-LN14-2012"
"337c6aaf-2c70-5482-a083-b67bf40b4a5a","2e49f3da-952c-5430-bd8f-bedd13e2a268","Ngariama","ngariama","canonical","en","KDA-TRANSCRIPTION-LN14-2012"
"d4acd906-ed54-5ddc-91f1-3e3cdc1ad8a1","2e49f3da-952c-5430-bd8f-bedd13e2a268","Ngariama ward","ngariama ward","common","en","KDA-TRANSCRIPTION-LN14-2012"
"1ae50a9d-bb2f-5f89-88cf-9b80b717b9cf","1d51158a-58f9-5764-b35b-496219c5b6f3","Karumandi","karumandi","canonical","en","KDA-TRANSCRIPTION-LN14-2012"
"c31f1534-f959-5e31-837d-20fe82981987","1d51158a-58f9-5764-b35b-496219c5b6f3","Karumandi ward","karumandi ward","common","en","KDA-TRANSCRIPTION-LN14-2012"
"86235b0f-8bef-5acb-a559-8536327dec85","18b38b9f-780a-5519-b2fb-b8d1478371b2","Mukure","mukure","canonical","en","KDA-TRANSCRIPTION-LN14-2012"
"b8728c4f-1d31-56c8-9a73-7358244e2290","18b38b9f-780a-5519-b2fb-b8d1478371b2","Mukure ward","mukure ward","common","en","KDA-TRANSCRIPTION-LN14-2012"
"c10d7635-1e65-5d64-b7d2-36a714b4e29a","7c46050e-0141-59d6-bbde-be083b0f2892","Kiine","kiine","canonical","en","KDA-TRANSCRIPTION-LN14-2012"
"35478f62-4e0f-5bc9-810a-0ea05c46dd2e","7c46050e-0141-59d6-bbde-be083b0f2892","Kiine ward","kiine ward","common","en","KDA-TRANSCRIPTION-LN14-2012"
"adc69fa1-6c82-5983-be0c-91118b3564fb","d5b3bdeb-fc26-5f6d-b5ca-cf0be5665ffe","Kariti","kariti","canonical","en","KDA-TRANSCRIPTION-LN14-2012"
"7377e583-4de6-5be8-9a3e-59f97a7d3bcd","d5b3bdeb-fc26-5f6d-b5ca-cf0be5665ffe","Kariti ward","kariti ward","common","en","KDA-TRANSCRIPTION-LN14-2012"
"874a1e5c-fedb-503d-8428-6c63a55123dc","0e5bab52-c1b9-5596-8aa9-c31e890d637c","Mutira","mutira","canonical","en","KDA-TRANSCRIPTION-LN14-2012"
"f25161b7-d275-508e-a3b7-7c5abc0d1c5c","0e5bab52-c1b9-5596-8aa9-c31e890d637c","Mutira ward","mutira ward","common","en","KDA-TRANSCRIPTION-LN14-2012"
"245ceea9-f497-5ff0-9834-1c632129e464","a88d747e-8844-590d-b03d-a1d63e53d1f1","Kanyeki-Ini","kanyeki ini","canonical","en","KDA-TRANSCRIPTION-LN14-2012"
"6afa4be4-9676-5c2f-8bc0-1211cfe15cc7","a88d747e-8844-590d-b03d-a1d63e53d1f1","Kanyeki-Ini ward","kanyeki ini ward","common","en","KDA-TRANSCRIPTION-LN14-2012"
"fc316155-53cb-50ac-aa53-3bb0fbef2e56","0245e385-8e1f-5361-be95-4181e323cd0e","Kerugoya","kerugoya","canonical","en","KDA-TRANSCRIPTION-LN14-2012"
"5d8c2e03-1269-5a0c-a9bf-fc0f23a95052","0245e385-8e1f-5361-be95-4181e323cd0e","Kerugoya ward","kerugoya ward","common","en","KDA-TRANSCRIPTION-LN14-2012"
"ec063414-8551-5bab-b067-277035a08766","4e3b2f50-4154-5e18-9c91-be4144cf006b","Inoi","inoi","canonical","en","KDA-TRANSCRIPTION-LN14-2012"
"8fb1262f-0cb8-5a0f-83b4-e5d3ec8f2f18","4e3b2f50-4154-5e18-9c91-be4144cf006b","Inoi ward","inoi ward","common","en","KDA-TRANSCRIPTION-LN14-2012"
"2cc3b49a-41ae-5ed4-98ca-24b365d293ec","622eb925-a6be-5c8e-8378-9ebd4895d531","Kanyenyaini","kanyenyaini","canonical","en","KDA-TRANSCRIPTION-LN14-2012"
"258679d1-51a8-58a9-a375-224fe7a7f6cd","622eb925-a6be-5c8e-8378-9ebd4895d531","Kanyenyaini ward","kanyenyaini ward","common","en","KDA-TRANSCRIPTION-LN14-2012"
"d93e9f82-316f-5462-bf44-55a6a8cafd26","95baca33-4b84-5f6d-b597-b5a395d1af90","Muguru","muguru","canonical","en","KDA-TRANSCRIPTION-LN14-2012"
"3e4ae220-bb5a-58bc-a81e-f5318b1800f4","95baca33-4b84-5f6d-b597-b5a395d1af90","Muguru ward","muguru ward","common","en","KDA-TRANSCRIPTION-LN14-2012"
"ec8442a2-01d7-5d95-b5f6-ec3934d4df49","c8fcbfaa-e009-50ad-8a48-561f40b2df9e","Rwathia","rwathia","canonical","en","KDA-TRANSCRIPTION-LN14-2012"
"6c5c8594-94eb-5738-b8b6-43c1471c52bf","c8fcbfaa-e009-50ad-8a48-561f40b2df9e","Rwathia ward","rwathia ward","common","en","KDA-TRANSCRIPTION-LN14-2012"
"500cd443-a6c5-5997-892b-3253d38d461c","1992c3d9-8fae-5e6e-9e50-3b5b11a2b379","Gitugi","gitugi","canonical","en","KDA-TRANSCRIPTION-LN14-2012"
"7cd7ba71-eaea-58d0-8cbf-e9a5c9e5eefa","1992c3d9-8fae-5e6e-9e50-3b5b11a2b379","Gitugi ward","gitugi ward","common","en","KDA-TRANSCRIPTION-LN14-2012"
"40500df3-f6a2-52be-ae14-11e209cf9fae","625499f7-5dc4-5ca6-9360-d73223f8ecce","Kiru","kiru","canonical","en","KDA-TRANSCRIPTION-LN14-2012"
"830a04a8-d756-5f61-a51f-49ec3fe6fcd7","625499f7-5dc4-5ca6-9360-d73223f8ecce","Kiru ward","kiru ward","common","en","KDA-TRANSCRIPTION-LN14-2012"
"f3c82a2e-d212-5e0d-8ab9-092ef2e40f48","0086fe47-b692-5461-ab53-254d67a48ce5","Kamacharia","kamacharia","canonical","en","KDA-TRANSCRIPTION-LN14-2012"
"a1beae1d-0a27-577e-90af-b591a1056700","0086fe47-b692-5461-ab53-254d67a48ce5","Kamacharia ward","kamacharia ward","common","en","KDA-TRANSCRIPTION-LN14-2012"
"e3495c84-762f-5347-b5a0-cd226ed60481","669c2d7f-6d4a-57a5-bc32-2590f82d9d10","Wangu","wangu","canonical","en","KDA-TRANSCRIPTION-LN14-2012"
"a3faef00-7093-5047-8325-9feb8e92f932","669c2d7f-6d4a-57a5-bc32-2590f82d9d10","Wangu ward","wangu ward","common","en","KDA-TRANSCRIPTION-LN14-2012"
"9f4b4f57-ebfc-59fb-94c9-ff2aa1b5f9d7","ef2305e4-90cc-5bfb-b5ca-562c4f7bee5e","Mugoiri","mugoiri","canonical","en","KDA-TRANSCRIPTION-LN14-2012"
"bbe28f8a-7e5d-58be-8f1a-a12f1a5c60e9","ef2305e4-90cc-5bfb-b5ca-562c4f7bee5e","Mugoiri ward","mugoiri ward","common","en","KDA-TRANSCRIPTION-LN14-2012"
"34fc044e-97d2-5bc4-aec6-ae1dd72103f1","7517aa5a-505a-5539-83c3-40258d959b36","Mbiri","mbiri","canonical","en","KDA-TRANSCRIPTION-LN14-2012"
"5fc6f59d-23c1-5449-8efd-6cc785268a37","7517aa5a-505a-5539-83c3-40258d959b36","Mbiri ward","mbiri ward","common","en","KDA-TRANSCRIPTION-LN14-2012"
"936a276b-6eaa-5dd8-8e99-95d14e300766","cba13575-66ee-54c2-9906-c60e7c5b779b","Township","township","canonical","en","KDA-TRANSCRIPTION-LN14-2012"
"69262c94-6d0d-5b23-aae4-7096d3a56324","cba13575-66ee-54c2-9906-c60e7c5b779b","Township ward","township ward","common","en","KDA-TRANSCRIPTION-LN14-2012"
"a99296b5-4a63-5819-981c-5273416ed000","09b46523-2fb5-55c5-bd8e-ed16b605ce7f","Murarandia","murarandia","canonical","en","KDA-TRANSCRIPTION-LN14-2012"
"f1d642df-d8c6-5e89-8403-f584dab7bfba","09b46523-2fb5-55c5-bd8e-ed16b605ce7f","Murarandia ward","murarandia ward","common","en","KDA-TRANSCRIPTION-LN14-2012"
"4f32a42a-7dcf-56cb-8d22-f4e6526ff88e","a7cc8f7d-238c-5469-8cdf-a6a85a189737","Gaturi","gaturi","canonical","en","KDA-TRANSCRIPTION-LN14-2012"
"bb7dcb22-be1d-51df-ae80-8d02341dfcb1","a7cc8f7d-238c-5469-8cdf-a6a85a189737","Gaturi ward","gaturi ward","common","en","KDA-TRANSCRIPTION-LN14-2012"
"0de702e5-f3a1-5267-a2d3-b9740f31602b","1d168f9e-a89b-5f2f-bad4-09196fe68fec","Kahumbu","kahumbu","canonical","en","KDA-TRANSCRIPTION-LN14-2012"
"f3e889f7-17e0-5ebc-bfe7-4407bf5d12c6","1d168f9e-a89b-5f2f-bad4-09196fe68fec","Kahumbu ward","kahumbu ward","common","en","KDA-TRANSCRIPTION-LN14-2012"
"746e0504-ca28-5cb1-b311-b1a6e3bf1640","0ad1b566-9705-5aac-a485-ccdf391d63a0","Muthithi","muthithi","canonical","en","KDA-TRANSCRIPTION-LN14-2012"
"c9430484-394e-5e07-b4f1-0859f8864c60","0ad1b566-9705-5aac-a485-ccdf391d63a0","Muthithi ward","muthithi ward","common","en","KDA-TRANSCRIPTION-LN14-2012"
"d83d569d-0695-56de-b757-77e7b777273f","538ebd36-1cd7-5263-ac55-7db409052194","Kigumo","kigumo","canonical","en","KDA-TRANSCRIPTION-LN14-2012"
"fffb6b9b-7695-5ab6-b93f-6166e681f26d","538ebd36-1cd7-5263-ac55-7db409052194","Kigumo ward","kigumo ward","common","en","KDA-TRANSCRIPTION-LN14-2012"
"5a0d7d68-77d3-5d99-88e0-ac4012ebc3f3","136c00a3-5a0d-5c48-8b81-c99afb372b95","Kangari","kangari","canonical","en","KDA-TRANSCRIPTION-LN14-2012"
"d8cf6b77-7107-5c10-aef1-7bc5d312fe52","136c00a3-5a0d-5c48-8b81-c99afb372b95","Kangari ward","kangari ward","common","en","KDA-TRANSCRIPTION-LN14-2012"
"7507fa07-a44a-53e6-a8e9-72aca3dde9a4","9521e2ac-6a45-5f24-bcf7-7a33c9d54996","Kinyona","kinyona","canonical","en","KDA-TRANSCRIPTION-LN14-2012"
"8383ec60-ed6e-506c-bf4e-ea47c6080b74","9521e2ac-6a45-5f24-bcf7-7a33c9d54996","Kinyona ward","kinyona ward","common","en","KDA-TRANSCRIPTION-LN14-2012"
"5ba06798-8328-592a-97ca-572fc370b0c3","4c5c61c6-cb18-56fa-a214-d267e394f02d","Kimorori/Wempa","kimorori wempa","canonical","en","KDA-TRANSCRIPTION-LN14-2012"
"82d942e5-f3f7-500f-abfb-09b158534069","4c5c61c6-cb18-56fa-a214-d267e394f02d","Kimorori/Wempa ward","kimorori wempa ward","common","en","KDA-TRANSCRIPTION-LN14-2012"
"7e2c89a8-6015-5e6b-a56e-e710127d1313","37fa7cba-3611-5f1d-899d-95aefe6c622d","Makuyu","makuyu","canonical","en","KDA-TRANSCRIPTION-LN14-2012"
"7066d40f-c3e7-52e3-8f0d-51c6827d31b5","37fa7cba-3611-5f1d-899d-95aefe6c622d","Makuyu ward","makuyu ward","common","en","KDA-TRANSCRIPTION-LN14-2012"
"d7186ec0-2b83-5070-aa91-5929e65da5d9","3359bba9-a182-5106-a3f6-61d17b773e2b","Kambiti","kambiti","canonical","en","KDA-TRANSCRIPTION-LN14-2012"
"2d591cdf-3654-5516-854c-d36aab4a86ff","3359bba9-a182-5106-a3f6-61d17b773e2b","Kambiti ward","kambiti ward","common","en","KDA-TRANSCRIPTION-LN14-2012"
"613320cc-652a-5b93-b553-f39b198a80b8","c9943452-aea6-5297-a0c8-0795e5c0c102","Kamahuha","kamahuha","canonical","en","KDA-TRANSCRIPTION-LN14-2012"
"d71576dc-cde7-518d-a269-7c73ba4c0a9c","c9943452-aea6-5297-a0c8-0795e5c0c102","Kamahuha ward","kamahuha ward","common","en","KDA-TRANSCRIPTION-LN14-2012"
"fee31697-d5ca-537c-aaf2-ccadd7cb7184","1719f46f-9872-5ce5-940a-a43f7c8b9ae4","Ichagaki","ichagaki","canonical","en","KDA-TRANSCRIPTION-LN14-2012"
"5a00f16c-4ee5-565e-a707-4c0a716ba784","1719f46f-9872-5ce5-940a-a43f7c8b9ae4","Ichagaki ward","ichagaki ward","common","en","KDA-TRANSCRIPTION-LN14-2012"
"e28bd27d-1d97-5520-9a6c-9121d51cdc2c","4120e243-cf08-5344-9b41-23aee8ae477a","Nginda","nginda","canonical","en","KDA-TRANSCRIPTION-LN14-2012"
"7c86f092-ff8c-550b-8be5-4e302c5ebe0d","4120e243-cf08-5344-9b41-23aee8ae477a","Nginda ward","nginda ward","common","en","KDA-TRANSCRIPTION-LN14-2012"
"d94d3293-3d80-5d2c-b28a-00bab6fc2d88","8b5ffb2e-fde0-5dda-9bc2-72209dcaf20d","Ng'araria","ngararia","canonical","en","KDA-TRANSCRIPTION-LN14-2012"
"9a684a58-45ec-5c34-9262-9fa1a8cf8a12","8b5ffb2e-fde0-5dda-9bc2-72209dcaf20d","Ng'araria ward","ngararia ward","common","en","KDA-TRANSCRIPTION-LN14-2012"
"06cbb144-c606-5058-aec9-56a11c7594fa","ed2abe4a-897e-5336-bef7-e11becff0f0a","Muruka","muruka","canonical","en","KDA-TRANSCRIPTION-LN14-2012"
"dab5e7af-59f1-58ea-9725-251d3187bdc5","ed2abe4a-897e-5336-bef7-e11becff0f0a","Muruka ward","muruka ward","common","en","KDA-TRANSCRIPTION-LN14-2012"
"8d6881ed-7173-5501-bfbe-64100a82c532","c5a5d0bc-3a9f-5fa6-ba3e-c5b9abd29eb3","Kagundu-Ini","kagundu ini","canonical","en","KDA-TRANSCRIPTION-LN14-2012"
"abf1bb9c-352e-5027-ae92-12bac557b699","c5a5d0bc-3a9f-5fa6-ba3e-c5b9abd29eb3","Kagundu-Ini ward","kagundu ini ward","common","en","KDA-TRANSCRIPTION-LN14-2012"
"324b8fcd-d7aa-5d38-ab6d-70e62714ff97","280e1e16-109c-571b-b3e0-82dfc3dae992","Gaichanjiru","gaichanjiru","canonical","en","KDA-TRANSCRIPTION-LN14-2012"
"a35daa1e-1421-5ce1-8dd4-89ebc50f799f","280e1e16-109c-571b-b3e0-82dfc3dae992","Gaichanjiru ward","gaichanjiru ward","common","en","KDA-TRANSCRIPTION-LN14-2012"
"b784d1e1-7047-5168-8260-47dec946ae68","778cccb7-bed2-56c3-a543-09f81b13d859","Ithiru","ithiru","canonical","en","KDA-TRANSCRIPTION-LN14-2012"
"eac14165-4323-5dbe-8b4c-99307f18012a","778cccb7-bed2-56c3-a543-09f81b13d859","Ithiru ward","ithiru ward","common","en","KDA-TRANSCRIPTION-LN14-2012"
"a0671e5c-f6c5-5d84-a3b4-3e679c8fa535","9292d11b-20fa-5195-af67-9601977b8bac","Ruchu","ruchu","canonical","en","KDA-TRANSCRIPTION-LN14-2012"
"d9235314-cb3a-58c7-b20b-934107330abd","9292d11b-20fa-5195-af67-9601977b8bac","Ruchu ward","ruchu ward","common","en","KDA-TRANSCRIPTION-LN14-2012"
"7a7ed867-78c4-50dd-b164-74e779d9306b","195a1862-65f9-5308-88c1-bc6552a0f471","Ithanga","ithanga","canonical","en","KDA-TRANSCRIPTION-LN14-2012"
"0288cc51-dc36-5585-9013-fb90b97745ea","195a1862-65f9-5308-88c1-bc6552a0f471","Ithanga ward","ithanga ward","common","en","KDA-TRANSCRIPTION-LN14-2012"
"6841d4be-8b1a-582b-9a67-c7abf9bf585a","6cd7ba86-5d80-5523-84b4-a918dc7afee1","Kakuzi/Mitubiri","kakuzi mitubiri","canonical","en","KDA-TRANSCRIPTION-LN14-2012"
"37fa9802-18c9-51bc-baaa-269ce4adf292","6cd7ba86-5d80-5523-84b4-a918dc7afee1","Kakuzi/Mitubiri ward","kakuzi mitubiri ward","common","en","KDA-TRANSCRIPTION-LN14-2012"
"b3b64ce3-41ae-5266-a0d9-3897c95a0b28","ac1ae088-fb8b-5b50-abb6-f7ef6af38209","Mugumo-Ini","mugumo ini","canonical","en","KDA-TRANSCRIPTION-LN14-2012"
"e8c0ae3d-7797-5700-a526-b68af4ed155a","ac1ae088-fb8b-5b50-abb6-f7ef6af38209","Mugumo-Ini ward","mugumo ini ward","common","en","KDA-TRANSCRIPTION-LN14-2012"
"6560e131-068e-51f7-ace5-60e8552415c5","df900e23-25cf-5932-9671-6b39be047929","Kihumbu-Ini","kihumbu ini","canonical","en","KDA-TRANSCRIPTION-LN14-2012"
"64397e38-9157-58a0-a75d-426618b15692","df900e23-25cf-5932-9671-6b39be047929","Kihumbu-Ini ward","kihumbu ini ward","common","en","KDA-TRANSCRIPTION-LN14-2012"
"3d4e6f40-375d-5a40-aee7-c4d09d453cba","a8e55479-1b81-5778-891e-458f094b393f","Gatanga","gatanga","canonical","en","KDA-TRANSCRIPTION-LN14-2012"
"1012e62f-c4b7-578a-81cb-81b67ae63038","a8e55479-1b81-5778-891e-458f094b393f","Gatanga ward","gatanga ward","common","en","KDA-TRANSCRIPTION-LN14-2012"
"24e5cef3-0907-5796-8faf-5dfa2698c2c9","8dcea636-b7b3-5756-98ee-2d01f9c20911","Kariara","kariara","canonical","en","KDA-TRANSCRIPTION-LN14-2012"
"ecc95706-9014-55a8-b3eb-d53cf23d34b7","8dcea636-b7b3-5756-98ee-2d01f9c20911","Kariara ward","kariara ward","common","en","KDA-TRANSCRIPTION-LN14-2012"
"b7d1663b-5f3b-5388-95fe-72352e82d52b","409e34eb-dbf7-5188-af18-34481bb2c8b4","Kiamwangi","kiamwangi","canonical","en","KDA-TRANSCRIPTION-LN14-2012"
"f5ab07a6-07f6-5b60-baf2-4328fe8cecaa","409e34eb-dbf7-5188-af18-34481bb2c8b4","Kiamwangi ward","kiamwangi ward","common","en","KDA-TRANSCRIPTION-LN14-2012"
"8982ca94-e014-5edf-9608-b59d8e15f97d","3a60f103-ebfd-5807-b9bb-2554398983b3","Kiganjo","kiganjo","canonical","en","KDA-TRANSCRIPTION-LN14-2012"
"c8c313c1-ab8c-52a0-9784-6ba586c698f7","3a60f103-ebfd-5807-b9bb-2554398983b3","Kiganjo ward","kiganjo ward","common","en","KDA-TRANSCRIPTION-LN14-2012"
"653e2830-48ba-5c41-b9be-8380b59f35a0","d11f7c61-70af-58ae-b2bf-6d6f1f233917","Ndarugu","ndarugu","canonical","en","KDA-TRANSCRIPTION-LN14-2012"
"38386a2f-6884-5ea8-b4c0-1f97bc168286","d11f7c61-70af-58ae-b2bf-6d6f1f233917","Ndarugu ward","ndarugu ward","common","en","KDA-TRANSCRIPTION-LN14-2012"
"629b8ce6-9da8-561a-82df-a622308b1228","2913bcc7-bb8b-5fef-99a2-fdee2f5798f5","Ngenda","ngenda","canonical","en","KDA-TRANSCRIPTION-LN14-2012"
"5e799090-5c05-5bb3-9510-c9c76b979223","2913bcc7-bb8b-5fef-99a2-fdee2f5798f5","Ngenda ward","ngenda ward","common","en","KDA-TRANSCRIPTION-LN14-2012"
"2be90bbf-8b85-5141-b804-e7af93daf87e","5ac43a0a-7524-55bd-8f24-42d96e003fff","Gituamba","gituamba","canonical","en","KDA-TRANSCRIPTION-LN14-2012"
"ebc2b564-c491-55d9-8cad-6f88708a6415","5ac43a0a-7524-55bd-8f24-42d96e003fff","Gituamba ward","gituamba ward","common","en","KDA-TRANSCRIPTION-LN14-2012"
"cd0106ab-f763-5fa3-8b57-546d3b8b6f13","b809bb68-1ae5-5ae2-b0d7-57b8c33beeda","Githobokoni","githobokoni","canonical","en","KDA-TRANSCRIPTION-LN14-2012"
"f4ef8c5d-a5a8-5e4d-a2b8-04af627349bd","b809bb68-1ae5-5ae2-b0d7-57b8c33beeda","Githobokoni ward","githobokoni ward","common","en","KDA-TRANSCRIPTION-LN14-2012"
"5c5fdc94-db0a-59c3-a87d-b40aba3329f7","f4dc6a18-b474-5f76-a64f-f59c927f1d20","Chania","chania","canonical","en","KDA-TRANSCRIPTION-LN14-2012"
"87150f1c-a412-53d5-91d2-a59566dce186","f4dc6a18-b474-5f76-a64f-f59c927f1d20","Chania ward","chania ward","common","en","KDA-TRANSCRIPTION-LN14-2012"
"f7a28eee-fe5a-5fc9-8e2b-ae58eed366d9","9a1761c5-4a4a-599b-b606-077b64436021","Mang'u","mangu","canonical","en","KDA-TRANSCRIPTION-LN14-2012"
"38190ca4-fc30-5ffb-8b91-b01bb50d0f8f","9a1761c5-4a4a-599b-b606-077b64436021","Mang'u ward","mangu ward","common","en","KDA-TRANSCRIPTION-LN14-2012"
"21d5f17d-44cb-5c56-9ff9-791d825078ab","10582ad2-5cd0-54b1-a538-331af49812d3","Murera","murera","canonical","en","KDA-TRANSCRIPTION-LN14-2012"
"ce90b4d9-1392-5b95-bfb7-63db44da10d2","10582ad2-5cd0-54b1-a538-331af49812d3","Murera ward","murera ward","common","en","KDA-TRANSCRIPTION-LN14-2012"
"1580c817-171e-5f31-a0d4-12546af42bb2","f3a5b656-66f0-53db-af93-c1b4e73ff23f","Theta","theta","canonical","en","KDA-TRANSCRIPTION-LN14-2012"
"82c2a462-b30d-5e5f-8904-5e68cef9b518","f3a5b656-66f0-53db-af93-c1b4e73ff23f","Theta ward","theta ward","common","en","KDA-TRANSCRIPTION-LN14-2012"
"21d327e7-9086-5af6-a20c-0a766f75f7da","ca3e8db8-e595-56fa-a009-407b07578732","Juja","juja","canonical","en","KDA-TRANSCRIPTION-LN14-2012"
"e1a0db45-18f8-5b71-b45b-8e122348d310","ca3e8db8-e595-56fa-a009-407b07578732","Juja ward","juja ward","common","en","KDA-TRANSCRIPTION-LN14-2012"
"f2251dca-5071-54e4-a354-d65655f9c63c","72c3b5cd-ece5-504b-8a9d-87452cbd7601","Witeithie","witeithie","canonical","en","KDA-TRANSCRIPTION-LN14-2012"
"994f6d72-e696-52a3-8147-5b5c50dc61f3","72c3b5cd-ece5-504b-8a9d-87452cbd7601","Witeithie ward","witeithie ward","common","en","KDA-TRANSCRIPTION-LN14-2012"
"fb2badce-7d98-5adf-9884-11c3c754de45","168eeca0-af07-5cc5-9cfd-6658b23c54b6","Kalimoni","kalimoni","canonical","en","KDA-TRANSCRIPTION-LN14-2012"
"9b7d41d4-3cc1-5f63-9efe-c00291e0f9aa","168eeca0-af07-5cc5-9cfd-6658b23c54b6","Kalimoni ward","kalimoni ward","common","en","KDA-TRANSCRIPTION-LN14-2012"
"221abcf8-298a-5b5c-b1dd-3f259ed231f7","93526b8e-8b3c-5a1c-9ad7-4dc1587c899e","Township","township","canonical","en","KDA-TRANSCRIPTION-LN14-2012"
"df825ff8-1487-55fd-b29c-88ad948cd2ed","93526b8e-8b3c-5a1c-9ad7-4dc1587c899e","Township ward","township ward","common","en","KDA-TRANSCRIPTION-LN14-2012"
"e748592d-ced5-500b-bb69-bf4128042b31","d2b922e2-45d1-58b8-a30d-7364aebb41ca","Kamenu","kamenu","canonical","en","KDA-TRANSCRIPTION-LN14-2012"
"745ae023-7ce4-5b40-bccf-b7cad2c93745","d2b922e2-45d1-58b8-a30d-7364aebb41ca","Kamenu ward","kamenu ward","common","en","KDA-TRANSCRIPTION-LN14-2012"
"3c212a5a-b211-57a9-aba0-a92f61f328b1","ed8a8528-ce95-58bb-bcd3-1beecb233810","Hospital","hospital","canonical","en","KDA-TRANSCRIPTION-LN14-2012"
"5d9b7343-acc5-5332-b33a-d89892335840","ed8a8528-ce95-58bb-bcd3-1beecb233810","Hospital ward","hospital ward","common","en","KDA-TRANSCRIPTION-LN14-2012"
"c31583f7-5273-5c4f-972d-b156c0fd093a","06657c29-fe32-50b3-b37e-bc87ecdc3580","Gatuanyaga","gatuanyaga","canonical","en","KDA-TRANSCRIPTION-LN14-2012"
"d35e674c-2304-58ac-a60e-2519d1ca98bd","06657c29-fe32-50b3-b37e-bc87ecdc3580","Gatuanyaga ward","gatuanyaga ward","common","en","KDA-TRANSCRIPTION-LN14-2012"
"0d18aef7-94ff-5420-9d49-aae0163f22c2","bf82544d-f32a-5b14-bef5-8d9be8e1a05c","Ngoliba","ngoliba","canonical","en","KDA-TRANSCRIPTION-LN14-2012"
"7cf09878-b824-5f55-ade1-35c6f6efc7bb","bf82544d-f32a-5b14-bef5-8d9be8e1a05c","Ngoliba ward","ngoliba ward","common","en","KDA-TRANSCRIPTION-LN14-2012"
"5a94c625-dafa-5755-be45-6a941b6fb86b","fab5726b-0cb3-582a-8c3a-d6a036a9403a","Gitothua","gitothua","canonical","en","KDA-TRANSCRIPTION-LN14-2012"
"a0da08d7-bb25-54fd-bfc8-93cba9a4f0eb","fab5726b-0cb3-582a-8c3a-d6a036a9403a","Gitothua ward","gitothua ward","common","en","KDA-TRANSCRIPTION-LN14-2012"
"de3af820-789f-5d09-a7cb-f83d332a5e3a","61b6f60e-c3c1-5e73-9b6c-04ca3e66efa1","Biashara","biashara","canonical","en","KDA-TRANSCRIPTION-LN14-2012"
"dba8037a-9109-54b7-b18e-a1dfd268c5d0","61b6f60e-c3c1-5e73-9b6c-04ca3e66efa1","Biashara ward","biashara ward","common","en","KDA-TRANSCRIPTION-LN14-2012"
"2295f9dd-298b-58e3-a9cd-67e49209d45b","4e88749e-4329-58b6-916f-7e2f9c0b869c","Gatongora","gatongora","canonical","en","KDA-TRANSCRIPTION-LN14-2012"
"85a5b5bc-06d6-532b-a7cc-a4ab8838c69e","4e88749e-4329-58b6-916f-7e2f9c0b869c","Gatongora ward","gatongora ward","common","en","KDA-TRANSCRIPTION-LN14-2012"
"a9f697f7-69bf-514c-aba1-82f6d56746ad","1cc90820-14dd-564e-9cb3-2d71b83a89c6","Kahawa Sukari","kahawa sukari","canonical","en","KDA-TRANSCRIPTION-LN14-2012"
"8f8cbc10-ec3b-583f-9db7-79c7964ca21f","1cc90820-14dd-564e-9cb3-2d71b83a89c6","Kahawa Sukari ward","kahawa sukari ward","common","en","KDA-TRANSCRIPTION-LN14-2012"
"ac5a9ad6-15f1-5c35-a799-9e9d0f14ba90","910c5634-b9d5-5b0a-be64-852ea58901aa","Kahawa Wendani","kahawa wendani","canonical","en","KDA-TRANSCRIPTION-LN14-2012"
"d092d3a5-ffa6-56b3-8fd9-5d221eeaef5d","910c5634-b9d5-5b0a-be64-852ea58901aa","Kahawa Wendani ward","kahawa wendani ward","common","en","KDA-TRANSCRIPTION-LN14-2012"
"40a5c395-0a2e-577c-921b-82378f4551a9","c21848ef-a309-515c-b42c-cf91d022f932","Kiuu","kiuu","canonical","en","KDA-TRANSCRIPTION-LN14-2012"
"e930b04c-c7f0-57c3-b7c8-14305b0a8233","c21848ef-a309-515c-b42c-cf91d022f932","Kiuu ward","kiuu ward","common","en","KDA-TRANSCRIPTION-LN14-2012"
"76da82d3-8eec-54b9-a9e9-af6c1dc88858","3d6915d1-cac9-5be8-9628-162b6ac437f5","Mwiki","mwiki","canonical","en","KDA-TRANSCRIPTION-LN14-2012"
"fa86de49-1c31-595d-81cd-c7a261ae999e","3d6915d1-cac9-5be8-9628-162b6ac437f5","Mwiki ward","mwiki ward","common","en","KDA-TRANSCRIPTION-LN14-2012"
"c1773537-414d-5c94-a177-d7f104d65efe","36680ac5-1afb-574f-af73-712fc2c101c6","Mwihoko","mwihoko","canonical","en","KDA-TRANSCRIPTION-LN14-2012"
"ed6088b1-34ad-580a-b7d6-58d712e915d7","36680ac5-1afb-574f-af73-712fc2c101c6","Mwihoko ward","mwihoko ward","common","en","KDA-TRANSCRIPTION-LN14-2012"
"7c598a0a-7423-549b-b768-67c3c783e6ef","7d092348-01bb-5f73-8bb8-b47df9589ed7","Githunguri","githunguri","canonical","en","KDA-TRANSCRIPTION-LN14-2012"
"dd83f998-9f0f-5ffd-af88-cbe939290f2e","7d092348-01bb-5f73-8bb8-b47df9589ed7","Githunguri ward","githunguri ward","common","en","KDA-TRANSCRIPTION-LN14-2012"
"1f791f6d-4a6c-5c85-b47e-9ba52e36b2c2","bd2d34a8-6109-56af-8392-aa2a15f08f22","Githiga","githiga","canonical","en","KDA-TRANSCRIPTION-LN14-2012"
"5ba1933f-c117-5724-b7c5-4d785e18dc34","bd2d34a8-6109-56af-8392-aa2a15f08f22","Githiga ward","githiga ward","common","en","KDA-TRANSCRIPTION-LN14-2012"
"f15df9bf-533b-5365-832a-8427c12be10c","90301b6e-6eb0-58db-b1a1-68e7109c0de8","Ikinu","ikinu","canonical","en","KDA-TRANSCRIPTION-LN14-2012"
"09132790-d40c-5c0b-9118-3b1b863c01d1","90301b6e-6eb0-58db-b1a1-68e7109c0de8","Ikinu ward","ikinu ward","common","en","KDA-TRANSCRIPTION-LN14-2012"
"d3bbbd2e-88de-57d5-9a3b-6c367034ec4e","33df1d69-2189-532c-b394-06431ec38b6d","Ngewa","ngewa","canonical","en","KDA-TRANSCRIPTION-LN14-2012"
"3a09dfd9-82ab-506e-90c1-9d58da3885ea","33df1d69-2189-532c-b394-06431ec38b6d","Ngewa ward","ngewa ward","common","en","KDA-TRANSCRIPTION-LN14-2012"
"5f42c47c-defd-5689-8746-43e3d8120ce2","74c5a239-905d-5304-be5e-50439deff581","Komothai","komothai","canonical","en","KDA-TRANSCRIPTION-LN14-2012"
"06d3a36d-e51a-557c-bb22-85208c1746ab","74c5a239-905d-5304-be5e-50439deff581","Komothai ward","komothai ward","common","en","KDA-TRANSCRIPTION-LN14-2012"
"879e1af4-06b1-5834-b6c8-f71386594e0c","e3c9e34e-2e8c-5274-8d60-4a6b4b9cf7ff","Ting'ang'a","tinganga","canonical","en","KDA-TRANSCRIPTION-LN14-2012"
"7d1f4203-39e5-5129-9764-4f5c1ae5cdc9","e3c9e34e-2e8c-5274-8d60-4a6b4b9cf7ff","Ting'ang'a ward","tinganga ward","common","en","KDA-TRANSCRIPTION-LN14-2012"
"0529cd0d-620e-5270-8b62-c0b3d9bb4af3","7aaa0585-fa69-5e3a-80f2-8eebd38ac542","Ndumberi","ndumberi","canonical","en","KDA-TRANSCRIPTION-LN14-2012"
"08b00440-8b45-598d-b9bb-3a8c047a6a28","7aaa0585-fa69-5e3a-80f2-8eebd38ac542","Ndumberi ward","ndumberi ward","common","en","KDA-TRANSCRIPTION-LN14-2012"
"cbccd542-7efa-5569-b107-af6fe6e995ef","7b588c65-ac80-5a5e-88fb-76339a7c04df","Riabai","riabai","canonical","en","KDA-TRANSCRIPTION-LN14-2012"
"a84efd5c-d16e-55ad-aa55-362a4896193a","7b588c65-ac80-5a5e-88fb-76339a7c04df","Riabai ward","riabai ward","common","en","KDA-TRANSCRIPTION-LN14-2012"
"b70505c6-5aa1-532a-bebf-0ced9d624886","3ac795a4-4a47-5c71-8f46-53cfe84f1087","Township","township","canonical","en","KDA-TRANSCRIPTION-LN14-2012"
"48b779c4-b07d-5046-b58d-b0f72ac37a49","3ac795a4-4a47-5c71-8f46-53cfe84f1087","Township ward","township ward","common","en","KDA-TRANSCRIPTION-LN14-2012"
"9fbcc494-13b3-5d20-a1fd-27356760fbc4","0a07d101-3108-51b0-a47d-807f29f8120c","Cianda","cianda","canonical","en","KDA-TRANSCRIPTION-LN14-2012"
"afe906d7-6e9c-56bc-8314-3fded2cb62ca","0a07d101-3108-51b0-a47d-807f29f8120c","Cianda ward","cianda ward","common","en","KDA-TRANSCRIPTION-LN14-2012"
"b4a1bed8-9597-5f57-ba53-066f6a527f4a","33d05cc4-c40f-51c5-acd9-8bb6de1d07f8","Karuri","karuri","canonical","en","KDA-TRANSCRIPTION-LN14-2012"
"7a514c21-eefc-5a3c-8f90-5101c70791dc","33d05cc4-c40f-51c5-acd9-8bb6de1d07f8","Karuri ward","karuri ward","common","en","KDA-TRANSCRIPTION-LN14-2012"
"78729b1a-336d-5124-b6e9-aca121777baf","e8fc928f-fd15-5520-80b1-c25e30a5a8f0","Ndenderu","ndenderu","canonical","en","KDA-TRANSCRIPTION-LN14-2012"
"eb64c80d-3851-52a0-822b-4800b4307bdf","e8fc928f-fd15-5520-80b1-c25e30a5a8f0","Ndenderu ward","ndenderu ward","common","en","KDA-TRANSCRIPTION-LN14-2012"
"7ce5fef0-8db7-5fb3-9dc0-170b3faa0fa1","f1152f7e-52ad-5ae9-af96-2f01ccd072a4","Muchatha","muchatha","canonical","en","KDA-TRANSCRIPTION-LN14-2012"
"fb0b03e1-9ccd-53fe-867b-37436da89262","f1152f7e-52ad-5ae9-af96-2f01ccd072a4","Muchatha ward","muchatha ward","common","en","KDA-TRANSCRIPTION-LN14-2012"
"8619c662-c6c8-5cb1-9d89-1aac2cb6f207","1a4b28b4-fa61-5687-b518-3575a533e32b","Kihara","kihara","canonical","en","KDA-TRANSCRIPTION-LN14-2012"
"fce625f1-ca96-574e-afd5-d9c549e95dbc","1a4b28b4-fa61-5687-b518-3575a533e32b","Kihara ward","kihara ward","common","en","KDA-TRANSCRIPTION-LN14-2012"
"2eef8198-bc75-5f56-9c2f-2b7e156d481f","5ef2216a-5740-5bd2-b227-691cca41c77c","Gitaru","gitaru","canonical","en","KDA-TRANSCRIPTION-LN14-2012"
"56323321-d4ad-5621-aec0-4070adfa3e70","5ef2216a-5740-5bd2-b227-691cca41c77c","Gitaru ward","gitaru ward","common","en","KDA-TRANSCRIPTION-LN14-2012"
"91075b2a-c0e6-5818-a40a-d0237cc79938","a01228a3-704a-5659-9e81-ff216fc9e9c1","Muguga","muguga","canonical","en","KDA-TRANSCRIPTION-LN14-2012"
"cb227563-c2e8-5ae8-83d7-2e5b0d35416a","a01228a3-704a-5659-9e81-ff216fc9e9c1","Muguga ward","muguga ward","common","en","KDA-TRANSCRIPTION-LN14-2012"
"0f300750-a079-5263-bbae-67d3ce84a86c","2454c959-938c-5196-a1e2-5bccff4957ad","Nyadhuna","nyadhuna","canonical","en","KDA-TRANSCRIPTION-LN14-2012"
"91a1aaec-cbe0-5c5d-a09b-8efc785e0202","2454c959-938c-5196-a1e2-5bccff4957ad","Nyadhuna ward","nyadhuna ward","common","en","KDA-TRANSCRIPTION-LN14-2012"
"ae8ba09f-6395-5292-b0aa-8b238281dc2d","2b5a5016-2642-54b7-8f32-2ef1cc1a5871","Kabete","kabete","canonical","en","KDA-TRANSCRIPTION-LN14-2012"
"85e5ae08-d7e5-5c6d-be8b-3742c258be9b","2b5a5016-2642-54b7-8f32-2ef1cc1a5871","Kabete ward","kabete ward","common","en","KDA-TRANSCRIPTION-LN14-2012"
"bca43760-6156-596a-a110-ce88cb988218","3aac112a-d194-571b-bf23-e2c30ab5b9ab","Uthiru","uthiru","canonical","en","KDA-TRANSCRIPTION-LN14-2012"
"83c9c11d-387e-55a0-b312-2bde539ce781","3aac112a-d194-571b-bf23-e2c30ab5b9ab","Uthiru ward","uthiru ward","common","en","KDA-TRANSCRIPTION-LN14-2012"
"cf43ad8c-6a21-52c3-bc97-5093a1925f17","6bbc9a44-0938-54b1-87e4-217f80e38616","Karai","karai","canonical","en","KDA-TRANSCRIPTION-LN14-2012"
"2b5b4a0a-5afd-56b5-a7ee-b253327c59dc","6bbc9a44-0938-54b1-87e4-217f80e38616","Karai ward","karai ward","common","en","KDA-TRANSCRIPTION-LN14-2012"
"9e906eb5-16f1-5fb7-820a-fad2d29585e0","a5438db4-23bc-5717-a3f6-fee49036e20f","Nachu","nachu","canonical","en","KDA-TRANSCRIPTION-LN14-2012"
"428d8ac9-a620-5e0e-9670-1f33515507ff","a5438db4-23bc-5717-a3f6-fee49036e20f","Nachu ward","nachu ward","common","en","KDA-TRANSCRIPTION-LN14-2012"
"05756eec-ff42-56fb-8e5b-9fce9f2e98a5","aa0caea0-a3bc-53a2-920e-f740ddece5a6","Sigona","sigona","canonical","en","KDA-TRANSCRIPTION-LN14-2012"
"a3a66a8f-8d3b-5f6a-9f1e-e0a7e0cc537b","aa0caea0-a3bc-53a2-920e-f740ddece5a6","Sigona ward","sigona ward","common","en","KDA-TRANSCRIPTION-LN14-2012"
"1ddac9e3-b61e-5ebe-b611-1daeab22810b","574d4d76-b07e-5078-b5ed-d9d4bc737d1d","Kikuyu","kikuyu","canonical","en","KDA-TRANSCRIPTION-LN14-2012"
"959369f3-e1d2-50f6-a215-3cd02ae73136","574d4d76-b07e-5078-b5ed-d9d4bc737d1d","Kikuyu ward","kikuyu ward","common","en","KDA-TRANSCRIPTION-LN14-2012"
"60b6be28-29ba-5397-8c3a-9090924cbd81","24d029c9-a51b-5134-8ac4-980ece0a4d81","Kinoo","kinoo","canonical","en","KDA-TRANSCRIPTION-LN14-2012"
"1090e654-adbd-5928-b875-9194f1adb657","24d029c9-a51b-5134-8ac4-980ece0a4d81","Kinoo ward","kinoo ward","common","en","KDA-TRANSCRIPTION-LN14-2012"
"d26f54d9-bffb-56b1-9c66-3af5fcb47570","d3bb994b-5233-574d-95b5-1095fa5ebfcd","Bibirioni","bibirioni","canonical","en","KDA-TRANSCRIPTION-LN14-2012"
"384b00d3-8d01-58a2-8ec5-f6e9d97abff7","d3bb994b-5233-574d-95b5-1095fa5ebfcd","Bibirioni ward","bibirioni ward","common","en","KDA-TRANSCRIPTION-LN14-2012"
"92df6e30-3117-5501-ba0c-98d285ee0c08","9c7cf939-8deb-536b-a76c-aac0cd8e9984","Limuru Central","limuru central","canonical","en","KDA-TRANSCRIPTION-LN14-2012"
"f8864f61-8c82-5e34-8af8-1ac9638c33f6","9c7cf939-8deb-536b-a76c-aac0cd8e9984","Limuru Central ward","limuru central ward","common","en","KDA-TRANSCRIPTION-LN14-2012"
"8c624a57-3a6d-5e6a-a03b-b1cf33f94dc7","8a6ff3d4-33b9-5b85-9b73-55d8a405de7d","Ndeiya","ndeiya","canonical","en","KDA-TRANSCRIPTION-LN14-2012"
"6e43f9c3-2c53-548a-89bd-878bf9c5d8ec","8a6ff3d4-33b9-5b85-9b73-55d8a405de7d","Ndeiya ward","ndeiya ward","common","en","KDA-TRANSCRIPTION-LN14-2012"
"8d595a7f-b8c3-590a-b31c-9c759be673f5","54e54e54-70f8-548b-b1c8-64a0e0f1b5a1","Limuru East","limuru east","canonical","en","KDA-TRANSCRIPTION-LN14-2012"
"f0f25b9c-b6c9-5520-8fcd-60c2d143df6e","54e54e54-70f8-548b-b1c8-64a0e0f1b5a1","Limuru East ward","limuru east ward","common","en","KDA-TRANSCRIPTION-LN14-2012"
"848f349e-dc0e-51e5-bf31-6f532cd8b4c2","4f53ec59-db6a-566e-8c3d-b7e45fb96f10","Ngecha Tigoni","ngecha tigoni","canonical","en","KDA-TRANSCRIPTION-LN14-2012"
"1c12ef98-d10c-5ee8-9077-ad4eecb6186e","4f53ec59-db6a-566e-8c3d-b7e45fb96f10","Ngecha Tigoni ward","ngecha tigoni ward","common","en","KDA-TRANSCRIPTION-LN14-2012"
"c7dd0d93-c360-5dad-86f8-55c4188804d0","9b7f88ee-7b51-5dd0-9fa9-f8623c5a40fa","Kinale","kinale","canonical","en","KDA-TRANSCRIPTION-LN14-2012"
"02d4c764-9b40-5f9d-af64-4a8ad979875d","9b7f88ee-7b51-5dd0-9fa9-f8623c5a40fa","Kinale ward","kinale ward","common","en","KDA-TRANSCRIPTION-LN14-2012"
"70a7bfc6-4339-58ec-ac0f-14f1ffb28abf","45db7b54-721a-599e-9c97-5ba593fe8241","Kijabe","kijabe","canonical","en","KDA-TRANSCRIPTION-LN14-2012"
"0214da77-192b-510c-83ad-30ffcccdb702","45db7b54-721a-599e-9c97-5ba593fe8241","Kijabe ward","kijabe ward","common","en","KDA-TRANSCRIPTION-LN14-2012"
"0454e963-e936-5dca-8013-c14632304b51","c5b9c816-256e-53f0-a649-49c09badea88","Nyanduma","nyanduma","canonical","en","KDA-TRANSCRIPTION-LN14-2012"
"51569985-30a9-5a6d-a667-ebc5b69b3e91","c5b9c816-256e-53f0-a649-49c09badea88","Nyanduma ward","nyanduma ward","common","en","KDA-TRANSCRIPTION-LN14-2012"
"5edd00b2-7953-565a-b652-9207eb524926","eff295b2-512b-5faf-b3dc-8f4b328c5cfa","Kamburu","kamburu","canonical","en","KDA-TRANSCRIPTION-LN14-2012"
"66bc0adf-d69f-58aa-9e86-3114e862e3a4","eff295b2-512b-5faf-b3dc-8f4b328c5cfa","Kamburu ward","kamburu ward","common","en","KDA-TRANSCRIPTION-LN14-2012"
"4adf65dc-c6fa-5102-b47d-7e429e507ac8","40523adc-6848-5aac-b3d6-39f1fdb6b9ed","Lari/Kirenga","lari kirenga","canonical","en","KDA-TRANSCRIPTION-LN14-2012"
"55d97b32-3c46-581b-8421-8063961a125a","40523adc-6848-5aac-b3d6-39f1fdb6b9ed","Lari/Kirenga ward","lari kirenga ward","common","en","KDA-TRANSCRIPTION-LN14-2012"
"e4d574e8-f9e0-50f4-937b-99e141dfc865","2cb11569-ea94-54c2-b244-d8b472c7967e","Kaeris","kaeris","canonical","en","KDA-TRANSCRIPTION-LN14-2012"
"3783e397-54bd-584d-b34d-210eba1cd366","2cb11569-ea94-54c2-b244-d8b472c7967e","Kaeris ward","kaeris ward","common","en","KDA-TRANSCRIPTION-LN14-2012"
"5ee3ba29-f678-5deb-a401-c50739c7c9f6","319a0629-e354-57c3-91b0-f66c1615f1c3","Lake Zone","lake zone","canonical","en","KDA-TRANSCRIPTION-LN14-2012"
"b306fa42-5d8d-5391-9766-8fdd4725f392","319a0629-e354-57c3-91b0-f66c1615f1c3","Lake Zone ward","lake zone ward","common","en","KDA-TRANSCRIPTION-LN14-2012"
"ab2ae534-a998-52a0-aca1-841b347416a3","04eaf587-ef92-50a3-9734-0a1a38e276ca","Lapur","lapur","canonical","en","KDA-TRANSCRIPTION-LN14-2012"
"559ce89c-3503-503a-864d-5cf51a7f3e9d","04eaf587-ef92-50a3-9734-0a1a38e276ca","Lapur ward","lapur ward","common","en","KDA-TRANSCRIPTION-LN14-2012"
"9845c6f1-ed82-5848-9134-cf96b3e00116","0bd1ea44-a540-584f-9da2-a67d8ca8d57a","Kaaleng/Kaikor","kaaleng kaikor","canonical","en","KDA-TRANSCRIPTION-LN14-2012"
"97100cba-87ba-5dd4-83b1-c59b0384595f","0bd1ea44-a540-584f-9da2-a67d8ca8d57a","Kaaleng/Kaikor ward","kaaleng kaikor ward","common","en","KDA-TRANSCRIPTION-LN14-2012"
"852ec8b9-8fe7-5e49-ac88-4a294359fc25","cceebc2f-ff47-5be9-869e-67ef2d680d4a","Kibish","kibish","canonical","en","KDA-TRANSCRIPTION-LN14-2012"
"90dc629d-5c64-525f-9331-f9feb6d0cd8d","cceebc2f-ff47-5be9-869e-67ef2d680d4a","Kibish ward","kibish ward","common","en","KDA-TRANSCRIPTION-LN14-2012"
"6a555512-0ede-575f-94ec-7b74370a4eb9","3ddfb630-72aa-5d83-8e0f-26d9d94e9544","Nakalale","nakalale","canonical","en","KDA-TRANSCRIPTION-LN14-2012"
"53c384af-d984-5af5-8338-a7f4d542e34c","3ddfb630-72aa-5d83-8e0f-26d9d94e9544","Nakalale ward","nakalale ward","common","en","KDA-TRANSCRIPTION-LN14-2012"
"50782a03-29e3-5b8f-812a-5d48cac95887","5dbf02a2-30ac-591e-8f83-5132f8182b9a","Kakuma","kakuma","canonical","en","KDA-TRANSCRIPTION-LN14-2012"
"4f652b25-cf47-508b-a8b9-da8d298824ce","5dbf02a2-30ac-591e-8f83-5132f8182b9a","Kakuma ward","kakuma ward","common","en","KDA-TRANSCRIPTION-LN14-2012"
"30669a9e-6fd9-5869-ac02-974ee158cf71","ca304b9d-4609-562f-b653-4d6cdaea905d","Lopur","lopur","canonical","en","KDA-TRANSCRIPTION-LN14-2012"
"bc61336b-a1de-547d-b515-303cf09ec144","ca304b9d-4609-562f-b653-4d6cdaea905d","Lopur ward","lopur ward","common","en","KDA-TRANSCRIPTION-LN14-2012"
"f4f9e436-98bb-59d0-a92a-beedfd99f0bd","123afce4-fdc4-5b20-8d9c-448edb04a4ab","Letea","letea","canonical","en","KDA-TRANSCRIPTION-LN14-2012"
"48cbebf2-ef0a-530a-8805-e89f368df182","123afce4-fdc4-5b20-8d9c-448edb04a4ab","Letea ward","letea ward","common","en","KDA-TRANSCRIPTION-LN14-2012"
"92f305c8-ad6c-5d25-9ad0-2fc0db2e9779","84f6825f-ef73-5f7a-af58-d49accefb092","Songot","songot","canonical","en","KDA-TRANSCRIPTION-LN14-2012"
"44f883b0-058f-5891-b43a-1cdcbbcc688b","84f6825f-ef73-5f7a-af58-d49accefb092","Songot ward","songot ward","common","en","KDA-TRANSCRIPTION-LN14-2012"
"af3748d7-4dd6-583a-8b8b-db9add96ded6","55632580-622d-5a4a-bf60-f3324414b0c5","Kalobeyei","kalobeyei","canonical","en","KDA-TRANSCRIPTION-LN14-2012"
"ee8ada73-f267-5176-9d73-647341a08422","55632580-622d-5a4a-bf60-f3324414b0c5","Kalobeyei ward","kalobeyei ward","common","en","KDA-TRANSCRIPTION-LN14-2012"
"dd3ba549-fc93-5622-ba4c-b0c071c0aad7","9ba576cc-af4c-56eb-ab25-177d22778d35","Lokichoggio","lokichoggio","canonical","en","KDA-TRANSCRIPTION-LN14-2012"
"0f85d02c-f957-5c00-869f-04f610e3b1ab","9ba576cc-af4c-56eb-ab25-177d22778d35","Lokichoggio ward","lokichoggio ward","common","en","KDA-TRANSCRIPTION-LN14-2012"
"37983919-1868-57bc-8e08-82a24abe4f71","e945773a-f122-5625-b88c-d1631796bcf3","Nanaam","nanaam","canonical","en","KDA-TRANSCRIPTION-LN14-2012"
"a3296476-f08c-5571-af3a-be46121dface","e945773a-f122-5625-b88c-d1631796bcf3","Nanaam ward","nanaam ward","common","en","KDA-TRANSCRIPTION-LN14-2012"
"eac4eadb-c219-58a1-8ad4-3161e38a399e","0d5b554e-5ae4-5f44-843a-6f0cdf973469","Kerio Delta","kerio delta","canonical","en","KDA-TRANSCRIPTION-LN14-2012"
"ad991893-a22d-5f72-b444-99a0c0d62eec","0d5b554e-5ae4-5f44-843a-6f0cdf973469","Kerio Delta ward","kerio delta ward","common","en","KDA-TRANSCRIPTION-LN14-2012"
"28f564ed-668d-532c-b7d5-ec5c86e47337","b441785e-f998-54f1-804f-1002598b7619","Kang'atotha","kangatotha","canonical","en","KDA-TRANSCRIPTION-LN14-2012"
"f3a32f17-c177-58b6-b36b-03d2d47b4880","b441785e-f998-54f1-804f-1002598b7619","Kang'atotha ward","kangatotha ward","common","en","KDA-TRANSCRIPTION-LN14-2012"
"3635df4b-065d-532f-8442-1e2a7b54537c","618cd45c-ad21-55ad-94b4-6ced0ab79eeb","Kalokol","kalokol","canonical","en","KDA-TRANSCRIPTION-LN14-2012"
"5f971f73-f939-5737-a8cd-fefa3ae2e033","618cd45c-ad21-55ad-94b4-6ced0ab79eeb","Kalokol ward","kalokol ward","common","en","KDA-TRANSCRIPTION-LN14-2012"
"af242e10-cbae-556c-bc19-9815f83bca90","dbc175fd-b773-591d-a133-a29e1faa2757","Lodwar Township","lodwar township","canonical","en","KDA-TRANSCRIPTION-LN14-2012"
"1ee96225-4111-5d3a-8336-6d95d8fb1d8f","dbc175fd-b773-591d-a133-a29e1faa2757","Lodwar Township ward","lodwar township ward","common","en","KDA-TRANSCRIPTION-LN14-2012"
"5933ea78-6dfc-58fb-9876-81079ab855bc","8be40247-a306-5119-8de2-cff2bcd6b254","Kanamkemer","kanamkemer","canonical","en","KDA-TRANSCRIPTION-LN14-2012"
"f35773a7-3ffc-5989-a250-2a9c1298eef8","8be40247-a306-5119-8de2-cff2bcd6b254","Kanamkemer ward","kanamkemer ward","common","en","KDA-TRANSCRIPTION-LN14-2012"
"a6d6a72c-c84c-5e8e-b844-f47793c0459d","1d961b1f-837b-53ea-a64b-b48854290510","Kotaruk/Lobei","kotaruk lobei","canonical","en","KDA-TRANSCRIPTION-LN14-2012"
"92c9ec6f-45f4-5981-adc7-ae54cf2ad559","1d961b1f-837b-53ea-a64b-b48854290510","Kotaruk/Lobei ward","kotaruk lobei ward","common","en","KDA-TRANSCRIPTION-LN14-2012"
"961de43a-421a-5f92-bdcd-f4653864cc5e","1e78947f-2e4a-5eeb-8922-7aeccfcd89a4","Turkwel","turkwel","canonical","en","KDA-TRANSCRIPTION-LN14-2012"
"424e3bf3-c78b-52b1-a056-bb1f024498a2","1e78947f-2e4a-5eeb-8922-7aeccfcd89a4","Turkwel ward","turkwel ward","common","en","KDA-TRANSCRIPTION-LN14-2012"
"253eec3a-e4e8-583f-a1ac-07b6938e2621","3b39a803-ce18-5294-ab2d-1a5b9344a79a","Loima","loima","canonical","en","KDA-TRANSCRIPTION-LN14-2012"
"75d11b9d-95fa-522d-9071-2bdd480f3491","3b39a803-ce18-5294-ab2d-1a5b9344a79a","Loima ward","loima ward","common","en","KDA-TRANSCRIPTION-LN14-2012"
"38a13041-c6cb-556e-9c90-f3c71627a666","7e90788a-94d9-55fe-9a99-72bf63335c0d","Lokiriama/Lorengippi","lokiriama lorengippi","canonical","en","KDA-TRANSCRIPTION-LN14-2012"
"dbfa5c85-19df-5284-83f4-6178a68b73ed","7e90788a-94d9-55fe-9a99-72bf63335c0d","Lokiriama/Lorengippi ward","lokiriama lorengippi ward","common","en","KDA-TRANSCRIPTION-LN14-2012"
"f5ec256b-1cf6-573d-8f7d-2bdfc9e9e3db","10fb0cd8-94ec-56d8-a6df-c9a8c1ae4e9d","Kaputir","kaputir","canonical","en","KDA-TRANSCRIPTION-LN14-2012"
"7aa5c24b-67cd-517f-ac29-788ebcac7b33","10fb0cd8-94ec-56d8-a6df-c9a8c1ae4e9d","Kaputir ward","kaputir ward","common","en","KDA-TRANSCRIPTION-LN14-2012"
"3a41e9dd-bf5e-5086-b383-164ebc269e42","081f48b2-a854-5ed8-bd30-fcedc115d49a","Katilu","katilu","canonical","en","KDA-TRANSCRIPTION-LN14-2012"
"d090228b-6a68-5cd3-8a80-34bca5275ffa","081f48b2-a854-5ed8-bd30-fcedc115d49a","Katilu ward","katilu ward","common","en","KDA-TRANSCRIPTION-LN14-2012"
"98ba20fa-138c-5c24-a981-fc3eafe76bee","21050223-7ec5-5f14-8cc8-27eff584e4fa","Lobokat","lobokat","canonical","en","KDA-TRANSCRIPTION-LN14-2012"
"7fad3782-f9f9-54d8-9ead-e4aa789566bf","21050223-7ec5-5f14-8cc8-27eff584e4fa","Lobokat ward","lobokat ward","common","en","KDA-TRANSCRIPTION-LN14-2012"
"136780c2-d7fa-5e9e-be97-597261ce898e","4da4baf7-0af2-5a97-9126-3d311293defb","Kalapata","kalapata","canonical","en","KDA-TRANSCRIPTION-LN14-2012"
"20b726e3-ba20-558a-a45d-8c4d6d7ec47b","4da4baf7-0af2-5a97-9126-3d311293defb","Kalapata ward","kalapata ward","common","en","KDA-TRANSCRIPTION-LN14-2012"
"f17fbf62-cc48-5bdb-8d81-f3436bdc49c5","9b7c2884-bdc4-57c5-ad3e-0e9a46f4911a","Lokichar","lokichar","canonical","en","KDA-TRANSCRIPTION-LN14-2012"
"2f369496-d8c6-53c8-8418-31a1103e0e7f","9b7c2884-bdc4-57c5-ad3e-0e9a46f4911a","Lokichar ward","lokichar ward","common","en","KDA-TRANSCRIPTION-LN14-2012"
"b2819cb3-ad5c-5f68-a4e0-7b5319f44977","6c92492f-777c-5880-a98a-576e5ba8f90e","Kapedo/Napeitom","kapedo napeitom","canonical","en","KDA-TRANSCRIPTION-LN14-2012"
"925ba59f-63e9-57d9-9e3a-57c057673f0b","6c92492f-777c-5880-a98a-576e5ba8f90e","Kapedo/Napeitom ward","kapedo napeitom ward","common","en","KDA-TRANSCRIPTION-LN14-2012"
"07c056cd-996d-593a-b788-8ee8c8926db6","3d624c0e-682c-554b-88ae-299183890a88","Katilia","katilia","canonical","en","KDA-TRANSCRIPTION-LN14-2012"
"8290a7b2-3184-5e29-91fc-2486fa0f4d44","3d624c0e-682c-554b-88ae-299183890a88","Katilia ward","katilia ward","common","en","KDA-TRANSCRIPTION-LN14-2012"
"73cb17c8-865c-5b52-8ef0-4b8646ac9103","1b75b3e5-ca8e-53ce-8887-6bebcc4c8cc5","Lokori/Kochodin","lokori kochodin","canonical","en","KDA-TRANSCRIPTION-LN14-2012"
"e3499c8f-f3ef-5810-8e5e-6ae2981a51aa","1b75b3e5-ca8e-53ce-8887-6bebcc4c8cc5","Lokori/Kochodin ward","lokori kochodin ward","common","en","KDA-TRANSCRIPTION-LN14-2012"
"a2abc984-19da-5c09-a99d-a34e85159647","89c1a6e3-be34-576d-81f5-76f9366dc830","Riwo","riwo","canonical","en","KDA-TRANSCRIPTION-LN14-2012"
"3bca20c7-389f-51f8-a7f8-1d8f521da0b4","89c1a6e3-be34-576d-81f5-76f9366dc830","Riwo ward","riwo ward","common","en","KDA-TRANSCRIPTION-LN14-2012"
"f95da830-c8f0-5f07-b2ab-48f51b25de54","1b9d2073-7f35-55fc-b7e3-a63f867350d2","Kapenguria","kapenguria","canonical","en","KDA-TRANSCRIPTION-LN14-2012"
"3ae6a92c-e539-5bde-bce5-29ef3a73765c","1b9d2073-7f35-55fc-b7e3-a63f867350d2","Kapenguria ward","kapenguria ward","common","en","KDA-TRANSCRIPTION-LN14-2012"
"8bdfd075-3166-5767-932b-e5f2b19dd3bb","310fa137-133d-50a7-9866-a944efe0e41e","Mnagei","mnagei","canonical","en","KDA-TRANSCRIPTION-LN14-2012"
"faac8015-cac5-5e48-8d95-5028e30cccb4","310fa137-133d-50a7-9866-a944efe0e41e","Mnagei ward","mnagei ward","common","en","KDA-TRANSCRIPTION-LN14-2012"
"81f50271-2730-54f2-84db-f1780164f54d","72fbec84-1803-57c2-a7bf-58e7e12cbc4f","Siyoi","siyoi","canonical","en","KDA-TRANSCRIPTION-LN14-2012"
"655f533b-bc89-5821-bccb-4481448464ed","72fbec84-1803-57c2-a7bf-58e7e12cbc4f","Siyoi ward","siyoi ward","common","en","KDA-TRANSCRIPTION-LN14-2012"
"a4959f02-836e-57f2-8da2-cfa797b18157","6bf232a3-5e45-59d0-836e-fd4e3e2694ad","Endugh","endugh","canonical","en","KDA-TRANSCRIPTION-LN14-2012"
"4c8432fc-0bd0-502b-af46-35544c1daeb5","6bf232a3-5e45-59d0-836e-fd4e3e2694ad","Endugh ward","endugh ward","common","en","KDA-TRANSCRIPTION-LN14-2012"
"d2ab9086-4c29-596e-8074-a6d9718f8a7c","dcb53816-17ff-5b82-879f-873074158a27","Sook","sook","canonical","en","KDA-TRANSCRIPTION-LN14-2012"
"5125309a-aee6-5b04-93dc-4e456a54cbaf","dcb53816-17ff-5b82-879f-873074158a27","Sook ward","sook ward","common","en","KDA-TRANSCRIPTION-LN14-2012"
"787ed8e6-5c73-57ed-816f-45330a227190","caa76556-3256-52c4-a0d8-7f024a4e2b96","Sekerr","sekerr","canonical","en","KDA-TRANSCRIPTION-LN14-2012"
"60c447d3-caeb-5146-8a3f-e67cd3e0e593","caa76556-3256-52c4-a0d8-7f024a4e2b96","Sekerr ward","sekerr ward","common","en","KDA-TRANSCRIPTION-LN14-2012"
"21f656a1-cf59-591a-8670-c03c88c7103f","01d2f04d-5141-5c24-ad5a-8590c6c0427a","Masool","masool","canonical","en","KDA-TRANSCRIPTION-LN14-2012"
"b189a4f0-d791-58f2-84a7-51faf8868153","01d2f04d-5141-5c24-ad5a-8590c6c0427a","Masool ward","masool ward","common","en","KDA-TRANSCRIPTION-LN14-2012"
"f448c033-3333-5380-a49d-b251675c21e0","87ad9e52-438e-58d6-be76-fcce0caa5646","Lomut","lomut","canonical","en","KDA-TRANSCRIPTION-LN14-2012"
"7856a1f6-97eb-58c3-b890-38e2402835e8","87ad9e52-438e-58d6-be76-fcce0caa5646","Lomut ward","lomut ward","common","en","KDA-TRANSCRIPTION-LN14-2012"
"cc1a0b78-a214-528e-abab-75df8f6e015e","d31b5eb4-df87-5ee0-8b37-f6b1b719e2f7","Weiwei","weiwei","canonical","en","KDA-TRANSCRIPTION-LN14-2012"
"241aaec8-b344-5005-a792-19df41898925","d31b5eb4-df87-5ee0-8b37-f6b1b719e2f7","Weiwei ward","weiwei ward","common","en","KDA-TRANSCRIPTION-LN14-2012"
"c249a934-b381-5917-99dd-fb5a38b76f0e","cec86685-bfa1-5015-a389-89f5e9af5321","Suam","suam","canonical","en","KDA-TRANSCRIPTION-LN14-2012"
"773060d4-9bb5-5757-b3bf-999dff081be9","cec86685-bfa1-5015-a389-89f5e9af5321","Suam ward","suam ward","common","en","KDA-TRANSCRIPTION-LN14-2012"
"fa2941b5-b512-5048-b195-f8b3674f667b","3576865a-cdc7-5b3e-8f0f-f34f3133047e","Kodich","kodich","canonical","en","KDA-TRANSCRIPTION-LN14-2012"
"1ea7f373-8bb3-574a-9a26-c9efe7e8653f","3576865a-cdc7-5b3e-8f0f-f34f3133047e","Kodich ward","kodich ward","common","en","KDA-TRANSCRIPTION-LN14-2012"
"6f2f7609-9b8a-5096-afb9-5013a44519aa","702274c6-1d94-5c23-89a2-34cadcc1a295","Kapckok","kapckok","canonical","en","KDA-TRANSCRIPTION-LN14-2012"
"2006311d-a883-59e9-8748-90948398c5d9","702274c6-1d94-5c23-89a2-34cadcc1a295","Kapckok ward","kapckok ward","common","en","KDA-TRANSCRIPTION-LN14-2012"
"d4d5b08c-4e6e-5b52-96d6-34060eea7345","8d7221fd-d47a-5577-8b4f-4d9898e204d6","Kasei","kasei","canonical","en","KDA-TRANSCRIPTION-LN14-2012"
"4f270a7c-4ff5-59ba-9bdd-8d213ab37633","8d7221fd-d47a-5577-8b4f-4d9898e204d6","Kasei ward","kasei ward","common","en","KDA-TRANSCRIPTION-LN14-2012"
"afd4e0b4-1102-5e69-abae-f21cfc37b304","db37a855-ba5c-57ea-96ab-18d2d977f571","Kiwawa","kiwawa","canonical","en","KDA-TRANSCRIPTION-LN14-2012"
"009b1dbd-a7f0-5949-86d3-4b41d00061ec","db37a855-ba5c-57ea-96ab-18d2d977f571","Kiwawa ward","kiwawa ward","common","en","KDA-TRANSCRIPTION-LN14-2012"
"262c78c2-64f0-5253-9fde-9de64a56d0c3","9d5ac2f8-10cd-538e-8cb8-dff2b67689d6","Alale","alale","canonical","en","KDA-TRANSCRIPTION-LN14-2012"
"5d4ddd24-7127-5120-9c91-a8349256b6ca","9d5ac2f8-10cd-538e-8cb8-dff2b67689d6","Alale ward","alale ward","common","en","KDA-TRANSCRIPTION-LN14-2012"
"95d95eb7-f1de-5aa5-866c-21e84aabb598","1bf64a47-ac9d-5c0d-bb14-eee772951f0c","Chepareria","chepareria","canonical","en","KDA-TRANSCRIPTION-LN14-2012"
"f7ed4719-fbb8-5cf1-b522-c841ea1a1497","1bf64a47-ac9d-5c0d-bb14-eee772951f0c","Chepareria ward","chepareria ward","common","en","KDA-TRANSCRIPTION-LN14-2012"
"56fea239-5f63-5d20-a297-8778f2f0c8d4","081fd295-f9bc-55b7-a1b2-29d3af145e9e","Batei","batei","canonical","en","KDA-TRANSCRIPTION-LN14-2012"
"654d4447-47fc-5901-b5c8-117a6055cfe1","081fd295-f9bc-55b7-a1b2-29d3af145e9e","Batei ward","batei ward","common","en","KDA-TRANSCRIPTION-LN14-2012"
"c4672a7b-1cd1-5258-859e-54c87680ef50","4f5b8bde-7332-5500-b129-ed3655d86aa1","Lelan","lelan","canonical","en","KDA-TRANSCRIPTION-LN14-2012"
"24467128-7fee-5dc7-9fe5-6642f1aea969","4f5b8bde-7332-5500-b129-ed3655d86aa1","Lelan ward","lelan ward","common","en","KDA-TRANSCRIPTION-LN14-2012"
"e9bd8f60-20ac-5617-9aad-0ad61f23328d","c196d5f4-fb3d-5ff5-b4a0-129303ccfaca","Tapach","tapach","canonical","en","KDA-TRANSCRIPTION-LN14-2012"
"9f56fbfc-7864-591e-9596-578db1c340d6","c196d5f4-fb3d-5ff5-b4a0-129303ccfaca","Tapach ward","tapach ward","common","en","KDA-TRANSCRIPTION-LN14-2012"
"007f7e52-5ff5-5065-8d8f-106a7e85af1b","34896f0a-e432-5b03-b6f2-00d52c5b4861","Lodokejek","lodokejek","canonical","en","KDA-TRANSCRIPTION-LN14-2012"
"7a6d30e8-5259-5a84-8091-d1b395ccbdcc","34896f0a-e432-5b03-b6f2-00d52c5b4861","Lodokejek ward","lodokejek ward","common","en","KDA-TRANSCRIPTION-LN14-2012"
"7b2f0cd2-70d0-571c-ad4e-56123985e5b4","0ac893ad-cd6e-5e23-908b-43b89bc3e16e","Suguta Marmar","suguta marmar","canonical","en","KDA-TRANSCRIPTION-LN14-2012"
"d0f05f4b-735c-5f74-8f1c-59e8f8b5a1e4","0ac893ad-cd6e-5e23-908b-43b89bc3e16e","Suguta Marmar ward","suguta marmar ward","common","en","KDA-TRANSCRIPTION-LN14-2012"
"2cf87205-28c0-5b86-b10c-79a15e304839","d383470b-fe78-5a15-b2f7-0109d6b51a37","Maralal","maralal","canonical","en","KDA-TRANSCRIPTION-LN14-2012"
"0b422b9f-d083-5e58-9960-0112b6dae3f0","d383470b-fe78-5a15-b2f7-0109d6b51a37","Maralal ward","maralal ward","common","en","KDA-TRANSCRIPTION-LN14-2012"
"f71f559c-98de-563f-be24-36626b20645f","2bb33dc7-0089-5458-98c2-f5f0c06f0964","Loosuk","loosuk","canonical","en","KDA-TRANSCRIPTION-LN14-2012"
"3a159fbb-15c5-5a65-8d18-1cbff48458b6","2bb33dc7-0089-5458-98c2-f5f0c06f0964","Loosuk ward","loosuk ward","common","en","KDA-TRANSCRIPTION-LN14-2012"
"52647a8f-653d-5a2a-a94a-70c4476e2855","fac8df3e-a0e5-5e06-be49-f299a10e15e1","Poro","poro","canonical","en","KDA-TRANSCRIPTION-LN14-2012"
"3bf07911-46fb-531a-b996-b4cfda4f36e4","fac8df3e-a0e5-5e06-be49-f299a10e15e1","Poro ward","poro ward","common","en","KDA-TRANSCRIPTION-LN14-2012"
"e6e2df4a-2333-5462-a733-bb74dba30421","40e11619-a153-569d-be61-039648071c6c","El-Barta","el barta","canonical","en","KDA-TRANSCRIPTION-LN14-2012"
"41955d8e-98bf-555d-85f7-b8e03af8d062","40e11619-a153-569d-be61-039648071c6c","El-Barta ward","el barta ward","common","en","KDA-TRANSCRIPTION-LN14-2012"
"323de500-e3a8-5bd1-a853-2c5649509d77","2071ff9f-ae9e-5b6b-9d05-52b390dfb703","Nachola","nachola","canonical","en","KDA-TRANSCRIPTION-LN14-2012"
"07ef361d-c9f5-57b9-af2d-fd4a48167f0e","2071ff9f-ae9e-5b6b-9d05-52b390dfb703","Nachola ward","nachola ward","common","en","KDA-TRANSCRIPTION-LN14-2012"
"1b9055b1-328d-5be8-98e1-ab3a7b0d757a","1d641a1f-591b-54e6-b243-e08e33c88631","Ndoto","ndoto","canonical","en","KDA-TRANSCRIPTION-LN14-2012"
"b66ac240-ccbe-5b46-99bb-3bd1a4d99878","1d641a1f-591b-54e6-b243-e08e33c88631","Ndoto ward","ndoto ward","common","en","KDA-TRANSCRIPTION-LN14-2012"
"c98d0076-376a-5149-8c33-aec263b32eda","34bebfef-8d19-5224-a640-91dfe8e0de18","Nyiro","nyiro","canonical","en","KDA-TRANSCRIPTION-LN14-2012"
"9e097843-aa77-5c35-8bfb-8c7d2304ca1f","34bebfef-8d19-5224-a640-91dfe8e0de18","Nyiro ward","nyiro ward","common","en","KDA-TRANSCRIPTION-LN14-2012"
"6febd6b3-0d79-5a28-90e8-6fddb0236b2c","259ccce4-0255-5eeb-9e94-6c4949d2dfbb","Angata Nanyokie","angata nanyokie","canonical","en","KDA-TRANSCRIPTION-LN14-2012"
"42b2070c-5d11-5f40-8056-7b4bfa5dc53b","259ccce4-0255-5eeb-9e94-6c4949d2dfbb","Angata Nanyokie ward","angata nanyokie ward","common","en","KDA-TRANSCRIPTION-LN14-2012"
"9f331605-96b9-55d4-b30c-e60b49b12805","1d7d4965-a553-5041-9249-5eb1f8cb381c","Baawa","baawa","canonical","en","KDA-TRANSCRIPTION-LN14-2012"
"41b86449-2899-578f-90e5-081190b1c84e","1d7d4965-a553-5041-9249-5eb1f8cb381c","Baawa ward","baawa ward","common","en","KDA-TRANSCRIPTION-LN14-2012"
"6fd3ed6b-83d0-5268-baa4-c3873643a71a","b2d98b87-f08b-5131-aef4-acdca49b98fc","Waso","waso","canonical","en","KDA-TRANSCRIPTION-LN14-2012"
"3fae0b68-bad8-5259-ab8b-fd61ed206727","b2d98b87-f08b-5131-aef4-acdca49b98fc","Waso ward","waso ward","common","en","KDA-TRANSCRIPTION-LN14-2012"
"bdab1b3b-878e-547a-9aae-b17507efe65a","b20053b9-657a-5924-b782-136d08bc89a3","Wamba West","wamba west","canonical","en","KDA-TRANSCRIPTION-LN14-2012"
"8ffc41ed-4a4f-5424-879a-3efa1fa4be0e","b20053b9-657a-5924-b782-136d08bc89a3","Wamba West ward","wamba west ward","common","en","KDA-TRANSCRIPTION-LN14-2012"
"2a994a81-9d43-5a3a-b4e2-0c23974c316d","d512ce1f-4e09-525c-8626-9f69f7c148c1","Wamba East","wamba east","canonical","en","KDA-TRANSCRIPTION-LN14-2012"
"184e6480-ad23-52f3-bcb4-9a716659800d","d512ce1f-4e09-525c-8626-9f69f7c148c1","Wamba East ward","wamba east ward","common","en","KDA-TRANSCRIPTION-LN14-2012"
"246d72ea-98a2-5f1d-ade1-1de12d2d8506","8fd8fcbb-1941-5cef-a965-4051b0ba2e12","Wamba North","wamba north","canonical","en","KDA-TRANSCRIPTION-LN14-2012"
"418eeb63-6707-50ae-b075-ec70357e45d3","8fd8fcbb-1941-5cef-a965-4051b0ba2e12","Wamba North ward","wamba north ward","common","en","KDA-TRANSCRIPTION-LN14-2012"
"d6aeadec-3bc1-5e66-909d-943ce9a8c5cf","43d5a403-e704-58f0-ad55-a3e31c3135b7","Kapomboi","kapomboi","canonical","en","KDA-TRANSCRIPTION-LN14-2012"
"cc08fbdd-d50a-54eb-a8c5-38b7e1d15458","43d5a403-e704-58f0-ad55-a3e31c3135b7","Kapomboi ward","kapomboi ward","common","en","KDA-TRANSCRIPTION-LN14-2012"
"96783174-27dd-5e2d-86ad-d7c0427555a7","1982fdae-656e-536c-949a-9df95fb50584","Kwanza","kwanza","canonical","en","KDA-TRANSCRIPTION-LN14-2012"
"a07ca188-7223-584f-9978-0562d807de7a","1982fdae-656e-536c-949a-9df95fb50584","Kwanza ward","kwanza ward","common","en","KDA-TRANSCRIPTION-LN14-2012"
"9794885e-f209-52fb-a482-8d48cadd5b33","6c4579d2-c195-56f0-97b5-e038306fed5e","Keiyo","keiyo","canonical","en","KDA-TRANSCRIPTION-LN14-2012"
"27426ffe-093e-548f-afa6-0ad87edc78b2","6c4579d2-c195-56f0-97b5-e038306fed5e","Keiyo ward","keiyo ward","common","en","KDA-TRANSCRIPTION-LN14-2012"
"52fd8418-329a-50b0-993b-e9507ffc6536","d710916c-3a32-5815-a93d-0728f3c3f2d1","Bidii","bidii","canonical","en","KDA-TRANSCRIPTION-LN14-2012"
"fa28cf61-67e0-5e07-a9a4-18ca10b25f6e","d710916c-3a32-5815-a93d-0728f3c3f2d1","Bidii ward","bidii ward","common","en","KDA-TRANSCRIPTION-LN14-2012"
"c78522ab-4201-5c32-8a3b-ab516a96a162","d91f7730-187f-54ea-99dc-72bf645f3bb3","Chepchoina","chepchoina","canonical","en","KDA-TRANSCRIPTION-LN14-2012"
"2c9fcc58-a528-5d25-8b45-98417dc1c8c9","d91f7730-187f-54ea-99dc-72bf645f3bb3","Chepchoina ward","chepchoina ward","common","en","KDA-TRANSCRIPTION-LN14-2012"
"f1be443f-3bfc-54f3-b981-8178186dd54d","5da2b8f2-dc97-5e14-bb35-f4485b832311","Endebess","endebess","canonical","en","KDA-TRANSCRIPTION-LN14-2012"
"c8896018-c143-504a-9e3c-30298e99e26a","5da2b8f2-dc97-5e14-bb35-f4485b832311","Endebess ward","endebess ward","common","en","KDA-TRANSCRIPTION-LN14-2012"
"612c12cd-e897-521d-8310-8e04bc6634b8","335178a9-aaee-572e-b6f0-d2e000102c5a","Matumbei","matumbei","canonical","en","KDA-TRANSCRIPTION-LN14-2012"
"3a690e06-3722-5bc2-8abc-6b819ee23268","335178a9-aaee-572e-b6f0-d2e000102c5a","Matumbei ward","matumbei ward","common","en","KDA-TRANSCRIPTION-LN14-2012"
"dfe04d57-029e-5ede-94da-3ebd63155c97","4c26c661-4740-5569-a0ba-a4fc5f7b6356","Kinyoro","kinyoro","canonical","en","KDA-TRANSCRIPTION-LN14-2012"
"cba48bfa-c815-526c-ab96-8d59138b2f9e","4c26c661-4740-5569-a0ba-a4fc5f7b6356","Kinyoro ward","kinyoro ward","common","en","KDA-TRANSCRIPTION-LN14-2012"
"a7d6189d-090b-530b-a826-b5f59e260880","7eb3d7ff-d6e8-55cf-a23b-dd60c04306a9","Matisi","matisi","canonical","en","KDA-TRANSCRIPTION-LN14-2012"
"53162b9e-ace4-5a77-8a3d-2e3bd297cc0d","7eb3d7ff-d6e8-55cf-a23b-dd60c04306a9","Matisi ward","matisi ward","common","en","KDA-TRANSCRIPTION-LN14-2012"
"73b08ad1-11f4-5caa-8c80-bad01c019c69","ac04431b-31ba-5022-bb2b-0e47fccc6ea8","Tuwani","tuwani","canonical","en","KDA-TRANSCRIPTION-LN14-2012"
"7fa2918c-940f-53f6-bac1-524cb6e9c258","ac04431b-31ba-5022-bb2b-0e47fccc6ea8","Tuwani ward","tuwani ward","common","en","KDA-TRANSCRIPTION-LN14-2012"
"eee8b923-8552-53eb-b8a3-fc0805835d5a","01039267-a336-5461-ac38-3885c309cc3b","Saboti","saboti","canonical","en","KDA-TRANSCRIPTION-LN14-2012"
"434c5258-7ed9-5e7b-b8ae-d1d2ff56e7db","01039267-a336-5461-ac38-3885c309cc3b","Saboti ward","saboti ward","common","en","KDA-TRANSCRIPTION-LN14-2012"
"c3d0e372-7c6b-5b2b-9691-6d7476b5a02d","4233ef85-57dc-59e0-ba5b-6f451dd5063d","Machewa","machewa","canonical","en","KDA-TRANSCRIPTION-LN14-2012"
"78cf8177-b4d0-5768-b8bc-d42d8eaceef3","4233ef85-57dc-59e0-ba5b-6f451dd5063d","Machewa ward","machewa ward","common","en","KDA-TRANSCRIPTION-LN14-2012"
"118dcf43-2000-58b9-a3ce-626d2ca156a8","c7e017d8-4622-5b7b-b49b-63851ca6c844","Kiminini","kiminini","canonical","en","KDA-TRANSCRIPTION-LN14-2012"
"55034b3d-17e3-5822-bdc0-ab9f200a4861","c7e017d8-4622-5b7b-b49b-63851ca6c844","Kiminini ward","kiminini ward","common","en","KDA-TRANSCRIPTION-LN14-2012"
"98028d48-4e59-5807-87a0-553e38ea135f","501c2472-bf5a-554d-8a5e-04daefede651","Waitaluk","waitaluk","canonical","en","KDA-TRANSCRIPTION-LN14-2012"
"5c093102-1685-510d-b0af-e628609d50ab","501c2472-bf5a-554d-8a5e-04daefede651","Waitaluk ward","waitaluk ward","common","en","KDA-TRANSCRIPTION-LN14-2012"
"8b26e97c-b5d0-5d2c-830e-19b3aeb6976c","581bbaea-42b2-51e5-a696-9e1d73f7f9f1","Sirende","sirende","canonical","en","KDA-TRANSCRIPTION-LN14-2012"
"5747e353-9aa9-535d-93ed-f68b04888760","581bbaea-42b2-51e5-a696-9e1d73f7f9f1","Sirende ward","sirende ward","common","en","KDA-TRANSCRIPTION-LN14-2012"
"aed8b453-0187-5178-81ba-df999e330e20","8cf4b7f5-c01e-5707-beaf-20d2814778df","Hospital","hospital","canonical","en","KDA-TRANSCRIPTION-LN14-2012"
"5ec76ca7-d284-55cc-9892-38ad7bf3ddab","8cf4b7f5-c01e-5707-beaf-20d2814778df","Hospital ward","hospital ward","common","en","KDA-TRANSCRIPTION-LN14-2012"
"06b38658-4fe7-5ded-bd75-904e45c01c33","ceb66230-e32d-505a-8783-6ac942c02e0e","Sikhendu","sikhendu","canonical","en","KDA-TRANSCRIPTION-LN14-2012"
"4701e50c-e5cb-5e96-b83e-45ad53675bc2","ceb66230-e32d-505a-8783-6ac942c02e0e","Sikhendu ward","sikhendu ward","common","en","KDA-TRANSCRIPTION-LN14-2012"
"d59b2b4d-9bf2-5f2b-8390-87232ed5bac1","7d3d76a4-3391-5b73-b301-3fce754669ba","Nabiswa","nabiswa","canonical","en","KDA-TRANSCRIPTION-LN14-2012"
"d071b060-9097-53be-aa13-ade131ff2c6b","7d3d76a4-3391-5b73-b301-3fce754669ba","Nabiswa ward","nabiswa ward","common","en","KDA-TRANSCRIPTION-LN14-2012"
"3397c4fe-30b3-587e-885a-cd881cda6506","cdb9c883-093d-5c5a-a596-c76a3545395c","Sinyerere","sinyerere","canonical","en","KDA-TRANSCRIPTION-LN14-2012"
"aa235018-3ff7-5363-8c5c-bde46ae68c5f","cdb9c883-093d-5c5a-a596-c76a3545395c","Sinyerere ward","sinyerere ward","common","en","KDA-TRANSCRIPTION-LN14-2012"
"8e8d3b4e-5e4d-5712-8448-56b56e6df64f","4ccb076e-4731-51a1-9f90-167314959c98","Makutano","makutano","canonical","en","KDA-TRANSCRIPTION-LN14-2012"
"1e0fb90b-1773-5b82-9e10-2957dcead780","4ccb076e-4731-51a1-9f90-167314959c98","Makutano ward","makutano ward","common","en","KDA-TRANSCRIPTION-LN14-2012"
"10e07a1d-9f6b-5f0e-b939-a29c76c4bb78","b1680afd-eab1-5857-8306-8a8ed49349b9","Kaplamai","kaplamai","canonical","en","KDA-TRANSCRIPTION-LN14-2012"
"5ed98612-0790-54ab-a957-ff5adc26739f","b1680afd-eab1-5857-8306-8a8ed49349b9","Kaplamai ward","kaplamai ward","common","en","KDA-TRANSCRIPTION-LN14-2012"
"a952bf4d-acfd-5e8d-a05e-a69b5675fec9","83a3d291-a040-500e-931d-3deb8c5bd8d8","Motosiet","motosiet","canonical","en","KDA-TRANSCRIPTION-LN14-2012"
"66696483-7c11-5c45-9415-156f616ffaf7","83a3d291-a040-500e-931d-3deb8c5bd8d8","Motosiet ward","motosiet ward","common","en","KDA-TRANSCRIPTION-LN14-2012"
"333a82ea-f216-58b0-a46b-a08c7f077380","381f942e-60f8-5126-8cd0-a3b9362664c3","Cherangany/Suwerwa","cherangany suwerwa","canonical","en","KDA-TRANSCRIPTION-LN14-2012"
"c31f0d98-25cc-565c-aef2-1b2d5ec2ed7d","381f942e-60f8-5126-8cd0-a3b9362664c3","Cherangany/Suwerwa ward","cherangany suwerwa ward","common","en","KDA-TRANSCRIPTION-LN14-2012"
"a6c1cf9b-2f96-5c0a-a529-6565aad94328","00ffc6ac-0f86-575c-96f1-4bb2f19d4938","Chepsiro/Kiptoror","chepsiro kiptoror","canonical","en","KDA-TRANSCRIPTION-LN14-2012"
"7e3a329d-ab8b-50a2-a762-ef4a12edac86","00ffc6ac-0f86-575c-96f1-4bb2f19d4938","Chepsiro/Kiptoror ward","chepsiro kiptoror ward","common","en","KDA-TRANSCRIPTION-LN14-2012"
"ed931bb7-b652-5232-8f92-ce389e5a20fe","32bfb12b-403e-5610-9a97-26de9d832977","Sitatunga","sitatunga","canonical","en","KDA-TRANSCRIPTION-LN14-2012"
"aa3cdfc8-8921-513f-8a28-a35d2073aaca","32bfb12b-403e-5610-9a97-26de9d832977","Sitatunga ward","sitatunga ward","common","en","KDA-TRANSCRIPTION-LN14-2012"
"487f98a6-e0c0-599d-9c3f-3a1157df37e5","1d4241ab-9112-563e-9cb4-5737b833f903","Moi's Bridge","mois bridge","canonical","en","KDA-TRANSCRIPTION-LN14-2012"
"c6d87fbb-f7d0-5385-ab57-6cd7e3ce9945","1d4241ab-9112-563e-9cb4-5737b833f903","Moi's Bridge ward","mois bridge ward","common","en","KDA-TRANSCRIPTION-LN14-2012"
"9c8ca3fd-9bd7-58f2-850c-1b4112de604e","82c0f84f-6739-5c41-8e55-cd42e1c0007c","Kapkures","kapkures","canonical","en","KDA-TRANSCRIPTION-LN14-2012"
"138c4d5a-a511-5944-9e78-f21885754641","82c0f84f-6739-5c41-8e55-cd42e1c0007c","Kapkures ward","kapkures ward","common","en","KDA-TRANSCRIPTION-LN14-2012"
"d15381f7-f193-5dc2-85a2-d7d1d4f83556","12bd775f-aba9-506e-bc50-e71cb3bc023d","Ziwa","ziwa","canonical","en","KDA-TRANSCRIPTION-LN14-2012"
"ff86a7fa-98d6-5cc4-8e93-8877889d88df","12bd775f-aba9-506e-bc50-e71cb3bc023d","Ziwa ward","ziwa ward","common","en","KDA-TRANSCRIPTION-LN14-2012"
"0ada1ca9-68fc-5a7e-9edc-57ad67ce8cf2","3e615ed4-4c7c-50d9-ae32-8fa323ce25d3","Segero/Barsombe","segero barsombe","canonical","en","KDA-TRANSCRIPTION-LN14-2012"
"361689ee-8a52-55cc-97d3-563639052a3a","3e615ed4-4c7c-50d9-ae32-8fa323ce25d3","Segero/Barsombe ward","segero barsombe ward","common","en","KDA-TRANSCRIPTION-LN14-2012"
"569eefb6-d40d-54a8-affa-94492d50616a","2c679b58-ca1a-5c73-a38e-bd4448a818e0","Kipsomba","kipsomba","canonical","en","KDA-TRANSCRIPTION-LN14-2012"
"51b2f708-77c3-575c-888d-a09ce07f57f0","2c679b58-ca1a-5c73-a38e-bd4448a818e0","Kipsomba ward","kipsomba ward","common","en","KDA-TRANSCRIPTION-LN14-2012"
"6be113cd-b019-5e8c-a142-2e3522b6b979","931a7ffb-2f11-5d25-808b-313b56721090","Soy","soy","canonical","en","KDA-TRANSCRIPTION-LN14-2012"
"65058115-139e-56bc-ae86-6d3397751993","931a7ffb-2f11-5d25-808b-313b56721090","Soy ward","soy ward","common","en","KDA-TRANSCRIPTION-LN14-2012"
"ad7404c9-3110-5fbc-931a-d26cce5f04e7","8ae2de40-29da-5cce-bb78-c7a4c591ff66","Kuinet/Kapsuswa","kuinet kapsuswa","canonical","en","KDA-TRANSCRIPTION-LN14-2012"
"178b2c05-83cc-505d-9040-7c654c58bacf","8ae2de40-29da-5cce-bb78-c7a4c591ff66","Kuinet/Kapsuswa ward","kuinet kapsuswa ward","common","en","KDA-TRANSCRIPTION-LN14-2012"
"01759971-2221-50e9-b408-628f5888b5a5","1319dabb-c650-5166-b4ca-78d06a2ca95b","Ngenyilel","ngenyilel","canonical","en","KDA-TRANSCRIPTION-LN14-2012"
"636717af-4d85-55f3-926d-1ec11eb076e0","1319dabb-c650-5166-b4ca-78d06a2ca95b","Ngenyilel ward","ngenyilel ward","common","en","KDA-TRANSCRIPTION-LN14-2012"
"77b0c600-c351-5757-afe7-8ca8ee42b16a","167c2713-bdf5-5e93-9176-2bd5a44f6a69","Tapsagoi","tapsagoi","canonical","en","KDA-TRANSCRIPTION-LN14-2012"
"7dd53bc5-3e9e-534b-aa25-ac88550ce246","167c2713-bdf5-5e93-9176-2bd5a44f6a69","Tapsagoi ward","tapsagoi ward","common","en","KDA-TRANSCRIPTION-LN14-2012"
"4835f32f-a5a5-5f15-aa5f-1a85f470b8f0","765680c3-1ee2-52c1-81c5-5195914f5115","Kamagut","kamagut","canonical","en","KDA-TRANSCRIPTION-LN14-2012"
"a82b0e30-2d81-5d39-a030-80ffe809cce6","765680c3-1ee2-52c1-81c5-5195914f5115","Kamagut ward","kamagut ward","common","en","KDA-TRANSCRIPTION-LN14-2012"
"04f09bb6-e8c6-539b-b5e7-6eec5bc01c24","90be15a5-2634-5bc0-b658-a83a96ea96d7","Kiplombe","kiplombe","canonical","en","KDA-TRANSCRIPTION-LN14-2012"
"27c6762b-5e03-593e-b7fa-9de5c6b45817","90be15a5-2634-5bc0-b658-a83a96ea96d7","Kiplombe ward","kiplombe ward","common","en","KDA-TRANSCRIPTION-LN14-2012"
"484b5c79-9b13-56c9-a7cc-8eaef8630fd7","2eee4e3b-27e4-581a-ba44-f212212455b8","Kapsaos","kapsaos","canonical","en","KDA-TRANSCRIPTION-LN14-2012"
"77587204-e1ce-5636-a659-222f239f73e3","2eee4e3b-27e4-581a-ba44-f212212455b8","Kapsaos ward","kapsaos ward","common","en","KDA-TRANSCRIPTION-LN14-2012"
"19e3e251-f42d-5c89-b7ae-6e04289e1fee","d988fc1a-25db-57b0-90f8-5feef3c4f8b9","Huruma","huruma","canonical","en","KDA-TRANSCRIPTION-LN14-2012"
"76b8807b-2b4f-50e3-a21a-301ace9711af","d988fc1a-25db-57b0-90f8-5feef3c4f8b9","Huruma ward","huruma ward","common","en","KDA-TRANSCRIPTION-LN14-2012"
"3df148af-6e36-5795-b3af-aa06abb3bb6a","cb088e83-dc07-5ddf-94ea-88f061bd8c72","Tembelio","tembelio","canonical","en","KDA-TRANSCRIPTION-LN14-2012"
"cebef5a0-4028-5683-ab30-27ce7a628b0c","cb088e83-dc07-5ddf-94ea-88f061bd8c72","Tembelio ward","tembelio ward","common","en","KDA-TRANSCRIPTION-LN14-2012"
"f2717235-78d1-547e-accd-9038e394d5a5","7f1a7569-0b18-56b0-9630-b4de89c6f0af","Sergoit","sergoit","canonical","en","KDA-TRANSCRIPTION-LN14-2012"
"6f778785-4eda-5efd-b666-0f86000b5711","7f1a7569-0b18-56b0-9630-b4de89c6f0af","Sergoit ward","sergoit ward","common","en","KDA-TRANSCRIPTION-LN14-2012"
"e2502eab-d486-568d-99c3-13dfb9b32f91","eb7c6ae7-f9de-5fea-b13a-c641a31e04e1","Karuna/Meibeki","karuna meibeki","canonical","en","KDA-TRANSCRIPTION-LN14-2012"
"d7bd2ec5-0d9e-59fd-9795-0faa439cd5d4","eb7c6ae7-f9de-5fea-b13a-c641a31e04e1","Karuna/Meibeki ward","karuna meibeki ward","common","en","KDA-TRANSCRIPTION-LN14-2012"
"260ab159-72e3-5066-b81c-982248edea6b","e3c15ee5-ddca-529f-a71f-172c45d49c61","Moiben","moiben","canonical","en","KDA-TRANSCRIPTION-LN14-2012"
"20cb55a2-59b1-5b81-b149-9d25f4acad79","e3c15ee5-ddca-529f-a71f-172c45d49c61","Moiben ward","moiben ward","common","en","KDA-TRANSCRIPTION-LN14-2012"
"681dda3d-1623-5a24-a29a-a90d97e8ff5d","e26fece9-abfa-5d8a-ba0f-c6c1a3c8305b","Kimumu","kimumu","canonical","en","KDA-TRANSCRIPTION-LN14-2012"
"bc76510e-362a-569e-8696-db167fa23e3a","e26fece9-abfa-5d8a-ba0f-c6c1a3c8305b","Kimumu ward","kimumu ward","common","en","KDA-TRANSCRIPTION-LN14-2012"
"144b6ed6-e267-5d17-b177-8d237e94224d","b97eb211-0cf3-5c60-a1bd-9ad8203c66d5","Kapsoya","kapsoya","canonical","en","KDA-TRANSCRIPTION-LN14-2012"
"87450323-3b75-5d49-aa1c-6aed1ae81520","b97eb211-0cf3-5c60-a1bd-9ad8203c66d5","Kapsoya ward","kapsoya ward","common","en","KDA-TRANSCRIPTION-LN14-2012"
"a63af7ed-2356-50a3-8fd0-8a7abcc41a0c","0e04b8f2-ac93-5de1-8112-ad1380459da0","Kaptagat","kaptagat","canonical","en","KDA-TRANSCRIPTION-LN14-2012"
"fa1a6e98-03d9-56d9-b893-6a7ceaa22d92","0e04b8f2-ac93-5de1-8112-ad1380459da0","Kaptagat ward","kaptagat ward","common","en","KDA-TRANSCRIPTION-LN14-2012"
"6003dda5-681b-5708-8652-228b4a78051d","34d69dff-8607-5153-b956-013306567e22","Ainabkoi/Olare","ainabkoi olare","canonical","en","KDA-TRANSCRIPTION-LN14-2012"
"2e360807-6fad-5a1a-946f-3e205f16af37","34d69dff-8607-5153-b956-013306567e22","Ainabkoi/Olare ward","ainabkoi olare ward","common","en","KDA-TRANSCRIPTION-LN14-2012"
"4cca969d-a4ce-58eb-a340-809e20f9c8a9","05161d67-3977-5604-9e5a-6716d075cb3b","Simat/Kapseret","simat kapseret","canonical","en","KDA-TRANSCRIPTION-LN14-2012"
"c90f9b33-620a-51df-89ab-02cd07a45d31","05161d67-3977-5604-9e5a-6716d075cb3b","Simat/Kapseret ward","simat kapseret ward","common","en","KDA-TRANSCRIPTION-LN14-2012"
"1e3bdb41-e38f-544e-baa7-147999b6fc78","a6461500-fecd-51fc-8066-bd5fca66c5d3","Kipkenyo","kipkenyo","canonical","en","KDA-TRANSCRIPTION-LN14-2012"
"963eed4a-1a47-5e44-816f-0b3b6ebfe022","a6461500-fecd-51fc-8066-bd5fca66c5d3","Kipkenyo ward","kipkenyo ward","common","en","KDA-TRANSCRIPTION-LN14-2012"
"bca381bf-2085-537b-bf3b-1e481cd60f40","1db75654-afbe-5175-bcdf-d41667a233f9","Ngeria","ngeria","canonical","en","KDA-TRANSCRIPTION-LN14-2012"
"6c555513-efaa-5064-a840-a4508a729176","1db75654-afbe-5175-bcdf-d41667a233f9","Ngeria ward","ngeria ward","common","en","KDA-TRANSCRIPTION-LN14-2012"
"ba6a197c-f0a0-5851-8d7a-f905f31a27c5","aafb9012-25ea-5544-96d5-1db839bac77b","Megun","megun","canonical","en","KDA-TRANSCRIPTION-LN14-2012"
"af2562b8-bcf7-57dd-8d54-aa814a554384","aafb9012-25ea-5544-96d5-1db839bac77b","Megun ward","megun ward","common","en","KDA-TRANSCRIPTION-LN14-2012"
"ebff6883-5d51-5da7-ab20-84d0ad06294a","19d843f3-25c1-5501-9e7d-e3271efe0b1e","Langas","langas","canonical","en","KDA-TRANSCRIPTION-LN14-2012"
"dd5cfc63-f9cf-5ea5-9d35-5ad5977fd60c","19d843f3-25c1-5501-9e7d-e3271efe0b1e","Langas ward","langas ward","common","en","KDA-TRANSCRIPTION-LN14-2012"
"a8f7d3ae-ffb3-508a-9df8-ce1be500d4e3","d5629212-c33d-5a3c-bc23-4659bdaeda34","Racecourse","racecourse","canonical","en","KDA-TRANSCRIPTION-LN14-2012"
"c74bf21a-6fea-58c7-a49f-1075b571de00","d5629212-c33d-5a3c-bc23-4659bdaeda34","Racecourse ward","racecourse ward","common","en","KDA-TRANSCRIPTION-LN14-2012"
"1e2327bf-9e7c-57de-a3fd-143adb98e7b3","c16422de-5262-5efa-8c23-c238123bedd0","Cheptiret/Kipchamo","cheptiret kipchamo","canonical","en","KDA-TRANSCRIPTION-LN14-2012"
"f1b47a5f-c3b4-5cdd-97d5-4b0ab435066f","c16422de-5262-5efa-8c23-c238123bedd0","Cheptiret/Kipchamo ward","cheptiret kipchamo ward","common","en","KDA-TRANSCRIPTION-LN14-2012"
"1525795a-79fa-5fb5-aad8-2f2d406087dc","8fd68e06-257b-5afc-9c89-0a53ed30ce3b","Tulwet/Chuiyat","tulwet chuiyat","canonical","en","KDA-TRANSCRIPTION-LN14-2012"
"a8e0b360-b80d-50cd-ac36-306f24d00887","8fd68e06-257b-5afc-9c89-0a53ed30ce3b","Tulwet/Chuiyat ward","tulwet chuiyat ward","common","en","KDA-TRANSCRIPTION-LN14-2012"
"a01202b0-256d-514c-ae26-4246607f6dbd","98e2220d-94a2-55bc-af4b-a934ac685468","Tarakwa","tarakwa","canonical","en","KDA-TRANSCRIPTION-LN14-2012"
"621fd03e-d0d9-58d1-9f0b-14aff26f960a","98e2220d-94a2-55bc-af4b-a934ac685468","Tarakwa ward","tarakwa ward","common","en","KDA-TRANSCRIPTION-LN14-2012"
"88f70988-ac54-5be5-9700-18f5b6c83dc9","4ff2bc48-10ea-564c-a8a6-805b40c79fdb","Kapyego","kapyego","canonical","en","KDA-TRANSCRIPTION-LN14-2012"
"850ab18b-80c9-52db-8b8f-7c32da160503","4ff2bc48-10ea-564c-a8a6-805b40c79fdb","Kapyego ward","kapyego ward","common","en","KDA-TRANSCRIPTION-LN14-2012"
"eba4e515-3e80-5ca8-b792-24ea98257ed9","423e8df1-5316-5583-8e9f-63d48e2f0626","Sambirir","sambirir","canonical","en","KDA-TRANSCRIPTION-LN14-2012"
"eabc34f8-d82d-5f3b-9b79-ad7ba98985db","423e8df1-5316-5583-8e9f-63d48e2f0626","Sambirir ward","sambirir ward","common","en","KDA-TRANSCRIPTION-LN14-2012"
"1c6f575d-4776-5af4-b336-4a7a41632c6c","a6440159-7d32-5000-8acd-fdf9b51c2a5b","Endo","endo","canonical","en","KDA-TRANSCRIPTION-LN14-2012"
"f2edba28-70fa-5b85-b825-c7ccd0330f2a","a6440159-7d32-5000-8acd-fdf9b51c2a5b","Endo ward","endo ward","common","en","KDA-TRANSCRIPTION-LN14-2012"
"0cf86d03-4f70-5d64-9569-b8553ab6cc52","4183b4aa-8df1-5022-a5df-339b46248609","Embobut / Embulot","embobut embulot","canonical","en","KDA-TRANSCRIPTION-LN14-2012"
"1d9bbaa3-5d3a-57c5-a90c-f191ed4f9928","4183b4aa-8df1-5022-a5df-339b46248609","Embobut / Embulot ward","embobut embulot ward","common","en","KDA-TRANSCRIPTION-LN14-2012"
"05aa0b32-3025-55c8-b307-e9248dd85d47","44b030f5-0b07-5fee-9ea2-a082e494896f","Lelan","lelan","canonical","en","KDA-TRANSCRIPTION-LN14-2012"
"7ea33ba1-dee0-5190-ac8f-d91d438fa55b","44b030f5-0b07-5fee-9ea2-a082e494896f","Lelan ward","lelan ward","common","en","KDA-TRANSCRIPTION-LN14-2012"
"ab0fd967-e70e-5bc2-8efe-e54957769ec6","96e0c0ee-dcb0-5c50-9c42-a9e12078fdbb","Sengwer","sengwer","canonical","en","KDA-TRANSCRIPTION-LN14-2012"
"de80b97c-a9ae-5c7d-805c-8b1187d4a443","96e0c0ee-dcb0-5c50-9c42-a9e12078fdbb","Sengwer ward","sengwer ward","common","en","KDA-TRANSCRIPTION-LN14-2012"
"c168370f-01c5-5dc8-bdcf-ae641da32965","59178a94-8b79-5053-bb7e-4c3cc3689531","Cherang'any/Chebororwa","cherangany chebororwa","canonical","en","KDA-TRANSCRIPTION-LN14-2012"
"c34451d2-6b5e-5043-af66-9fe72dffc113","59178a94-8b79-5053-bb7e-4c3cc3689531","Cherang'any/Chebororwa ward","cherangany chebororwa ward","common","en","KDA-TRANSCRIPTION-LN14-2012"
"bca5caca-17db-50df-a4e3-ef963f739e19","1fae7dd2-ca2d-5abf-93b3-03b904ae3974","Moiben/Kuserwo","moiben kuserwo","canonical","en","KDA-TRANSCRIPTION-LN14-2012"
"7f0251b8-ea48-5fc0-91e0-b984d47d739c","1fae7dd2-ca2d-5abf-93b3-03b904ae3974","Moiben/Kuserwo ward","moiben kuserwo ward","common","en","KDA-TRANSCRIPTION-LN14-2012"
"92d81338-40ef-511e-a3b5-f45f3fe2fd65","515f49cf-6719-572f-8d50-f7f692252fb0","Kapsowar","kapsowar","canonical","en","KDA-TRANSCRIPTION-LN14-2012"
"cee66439-e014-5704-8a8b-adfabeef0af4","515f49cf-6719-572f-8d50-f7f692252fb0","Kapsowar ward","kapsowar ward","common","en","KDA-TRANSCRIPTION-LN14-2012"
"d3947e73-6b53-5a47-9a77-c0a1a56f3fd3","8ed1239d-75aa-5342-a4c5-94cdca9eb80c","Arror","arror","canonical","en","KDA-TRANSCRIPTION-LN14-2012"
"96790fb6-0b55-5b97-a6ef-7984e0040fdd","8ed1239d-75aa-5342-a4c5-94cdca9eb80c","Arror ward","arror ward","common","en","KDA-TRANSCRIPTION-LN14-2012"
"8c578ba7-5a6d-5ea9-bd95-6eaabebd2a96","27614586-9543-5a9a-9f5f-f4ea5a29f560","Emsoo","emsoo","canonical","en","KDA-TRANSCRIPTION-LN14-2012"
"fd00fd7c-d718-53a6-ab28-3d642089f592","27614586-9543-5a9a-9f5f-f4ea5a29f560","Emsoo ward","emsoo ward","common","en","KDA-TRANSCRIPTION-LN14-2012"
"49de8c72-fa75-5cda-9e3a-d3c356c642a6","d9d6e0dc-64ac-574b-8dab-4929a6060fbb","Kamariny","kamariny","canonical","en","KDA-TRANSCRIPTION-LN14-2012"
"ab9ad608-c6ff-54db-ad73-b88a16b0865e","d9d6e0dc-64ac-574b-8dab-4929a6060fbb","Kamariny ward","kamariny ward","common","en","KDA-TRANSCRIPTION-LN14-2012"
"0e60e5b7-c75f-5b50-868c-f8d6b8f5899f","9418abc4-a13e-5cb8-a160-47d028381932","Kapchemutwa","kapchemutwa","canonical","en","KDA-TRANSCRIPTION-LN14-2012"
"62de864f-a254-596c-8283-22a730511107","9418abc4-a13e-5cb8-a160-47d028381932","Kapchemutwa ward","kapchemutwa ward","common","en","KDA-TRANSCRIPTION-LN14-2012"
"35b3597f-3f3a-5f03-af6e-1856e12168a7","bde86d59-a59f-5b87-9e31-50e5c664b1d6","Tambach","tambach","canonical","en","KDA-TRANSCRIPTION-LN14-2012"
"4ee9863e-3fb4-5fe1-b22a-f004bb8fe5d2","bde86d59-a59f-5b87-9e31-50e5c664b1d6","Tambach ward","tambach ward","common","en","KDA-TRANSCRIPTION-LN14-2012"
"e3f04d3a-4726-58a5-af73-0db99262cf94","776480b9-f3a5-508c-b54a-e74b8359e531","Kaptarakwa","kaptarakwa","canonical","en","KDA-TRANSCRIPTION-LN14-2012"
"7e07bf50-f829-594d-aae9-dca6fc91e9eb","776480b9-f3a5-508c-b54a-e74b8359e531","Kaptarakwa ward","kaptarakwa ward","common","en","KDA-TRANSCRIPTION-LN14-2012"
"3a03e7aa-d67c-510b-b03e-e92b9958b092","c3dbb9fb-925b-58d5-bbc2-a66bf8a61993","Chepkorio","chepkorio","canonical","en","KDA-TRANSCRIPTION-LN14-2012"
"82f8ce42-189b-52e9-93cf-a6329b0e3964","c3dbb9fb-925b-58d5-bbc2-a66bf8a61993","Chepkorio ward","chepkorio ward","common","en","KDA-TRANSCRIPTION-LN14-2012"
"fd4baf18-3bf6-51d9-8ee5-0e641c01d43e","6c8f5b50-60e2-5b33-ab94-176d01652435","Soy North","soy north","canonical","en","KDA-TRANSCRIPTION-LN14-2012"
"e700d822-de8f-59fe-9bd4-8e3d25f21361","6c8f5b50-60e2-5b33-ab94-176d01652435","Soy North ward","soy north ward","common","en","KDA-TRANSCRIPTION-LN14-2012"
"069c7e94-e92b-5cd6-acb2-78decc20c90a","614350b7-8eb7-5149-80c0-bc19d04a7ebd","Soy South","soy south","canonical","en","KDA-TRANSCRIPTION-LN14-2012"
"c2140e42-c6d1-5514-9a00-4d598bfa6680","614350b7-8eb7-5149-80c0-bc19d04a7ebd","Soy South ward","soy south ward","common","en","KDA-TRANSCRIPTION-LN14-2012"
"e9a2a9e6-93f0-5a26-8c47-7a19d86c4da5","d0ecfa60-4ad6-5afa-b62c-32690d139275","Kabiemit","kabiemit","canonical","en","KDA-TRANSCRIPTION-LN14-2012"
"807517c9-15bc-5d0b-9b20-20ad1d3fc769","d0ecfa60-4ad6-5afa-b62c-32690d139275","Kabiemit ward","kabiemit ward","common","en","KDA-TRANSCRIPTION-LN14-2012"
"f2e050de-8deb-5bca-bcfd-f3ce0367268f","abfc99e6-9f0b-5f31-ad4d-f14828291be8","Metkei","metkei","canonical","en","KDA-TRANSCRIPTION-LN14-2012"
"e579bfcf-7e51-56de-942b-88501b11c3c3","abfc99e6-9f0b-5f31-ad4d-f14828291be8","Metkei ward","metkei ward","common","en","KDA-TRANSCRIPTION-LN14-2012"
"1f3ef781-cf96-5161-9468-98a58eb89dae","9ae1edb2-553e-599e-ad97-af9234c596fa","Songhor/Soba","songhor soba","canonical","en","KDA-TRANSCRIPTION-LN14-2012"
"4729f6ab-81ef-5e90-8166-87c7699ae65e","9ae1edb2-553e-599e-ad97-af9234c596fa","Songhor/Soba ward","songhor soba ward","common","en","KDA-TRANSCRIPTION-LN14-2012"
"8f260991-111b-57a6-b22f-4c6d8c246e6e","b1ef16f3-05c9-5394-a507-d05e7fcd32ba","Tindiret","tindiret","canonical","en","KDA-TRANSCRIPTION-LN14-2012"
"ac3f877d-2973-5a95-be1e-84e779cd93ac","b1ef16f3-05c9-5394-a507-d05e7fcd32ba","Tindiret ward","tindiret ward","common","en","KDA-TRANSCRIPTION-LN14-2012"
"dda9347c-9a0e-50be-b95f-fe9de28e7c11","e7c5c8a0-9fff-54f7-bde0-d88ac0be446b","Chemelil/Chemase","chemelil chemase","canonical","en","KDA-TRANSCRIPTION-LN14-2012"
"c1984ec6-bada-52cd-8a77-521c173a8149","e7c5c8a0-9fff-54f7-bde0-d88ac0be446b","Chemelil/Chemase ward","chemelil chemase ward","common","en","KDA-TRANSCRIPTION-LN14-2012"
"ca5526ca-ee6f-576b-b7d5-4e59afa6e059","ba5bcd57-11c9-5a4a-b0e6-8b9c0a9d0ef9","Kapsimotwo","kapsimotwo","canonical","en","KDA-TRANSCRIPTION-LN14-2012"
"b18ac7c0-3711-5101-8e75-52f81a6f8663","ba5bcd57-11c9-5a4a-b0e6-8b9c0a9d0ef9","Kapsimotwo ward","kapsimotwo ward","common","en","KDA-TRANSCRIPTION-LN14-2012"
"7c722eb6-2d78-53de-af3f-70b4cc65f3fa","21b1fab0-4bcf-56b9-8107-ac73c1c48893","Kabwareng","kabwareng","canonical","en","KDA-TRANSCRIPTION-LN14-2012"
"72f03291-5d68-5b09-a032-594818d91cb8","21b1fab0-4bcf-56b9-8107-ac73c1c48893","Kabwareng ward","kabwareng ward","common","en","KDA-TRANSCRIPTION-LN14-2012"
"cdab3432-70cc-5667-bdeb-c3528ea56e40","0838b92e-18bf-5225-9648-6263fc56d5ae","Terik","terik","canonical","en","KDA-TRANSCRIPTION-LN14-2012"
"2706b427-da88-5fb4-9b85-f457a8688f33","0838b92e-18bf-5225-9648-6263fc56d5ae","Terik ward","terik ward","common","en","KDA-TRANSCRIPTION-LN14-2012"
"6613d8f2-295f-544c-b74a-52467cd8e7f5","2b0d1e52-aea0-5c01-960c-2237f93c8776","Kemeloi-Maraba","kemeloi maraba","canonical","en","KDA-TRANSCRIPTION-LN14-2012"
"950c1ef4-90a1-5bf2-9528-3e239cca2662","2b0d1e52-aea0-5c01-960c-2237f93c8776","Kemeloi-Maraba ward","kemeloi maraba ward","common","en","KDA-TRANSCRIPTION-LN14-2012"
"9831a08f-32d8-5075-82f7-004e9d0f3d84","d6d11c6b-ab9e-52dc-beed-42437f210421","Kobujoi","kobujoi","canonical","en","KDA-TRANSCRIPTION-LN14-2012"
"46f40fbc-5419-5ccb-9652-7a5c6d21c3c3","d6d11c6b-ab9e-52dc-beed-42437f210421","Kobujoi ward","kobujoi ward","common","en","KDA-TRANSCRIPTION-LN14-2012"
"0aaf3227-c164-5114-88bf-77739a437aa7","fee88ed2-0688-532a-b291-610792faa273","Kaptumo-Kaboi","kaptumo kaboi","canonical","en","KDA-TRANSCRIPTION-LN14-2012"
"db39f1ea-7d8b-5884-9f1d-c7248cbe6f41","fee88ed2-0688-532a-b291-610792faa273","Kaptumo-Kaboi ward","kaptumo kaboi ward","common","en","KDA-TRANSCRIPTION-LN14-2012"
"2cf26f43-4d33-518c-9091-727c5725e48a","e6af4d0e-f80b-53d3-af27-6ed751d25271","Koyo-Ndurio","koyo ndurio","canonical","en","KDA-TRANSCRIPTION-LN14-2012"
"64062e4b-c808-55ed-b9df-230565ac4d06","e6af4d0e-f80b-53d3-af27-6ed751d25271","Koyo-Ndurio ward","koyo ndurio ward","common","en","KDA-TRANSCRIPTION-LN14-2012"
"29997223-d3e0-549c-9b28-deb59ec988ef","6c5bdcad-8c95-5948-ae3e-07b748eff107","Nandi Hills","nandi hills","canonical","en","KDA-TRANSCRIPTION-LN14-2012"
"291c9a3f-37e7-5af2-b810-20fa1babad6f","6c5bdcad-8c95-5948-ae3e-07b748eff107","Nandi Hills ward","nandi hills ward","common","en","KDA-TRANSCRIPTION-LN14-2012"
"f3ee18d0-2163-5e9b-a18e-1e1307849cb9","45d0320a-1a19-586b-a3d0-94a69206aff0","Chepkunyuk","chepkunyuk","canonical","en","KDA-TRANSCRIPTION-LN14-2012"
"111a3a14-97f2-5d07-ba23-7d282e236cc6","45d0320a-1a19-586b-a3d0-94a69206aff0","Chepkunyuk ward","chepkunyuk ward","common","en","KDA-TRANSCRIPTION-LN14-2012"
"a438dd25-85b7-5fd1-8873-326607439d49","267ab6b2-283a-5cc9-b280-6e5d0d6b8a67","Ol'lessos","ollessos","canonical","en","KDA-TRANSCRIPTION-LN14-2012"
"987ff44e-c052-5caa-81f5-524f458400b7","267ab6b2-283a-5cc9-b280-6e5d0d6b8a67","Ol'lessos ward","ollessos ward","common","en","KDA-TRANSCRIPTION-LN14-2012"
"6907b878-ca2f-528c-96ce-89f490b857e1","37496cd9-a87a-57d7-88d6-e85c73841bd6","Kapchorua","kapchorua","canonical","en","KDA-TRANSCRIPTION-LN14-2012"
"b8c4616c-8ad6-541f-8028-fc1e1b0026e3","37496cd9-a87a-57d7-88d6-e85c73841bd6","Kapchorua ward","kapchorua ward","common","en","KDA-TRANSCRIPTION-LN14-2012"
"9151a4fb-feba-50ee-af68-c12970f360fc","eb0cede5-1d03-5fb0-8872-131239d12c61","Chemundu/Kapng'etuny","chemundu kapngetuny","canonical","en","KDA-TRANSCRIPTION-LN14-2012"
"e55067a4-a6d7-5176-90b8-08618f782280","eb0cede5-1d03-5fb0-8872-131239d12c61","Chemundu/Kapng'etuny ward","chemundu kapngetuny ward","common","en","KDA-TRANSCRIPTION-LN14-2012"
"0c56bfdf-7a46-5841-b090-17f31c9ec8e4","1d6b4eb1-5412-54dc-90ad-32c940799745","Kosirai","kosirai","canonical","en","KDA-TRANSCRIPTION-LN14-2012"
"9e994811-a11f-581c-8ece-7bd0ef209c3d","1d6b4eb1-5412-54dc-90ad-32c940799745","Kosirai ward","kosirai ward","common","en","KDA-TRANSCRIPTION-LN14-2012"
"397fe87c-ad74-5704-a3d2-d43c46339675","b08791d9-fbe0-5cf9-a368-8f5d545a3fdf","Lelmokwo/Ngechek","lelmokwo ngechek","canonical","en","KDA-TRANSCRIPTION-LN14-2012"
"f5206c19-f5ec-57c3-9d0c-6d1ddf592371","b08791d9-fbe0-5cf9-a368-8f5d545a3fdf","Lelmokwo/Ngechek ward","lelmokwo ngechek ward","common","en","KDA-TRANSCRIPTION-LN14-2012"
"18e12350-b5ae-59a6-b45a-16b78f932c6a","15cf51ef-b7a6-5131-befa-d0e400bc9c3b","Kaptel/Kamoiywo","kaptel kamoiywo","canonical","en","KDA-TRANSCRIPTION-LN14-2012"
"c959b953-ad8a-5972-8297-d144ac29b28b","15cf51ef-b7a6-5131-befa-d0e400bc9c3b","Kaptel/Kamoiywo ward","kaptel kamoiywo ward","common","en","KDA-TRANSCRIPTION-LN14-2012"
"921f3d69-e11b-56b4-a510-0dc267dc9ca2","c6a36774-d218-5402-80fe-e04949436502","Kiptuya","kiptuya","canonical","en","KDA-TRANSCRIPTION-LN14-2012"
"a443d9fa-e0ca-5dfe-ad2d-4180b5ec8b68","c6a36774-d218-5402-80fe-e04949436502","Kiptuya ward","kiptuya ward","common","en","KDA-TRANSCRIPTION-LN14-2012"
"aa42ac01-363a-5c68-bc67-49bc68407d5c","0c072163-608e-5417-a3fc-8e092dc9c7c2","Chepkumia","chepkumia","canonical","en","KDA-TRANSCRIPTION-LN14-2012"
"c8b7c419-5d07-53f4-9289-45962f0f83a7","0c072163-608e-5417-a3fc-8e092dc9c7c2","Chepkumia ward","chepkumia ward","common","en","KDA-TRANSCRIPTION-LN14-2012"
"9c6b3494-e6e6-50ca-a6d0-9645ba41951f","41aa7b01-1d2d-5374-91b1-874540695f90","Kapkangani","kapkangani","canonical","en","KDA-TRANSCRIPTION-LN14-2012"
"9b076458-ad59-5639-9c6a-2d3eddcca59d","41aa7b01-1d2d-5374-91b1-874540695f90","Kapkangani ward","kapkangani ward","common","en","KDA-TRANSCRIPTION-LN14-2012"
"bd3f4be5-4c44-5836-bb4f-7c2cb1fd3406","f2631aaf-ac2b-5bd8-8cba-193bd9f9b835","Kapsabet","kapsabet","canonical","en","KDA-TRANSCRIPTION-LN14-2012"
"f83968f9-5893-5b56-934f-a9f77d7a00b1","f2631aaf-ac2b-5bd8-8cba-193bd9f9b835","Kapsabet ward","kapsabet ward","common","en","KDA-TRANSCRIPTION-LN14-2012"
"113a8a72-efcb-5d66-9527-907ac0a64d2c","7ddd61f5-e6b9-504d-8b53-5ee1b2d680f4","Kilibwoni","kilibwoni","canonical","en","KDA-TRANSCRIPTION-LN14-2012"
"fd4111ee-f2ba-514e-ba82-cf6e4fb2282f","7ddd61f5-e6b9-504d-8b53-5ee1b2d680f4","Kilibwoni ward","kilibwoni ward","common","en","KDA-TRANSCRIPTION-LN14-2012"
"ac2326f1-babe-5bd7-8d5d-e0775100d0c3","55be01ef-1d64-54ec-9efb-75ac14c954e6","Chepterwai","chepterwai","canonical","en","KDA-TRANSCRIPTION-LN14-2012"
"5e261cca-b566-51e6-9c7c-b75cc949789b","55be01ef-1d64-54ec-9efb-75ac14c954e6","Chepterwai ward","chepterwai ward","common","en","KDA-TRANSCRIPTION-LN14-2012"
"4a0eb12b-43ef-5ea1-84a8-098ddc1dc113","6212a6f9-18db-5f25-b644-a8cf33fdadac","Kipkaren","kipkaren","canonical","en","KDA-TRANSCRIPTION-LN14-2012"
"7baa0714-3625-53a7-b4a3-7bc5d0e90d29","6212a6f9-18db-5f25-b644-a8cf33fdadac","Kipkaren ward","kipkaren ward","common","en","KDA-TRANSCRIPTION-LN14-2012"
"4da5c247-3912-5fd0-9f8e-ab8c3feebf67","5f537447-e8c2-5e57-993e-ee549973d032","Kurgung/Surungai","kurgung surungai","canonical","en","KDA-TRANSCRIPTION-LN14-2012"
"d7b63f91-e6bd-5ae2-8719-11a294c348b2","5f537447-e8c2-5e57-993e-ee549973d032","Kurgung/Surungai ward","kurgung surungai ward","common","en","KDA-TRANSCRIPTION-LN14-2012"
"b2c62364-8dbe-528b-92fd-6aa6d0742ae1","4b2d6e52-5ad1-51ec-b4e6-eaf8fb145ca7","Kabiyet","kabiyet","canonical","en","KDA-TRANSCRIPTION-LN14-2012"
"286a130b-514e-58de-b350-3a1f4900169a","4b2d6e52-5ad1-51ec-b4e6-eaf8fb145ca7","Kabiyet ward","kabiyet ward","common","en","KDA-TRANSCRIPTION-LN14-2012"
"2f5b1429-6f6e-5f00-bb11-f35cd5ef1154","3a8bfeca-e916-5291-a63d-16782984db66","Ndalat","ndalat","canonical","en","KDA-TRANSCRIPTION-LN14-2012"
"3c7ada35-f7c4-5725-93a7-29fb5ea3d93e","3a8bfeca-e916-5291-a63d-16782984db66","Ndalat ward","ndalat ward","common","en","KDA-TRANSCRIPTION-LN14-2012"
"869cf540-5e14-5b11-856b-e5ea851f74cc","c09b1fc8-ec13-522a-9ac1-108df70eb233","Kabisaga","kabisaga","canonical","en","KDA-TRANSCRIPTION-LN14-2012"
"d04b8059-a939-582c-9abb-18ba5e9b24bb","c09b1fc8-ec13-522a-9ac1-108df70eb233","Kabisaga ward","kabisaga ward","common","en","KDA-TRANSCRIPTION-LN14-2012"
"e5751b80-f4ad-5d97-8866-d02bf908b2ff","e5d05a59-7dda-5aa4-bc87-8c0997cada8b","Sangalo/Kebulonik","sangalo kebulonik","canonical","en","KDA-TRANSCRIPTION-LN14-2012"
"7816cd20-9c4f-5847-b70d-7566e45dadbf","e5d05a59-7dda-5aa4-bc87-8c0997cada8b","Sangalo/Kebulonik ward","sangalo kebulonik ward","common","en","KDA-TRANSCRIPTION-LN14-2012"
"c5e87b55-dbb9-51ee-a52b-4dd7742bacf7","13741a18-076b-54e8-9ba9-f7ff3cc7a554","Tirioko","tirioko","canonical","en","KDA-TRANSCRIPTION-LN14-2012"
"e797b8db-b1d6-55e4-9f53-b593668aa8b0","13741a18-076b-54e8-9ba9-f7ff3cc7a554","Tirioko ward","tirioko ward","common","en","KDA-TRANSCRIPTION-LN14-2012"
"d67ba74f-4037-5876-9838-2128b243ff1c","ef704308-9268-58c1-8013-9c79c7f89d8e","Kolowa","kolowa","canonical","en","KDA-TRANSCRIPTION-LN14-2012"
"fd733a3b-7c14-5cd7-bfdd-2e1db2c4d388","ef704308-9268-58c1-8013-9c79c7f89d8e","Kolowa ward","kolowa ward","common","en","KDA-TRANSCRIPTION-LN14-2012"
"cd1cb6c0-e484-5b39-b8ee-7798414487a3","3187fb82-7eaf-5d40-a101-d7ae17b34302","Ribkwo","ribkwo","canonical","en","KDA-TRANSCRIPTION-LN14-2012"
"229af9fb-c3b5-56de-af75-7efbaf82fa81","3187fb82-7eaf-5d40-a101-d7ae17b34302","Ribkwo ward","ribkwo ward","common","en","KDA-TRANSCRIPTION-LN14-2012"
"3d996878-0785-5b5a-b16b-947bbc489982","91ae9df0-d3d8-5498-9f41-bf82a003797f","Silale","silale","canonical","en","KDA-TRANSCRIPTION-LN14-2012"
"c2d58b3e-3b9f-5f45-a4cb-f45b76dc6dee","91ae9df0-d3d8-5498-9f41-bf82a003797f","Silale ward","silale ward","common","en","KDA-TRANSCRIPTION-LN14-2012"
"588b8f1c-aaab-5f2b-ada8-49ec3566c068","da66f446-7e6e-5268-87ae-4f2b3bb82b91","Loiyamorock","loiyamorock","canonical","en","KDA-TRANSCRIPTION-LN14-2012"
"54733ee1-a914-5887-8fe4-80285a8733e8","da66f446-7e6e-5268-87ae-4f2b3bb82b91","Loiyamorock ward","loiyamorock ward","common","en","KDA-TRANSCRIPTION-LN14-2012"
"f9dfe0bd-4b8b-5e0e-b8c5-cf5b5e70b08b","1e987c13-6293-5d65-bef8-b1b4658992d9","Tangulbei/Korossi","tangulbei korossi","canonical","en","KDA-TRANSCRIPTION-LN14-2012"
"90d0c4de-9059-5613-9c9d-bdd79e7866fd","1e987c13-6293-5d65-bef8-b1b4658992d9","Tangulbei/Korossi ward","tangulbei korossi ward","common","en","KDA-TRANSCRIPTION-LN14-2012"
"cb5c818c-ad5a-5539-8380-d2011e48979d","a6a4126d-b584-5fda-bda8-0b2565b9e128","Churo/Amaya","churo amaya","canonical","en","KDA-TRANSCRIPTION-LN14-2012"
"2d576ede-2cf5-591c-b91f-46b823340c28","a6a4126d-b584-5fda-bda8-0b2565b9e128","Churo/Amaya ward","churo amaya ward","common","en","KDA-TRANSCRIPTION-LN14-2012"
"c319bb24-0c6f-5ec5-b7ea-3439652c974e","ca953ac8-2966-5a98-92d3-6a28f025d19e","Barwessa","barwessa","canonical","en","KDA-TRANSCRIPTION-LN14-2012"
"9104f039-2ac0-5f14-bac4-b9d06446c5aa","ca953ac8-2966-5a98-92d3-6a28f025d19e","Barwessa ward","barwessa ward","common","en","KDA-TRANSCRIPTION-LN14-2012"
"20aaf4aa-7250-51e4-b8df-611686ddf569","aec9c02d-a88c-53f4-a937-c46abfba8532","Kabartonjo","kabartonjo","canonical","en","KDA-TRANSCRIPTION-LN14-2012"
"8c40eb95-8625-50db-abe1-e9c776d76635","aec9c02d-a88c-53f4-a937-c46abfba8532","Kabartonjo ward","kabartonjo ward","common","en","KDA-TRANSCRIPTION-LN14-2012"
"bb59dee0-07da-5cd7-8391-b8058b29379b","bdbb9620-8266-534f-8259-f897208eba83","Saimo/Kipsaraman","saimo kipsaraman","canonical","en","KDA-TRANSCRIPTION-LN14-2012"
"8916df80-fa6d-506b-9056-ab720cd7beba","bdbb9620-8266-534f-8259-f897208eba83","Saimo/Kipsaraman ward","saimo kipsaraman ward","common","en","KDA-TRANSCRIPTION-LN14-2012"
"7a776a14-0a7a-5bc8-aea7-5201a3522cf5","5a8141e2-6c57-5b6b-8f9d-4190b70bd3d2","Saimo/Soi","saimo soi","canonical","en","KDA-TRANSCRIPTION-LN14-2012"
"2e5d6f07-9743-50c1-9a75-bd5d7bdf07aa","5a8141e2-6c57-5b6b-8f9d-4190b70bd3d2","Saimo/Soi ward","saimo soi ward","common","en","KDA-TRANSCRIPTION-LN14-2012"
"c6690a5c-f4c0-5579-9133-e124083d4ee4","1c1232c0-b8d2-5235-b09d-063045495415","Bartabwa","bartabwa","canonical","en","KDA-TRANSCRIPTION-LN14-2012"
"27b267ed-ffad-55ef-ae91-536152f040ee","1c1232c0-b8d2-5235-b09d-063045495415","Bartabwa ward","bartabwa ward","common","en","KDA-TRANSCRIPTION-LN14-2012"
"331e83eb-81b9-5e0e-81c5-4d1ed3ca024b","02239875-4e9b-56ac-8c55-551f3c891be5","Kabarnet","kabarnet","canonical","en","KDA-TRANSCRIPTION-LN14-2012"
"a5281b40-8dfc-5b99-9c69-ff77eacbb3a4","02239875-4e9b-56ac-8c55-551f3c891be5","Kabarnet ward","kabarnet ward","common","en","KDA-TRANSCRIPTION-LN14-2012"
"e332080f-8b92-5063-93a7-ca21afdb52ed","049183f8-18c7-57bc-b519-72b95971a7e1","Sacho","sacho","canonical","en","KDA-TRANSCRIPTION-LN14-2012"
"4782fd2a-ad0e-5017-9a35-bd5502917981","049183f8-18c7-57bc-b519-72b95971a7e1","Sacho ward","sacho ward","common","en","KDA-TRANSCRIPTION-LN14-2012"
"aa530752-7dfa-5f30-a2e0-b8f74d29b31e","879bdd7c-c8f8-583d-a0bf-89562c235c8b","Tenges","tenges","canonical","en","KDA-TRANSCRIPTION-LN14-2012"
"15826636-560c-5dcc-8e96-4b71cbd9cc1f","879bdd7c-c8f8-583d-a0bf-89562c235c8b","Tenges ward","tenges ward","common","en","KDA-TRANSCRIPTION-LN14-2012"
"bba61e79-b4e1-5a40-aca4-c26e04555f63","2aa689e5-9f7b-563c-ab3d-eaf2a8140ce6","Ewalel Chapchap","ewalel chapchap","canonical","en","KDA-TRANSCRIPTION-LN14-2012"
"daf4df4a-868f-5723-92e5-7b146694c8f2","2aa689e5-9f7b-563c-ab3d-eaf2a8140ce6","Ewalel Chapchap ward","ewalel chapchap ward","common","en","KDA-TRANSCRIPTION-LN14-2012"
"110fe5c2-a3f0-5d52-8288-7a8400a45fc4","daaade63-e22a-59d2-a2cb-7e9e4b567e1f","Kapropita","kapropita","canonical","en","KDA-TRANSCRIPTION-LN14-2012"
"bd14c4a3-0df0-564f-8209-5242ecae6032","daaade63-e22a-59d2-a2cb-7e9e4b567e1f","Kapropita ward","kapropita ward","common","en","KDA-TRANSCRIPTION-LN14-2012"
"4af7c9b0-0cfb-5b1a-8bfe-a63968176019","4f1a718f-363f-5229-a184-01e947d6f914","Marigat","marigat","canonical","en","KDA-TRANSCRIPTION-LN14-2012"
"9e229e5f-7410-5764-874c-2d9e50378dae","4f1a718f-363f-5229-a184-01e947d6f914","Marigat ward","marigat ward","common","en","KDA-TRANSCRIPTION-LN14-2012"
"ff3b949d-e112-5773-8592-e942ed7957a9","66fc548b-94d9-5248-872d-b9c3e4f7b78c","Ilchamus","ilchamus","canonical","en","KDA-TRANSCRIPTION-LN14-2012"
"e7383b1f-d281-5472-8efb-54d99df06dc7","66fc548b-94d9-5248-872d-b9c3e4f7b78c","Ilchamus ward","ilchamus ward","common","en","KDA-TRANSCRIPTION-LN14-2012"
"7d0f3843-3dc4-55e2-962e-794f8b5df14f","52271d9e-42ae-560c-9737-a1a0bf1265ab","Mochongoi","mochongoi","canonical","en","KDA-TRANSCRIPTION-LN14-2012"
"c46db4f1-3fca-5b13-8715-7de76db49385","52271d9e-42ae-560c-9737-a1a0bf1265ab","Mochongoi ward","mochongoi ward","common","en","KDA-TRANSCRIPTION-LN14-2012"
"5f36b4ab-583e-58b4-99f1-3b43aaa942cf","1094351a-3349-5f46-996d-2e6176fe394d","Mukutani","mukutani","canonical","en","KDA-TRANSCRIPTION-LN14-2012"
"6ebc6163-5cf8-5f31-b4d4-91d41c7e41e1","1094351a-3349-5f46-996d-2e6176fe394d","Mukutani ward","mukutani ward","common","en","KDA-TRANSCRIPTION-LN14-2012"
"73ae52a0-e232-5f7a-ad54-93bf9435cd5d","504a7f01-b83c-5a03-a738-c4c0291d460f","Mogotio","mogotio","canonical","en","KDA-TRANSCRIPTION-LN14-2012"
"fc3a4d77-454d-52cb-b3e4-2b518c8e22d0","504a7f01-b83c-5a03-a738-c4c0291d460f","Mogotio ward","mogotio ward","common","en","KDA-TRANSCRIPTION-LN14-2012"
"035fcd4a-6982-5c81-a6dd-6eb53ce1dd06","acc5bf7f-f292-508d-bc66-ffc9617ab353","Emining","emining","canonical","en","KDA-TRANSCRIPTION-LN14-2012"
"6bf6f47b-e2b8-518f-b94f-f072195498f9","acc5bf7f-f292-508d-bc66-ffc9617ab353","Emining ward","emining ward","common","en","KDA-TRANSCRIPTION-LN14-2012"
"9ab1c6f1-20f2-55be-be0c-4b2aa130e732","312c2afa-6ebf-597e-9408-bade50deecdc","Kisanana","kisanana","canonical","en","KDA-TRANSCRIPTION-LN14-2012"
"897e8930-3682-55de-bf30-d12eb178d8ab","312c2afa-6ebf-597e-9408-bade50deecdc","Kisanana ward","kisanana ward","common","en","KDA-TRANSCRIPTION-LN14-2012"
"1c718e7c-6f5b-5859-a9b1-b8f671f81fa3","9e8ead57-b1d3-5781-bb03-fb454049bebb","Lembus","lembus","canonical","en","KDA-TRANSCRIPTION-LN14-2012"
"ff7773d2-de59-5f4f-adc1-40342460960e","9e8ead57-b1d3-5781-bb03-fb454049bebb","Lembus ward","lembus ward","common","en","KDA-TRANSCRIPTION-LN14-2012"
"c9f76196-2887-5352-beaa-2a9f5390e40c","ffc8ed32-5c9b-59dd-b6d3-d99b791c481a","Lembus Kwen","lembus kwen","canonical","en","KDA-TRANSCRIPTION-LN14-2012"
"d812414c-6135-56f5-9513-86cbe67c7fe3","ffc8ed32-5c9b-59dd-b6d3-d99b791c481a","Lembus Kwen ward","lembus kwen ward","common","en","KDA-TRANSCRIPTION-LN14-2012"
"baa6c805-8a48-58c4-88c3-54f4edb08bc3","2bd81f93-14f5-5d91-bd02-5462573d9949","Ravine","ravine","canonical","en","KDA-TRANSCRIPTION-LN14-2012"
"1867ba85-7d99-5717-b16e-db67aa841bb3","2bd81f93-14f5-5d91-bd02-5462573d9949","Ravine ward","ravine ward","common","en","KDA-TRANSCRIPTION-LN14-2012"
"86549ad2-6458-5cef-a7d1-aa3fd3c6738f","d219f571-b54d-5b0c-8f93-91f25cd1a56a","Mumberes/Maji Mazuri","mumberes maji mazuri","canonical","en","KDA-TRANSCRIPTION-LN14-2012"
"5ba63175-004b-54ea-ad97-d2756a93ac81","d219f571-b54d-5b0c-8f93-91f25cd1a56a","Mumberes/Maji Mazuri ward","mumberes maji mazuri ward","common","en","KDA-TRANSCRIPTION-LN14-2012"
"80d16963-416d-5408-9e79-e2be6cf049fc","05cd9d65-0484-552e-ad73-106d0afd5804","Lembus/Perkerra","lembus perkerra","canonical","en","KDA-TRANSCRIPTION-LN14-2012"
"b89eb383-8ba7-5edb-bbeb-bf2bc36c63e1","05cd9d65-0484-552e-ad73-106d0afd5804","Lembus/Perkerra ward","lembus perkerra ward","common","en","KDA-TRANSCRIPTION-LN14-2012"
"85532d02-0b25-534c-9792-cfc8c8f95979","93773962-c573-5d0d-baed-56a29bb09144","Koibatek","koibatek","canonical","en","KDA-TRANSCRIPTION-LN14-2012"
"1f671ac4-06cc-5529-878f-f0c8cbc54432","93773962-c573-5d0d-baed-56a29bb09144","Koibatek ward","koibatek ward","common","en","KDA-TRANSCRIPTION-LN14-2012"
"f084e612-3575-51b9-a7c1-181bb145a602","8795e1a0-cd34-57f5-9947-d94cdfab7788","Olmoran","olmoran","canonical","en","KDA-TRANSCRIPTION-LN14-2012"
"49e3f400-0c3c-5889-9b86-7d0bb37ece70","8795e1a0-cd34-57f5-9947-d94cdfab7788","Olmoran ward","olmoran ward","common","en","KDA-TRANSCRIPTION-LN14-2012"
"df616871-43cf-530a-ad23-4785f8c43933","97949b5f-430c-52fc-ab56-fda686096428","Rumuruti Township","rumuruti township","canonical","en","KDA-TRANSCRIPTION-LN14-2012"
"ecf81c7d-f387-5c75-92a8-738b17a1bdee","97949b5f-430c-52fc-ab56-fda686096428","Rumuruti Township ward","rumuruti township ward","common","en","KDA-TRANSCRIPTION-LN14-2012"
"f392456e-cc41-5858-a94f-161d08f89e75","2a6a44ca-a3e5-58d5-86e5-0351a4076e97","Kinamba","kinamba","canonical","en","KDA-TRANSCRIPTION-LN14-2012"
"53b88811-50bf-50de-b7c1-75a0e482492a","2a6a44ca-a3e5-58d5-86e5-0351a4076e97","Kinamba ward","kinamba ward","common","en","KDA-TRANSCRIPTION-LN14-2012"
"f2f55973-8721-50c9-bdf3-f5dcf92ee8ec","cc88ba76-88f3-5289-89d5-2fa2bc1e02ff","Marmanet","marmanet","canonical","en","KDA-TRANSCRIPTION-LN14-2012"
"2404f011-96ff-549e-9b12-ac09414b1681","cc88ba76-88f3-5289-89d5-2fa2bc1e02ff","Marmanet ward","marmanet ward","common","en","KDA-TRANSCRIPTION-LN14-2012"
"39bb47b4-7ef8-5f12-bd72-556285e36ffe","0afea870-26a3-5723-8431-4f1233bffd27","Igwamiti","igwamiti","canonical","en","KDA-TRANSCRIPTION-LN14-2012"
"e49e552a-366d-546b-99ce-226e5c74504d","0afea870-26a3-5723-8431-4f1233bffd27","Igwamiti ward","igwamiti ward","common","en","KDA-TRANSCRIPTION-LN14-2012"
"e67cd0e0-e748-5ff3-8c0c-10ff387dfc20","2d0b24be-fe93-5007-9c2f-f58c7a594d90","Salama","salama","canonical","en","KDA-TRANSCRIPTION-LN14-2012"
"48b3b4c9-c305-5d69-95fd-17632f734ea3","2d0b24be-fe93-5007-9c2f-f58c7a594d90","Salama ward","salama ward","common","en","KDA-TRANSCRIPTION-LN14-2012"
"be427859-61e7-540c-b166-bb84a34c1507","380c31c7-b394-5e93-b2e4-72da935ffdf3","Ngobit","ngobit","canonical","en","KDA-TRANSCRIPTION-LN14-2012"
"e21675eb-c2f6-566a-91ae-6b2e3165b029","380c31c7-b394-5e93-b2e4-72da935ffdf3","Ngobit ward","ngobit ward","common","en","KDA-TRANSCRIPTION-LN14-2012"
"0e2d2c01-2114-5a76-8a0d-d424f49d1352","e50e8f58-79cc-5172-9e84-56b7123f4d8e","Tigithi","tigithi","canonical","en","KDA-TRANSCRIPTION-LN14-2012"
"5d5c894b-5f04-59e3-ace5-49345a619eba","e50e8f58-79cc-5172-9e84-56b7123f4d8e","Tigithi ward","tigithi ward","common","en","KDA-TRANSCRIPTION-LN14-2012"
"6d05c1c5-4963-5cdc-9176-815f562da984","08524d9e-b252-5929-b922-707703d7057b","Thingithu","thingithu","canonical","en","KDA-TRANSCRIPTION-LN14-2012"
"85d6cb35-74f7-5f97-a416-c7621249a421","08524d9e-b252-5929-b922-707703d7057b","Thingithu ward","thingithu ward","common","en","KDA-TRANSCRIPTION-LN14-2012"
"903f40c9-908e-5ce8-96e1-22ceec5a7827","bb375caf-0bd6-54fb-98b1-91ecd202edd1","Nanyuki","nanyuki","canonical","en","KDA-TRANSCRIPTION-LN14-2012"
"054954b5-e1e2-5e72-998c-da17a12b4085","bb375caf-0bd6-54fb-98b1-91ecd202edd1","Nanyuki ward","nanyuki ward","common","en","KDA-TRANSCRIPTION-LN14-2012"
"e4e1a127-a0e8-5d26-acd3-9149cbd63f7d","37154bd7-3e23-5d7d-9588-9a733618ab22","Umande","umande","canonical","en","KDA-TRANSCRIPTION-LN14-2012"
"f1ea13ae-6890-5c50-b71d-b3cba15d270c","37154bd7-3e23-5d7d-9588-9a733618ab22","Umande ward","umande ward","common","en","KDA-TRANSCRIPTION-LN14-2012"
"e406b1dc-b562-55ce-93bf-10d288d981e7","0db6efb1-c20e-574d-a521-e55eac1c2282","Sosian","sosian","canonical","en","KDA-TRANSCRIPTION-LN14-2012"
"a3593bea-e776-51a7-bf89-6f45cacb5b3c","0db6efb1-c20e-574d-a521-e55eac1c2282","Sosian ward","sosian ward","common","en","KDA-TRANSCRIPTION-LN14-2012"
"935a0184-81ea-5ff6-8ecf-e0e51b374920","05eb238b-f043-5236-b1a9-5972686b9b8f","Segera","segera","canonical","en","KDA-TRANSCRIPTION-LN14-2012"
"9fcaf359-37e5-56dd-a421-838bf7bfd7eb","05eb238b-f043-5236-b1a9-5972686b9b8f","Segera ward","segera ward","common","en","KDA-TRANSCRIPTION-LN14-2012"
"0b7ef97a-fc35-58fd-90a6-d9c8c96cb967","93d0677f-b139-569d-9640-f4926ec4f67d","Mukogondo West","mukogondo west","canonical","en","KDA-TRANSCRIPTION-LN14-2012"
"9c597034-172c-52b2-8467-7d9ca758cfc1","93d0677f-b139-569d-9640-f4926ec4f67d","Mukogondo West ward","mukogondo west ward","common","en","KDA-TRANSCRIPTION-LN14-2012"
"bfccc81d-4ec0-5f79-ba09-fa5f1be60620","c93e4b88-bab3-5d91-b2f9-69407e690038","Mukogondo East","mukogondo east","canonical","en","KDA-TRANSCRIPTION-LN14-2012"
"65f9bfbe-c49d-56b4-ad33-17fc4070bfd1","c93e4b88-bab3-5d91-b2f9-69407e690038","Mukogondo East ward","mukogondo east ward","common","en","KDA-TRANSCRIPTION-LN14-2012"
"fc1a9979-7c26-5f1e-be40-20ed7172979c","29c930e8-718c-5966-b770-9ca0dc4e5807","Mariashoni","mariashoni","canonical","en","KDA-TRANSCRIPTION-LN14-2012"
"fb56bc15-d529-5d11-80ab-972ce2dc1c90","29c930e8-718c-5966-b770-9ca0dc4e5807","Mariashoni ward","mariashoni ward","common","en","KDA-TRANSCRIPTION-LN14-2012"
"9e581ca1-5e3b-5d7d-bc67-1b7b33c96ac6","4f165195-1e6c-54f0-8e4c-55ec21f5ce12","Elburgon","elburgon","canonical","en","KDA-TRANSCRIPTION-LN14-2012"
"e5f0f4da-636f-59de-b806-19c08ada2cb8","4f165195-1e6c-54f0-8e4c-55ec21f5ce12","Elburgon ward","elburgon ward","common","en","KDA-TRANSCRIPTION-LN14-2012"
"ef7ba3a0-883a-58ee-b2d2-8ba099fb8109","d923a0b8-61ca-5a08-94f1-8bff4355dd0b","Turi","turi","canonical","en","KDA-TRANSCRIPTION-LN14-2012"
"3fe13aa3-517f-5d5e-b373-422772499ab6","d923a0b8-61ca-5a08-94f1-8bff4355dd0b","Turi ward","turi ward","common","en","KDA-TRANSCRIPTION-LN14-2012"
"ce6cac47-2568-5bec-b7db-70e251644a74","71c6cd71-6322-53e1-a76e-a9da40671447","Molo","molo","canonical","en","KDA-TRANSCRIPTION-LN14-2012"
"8ed901e7-8d14-5120-8587-2921d963ebd2","71c6cd71-6322-53e1-a76e-a9da40671447","Molo ward","molo ward","common","en","KDA-TRANSCRIPTION-LN14-2012"
"8afb6637-9443-597e-90d4-3cb85db2d9d1","8537d6eb-c78b-509f-8871-e5bdf91353f1","Maunarok","maunarok","canonical","en","KDA-TRANSCRIPTION-LN14-2012"
"0af76ddb-a57a-53a5-9546-e6c4aea126c8","8537d6eb-c78b-509f-8871-e5bdf91353f1","Maunarok ward","maunarok ward","common","en","KDA-TRANSCRIPTION-LN14-2012"
"69d294c8-4b5b-5fe8-a79f-f37161cd2fdb","f2b06d4f-5bfd-55fc-82e6-c83e6a3881de","Mauche","mauche","canonical","en","KDA-TRANSCRIPTION-LN14-2012"
"b657d050-0eee-56de-be69-dfd8c0f43a7f","f2b06d4f-5bfd-55fc-82e6-c83e6a3881de","Mauche ward","mauche ward","common","en","KDA-TRANSCRIPTION-LN14-2012"
"24ae0a73-6259-595a-b0c4-c758098ed8e3","4f09c1d5-f070-5e45-9afb-8d1a822df49c","Kihingo","kihingo","canonical","en","KDA-TRANSCRIPTION-LN14-2012"
"1fe11a92-d7aa-5603-b90e-f9e7ac700d82","4f09c1d5-f070-5e45-9afb-8d1a822df49c","Kihingo ward","kihingo ward","common","en","KDA-TRANSCRIPTION-LN14-2012"
"8ff975bd-ca9a-5d31-be6b-467c13e0ad75","36157e51-161d-511c-8c4e-25925f045397","Nessuit","nessuit","canonical","en","KDA-TRANSCRIPTION-LN14-2012"
"a2517913-cfc4-559b-ba49-aaea56314394","36157e51-161d-511c-8c4e-25925f045397","Nessuit ward","nessuit ward","common","en","KDA-TRANSCRIPTION-LN14-2012"
"263a10be-d948-5231-8cfd-9d8af4f8ff55","8d4e6dfc-8a95-5405-b495-d3eb3b6cf471","Lare","lare","canonical","en","KDA-TRANSCRIPTION-LN14-2012"
"dbfce2d8-6844-5eea-9755-542e793133d9","8d4e6dfc-8a95-5405-b495-d3eb3b6cf471","Lare ward","lare ward","common","en","KDA-TRANSCRIPTION-LN14-2012"
"2a5d2621-f42b-558c-86ed-c1e58e77f12c","839755f6-77a0-5e51-ad5f-8827c875505a","Njoro","njoro","canonical","en","KDA-TRANSCRIPTION-LN14-2012"
"607ffbd0-4169-5434-b7e5-e1360ecdd86f","839755f6-77a0-5e51-ad5f-8827c875505a","Njoro ward","njoro ward","common","en","KDA-TRANSCRIPTION-LN14-2012"
"23f2dc08-3295-51b6-a1fd-839801a648d0","75368005-8ee3-5bc1-85f0-ddae0a4220fe","Biashara","biashara","canonical","en","KDA-TRANSCRIPTION-LN14-2012"
"aff62033-6029-533f-8c87-296311bbcd7f","75368005-8ee3-5bc1-85f0-ddae0a4220fe","Biashara ward","biashara ward","common","en","KDA-TRANSCRIPTION-LN14-2012"
"cbac591e-1024-54db-97ff-8457b6968020","4de46729-04b1-5fc3-88e3-9cf3e122f336","Hells Gate","hells gate","canonical","en","KDA-TRANSCRIPTION-LN14-2012"
"a3eddc38-90ad-596c-aea6-e9eec0fc2978","4de46729-04b1-5fc3-88e3-9cf3e122f336","Hells Gate ward","hells gate ward","common","en","KDA-TRANSCRIPTION-LN14-2012"
"93a44658-e156-5357-a58e-1a37fad3e29f","89000eee-f937-560a-b76f-73734afe3e48","Lakeview","lakeview","canonical","en","KDA-TRANSCRIPTION-LN14-2012"
"835725d2-03bc-5620-8d7f-c3025d189891","89000eee-f937-560a-b76f-73734afe3e48","Lakeview ward","lakeview ward","common","en","KDA-TRANSCRIPTION-LN14-2012"
"f0e718fd-9bfe-5ae1-9a6d-074eb0de48fa","0dbb9d23-7901-5de5-b2e9-0f3d6ad8fd14","Maai-Mahiu","maai mahiu","canonical","en","KDA-TRANSCRIPTION-LN14-2012"
"ff27f3fd-9d74-5a69-8c38-e0dd82a324fa","0dbb9d23-7901-5de5-b2e9-0f3d6ad8fd14","Maai-Mahiu ward","maai mahiu ward","common","en","KDA-TRANSCRIPTION-LN14-2012"
"30abf363-f0a9-5da8-9088-2f8d59759b5e","e4e71972-ffa6-5e8e-a590-cf038425b12a","Maiella","maiella","canonical","en","KDA-TRANSCRIPTION-LN14-2012"
"82ab1f1e-a644-5c29-ae90-b9303510dfd7","e4e71972-ffa6-5e8e-a590-cf038425b12a","Maiella ward","maiella ward","common","en","KDA-TRANSCRIPTION-LN14-2012"
"fb806b6c-d1e1-5212-91d0-679c52980b22","b726cdfb-145e-594f-92ea-dc67f04e146e","Olkaria","olkaria","canonical","en","KDA-TRANSCRIPTION-LN14-2012"
"7a02a5fb-2efc-5993-8f8f-071a8e18b721","b726cdfb-145e-594f-92ea-dc67f04e146e","Olkaria ward","olkaria ward","common","en","KDA-TRANSCRIPTION-LN14-2012"
"85cd9ef5-1a1c-58ff-a7c0-0448633df63e","72c0ffa4-8bd0-5e0b-9a66-1bd68e50726d","Naivasha East","naivasha east","canonical","en","KDA-TRANSCRIPTION-LN14-2012"
"926ec26d-a1ee-5d25-8649-9baa8fd8ba80","72c0ffa4-8bd0-5e0b-9a66-1bd68e50726d","Naivasha East ward","naivasha east ward","common","en","KDA-TRANSCRIPTION-LN14-2012"
"b9be10b8-a969-57bd-902a-3f460deb6129","4ecd6d4d-58d6-555c-ba83-52fa6ca35b3b","Viwandani","viwandani","canonical","en","KDA-TRANSCRIPTION-LN14-2012"
"3c5f3288-e998-5429-b236-37f0dff9523d","4ecd6d4d-58d6-555c-ba83-52fa6ca35b3b","Viwandani ward","viwandani ward","common","en","KDA-TRANSCRIPTION-LN14-2012"
"316a6a48-2170-539e-ae95-f857f7b5f204","dfee79e5-8717-54cf-954c-d82aa418363a","Gilgil","gilgil","canonical","en","KDA-TRANSCRIPTION-LN14-2012"
"f657b9ee-448f-5a5f-a274-80e4e11c03f5","dfee79e5-8717-54cf-954c-d82aa418363a","Gilgil ward","gilgil ward","common","en","KDA-TRANSCRIPTION-LN14-2012"
"0ad86913-4e9e-5481-9697-a7634dee94d1","37d007a3-2607-5602-bdbe-05cc32429a14","Elementaita","elementaita","canonical","en","KDA-TRANSCRIPTION-LN14-2012"
"7ce00d09-8f96-5632-b9c6-a18f7fc8189a","37d007a3-2607-5602-bdbe-05cc32429a14","Elementaita ward","elementaita ward","common","en","KDA-TRANSCRIPTION-LN14-2012"
"d70f343d-83be-5343-aef1-98d8b0b5c616","8bd366c3-cc1e-5b4a-9d72-bf0bb0fea0ad","Mbaruk/Eburu","mbaruk eburu","canonical","en","KDA-TRANSCRIPTION-LN14-2012"
"f8652b3c-d408-5b45-b725-b964da7eae3a","8bd366c3-cc1e-5b4a-9d72-bf0bb0fea0ad","Mbaruk/Eburu ward","mbaruk eburu ward","common","en","KDA-TRANSCRIPTION-LN14-2012"
"250d3c15-87f1-5124-a0ec-cc210c9e3afe","f184ab2f-516a-5853-ac14-191ac02baa72","Malewa West","malewa west","canonical","en","KDA-TRANSCRIPTION-LN14-2012"
"2aa52207-1b70-5f4c-b2f2-756d1941147e","f184ab2f-516a-5853-ac14-191ac02baa72","Malewa West ward","malewa west ward","common","en","KDA-TRANSCRIPTION-LN14-2012"
"3c0cb121-5e08-5c10-a864-f200bd20c6c2","1c4a77fa-f396-5b04-adca-5406c69c2afc","Murindati","murindati","canonical","en","KDA-TRANSCRIPTION-LN14-2012"
"1e01c43e-7611-547c-a998-f9a33a0839d2","1c4a77fa-f396-5b04-adca-5406c69c2afc","Murindati ward","murindati ward","common","en","KDA-TRANSCRIPTION-LN14-2012"
"d90484e4-6e25-5fb2-8431-1c37855d6fae","939756f4-f529-5e04-b80e-af956429c5c2","Amalo","amalo","canonical","en","KDA-TRANSCRIPTION-LN14-2012"
"59d8ca43-18d5-59cc-89c4-e9ca8fbe0e41","939756f4-f529-5e04-b80e-af956429c5c2","Amalo ward","amalo ward","common","en","KDA-TRANSCRIPTION-LN14-2012"
"a99fafe4-8f71-56ac-811f-3cfb66c84d69","5d357fcc-5b3f-5b00-9390-0e14cc8806ab","Keringet","keringet","canonical","en","KDA-TRANSCRIPTION-LN14-2012"
"3f616075-ffde-504b-8ec1-4f0d2a523e33","5d357fcc-5b3f-5b00-9390-0e14cc8806ab","Keringet ward","keringet ward","common","en","KDA-TRANSCRIPTION-LN14-2012"
"6ec4e05e-ca8a-576e-9ce6-b4859fc4716f","72f89257-9b90-5e93-b5a7-f765a8f2415f","Kiptagich","kiptagich","canonical","en","KDA-TRANSCRIPTION-LN14-2012"
"50204f6e-404c-5fca-b9e1-7e63083ac67b","72f89257-9b90-5e93-b5a7-f765a8f2415f","Kiptagich ward","kiptagich ward","common","en","KDA-TRANSCRIPTION-LN14-2012"
"99ca4fd9-c6dd-58a6-bf36-2a7ee08ff9fb","4edec943-0d1d-5bc1-bb31-fbf8406c9f49","Tinet","tinet","canonical","en","KDA-TRANSCRIPTION-LN14-2012"
"3e5d8661-8666-5f61-9e2f-24336f1471de","4edec943-0d1d-5bc1-bb31-fbf8406c9f49","Tinet ward","tinet ward","common","en","KDA-TRANSCRIPTION-LN14-2012"
"40590e33-d52e-5a9a-abe8-465fc5eb8c28","d6aefe6e-8041-5ea3-8930-2aa36eb5c2ec","Kiptororo","kiptororo","canonical","en","KDA-TRANSCRIPTION-LN14-2012"
"2eb85eb2-3d28-5d85-9a1e-6368320d185e","d6aefe6e-8041-5ea3-8930-2aa36eb5c2ec","Kiptororo ward","kiptororo ward","common","en","KDA-TRANSCRIPTION-LN14-2012"
"719d95c0-0703-514a-a300-2990113e5635","5525128b-01dc-56d7-8c1e-a3568efb9943","Nyota","nyota","canonical","en","KDA-TRANSCRIPTION-LN14-2012"
"1df6b88f-e193-5686-b570-2464fca40cc4","5525128b-01dc-56d7-8c1e-a3568efb9943","Nyota ward","nyota ward","common","en","KDA-TRANSCRIPTION-LN14-2012"
"2d289d61-4333-593a-a063-1d09af05d550","3c3f247b-7e13-5ea0-89c2-29d2c34b3ee3","Sirikwa","sirikwa","canonical","en","KDA-TRANSCRIPTION-LN14-2012"
"a3be9250-5dfe-58ef-9ad6-c3624f7b57c8","3c3f247b-7e13-5ea0-89c2-29d2c34b3ee3","Sirikwa ward","sirikwa ward","common","en","KDA-TRANSCRIPTION-LN14-2012"
"3949fe26-c699-5cca-b96a-925fa802d12d","1f8d6d2e-c85a-52b3-b2fa-649ac7a1fe07","Kamara","kamara","canonical","en","KDA-TRANSCRIPTION-LN14-2012"
"01af5df9-2069-516c-b2a7-ea957e68759f","1f8d6d2e-c85a-52b3-b2fa-649ac7a1fe07","Kamara ward","kamara ward","common","en","KDA-TRANSCRIPTION-LN14-2012"
"e5837710-6a18-5fcf-b285-a25761587fe7","5b38bb75-889e-5c94-9180-e32d5b2bc876","Subukia","subukia","canonical","en","KDA-TRANSCRIPTION-LN14-2012"
"29dc9f59-4f79-517e-bc73-61fa7e50efbd","5b38bb75-889e-5c94-9180-e32d5b2bc876","Subukia ward","subukia ward","common","en","KDA-TRANSCRIPTION-LN14-2012"
"1b3575c7-f8f5-52e4-808f-f4a81ac830dc","ef43dfd0-1456-52c3-8535-071e79cf4b1d","Waseges","waseges","canonical","en","KDA-TRANSCRIPTION-LN14-2012"
"146fed4d-355c-5ab1-8340-30ad7f4dd28b","ef43dfd0-1456-52c3-8535-071e79cf4b1d","Waseges ward","waseges ward","common","en","KDA-TRANSCRIPTION-LN14-2012"
"cecc85d5-c260-56ad-b4e8-bb4d8eca2a92","5cf9d0fd-5c67-5936-9b4f-1679b163861b","Kabazi","kabazi","canonical","en","KDA-TRANSCRIPTION-LN14-2012"
"fb8ef35e-33f7-5ff7-9a03-87169c3e19e8","5cf9d0fd-5c67-5936-9b4f-1679b163861b","Kabazi ward","kabazi ward","common","en","KDA-TRANSCRIPTION-LN14-2012"
"ff197b44-76fb-5467-9db8-a272216ca1d7","9cbe8b61-f136-50ef-a4cb-1d846363ba80","Menengai West","menengai west","canonical","en","KDA-TRANSCRIPTION-LN14-2012"
"cc03832b-0780-5f05-9f45-99da1bb9eedc","9cbe8b61-f136-50ef-a4cb-1d846363ba80","Menengai West ward","menengai west ward","common","en","KDA-TRANSCRIPTION-LN14-2012"
"04d65944-5013-5526-9584-621da3b361ff","fb1d4ea3-08c2-5d36-9897-9b19a44d7c88","Soin","soin","canonical","en","KDA-TRANSCRIPTION-LN14-2012"
"227bc49b-038c-5af1-a3a4-93f114dc655e","fb1d4ea3-08c2-5d36-9897-9b19a44d7c88","Soin ward","soin ward","common","en","KDA-TRANSCRIPTION-LN14-2012"
"ff7d055f-f921-572d-a3b8-58afa3bcc1ee","2cd59abd-bce3-50b3-a2ec-2e9fcd685874","Visoi","visoi","canonical","en","KDA-TRANSCRIPTION-LN14-2012"
"5f32809d-19c8-59ed-8ffe-f0f3bc478cd7","2cd59abd-bce3-50b3-a2ec-2e9fcd685874","Visoi ward","visoi ward","common","en","KDA-TRANSCRIPTION-LN14-2012"
"b48545e6-4315-55b7-962d-913851bfc603","320a54a1-175f-597e-bbce-94134b2d9d2c","Mosop","mosop","canonical","en","KDA-TRANSCRIPTION-LN14-2012"
"6dc4b5cc-8864-519c-94f8-3ac937ecd69f","320a54a1-175f-597e-bbce-94134b2d9d2c","Mosop ward","mosop ward","common","en","KDA-TRANSCRIPTION-LN14-2012"
"a193b46c-b2ad-5229-85e5-d0cd546694c6","d05597b5-babf-5ec2-bf4d-e21cc321a0c2","Solai","solai","canonical","en","KDA-TRANSCRIPTION-LN14-2012"
"625990cd-2978-539c-9ff7-894097926605","d05597b5-babf-5ec2-bf4d-e21cc321a0c2","Solai ward","solai ward","common","en","KDA-TRANSCRIPTION-LN14-2012"
"478452f1-9eb8-5a66-b6d2-9ab717db3741","775b8594-aaf7-5519-b0f0-ec46c5007073","Dundori","dundori","canonical","en","KDA-TRANSCRIPTION-LN14-2012"
"e5ba9335-9554-5a61-b36c-efb4197d4bf8","775b8594-aaf7-5519-b0f0-ec46c5007073","Dundori ward","dundori ward","common","en","KDA-TRANSCRIPTION-LN14-2012"
"567eb476-b24a-5c37-937a-c6c2270f1e9a","b6ccbd98-d008-5b50-9519-dc7725e4fe71","Kabatini","kabatini","canonical","en","KDA-TRANSCRIPTION-LN14-2012"
"906381fb-2d77-5ad7-89ec-246c4929ba27","b6ccbd98-d008-5b50-9519-dc7725e4fe71","Kabatini ward","kabatini ward","common","en","KDA-TRANSCRIPTION-LN14-2012"
"3a5034f9-4c47-5e06-bfd9-d00804675240","d073dafd-36b1-5e83-8461-513efb845b7a","Kiamaina","kiamaina","canonical","en","KDA-TRANSCRIPTION-LN14-2012"
"4e739bc3-b39f-5f2b-b49e-345fbb656c16","d073dafd-36b1-5e83-8461-513efb845b7a","Kiamaina ward","kiamaina ward","common","en","KDA-TRANSCRIPTION-LN14-2012"
"2e7fba6c-54d8-55e3-87c4-3d2307483bd3","3e041b19-160a-5cd4-bd9d-7418c20efb5c","Lanet/Umoja","lanet umoja","canonical","en","KDA-TRANSCRIPTION-LN14-2012"
"8ce3ee22-759d-539c-a3dc-cae2e0487329","3e041b19-160a-5cd4-bd9d-7418c20efb5c","Lanet/Umoja ward","lanet umoja ward","common","en","KDA-TRANSCRIPTION-LN14-2012"
"103011b2-b81b-5759-a583-07d02f979c83","97e35064-2f0f-5efa-b247-709d8d5130f0","Bahati","bahati","canonical","en","KDA-TRANSCRIPTION-LN14-2012"
"1622850a-9642-53fd-838c-0e83bd37cdb3","97e35064-2f0f-5efa-b247-709d8d5130f0","Bahati ward","bahati ward","common","en","KDA-TRANSCRIPTION-LN14-2012"
"6dce024f-bf07-56e1-9ab7-13b65400f09e","e985ef20-7ad5-5ba5-816c-0434f26d1999","Barut","barut","canonical","en","KDA-TRANSCRIPTION-LN14-2012"
"a6842ca8-735d-59c4-8dd6-65b9397d644b","e985ef20-7ad5-5ba5-816c-0434f26d1999","Barut ward","barut ward","common","en","KDA-TRANSCRIPTION-LN14-2012"
"d10e1bb8-32de-522f-b735-8f589ca0ffa8","a0bf0897-b64d-51f7-ac08-28d3dfe7c059","London","london","canonical","en","KDA-TRANSCRIPTION-LN14-2012"
"278124fc-b098-5371-8a17-281fc9ff7f84","a0bf0897-b64d-51f7-ac08-28d3dfe7c059","London ward","london ward","common","en","KDA-TRANSCRIPTION-LN14-2012"
"8621d620-fba9-59c7-966c-ff85e2ead1ed","f0c01755-fb3c-565c-8e53-ed4b62712b65","Kaptembwo","kaptembwo","canonical","en","KDA-TRANSCRIPTION-LN14-2012"
"7bb795d5-bf00-5dcd-ac9d-1f79542c2253","f0c01755-fb3c-565c-8e53-ed4b62712b65","Kaptembwo ward","kaptembwo ward","common","en","KDA-TRANSCRIPTION-LN14-2012"
"80b9d898-234b-5920-881a-e963e56eb916","706e0668-5733-52b8-a69a-e53ac5878613","Kapkures","kapkures","canonical","en","KDA-TRANSCRIPTION-LN14-2012"
"02114488-8203-5b6d-a3ed-eaec2375842a","706e0668-5733-52b8-a69a-e53ac5878613","Kapkures ward","kapkures ward","common","en","KDA-TRANSCRIPTION-LN14-2012"
"95c53d0a-a666-50ab-9b70-8faedfa9d1d5","63e9f3ee-4de6-5b7e-9660-fa4ccae8cccf","Rhoda","rhoda","canonical","en","KDA-TRANSCRIPTION-LN14-2012"
"eb0703b7-3dd2-5103-a506-527bf3688d7d","63e9f3ee-4de6-5b7e-9660-fa4ccae8cccf","Rhoda ward","rhoda ward","common","en","KDA-TRANSCRIPTION-LN14-2012"
"739c8f3e-3c15-5885-b8f6-5f0e6be4f444","5e55575e-32f1-5ee8-8753-31afa4eb9894","Shaabab","shaabab","canonical","en","KDA-TRANSCRIPTION-LN14-2012"
"137a33c5-3873-5531-a03c-44b8928b69a3","5e55575e-32f1-5ee8-8753-31afa4eb9894","Shaabab ward","shaabab ward","common","en","KDA-TRANSCRIPTION-LN14-2012"
"093d5bd5-202a-584e-a296-f77de48c0788","da8a0c65-9f3c-52d0-8e11-028255649201","Biashara","biashara","canonical","en","KDA-TRANSCRIPTION-LN14-2012"
"ecf51f30-cf24-57f3-ba73-e3cae8464315","da8a0c65-9f3c-52d0-8e11-028255649201","Biashara ward","biashara ward","common","en","KDA-TRANSCRIPTION-LN14-2012"
"976e801b-1b0c-5b33-a13f-1527e6462ac2","2c5f8ce4-30dc-5e4b-89ba-4aa22c6d8db1","Kivumbini","kivumbini","canonical","en","KDA-TRANSCRIPTION-LN14-2012"
"7d7a70a5-3891-50bd-96d3-6c4c0ff37ee6","2c5f8ce4-30dc-5e4b-89ba-4aa22c6d8db1","Kivumbini ward","kivumbini ward","common","en","KDA-TRANSCRIPTION-LN14-2012"
"1e053fef-4c4d-567d-a8f8-ac444e7f4dbb","09775b1d-88b9-51aa-986e-0431eda6b330","Flamingo","flamingo","canonical","en","KDA-TRANSCRIPTION-LN14-2012"
"7b11eb4e-0658-51b9-bf2d-5400a7307dbe","09775b1d-88b9-51aa-986e-0431eda6b330","Flamingo ward","flamingo ward","common","en","KDA-TRANSCRIPTION-LN14-2012"
"2499b1bd-66af-5444-a309-6e96525df1ec","0ce88011-ca34-5322-b835-f4abff2c9cba","Menengai","menengai","canonical","en","KDA-TRANSCRIPTION-LN14-2012"
"b3ffea57-04e2-5fc7-93f1-f3c4e9be5a67","0ce88011-ca34-5322-b835-f4abff2c9cba","Menengai ward","menengai ward","common","en","KDA-TRANSCRIPTION-LN14-2012"
"a5092fc7-b878-51d8-9bd7-7ca2ad881a54","8a40a56b-dac4-51b6-9423-1ec5cb22b907","Nakuru East","nakuru east","canonical","en","KDA-TRANSCRIPTION-LN14-2012"
"c314d9db-60cb-5e05-9aa6-a09f3ab6e6f1","8a40a56b-dac4-51b6-9423-1ec5cb22b907","Nakuru East ward","nakuru east ward","common","en","KDA-TRANSCRIPTION-LN14-2012"
"b0d8d01b-9d6d-5edb-bd4e-1f9561a9e615","c047f130-7d3a-5b95-ba1a-9048be700951","Kilgoris Central","kilgoris central","canonical","en","KDA-TRANSCRIPTION-LN14-2012"
"f525d5fa-2ab3-5457-aeaf-cd8f59fff1b4","c047f130-7d3a-5b95-ba1a-9048be700951","Kilgoris Central ward","kilgoris central ward","common","en","KDA-TRANSCRIPTION-LN14-2012"
"be9059de-d37f-5cd5-abf4-85c31e1ece53","67625560-6cb2-5878-ba5b-108c8e80704c","Keyian","keyian","canonical","en","KDA-TRANSCRIPTION-LN14-2012"
"4a202790-739c-5dda-9df2-78f786e20a87","67625560-6cb2-5878-ba5b-108c8e80704c","Keyian ward","keyian ward","common","en","KDA-TRANSCRIPTION-LN14-2012"
"6fc99014-e614-560d-b044-e053cb6a71b0","20366d0c-a3a4-5027-80ea-262195b416c7","Angata Barikoi","angata barikoi","canonical","en","KDA-TRANSCRIPTION-LN14-2012"
"850fa20a-7930-51dd-90be-c46a71596793","20366d0c-a3a4-5027-80ea-262195b416c7","Angata Barikoi ward","angata barikoi ward","common","en","KDA-TRANSCRIPTION-LN14-2012"
"c73e99dd-06c3-5d79-896d-5c06d7b886ac","1067c641-e8ba-58e9-adf3-009a73663658","Shankoe","shankoe","canonical","en","KDA-TRANSCRIPTION-LN14-2012"
"8c44784c-5abc-5b98-ada2-d907ff372d5e","1067c641-e8ba-58e9-adf3-009a73663658","Shankoe ward","shankoe ward","common","en","KDA-TRANSCRIPTION-LN14-2012"
"4b67672d-4056-5da9-bf6d-3918fbee047b","dc6df351-d64a-5895-a76e-ff34a3c119ec","Kimintet","kimintet","canonical","en","KDA-TRANSCRIPTION-LN14-2012"
"dc5d2f2c-b33e-5d07-ad0c-8164307311cc","dc6df351-d64a-5895-a76e-ff34a3c119ec","Kimintet ward","kimintet ward","common","en","KDA-TRANSCRIPTION-LN14-2012"
"d7d1962a-0f9e-56a0-8421-9204051cedb5","6330fe6b-abf6-59ee-bf1c-692a60511755","Lolgorian","lolgorian","canonical","en","KDA-TRANSCRIPTION-LN14-2012"
"c3ba005b-1677-55dd-a002-e8f1cd89f4d7","6330fe6b-abf6-59ee-bf1c-692a60511755","Lolgorian ward","lolgorian ward","common","en","KDA-TRANSCRIPTION-LN14-2012"
"cbead74a-fa22-5da7-8b42-07b2992cff0f","e2b5dbd5-a291-5ecc-bb70-14073ea93663","Ilkerin","ilkerin","canonical","en","KDA-TRANSCRIPTION-LN14-2012"
"94f80b91-ed5f-5e44-8782-de3d64bce1fd","e2b5dbd5-a291-5ecc-bb70-14073ea93663","Ilkerin ward","ilkerin ward","common","en","KDA-TRANSCRIPTION-LN14-2012"
"108b7fc1-645b-5b11-becc-55b97df61c3c","18860d72-0b6d-5427-b7fd-c003c2fdb939","Ololmasani","ololmasani","canonical","en","KDA-TRANSCRIPTION-LN14-2012"
"52bca4ed-8bda-5e50-a43f-929b30dde689","18860d72-0b6d-5427-b7fd-c003c2fdb939","Ololmasani ward","ololmasani ward","common","en","KDA-TRANSCRIPTION-LN14-2012"
"98eb8876-616f-580d-a81d-30195ff9d0fa","cadb7db1-5b26-5a03-a999-6d96532a730e","Mogondo","mogondo","canonical","en","KDA-TRANSCRIPTION-LN14-2012"
"d2faf850-461a-5d43-ab51-83cce0751553","cadb7db1-5b26-5a03-a999-6d96532a730e","Mogondo ward","mogondo ward","common","en","KDA-TRANSCRIPTION-LN14-2012"
"6c2990b9-6d35-525c-8440-ad0bf48a15e7","d9dd58f7-85ac-53d7-8461-04db2836cb19","Kapsasian","kapsasian","canonical","en","KDA-TRANSCRIPTION-LN14-2012"
"61b5cf79-6afc-5ae0-bd74-eda212708f4d","d9dd58f7-85ac-53d7-8461-04db2836cb19","Kapsasian ward","kapsasian ward","common","en","KDA-TRANSCRIPTION-LN14-2012"
"c6af4290-3426-5c54-9256-8ab18b29db53","86248de5-5a96-5498-8d8c-f78769eea7c1","Olpusimoru","olpusimoru","canonical","en","KDA-TRANSCRIPTION-LN14-2012"
"c5098102-4f19-5f5b-ba9e-1462a4ce9be4","86248de5-5a96-5498-8d8c-f78769eea7c1","Olpusimoru ward","olpusimoru ward","common","en","KDA-TRANSCRIPTION-LN14-2012"
"0adc7011-07b8-5221-9d25-f38273353ace","b3227a0a-8d23-59ad-9564-505bf10520e0","Olokurto","olokurto","canonical","en","KDA-TRANSCRIPTION-LN14-2012"
"d26c0333-fdf8-5843-b84a-57d4fdb86cd7","b3227a0a-8d23-59ad-9564-505bf10520e0","Olokurto ward","olokurto ward","common","en","KDA-TRANSCRIPTION-LN14-2012"
"254f5a57-5556-5656-9cec-ae32a7a017ca","ba6eac18-b450-52fa-b80c-0454d3597687","Narok Town","narok town","canonical","en","KDA-TRANSCRIPTION-LN14-2012"
"94a3c1c9-f551-5fb5-a723-eb854f295e75","ba6eac18-b450-52fa-b80c-0454d3597687","Narok Town ward","narok town ward","common","en","KDA-TRANSCRIPTION-LN14-2012"
"665a1b73-8623-5d0a-b688-fba8200be042","db93e8f3-ca09-5728-8bac-c59aa0d425cc","Nkareta","nkareta","canonical","en","KDA-TRANSCRIPTION-LN14-2012"
"18a31df6-eb79-5909-9ef4-b35d1704405a","db93e8f3-ca09-5728-8bac-c59aa0d425cc","Nkareta ward","nkareta ward","common","en","KDA-TRANSCRIPTION-LN14-2012"
"4323713f-6fc9-5d33-93db-33b7b30c8fe9","9d514d69-258e-52d3-a6fd-04ccce880781","Olorropil","olorropil","canonical","en","KDA-TRANSCRIPTION-LN14-2012"
"3760bdaa-0013-5439-8c0a-e96440db053a","9d514d69-258e-52d3-a6fd-04ccce880781","Olorropil ward","olorropil ward","common","en","KDA-TRANSCRIPTION-LN14-2012"
"a22f3804-3db0-521a-babf-65c2e66705f3","9f9a1f6a-0a2f-5b13-a726-13e4793fc5db","Melili","melili","canonical","en","KDA-TRANSCRIPTION-LN14-2012"
"c43c3067-6512-577a-a5a7-455bf110a582","9f9a1f6a-0a2f-5b13-a726-13e4793fc5db","Melili ward","melili ward","common","en","KDA-TRANSCRIPTION-LN14-2012"
"d6e1eb4e-8504-5fc5-8f32-ebd868b28b28","730d17ca-a148-5d37-b34a-2ecf37189209","Mosiro","mosiro","canonical","en","KDA-TRANSCRIPTION-LN14-2012"
"f707b7cc-8a88-53d4-b924-8ebd7f9003b1","730d17ca-a148-5d37-b34a-2ecf37189209","Mosiro ward","mosiro ward","common","en","KDA-TRANSCRIPTION-LN14-2012"
"c2fabcb0-1846-538a-8d7f-0a9c13548a8b","4fbf1b9f-0a6b-52cd-9df4-c8abab02180e","Ildamat","ildamat","canonical","en","KDA-TRANSCRIPTION-LN14-2012"
"f50a8ddd-1ee8-5ae7-a789-e036e692addf","4fbf1b9f-0a6b-52cd-9df4-c8abab02180e","Ildamat ward","ildamat ward","common","en","KDA-TRANSCRIPTION-LN14-2012"
"7b00d9a8-4935-506c-8d98-bc4c9b86e05f","f235b4d6-6c0e-5927-acaf-2a36b56d41fb","Keekonyokie","keekonyokie","canonical","en","KDA-TRANSCRIPTION-LN14-2012"
"15d696a9-c783-561a-b012-88bf7d4a77e4","f235b4d6-6c0e-5927-acaf-2a36b56d41fb","Keekonyokie ward","keekonyokie ward","common","en","KDA-TRANSCRIPTION-LN14-2012"
"814c06e6-cdf4-5f53-a570-5e24ba3c88cc","321c0b9e-08b9-5746-b784-d19cc71eb518","Suswa","suswa","canonical","en","KDA-TRANSCRIPTION-LN14-2012"
"844f19e4-8b15-5e58-a0bc-f87a054e10e8","321c0b9e-08b9-5746-b784-d19cc71eb518","Suswa ward","suswa ward","common","en","KDA-TRANSCRIPTION-LN14-2012"
"7d061f68-c5a6-5618-9a50-af030e817789","75731714-e665-512a-bf30-2985094c240f","Majimoto/Naroosura","majimoto naroosura","canonical","en","KDA-TRANSCRIPTION-LN14-2012"
"0feed88e-0b1f-5e06-8988-96c5957ca2a4","75731714-e665-512a-bf30-2985094c240f","Majimoto/Naroosura ward","majimoto naroosura ward","common","en","KDA-TRANSCRIPTION-LN14-2012"
"dae9da78-89bc-5b95-8d6e-8edb131f3b4c","82cb4801-8bc8-5dd0-a289-a6d8c34f9d83","Ololulung'a","ololulunga","canonical","en","KDA-TRANSCRIPTION-LN14-2012"
"fb81bb22-118f-5483-ba3c-e28f9513c62e","82cb4801-8bc8-5dd0-a289-a6d8c34f9d83","Ololulung'a ward","ololulunga ward","common","en","KDA-TRANSCRIPTION-LN14-2012"
"b4807362-8f22-5048-9109-9a3973dbb389","0be4399b-1e81-5fad-831b-50e75e567d3e","Melelo","melelo","canonical","en","KDA-TRANSCRIPTION-LN14-2012"
"ce648471-3ce4-5c04-8d16-63dbcbbea336","0be4399b-1e81-5fad-831b-50e75e567d3e","Melelo ward","melelo ward","common","en","KDA-TRANSCRIPTION-LN14-2012"
"cfc86727-6796-5a50-afc0-c13b5c66958c","97fad844-64c5-5071-9a06-86e71fdefb83","Loita","loita","canonical","en","KDA-TRANSCRIPTION-LN14-2012"
"95d8d362-0034-5e9d-86af-a38ed17da42a","97fad844-64c5-5071-9a06-86e71fdefb83","Loita ward","loita ward","common","en","KDA-TRANSCRIPTION-LN14-2012"
"3b15ea42-0544-5b86-8dd7-886f15d3c29e","33b9d1cd-d80f-5822-b7b5-2205b6c84f22","Sogoo","sogoo","canonical","en","KDA-TRANSCRIPTION-LN14-2012"
"ad78af7d-35cf-5748-9900-4b8fece83552","33b9d1cd-d80f-5822-b7b5-2205b6c84f22","Sogoo ward","sogoo ward","common","en","KDA-TRANSCRIPTION-LN14-2012"
"c67380af-d2e6-5680-a1a8-747c4de5a829","323503d6-3cbf-59ce-a60c-c91c80f01c89","Sagamian","sagamian","canonical","en","KDA-TRANSCRIPTION-LN14-2012"
"6ac25632-d568-595d-94d3-9becdf0c3a42","323503d6-3cbf-59ce-a60c-c91c80f01c89","Sagamian ward","sagamian ward","common","en","KDA-TRANSCRIPTION-LN14-2012"
"cfb16018-fe91-5e2c-9b53-cc4d7d3e2de9","00fdd31c-c67e-5374-8fa3-fbba8407c7a9","Ilmotiok","ilmotiok","canonical","en","KDA-TRANSCRIPTION-LN14-2012"
"bb435421-51a5-5658-97c9-ccd743d7bbea","00fdd31c-c67e-5374-8fa3-fbba8407c7a9","Ilmotiok ward","ilmotiok ward","common","en","KDA-TRANSCRIPTION-LN14-2012"
"0e685a0e-d14c-572c-8bfc-c5b58b505a76","5b56488e-43bf-542e-9903-8efdbe71fc01","Mara","mara","canonical","en","KDA-TRANSCRIPTION-LN14-2012"
"c1fb3233-7a8e-5c10-9f42-b88bcf294cbc","5b56488e-43bf-542e-9903-8efdbe71fc01","Mara ward","mara ward","common","en","KDA-TRANSCRIPTION-LN14-2012"
"9148d701-8e58-5f18-9b6c-405999071df8","accf07a4-ef0e-5006-a8ca-7797582420a9","Siana","siana","canonical","en","KDA-TRANSCRIPTION-LN14-2012"
"400ce448-f826-51ff-b8ce-85f0a23e8955","accf07a4-ef0e-5006-a8ca-7797582420a9","Siana ward","siana ward","common","en","KDA-TRANSCRIPTION-LN14-2012"
"2f750d97-dd1f-580b-bc75-d80d65334b8c","2fd5a689-6e9b-57ea-930d-cbcb956939f5","Naikarra","naikarra","canonical","en","KDA-TRANSCRIPTION-LN14-2012"
"ed950d80-6feb-5955-85d5-3396eac5958c","2fd5a689-6e9b-57ea-930d-cbcb956939f5","Naikarra ward","naikarra ward","common","en","KDA-TRANSCRIPTION-LN14-2012"
"07ada192-a838-5bb7-bf60-8f90b7656a44","6653a38c-734f-5a57-a849-f118761f7f03","Olkeri","olkeri","canonical","en","KDA-TRANSCRIPTION-LN14-2012"
"6a577f01-6788-5573-890c-ae4af7f1e0d4","6653a38c-734f-5a57-a849-f118761f7f03","Olkeri ward","olkeri ward","common","en","KDA-TRANSCRIPTION-LN14-2012"
"ee952670-6d7e-5dd9-b4c9-e91b513ae288","92006ae0-191c-5520-9240-abccbbe7c791","Ongata Rongai","ongata rongai","canonical","en","KDA-TRANSCRIPTION-LN14-2012"
"404254d6-7090-525d-a899-9c3931b1fcb5","92006ae0-191c-5520-9240-abccbbe7c791","Ongata Rongai ward","ongata rongai ward","common","en","KDA-TRANSCRIPTION-LN14-2012"
"0a785bbf-5598-591f-a30f-dfc61933df78","17d9362b-8cd5-5ddd-8814-46d151f52d6e","Nkaimurunya","nkaimurunya","canonical","en","KDA-TRANSCRIPTION-LN14-2012"
"81da4aa4-6006-57c1-b51a-4d8b1b04e61c","17d9362b-8cd5-5ddd-8814-46d151f52d6e","Nkaimurunya ward","nkaimurunya ward","common","en","KDA-TRANSCRIPTION-LN14-2012"
"ff419f3c-5aa8-5223-9c1e-f66b1142d438","479d1b8e-aae3-52ba-adc1-b687f4e69fa9","Oloolua","oloolua","canonical","en","KDA-TRANSCRIPTION-LN14-2012"
"a6d4c834-bc6b-5852-a01f-7e459c4d02db","479d1b8e-aae3-52ba-adc1-b687f4e69fa9","Oloolua ward","oloolua ward","common","en","KDA-TRANSCRIPTION-LN14-2012"
"32d71f51-40e4-5ea1-8e0a-a369d3a63ac1","97bd515e-0960-55c6-bc68-b2be0965e537","Ngong","ngong","canonical","en","KDA-TRANSCRIPTION-LN14-2012"
"61ebe6c4-0bce-58e9-86f4-f1bb9f6b8dc7","97bd515e-0960-55c6-bc68-b2be0965e537","Ngong ward","ngong ward","common","en","KDA-TRANSCRIPTION-LN14-2012"
"2374266e-35da-5f4c-be7f-d9e150929126","ec80da91-7bb0-5fb4-9a39-764aabf280b1","Purko","purko","canonical","en","KDA-TRANSCRIPTION-LN14-2012"
"32fa0682-eb68-5847-90fd-4b66d207c285","ec80da91-7bb0-5fb4-9a39-764aabf280b1","Purko ward","purko ward","common","en","KDA-TRANSCRIPTION-LN14-2012"
"7fa7df1f-fd40-5ded-ab87-4732411f2803","e0359e72-401f-59b5-a4d9-038ff151fe63","Ildamat","ildamat","canonical","en","KDA-TRANSCRIPTION-LN14-2012"
"3da41a81-b60f-54a5-9e09-927de5f0ed11","e0359e72-401f-59b5-a4d9-038ff151fe63","Ildamat ward","ildamat ward","common","en","KDA-TRANSCRIPTION-LN14-2012"
"3a8c1793-2373-59d7-8841-021af29de411","ab598963-6c62-5ba4-a415-e994442cdc18","Dalalekutuk","dalalekutuk","canonical","en","KDA-TRANSCRIPTION-LN14-2012"
"55291f5d-6397-5445-9c30-f48ebf25b496","ab598963-6c62-5ba4-a415-e994442cdc18","Dalalekutuk ward","dalalekutuk ward","common","en","KDA-TRANSCRIPTION-LN14-2012"
"1c78c114-bd25-556b-98c8-8b551aafa2d8","0f8bbbee-1093-5a2a-9a89-db4af79bc5d8","Matapato North","matapato north","canonical","en","KDA-TRANSCRIPTION-LN14-2012"
"e012e794-9dd3-5509-a7bc-538cfd0bd449","0f8bbbee-1093-5a2a-9a89-db4af79bc5d8","Matapato North ward","matapato north ward","common","en","KDA-TRANSCRIPTION-LN14-2012"
"3bd8baef-4578-5052-b6cc-46e7cf9e7367","5513d8a4-e04b-5a59-9699-5185ef99e4c6","Matapato South","matapato south","canonical","en","KDA-TRANSCRIPTION-LN14-2012"
"7f802960-f147-59ee-aad4-84ad10f2d278","5513d8a4-e04b-5a59-9699-5185ef99e4c6","Matapato South ward","matapato south ward","common","en","KDA-TRANSCRIPTION-LN14-2012"
"3e84f8b3-e444-50de-8bcf-ec2890e9fbc8","1d17395a-1ef0-53cb-90c1-47048cad35fd","Kaputiei North","kaputiei north","canonical","en","KDA-TRANSCRIPTION-LN14-2012"
"844fe901-1399-526b-934f-3f5e258c29b4","1d17395a-1ef0-53cb-90c1-47048cad35fd","Kaputiei North ward","kaputiei north ward","common","en","KDA-TRANSCRIPTION-LN14-2012"
"9a23400e-ddab-500a-8e97-4c5298912e97","0d87caa3-1b54-5224-b2be-2f7f832f665b","Kitengela","kitengela","canonical","en","KDA-TRANSCRIPTION-LN14-2012"
"a2637c44-aec2-5b0c-88a3-19ddb0813098","0d87caa3-1b54-5224-b2be-2f7f832f665b","Kitengela ward","kitengela ward","common","en","KDA-TRANSCRIPTION-LN14-2012"
"9eea0565-ac9e-5928-aa7b-a9cdf7988e26","cfb496a0-0530-555d-918b-869ab5887de5","Oloosirkon/Sholinke","oloosirkon sholinke","canonical","en","KDA-TRANSCRIPTION-LN14-2012"
"a88eee39-1377-5f50-b0b5-80f447b2a025","cfb496a0-0530-555d-918b-869ab5887de5","Oloosirkon/Sholinke ward","oloosirkon sholinke ward","common","en","KDA-TRANSCRIPTION-LN14-2012"
"85ba163d-15d6-54fb-8ac7-11922bbf4699","6ce2dc8c-083d-554d-b2bd-ce9286aec25f","Kenyawa-Poka","kenyawa poka","canonical","en","KDA-TRANSCRIPTION-LN14-2012"
"9a20497b-2cc7-5ede-afc3-15aff67089e4","6ce2dc8c-083d-554d-b2bd-ce9286aec25f","Kenyawa-Poka ward","kenyawa poka ward","common","en","KDA-TRANSCRIPTION-LN14-2012"
"220a8006-8b97-5576-b888-351b6b30db58","ce40a1f6-9479-5915-9480-f2bbb571a6aa","Imaroro","imaroro","canonical","en","KDA-TRANSCRIPTION-LN14-2012"
"4575dc33-ab3f-5520-aa40-5dbce1aaeab2","ce40a1f6-9479-5915-9480-f2bbb571a6aa","Imaroro ward","imaroro ward","common","en","KDA-TRANSCRIPTION-LN14-2012"
"9531aaba-68a4-5aea-9030-611fa13515b1","e0ea5d82-504d-5389-b6e2-1597d32d7fa0","Keekonyokie","keekonyokie","canonical","en","KDA-TRANSCRIPTION-LN14-2012"
"9ff25eed-cee2-5d59-9657-b7caf38611d5","e0ea5d82-504d-5389-b6e2-1597d32d7fa0","Keekonyokie ward","keekonyokie ward","common","en","KDA-TRANSCRIPTION-LN14-2012"
"a6fec38c-b1ef-5886-b710-47ab6a8b70cf","44190e90-f00b-55c1-b8dc-5d9e4bdffe17","Iloodokilani","iloodokilani","canonical","en","KDA-TRANSCRIPTION-LN14-2012"
"04ac1fcd-65b9-59ae-84e8-6dbd151585f2","44190e90-f00b-55c1-b8dc-5d9e4bdffe17","Iloodokilani ward","iloodokilani ward","common","en","KDA-TRANSCRIPTION-LN14-2012"
"7c998fe9-eaf2-57fd-b6dd-cfff0851c3da","53903353-beef-5d31-a501-440afe10ab1c","Magadi","magadi","canonical","en","KDA-TRANSCRIPTION-LN14-2012"
"6715fc28-8680-5dba-adbf-76ab217c4258","53903353-beef-5d31-a501-440afe10ab1c","Magadi ward","magadi ward","common","en","KDA-TRANSCRIPTION-LN14-2012"
"1509c082-6cd9-5fa5-bbd1-734ccb9f597e","a53ccfdf-80ad-5e67-9464-ee42d84169ea","Ewuaso Oonkidong'i","ewuaso oonkidongi","canonical","en","KDA-TRANSCRIPTION-LN14-2012"
"3cf0ee5c-7105-568d-8282-85d58f94311e","a53ccfdf-80ad-5e67-9464-ee42d84169ea","Ewuaso Oonkidong'i ward","ewuaso oonkidongi ward","common","en","KDA-TRANSCRIPTION-LN14-2012"
"68eba85d-beff-540c-89dc-3c448b1a1c11","d8305e29-2d05-5e35-8a86-9cd3a10c6e49","Mosiro","mosiro","canonical","en","KDA-TRANSCRIPTION-LN14-2012"
"045fa790-0e5b-57f4-9b9c-90eca919528f","d8305e29-2d05-5e35-8a86-9cd3a10c6e49","Mosiro ward","mosiro ward","common","en","KDA-TRANSCRIPTION-LN14-2012"
"3cd4c94f-15bf-5ffd-ab24-c23c7cf406f2","4ffda508-f27e-59fb-bbb7-6881d3d084d7","Entonet/Lenkisim","entonet lenkisim","canonical","en","KDA-TRANSCRIPTION-LN14-2012"
"cea81f7e-66f8-5cff-8b93-628ba5e4d12b","4ffda508-f27e-59fb-bbb7-6881d3d084d7","Entonet/Lenkisim ward","entonet lenkisim ward","common","en","KDA-TRANSCRIPTION-LN14-2012"
"0c3581a6-31eb-5445-871f-9773fc1b7a2e","f1013a64-751a-58d5-83d2-e3e713b31c02","Mbirikani/Eselenkei","mbirikani eselenkei","canonical","en","KDA-TRANSCRIPTION-LN14-2012"
"8ae733e5-1ad9-5a44-8f54-dc0960a711a9","f1013a64-751a-58d5-83d2-e3e713b31c02","Mbirikani/Eselenkei ward","mbirikani eselenkei ward","common","en","KDA-TRANSCRIPTION-LN14-2012"
"f9322b36-6ebb-56b1-8ddc-e1fe15fac22c","dd8e42fc-14df-5a97-a388-182c5f434cd7","Kuku","kuku","canonical","en","KDA-TRANSCRIPTION-LN14-2012"
"41f97896-b444-5491-b1fa-deec587c3562","dd8e42fc-14df-5a97-a388-182c5f434cd7","Kuku ward","kuku ward","common","en","KDA-TRANSCRIPTION-LN14-2012"
"8b148ace-3a67-5f49-bc22-732414426c19","4873aa79-5c41-5e13-8368-5fd174e9328c","Rombo","rombo","canonical","en","KDA-TRANSCRIPTION-LN14-2012"
"73a17881-0151-5f4f-a7f9-5e06ee41f877","4873aa79-5c41-5e13-8368-5fd174e9328c","Rombo ward","rombo ward","common","en","KDA-TRANSCRIPTION-LN14-2012"
"d37af872-3784-55dc-add8-d2f4fb144d95","2fa56000-647e-5d03-806f-2ac9fae57ff4","Kimana","kimana","canonical","en","KDA-TRANSCRIPTION-LN14-2012"
"16e517f5-187e-5b10-a7d8-7987f0a8f752","2fa56000-647e-5d03-806f-2ac9fae57ff4","Kimana ward","kimana ward","common","en","KDA-TRANSCRIPTION-LN14-2012"
"dd553eba-68fe-5133-ba24-465f9696c59f","56b31b72-854b-5363-aa50-0505e9b7f867","Londiani","londiani","canonical","en","KDA-TRANSCRIPTION-LN14-2012"
"53aac6e1-e266-525b-ba17-ab88c208a873","56b31b72-854b-5363-aa50-0505e9b7f867","Londiani ward","londiani ward","common","en","KDA-TRANSCRIPTION-LN14-2012"
"3f8a913d-ece3-5049-94b7-2e56e6a81984","8ed528bb-0cff-5ca5-8536-738c3b0c8c3f","Kedowa/Kimugul","kedowa kimugul","canonical","en","KDA-TRANSCRIPTION-LN14-2012"
"d7a9bd4b-4c0b-5a85-80bb-df26f4fd09c6","8ed528bb-0cff-5ca5-8536-738c3b0c8c3f","Kedowa/Kimugul ward","kedowa kimugul ward","common","en","KDA-TRANSCRIPTION-LN14-2012"
"3575a61d-ac3b-510f-a075-bb3513c7ffe5","d36f128a-65bb-5a33-ae10-71642e79bb4a","Chepseon","chepseon","canonical","en","KDA-TRANSCRIPTION-LN14-2012"
"317ebf5e-9749-5465-860e-80c1157139e1","d36f128a-65bb-5a33-ae10-71642e79bb4a","Chepseon ward","chepseon ward","common","en","KDA-TRANSCRIPTION-LN14-2012"
"a64b0e01-909e-5b0b-adba-214582a68bdc","93031437-2fe6-534b-b192-57bf454aecfa","Tendeno/Sorget","tendeno sorget","canonical","en","KDA-TRANSCRIPTION-LN14-2012"
"4cf30854-3b61-5fc0-869a-12b934b5adf5","93031437-2fe6-534b-b192-57bf454aecfa","Tendeno/Sorget ward","tendeno sorget ward","common","en","KDA-TRANSCRIPTION-LN14-2012"
"42685d8a-0a68-57d9-87b1-d27cf8fc6d4a","ea7bbe41-a045-573f-802f-313af3a879c6","Kunyak","kunyak","canonical","en","KDA-TRANSCRIPTION-LN14-2012"
"a4db8f89-fbf7-591d-ab52-82f4ebb31f63","ea7bbe41-a045-573f-802f-313af3a879c6","Kunyak ward","kunyak ward","common","en","KDA-TRANSCRIPTION-LN14-2012"
"8808e858-32ce-512d-a72f-783b1c94f8c7","155c3d24-c171-5a52-8c6b-bcc5a7f5646d","Kamasian","kamasian","canonical","en","KDA-TRANSCRIPTION-LN14-2012"
"57b92663-e135-5c4b-ba40-b4021e6e7470","155c3d24-c171-5a52-8c6b-bcc5a7f5646d","Kamasian ward","kamasian ward","common","en","KDA-TRANSCRIPTION-LN14-2012"
"c0340e67-da3a-5228-bf3a-95bb0f9d1b34","c0365bd4-18e4-5343-a8d2-37c856d862eb","Kipkelion","kipkelion","canonical","en","KDA-TRANSCRIPTION-LN14-2012"
"b38e31fd-b6f4-5c8a-aee6-97d48ae6572b","c0365bd4-18e4-5343-a8d2-37c856d862eb","Kipkelion ward","kipkelion ward","common","en","KDA-TRANSCRIPTION-LN14-2012"
"b6120e6b-e71e-5597-af3f-1949fe883d4d","22d65520-0fa2-55cf-9181-4c2653dd0d74","Chilchila","chilchila","canonical","en","KDA-TRANSCRIPTION-LN14-2012"
"d61a0bde-4881-5cd1-911f-e55b6ad78359","22d65520-0fa2-55cf-9181-4c2653dd0d74","Chilchila ward","chilchila ward","common","en","KDA-TRANSCRIPTION-LN14-2012"
"881f5679-60f6-5317-bd80-1d1edb9effb5","b3c1e94c-a850-52d1-ae33-e0bf7f16c2c2","Kapsoit","kapsoit","canonical","en","KDA-TRANSCRIPTION-LN14-2012"
"fde378c3-445f-5808-b3d5-41c4d77f56b6","b3c1e94c-a850-52d1-ae33-e0bf7f16c2c2","Kapsoit ward","kapsoit ward","common","en","KDA-TRANSCRIPTION-LN14-2012"
"7d6ac056-dd61-5348-b017-260ca63dcbb5","bb44c441-87a1-5784-bcbe-80e804b63720","Ainamoi","ainamoi","canonical","en","KDA-TRANSCRIPTION-LN14-2012"
"9144865e-70a4-5036-ab02-59fdce389ac1","bb44c441-87a1-5784-bcbe-80e804b63720","Ainamoi ward","ainamoi ward","common","en","KDA-TRANSCRIPTION-LN14-2012"
"b546ce87-fe7e-5f89-b0ed-8e44679e27c4","7cf28e7d-9d3c-5973-9636-e523132f68d1","Kapkugerwet","kapkugerwet","canonical","en","KDA-TRANSCRIPTION-LN14-2012"
"918c945e-fc42-5a48-9379-06c1d658de97","7cf28e7d-9d3c-5973-9636-e523132f68d1","Kapkugerwet ward","kapkugerwet ward","common","en","KDA-TRANSCRIPTION-LN14-2012"
"3d6cfdc6-d868-53af-98ff-7507d80a29d5","e48d6a79-4dd1-58e4-abca-73971043ce3c","Kipchebor","kipchebor","canonical","en","KDA-TRANSCRIPTION-LN14-2012"
"5953dbe4-4af9-5d05-864b-4825aa408c59","e48d6a79-4dd1-58e4-abca-73971043ce3c","Kipchebor ward","kipchebor ward","common","en","KDA-TRANSCRIPTION-LN14-2012"
"1648ad25-93ea-5078-8a6d-6c15dd1ed60e","48249e68-88ab-58eb-b64c-a1413099e8b3","Kipchimchim","kipchimchim","canonical","en","KDA-TRANSCRIPTION-LN14-2012"
"f29336dc-0417-5af1-9261-787036015cbb","48249e68-88ab-58eb-b64c-a1413099e8b3","Kipchimchim ward","kipchimchim ward","common","en","KDA-TRANSCRIPTION-LN14-2012"
"0fd9e711-7840-597c-8b22-b3b81b208ca2","50a59a81-07dd-54a2-a824-386cfcc28c11","Kapsaos","kapsaos","canonical","en","KDA-TRANSCRIPTION-LN14-2012"
"274ed99c-90e4-5d68-baae-9654b5992cc7","50a59a81-07dd-54a2-a824-386cfcc28c11","Kapsaos ward","kapsaos ward","common","en","KDA-TRANSCRIPTION-LN14-2012"
"9bef37e1-5cc2-5157-b0c6-ef649bafec44","79c37e3a-0886-5fbe-9333-029f26a63a62","Kisiara","kisiara","canonical","en","KDA-TRANSCRIPTION-LN14-2012"
"c654f91b-c9c4-58f7-9cf3-a9d908ed6eb9","79c37e3a-0886-5fbe-9333-029f26a63a62","Kisiara ward","kisiara ward","common","en","KDA-TRANSCRIPTION-LN14-2012"
"c954bbec-3131-5be5-8eaf-8b754ba9427c","6d2a1ccd-f493-5d24-ae8a-a54d88c3ebcd","Tebesonik","tebesonik","canonical","en","KDA-TRANSCRIPTION-LN14-2012"
"a3207d59-412a-567f-8b61-22dbc2100b23","6d2a1ccd-f493-5d24-ae8a-a54d88c3ebcd","Tebesonik ward","tebesonik ward","common","en","KDA-TRANSCRIPTION-LN14-2012"
"438b5ecd-3173-507b-a5a5-05148373ccca","403ee4e4-3cf7-5449-810d-7aa349511a2c","Cheboin","cheboin","canonical","en","KDA-TRANSCRIPTION-LN14-2012"
"1d586e35-77d0-527d-b5a3-f1bd78202ad4","403ee4e4-3cf7-5449-810d-7aa349511a2c","Cheboin ward","cheboin ward","common","en","KDA-TRANSCRIPTION-LN14-2012"
"d7056af8-8333-564f-9240-18d6e1ea05fd","0167757f-328e-55ea-96ef-7b0d4e415bc4","Chemosot","chemosot","canonical","en","KDA-TRANSCRIPTION-LN14-2012"
"1e1e2e21-7554-5b83-841e-cfaa5a85d2ce","0167757f-328e-55ea-96ef-7b0d4e415bc4","Chemosot ward","chemosot ward","common","en","KDA-TRANSCRIPTION-LN14-2012"
"93f3154c-7332-5deb-9ae2-e41513a3126e","a277b205-40fb-5dfd-af65-d90631aab30a","Litein","litein","canonical","en","KDA-TRANSCRIPTION-LN14-2012"
"f753fb1b-8eea-55e5-b98e-7d57b3c98fa0","a277b205-40fb-5dfd-af65-d90631aab30a","Litein ward","litein ward","common","en","KDA-TRANSCRIPTION-LN14-2012"
"3688b7de-56ea-5ffe-9c6b-2069c6d7154c","7c7d8d76-13a3-5ed5-8b28-cdc001f3af0d","Cheplanget","cheplanget","canonical","en","KDA-TRANSCRIPTION-LN14-2012"
"9ca34778-133f-5485-a886-10da82f22779","7c7d8d76-13a3-5ed5-8b28-cdc001f3af0d","Cheplanget ward","cheplanget ward","common","en","KDA-TRANSCRIPTION-LN14-2012"
"ec72d35b-28d3-5fab-8d0f-a119f7abfa21","95782537-eb57-5a8a-ad5e-29fcb17c9faf","Kapkatet","kapkatet","canonical","en","KDA-TRANSCRIPTION-LN14-2012"
"589ac754-9c4f-5ecd-ad7d-1c017d69ca54","95782537-eb57-5a8a-ad5e-29fcb17c9faf","Kapkatet ward","kapkatet ward","common","en","KDA-TRANSCRIPTION-LN14-2012"
"52153757-d23a-57b2-a281-fe8b2e26aac4","a9d500be-6ce7-585e-9714-5bae2680cae5","Waldai","waldai","canonical","en","KDA-TRANSCRIPTION-LN14-2012"
"bfd4868e-7971-5608-a1fb-742071b0e0a1","a9d500be-6ce7-585e-9714-5bae2680cae5","Waldai ward","waldai ward","common","en","KDA-TRANSCRIPTION-LN14-2012"
"70010cfb-74bc-5606-9bcb-faa014fe5598","bc86506d-5ac9-54b0-85e1-dca6c48fe6b9","Kabianga","kabianga","canonical","en","KDA-TRANSCRIPTION-LN14-2012"
"ebf13589-b5f2-5474-8115-30529b7a44fd","bc86506d-5ac9-54b0-85e1-dca6c48fe6b9","Kabianga ward","kabianga ward","common","en","KDA-TRANSCRIPTION-LN14-2012"
"099f536b-b036-5a38-b918-38d841fc782c","4a79972d-c5b7-56a7-bfa4-0256ccc970b5","Cheptororiet/Seretut","cheptororiet seretut","canonical","en","KDA-TRANSCRIPTION-LN14-2012"
"c252d451-c6a0-55e2-ad49-95008a78c93e","4a79972d-c5b7-56a7-bfa4-0256ccc970b5","Cheptororiet/Seretut ward","cheptororiet seretut ward","common","en","KDA-TRANSCRIPTION-LN14-2012"
"6c9fddef-1ec5-54f3-b37a-5bd7a7b25b76","cb1913d0-804e-5c6f-9462-e178f6a91fad","Chaik","chaik","canonical","en","KDA-TRANSCRIPTION-LN14-2012"
"200f9583-005b-5db2-ac00-26f70ecfefb1","cb1913d0-804e-5c6f-9462-e178f6a91fad","Chaik ward","chaik ward","common","en","KDA-TRANSCRIPTION-LN14-2012"
"e34ca9eb-03ce-5a98-8e7d-d2ddf0b233dc","f84b0e4b-20b9-510f-b9c0-241318b22628","Kapsuser","kapsuser","canonical","en","KDA-TRANSCRIPTION-LN14-2012"
"eb233f9f-3ee1-5c79-b470-fd2e204f95e7","f84b0e4b-20b9-510f-b9c0-241318b22628","Kapsuser ward","kapsuser ward","common","en","KDA-TRANSCRIPTION-LN14-2012"
"722f30bd-e1d7-53f4-9cea-de96c60b7e5b","1954437f-c86a-5650-a18f-08834ab3e875","Sigowet","sigowet","canonical","en","KDA-TRANSCRIPTION-LN14-2012"
"04e7682e-c764-53fc-939b-6e67be993a67","1954437f-c86a-5650-a18f-08834ab3e875","Sigowet ward","sigowet ward","common","en","KDA-TRANSCRIPTION-LN14-2012"
"e3d145ad-da00-5372-8d03-f422fa707cae","383c925b-547d-5db6-a035-4fef5cdf9565","Kaplelartet","kaplelartet","canonical","en","KDA-TRANSCRIPTION-LN14-2012"
"62dc05dd-8c5a-5bef-b4d4-6f53e4ffe6e8","383c925b-547d-5db6-a035-4fef5cdf9565","Kaplelartet ward","kaplelartet ward","common","en","KDA-TRANSCRIPTION-LN14-2012"
"84e7d645-edc9-5dbf-8ff4-534849bdd17f","862fd879-d30c-5a33-84c4-ae1f056f7673","Soliat","soliat","canonical","en","KDA-TRANSCRIPTION-LN14-2012"
"a2843322-30d0-59a0-8c04-539728159d2b","862fd879-d30c-5a33-84c4-ae1f056f7673","Soliat ward","soliat ward","common","en","KDA-TRANSCRIPTION-LN14-2012"
"814aa9db-43ce-5dc2-8e5b-fabb55c67a35","84f66174-1017-5486-81df-b4d2b4e15bb4","Soin","soin","canonical","en","KDA-TRANSCRIPTION-LN14-2012"
"88461705-b27a-50e0-95df-9a5c693df1f6","84f66174-1017-5486-81df-b4d2b4e15bb4","Soin ward","soin ward","common","en","KDA-TRANSCRIPTION-LN14-2012"
"bd509e03-a2b3-5a97-9fb7-ef5ea8511309","90ef8a46-b9a3-5fe1-b66d-a052207a6445","Ndanai/Abosi","ndanai abosi","canonical","en","KDA-TRANSCRIPTION-LN14-2012"
"486baa30-5547-536e-8ca4-4eeaba65b2b1","90ef8a46-b9a3-5fe1-b66d-a052207a6445","Ndanai/Abosi ward","ndanai abosi ward","common","en","KDA-TRANSCRIPTION-LN14-2012"
"2ef9a571-5ad9-589a-b441-8a57bd1db8dc","2b7a2daa-9c02-5981-a91f-047014e6670e","Chemagel","chemagel","canonical","en","KDA-TRANSCRIPTION-LN14-2012"
"ed579a16-eeda-557a-8511-bfb0a77c1211","2b7a2daa-9c02-5981-a91f-047014e6670e","Chemagel ward","chemagel ward","common","en","KDA-TRANSCRIPTION-LN14-2012"
"f6e94828-55c6-5a38-9417-2e17a7e5509e","2ecc2d66-b746-5fb0-ab7d-ec56f6d12c86","Kipsonoi","kipsonoi","canonical","en","KDA-TRANSCRIPTION-LN14-2012"
"f0a7aa6e-8e85-5f44-af49-1da70433b29b","2ecc2d66-b746-5fb0-ab7d-ec56f6d12c86","Kipsonoi ward","kipsonoi ward","common","en","KDA-TRANSCRIPTION-LN14-2012"
"512c9224-3f9e-5527-8d5a-f93627206964","abee459f-405e-5c24-a034-da2263704b31","Kapletundo","kapletundo","canonical","en","KDA-TRANSCRIPTION-LN14-2012"
"3abac742-7dc4-5b86-8cb8-4df65150df6f","abee459f-405e-5c24-a034-da2263704b31","Kapletundo ward","kapletundo ward","common","en","KDA-TRANSCRIPTION-LN14-2012"
"e5d93add-2d49-5bdb-b2e9-73cfcf4d936a","35a36201-daec-5f28-b9b6-ba4aad6e5d30","Rongena/Manaret","rongena manaret","canonical","en","KDA-TRANSCRIPTION-LN14-2012"
"243fbefa-2070-50c5-b91f-4185ce99330d","35a36201-daec-5f28-b9b6-ba4aad6e5d30","Rongena/Manaret ward","rongena manaret ward","common","en","KDA-TRANSCRIPTION-LN14-2012"
"aceb647f-9b21-5a23-9080-b0656226e145","b6301c30-a726-5bd5-931c-587a332f0672","Kong'asis","kongasis","canonical","en","KDA-TRANSCRIPTION-LN14-2012"
"4bd5c430-0080-5935-ac56-0a5143d56089","b6301c30-a726-5bd5-931c-587a332f0672","Kong'asis ward","kongasis ward","common","en","KDA-TRANSCRIPTION-LN14-2012"
"d87800a6-7575-5e3c-ad66-c8b1b7f35d34","c146ee21-e57a-5bdf-982c-6d8313a0eba5","Nyangores","nyangores","canonical","en","KDA-TRANSCRIPTION-LN14-2012"
"c8bdf63b-31cc-514e-bcfe-819c9fc8dbc3","c146ee21-e57a-5bdf-982c-6d8313a0eba5","Nyangores ward","nyangores ward","common","en","KDA-TRANSCRIPTION-LN14-2012"
"64a51da1-3de9-5cb0-8acf-33c269c1a598","2318f8e3-5c2e-5804-8ac8-7c12d1241dc0","Sigor","sigor","canonical","en","KDA-TRANSCRIPTION-LN14-2012"
"8350025f-ff18-5475-8e7e-ff3137574699","2318f8e3-5c2e-5804-8ac8-7c12d1241dc0","Sigor ward","sigor ward","common","en","KDA-TRANSCRIPTION-LN14-2012"
"fddc003b-50d6-5e96-be87-66816c0624cb","4cf3f4b0-7c38-5574-9384-972b6a6d1d34","Chebunyo","chebunyo","canonical","en","KDA-TRANSCRIPTION-LN14-2012"
"ae238272-93dd-58c3-858f-35e9ec47bfe6","4cf3f4b0-7c38-5574-9384-972b6a6d1d34","Chebunyo ward","chebunyo ward","common","en","KDA-TRANSCRIPTION-LN14-2012"
"26273239-60ff-5e55-952e-b264ff43a59f","98522d74-78a9-5e07-abf3-3d43c0fc903c","Siongiroi","siongiroi","canonical","en","KDA-TRANSCRIPTION-LN14-2012"
"bce5e246-17d8-51cd-9ed6-78bb3501f8c6","98522d74-78a9-5e07-abf3-3d43c0fc903c","Siongiroi ward","siongiroi ward","common","en","KDA-TRANSCRIPTION-LN14-2012"
"5d5d4947-8e80-564c-82ec-d0aea452e234","815b134a-2988-5a40-9d49-e4ac1d247960","Merigi","merigi","canonical","en","KDA-TRANSCRIPTION-LN14-2012"
"161b3376-f52a-5d8b-a8e2-ac90992547f7","815b134a-2988-5a40-9d49-e4ac1d247960","Merigi ward","merigi ward","common","en","KDA-TRANSCRIPTION-LN14-2012"
"7e789806-3af2-5d62-88ca-29f0de46260c","1b06cb2e-febb-5e93-a3a2-e6fa7a737931","Kembu","kembu","canonical","en","KDA-TRANSCRIPTION-LN14-2012"
"c692cfcd-0e07-5828-9b33-62ff875f7732","1b06cb2e-febb-5e93-a3a2-e6fa7a737931","Kembu ward","kembu ward","common","en","KDA-TRANSCRIPTION-LN14-2012"
"d914f379-0113-51c2-8fb0-3bf54d21032d","9cac94d6-4e1d-5ee2-8bb4-844e3a13a3d2","Longisa","longisa","canonical","en","KDA-TRANSCRIPTION-LN14-2012"
"72e4f0c4-52d7-5d11-9af4-04ac2192319f","9cac94d6-4e1d-5ee2-8bb4-844e3a13a3d2","Longisa ward","longisa ward","common","en","KDA-TRANSCRIPTION-LN14-2012"
"a193b91b-f5d8-58f7-b039-73baedcc1129","ee1a273a-c3fd-55bc-b221-fc788cdafa4a","Kipreres","kipreres","canonical","en","KDA-TRANSCRIPTION-LN14-2012"
"670fcd6d-35b3-5fd8-8b71-b3122df0e4d3","ee1a273a-c3fd-55bc-b221-fc788cdafa4a","Kipreres ward","kipreres ward","common","en","KDA-TRANSCRIPTION-LN14-2012"
"da40b1dd-1fae-5c64-b71c-edbfa6713f37","93e7fe55-dc1c-5b35-bb1c-95b153a5dac4","Chemaner","chemaner","canonical","en","KDA-TRANSCRIPTION-LN14-2012"
"08d82009-68ad-5ecf-b2b7-ef7daf8d4ef1","93e7fe55-dc1c-5b35-bb1c-95b153a5dac4","Chemaner ward","chemaner ward","common","en","KDA-TRANSCRIPTION-LN14-2012"
"94207d10-7138-55c5-b035-df87cd9106c5","4160ac94-8333-535d-8183-3dfb3b7f40dc","Silibwet Township","silibwet township","canonical","en","KDA-TRANSCRIPTION-LN14-2012"
"dcbb43ed-5aac-5e9b-bc36-5396750e4263","4160ac94-8333-535d-8183-3dfb3b7f40dc","Silibwet Township ward","silibwet township ward","common","en","KDA-TRANSCRIPTION-LN14-2012"
"dddbd00d-b7de-5cf9-a424-86a95d589b79","ead465a9-abff-51eb-9797-cbe6127b0241","Ndaraweta","ndaraweta","canonical","en","KDA-TRANSCRIPTION-LN14-2012"
"febf0d37-0c72-5c0c-8f8f-15137badb3c1","ead465a9-abff-51eb-9797-cbe6127b0241","Ndaraweta ward","ndaraweta ward","common","en","KDA-TRANSCRIPTION-LN14-2012"
"20345096-bcd7-553f-b26d-e1f4699e6935","412ee5af-3708-5975-ac55-797e348e7496","Singorwet","singorwet","canonical","en","KDA-TRANSCRIPTION-LN14-2012"
"2e241235-6dea-5659-9500-80a086f0a179","412ee5af-3708-5975-ac55-797e348e7496","Singorwet ward","singorwet ward","common","en","KDA-TRANSCRIPTION-LN14-2012"
"e72d223f-3ee0-53d1-9468-34bc7a8a1895","1db13deb-5e6b-5ecb-a22b-ca3c15a79d52","Chesoen","chesoen","canonical","en","KDA-TRANSCRIPTION-LN14-2012"
"91480f9e-8d2a-5fe4-8a21-409cb47ef5c1","1db13deb-5e6b-5ecb-a22b-ca3c15a79d52","Chesoen ward","chesoen ward","common","en","KDA-TRANSCRIPTION-LN14-2012"
"3c806df8-cdc0-5910-814e-4f5838ed4dca","d07b7c79-0829-5161-b062-13bd2516f347","Mutarakwa","mutarakwa","canonical","en","KDA-TRANSCRIPTION-LN14-2012"
"567127e7-7476-504b-8c96-96deeaefa721","d07b7c79-0829-5161-b062-13bd2516f347","Mutarakwa ward","mutarakwa ward","common","en","KDA-TRANSCRIPTION-LN14-2012"
"afcc5dfd-aafa-53e0-b7aa-56152ac113d9","12b54b09-5e79-55cc-b244-e196e26a7e88","Chepchabas","chepchabas","canonical","en","KDA-TRANSCRIPTION-LN14-2012"
"1bd471a6-0098-5f16-814b-7f5a3bf96585","12b54b09-5e79-55cc-b244-e196e26a7e88","Chepchabas ward","chepchabas ward","common","en","KDA-TRANSCRIPTION-LN14-2012"
"691d12e4-0b9e-5eb1-86a3-8e09c9d39e59","574534e9-144e-51b0-9578-9c0e50ba855d","Kimulot","kimulot","canonical","en","KDA-TRANSCRIPTION-LN14-2012"
"955042e0-796c-5321-a7c6-c0109ba4c8ac","574534e9-144e-51b0-9578-9c0e50ba855d","Kimulot ward","kimulot ward","common","en","KDA-TRANSCRIPTION-LN14-2012"
"936d826a-b56d-5d6b-b6a8-b9c7f46cd6fc","bca730b7-3472-5753-b6fa-11cbe03f77fa","Mogogosiek","mogogosiek","canonical","en","KDA-TRANSCRIPTION-LN14-2012"
"ec2e7ed8-9ff3-5e89-9efd-6e0926545c0c","bca730b7-3472-5753-b6fa-11cbe03f77fa","Mogogosiek ward","mogogosiek ward","common","en","KDA-TRANSCRIPTION-LN14-2012"
"c13b71dd-cf6e-59fc-bd5c-7cf497087d28","1266d67c-99a7-56c4-a036-bff4e83fe249","Boito","boito","canonical","en","KDA-TRANSCRIPTION-LN14-2012"
"b4a560c9-fda1-5b46-9f67-7e3c2921bb1d","1266d67c-99a7-56c4-a036-bff4e83fe249","Boito ward","boito ward","common","en","KDA-TRANSCRIPTION-LN14-2012"
"946f8ff2-cd35-5cd0-a98a-079a7952da63","4193729a-7b87-5f66-ab74-2c6247d5d2fc","Embomos","embomos","canonical","en","KDA-TRANSCRIPTION-LN14-2012"
"e67e9428-0797-5a97-837d-46aaeede13df","4193729a-7b87-5f66-ab74-2c6247d5d2fc","Embomos ward","embomos ward","common","en","KDA-TRANSCRIPTION-LN14-2012"
"5b08ce05-cd74-59fb-8e40-803cd40392bb","bd9a8b05-6b82-594e-8887-09d31d9ea5a5","Mautuma","mautuma","canonical","en","KDA-TRANSCRIPTION-LN14-2012"
"73fa4445-454c-5f8f-bed5-5a716fd5f275","bd9a8b05-6b82-594e-8887-09d31d9ea5a5","Mautuma ward","mautuma ward","common","en","KDA-TRANSCRIPTION-LN14-2012"
"d9c0f035-a911-5fdc-b907-4c84aa7354ae","1757f078-96e5-5422-bc4a-3c9089b26fa0","Lugari","lugari","canonical","en","KDA-TRANSCRIPTION-LN14-2012"
"407d4c6e-5d21-5aa4-9689-a6c50cf1b067","1757f078-96e5-5422-bc4a-3c9089b26fa0","Lugari ward","lugari ward","common","en","KDA-TRANSCRIPTION-LN14-2012"
"41331869-040e-5d7d-a619-f5b80859fbcc","0f919a2d-d1e6-56d9-94cf-73f17ce26a71","Lumakanda","lumakanda","canonical","en","KDA-TRANSCRIPTION-LN14-2012"
"402dd31c-d330-5e96-bb10-0882db0c4859","0f919a2d-d1e6-56d9-94cf-73f17ce26a71","Lumakanda ward","lumakanda ward","common","en","KDA-TRANSCRIPTION-LN14-2012"
"25455e47-005b-55cd-8753-cf5b069521dd","b24819d2-16e7-555e-86ea-3e06861876fb","Chekalini","chekalini","canonical","en","KDA-TRANSCRIPTION-LN14-2012"
"03a7c0d4-1f90-52a9-8be7-50ebe0cfd907","b24819d2-16e7-555e-86ea-3e06861876fb","Chekalini ward","chekalini ward","common","en","KDA-TRANSCRIPTION-LN14-2012"
"de0a35e8-dbf4-5678-bb5a-12a9eb129234","03162d2c-f158-58e9-b21a-e073ece41f0f","Chevaywa","chevaywa","canonical","en","KDA-TRANSCRIPTION-LN14-2012"
"4339161c-132f-590c-867a-e1eafb14f74d","03162d2c-f158-58e9-b21a-e073ece41f0f","Chevaywa ward","chevaywa ward","common","en","KDA-TRANSCRIPTION-LN14-2012"
"188b3f80-4ccd-56c1-abc4-b6efbbe9f51c","b02ea31d-7f24-5855-b0a5-c30672168b66","Lwandeti","lwandeti","canonical","en","KDA-TRANSCRIPTION-LN14-2012"
"e04e9b04-b196-5ab7-a46a-dcefe31c7262","b02ea31d-7f24-5855-b0a5-c30672168b66","Lwandeti ward","lwandeti ward","common","en","KDA-TRANSCRIPTION-LN14-2012"
"43d7e3aa-9eb7-5cf8-8f8f-d5f318d338dd","bc4238d5-7eda-5a63-ad41-22ff5ac3bde3","Likuyani","likuyani","canonical","en","KDA-TRANSCRIPTION-LN14-2012"
"2dfd9bd8-86c5-5f22-9fbf-fd7234817b76","bc4238d5-7eda-5a63-ad41-22ff5ac3bde3","Likuyani ward","likuyani ward","common","en","KDA-TRANSCRIPTION-LN14-2012"
"3999c478-86b0-5e2e-9366-58727ec64b4b","1b19ed56-b36f-5a8f-ba8a-417490ffa1f3","Sango","sango","canonical","en","KDA-TRANSCRIPTION-LN14-2012"
"3c510153-09bd-5737-92fb-4f2de8765a86","1b19ed56-b36f-5a8f-ba8a-417490ffa1f3","Sango ward","sango ward","common","en","KDA-TRANSCRIPTION-LN14-2012"
"97751de5-fccc-52c1-b60f-61cef5adf371","3c86024f-89b4-59bc-a6f1-7a0bb00c9b77","Kongoni","kongoni","canonical","en","KDA-TRANSCRIPTION-LN14-2012"
"80b9f9a9-5315-5427-ad1e-9a933e1b3957","3c86024f-89b4-59bc-a6f1-7a0bb00c9b77","Kongoni ward","kongoni ward","common","en","KDA-TRANSCRIPTION-LN14-2012"
"b6fdee3a-1fd9-5973-ac08-4ec79f898c61","10403f5c-19cb-5678-ba5d-5042c5c0cf3f","Nzoia","nzoia","canonical","en","KDA-TRANSCRIPTION-LN14-2012"
"b5836f11-128e-5d1c-b4ea-2475347966fd","10403f5c-19cb-5678-ba5d-5042c5c0cf3f","Nzoia ward","nzoia ward","common","en","KDA-TRANSCRIPTION-LN14-2012"
"87c52b0c-271f-5c17-88cd-6e2cefc44007","bc37e32d-1cd4-5599-b0e2-bb2756bb5e0d","Sinoko","sinoko","canonical","en","KDA-TRANSCRIPTION-LN14-2012"
"dad77b0c-0f1b-5b30-a9a0-7b4993244b6c","bc37e32d-1cd4-5599-b0e2-bb2756bb5e0d","Sinoko ward","sinoko ward","common","en","KDA-TRANSCRIPTION-LN14-2012"
"6bdb2f8a-3aeb-5267-9a8d-c3677c6e20e1","0d613bd8-0a67-5360-9ea5-e41790396f8b","West Kabras","west kabras","canonical","en","KDA-TRANSCRIPTION-LN14-2012"
"76219958-bf72-58fb-a5b6-9d5244f61e03","0d613bd8-0a67-5360-9ea5-e41790396f8b","West Kabras ward","west kabras ward","common","en","KDA-TRANSCRIPTION-LN14-2012"
"d1a9f571-fcdd-5583-bcfb-26dbd8b63e6b","64f2a905-a6c0-511a-ada2-113146c9b214","Chemuche","chemuche","canonical","en","KDA-TRANSCRIPTION-LN14-2012"
"123c545a-a386-5207-8e3f-ce71ff377fdb","64f2a905-a6c0-511a-ada2-113146c9b214","Chemuche ward","chemuche ward","common","en","KDA-TRANSCRIPTION-LN14-2012"
"e7ce8f1d-2986-5961-adba-921a6dfc0f3d","ec047fc4-cff4-50d3-93ed-6cebf1ae1ee7","East Kabras","east kabras","canonical","en","KDA-TRANSCRIPTION-LN14-2012"
"7f336a46-5209-5346-a7a2-af5561c45e24","ec047fc4-cff4-50d3-93ed-6cebf1ae1ee7","East Kabras ward","east kabras ward","common","en","KDA-TRANSCRIPTION-LN14-2012"
"884fe5a1-0a52-52a6-9d55-320b5a650fa9","0c905c24-1a44-5537-a679-4f94ad0ecdc4","Butali/Chegulo","butali chegulo","canonical","en","KDA-TRANSCRIPTION-LN14-2012"
"bc604ce0-b67e-5776-a7a4-baccf36053f8","0c905c24-1a44-5537-a679-4f94ad0ecdc4","Butali/Chegulo ward","butali chegulo ward","common","en","KDA-TRANSCRIPTION-LN14-2012"
"23badbae-3eb0-52df-9963-b159695bd433","1d9df2e5-cae3-5306-ae7a-83db8ca11204","Manda-Shivanga","manda shivanga","canonical","en","KDA-TRANSCRIPTION-LN14-2012"
"b3dab6f5-f8b5-5d56-a457-8698dbb94390","1d9df2e5-cae3-5306-ae7a-83db8ca11204","Manda-Shivanga ward","manda shivanga ward","common","en","KDA-TRANSCRIPTION-LN14-2012"
"b8bea6ef-7c56-5f15-bd57-e65889a06f68","57aa7ae8-bcca-5c09-b472-1283578504e4","Shirugu-Mugai","shirugu mugai","canonical","en","KDA-TRANSCRIPTION-LN14-2012"
"c6ecc5d7-c3a7-5d25-9626-3e589f3e666f","57aa7ae8-bcca-5c09-b472-1283578504e4","Shirugu-Mugai ward","shirugu mugai ward","common","en","KDA-TRANSCRIPTION-LN14-2012"
"c0a887ec-6cd5-5c12-8347-8981ff1d9139","7dfb8f8e-036d-51cf-a7ae-0555d161bda7","South Kabras","south kabras","canonical","en","KDA-TRANSCRIPTION-LN14-2012"
"049f1feb-d21a-528c-ae2a-3450b4fc3627","7dfb8f8e-036d-51cf-a7ae-0555d161bda7","South Kabras ward","south kabras ward","common","en","KDA-TRANSCRIPTION-LN14-2012"
"76943cf1-07b4-57ce-8ca6-861d1eadba68","261b7773-a643-5c80-a0de-11abf80d63c3","Butsotso East","butsotso east","canonical","en","KDA-TRANSCRIPTION-LN14-2012"
"174ad934-17e6-58bf-b33a-555e71bacfe7","261b7773-a643-5c80-a0de-11abf80d63c3","Butsotso East ward","butsotso east ward","common","en","KDA-TRANSCRIPTION-LN14-2012"
"ceb5df39-c25b-5484-aecf-e558d580c220","ca6e758d-9c10-5362-9340-bff6f43c0d24","Butsotso South","butsotso south","canonical","en","KDA-TRANSCRIPTION-LN14-2012"
"dd597256-4c13-5ade-8449-13f32caff2a4","ca6e758d-9c10-5362-9340-bff6f43c0d24","Butsotso South ward","butsotso south ward","common","en","KDA-TRANSCRIPTION-LN14-2012"
"21ceabc7-d259-5e98-bf31-43706d24937b","91b22b2c-58b7-58a2-aae5-8121e4b084e6","Butsotso Central","butsotso central","canonical","en","KDA-TRANSCRIPTION-LN14-2012"
"afc1cb85-4880-5926-903a-6f31a6459150","91b22b2c-58b7-58a2-aae5-8121e4b084e6","Butsotso Central ward","butsotso central ward","common","en","KDA-TRANSCRIPTION-LN14-2012"
"29926c60-c93d-5dcb-bd8a-49068b1884dc","e930a06a-7ecf-57e6-b4f0-ee142a4708e5","Sheywe","sheywe","canonical","en","KDA-TRANSCRIPTION-LN14-2012"
"cb374666-ae15-52fa-981d-e88abe82f14c","e930a06a-7ecf-57e6-b4f0-ee142a4708e5","Sheywe ward","sheywe ward","common","en","KDA-TRANSCRIPTION-LN14-2012"
"8ae04c5f-214e-5cf9-b269-bdf5d82f28a8","ed86454e-8e35-558a-827b-67a4cbf4f1f5","Mahiakalo","mahiakalo","canonical","en","KDA-TRANSCRIPTION-LN14-2012"
"24485103-f6a1-5237-b39f-ff2f224e0f56","ed86454e-8e35-558a-827b-67a4cbf4f1f5","Mahiakalo ward","mahiakalo ward","common","en","KDA-TRANSCRIPTION-LN14-2012"
"662e40f6-a5e2-5a26-b16d-9a79cbd470ce","5dd9d58d-b7a1-5064-8fbb-269e95b8f038","Shirere","shirere","canonical","en","KDA-TRANSCRIPTION-LN14-2012"
"3ce17387-6b62-5e7d-a280-395e7f8127d0","5dd9d58d-b7a1-5064-8fbb-269e95b8f038","Shirere ward","shirere ward","common","en","KDA-TRANSCRIPTION-LN14-2012"
"a89a9332-6a31-563c-b337-992e462d75ab","1730bb83-4ebc-5dda-852e-15370b6431a3","Ingostse-Mathia","ingostse mathia","canonical","en","KDA-TRANSCRIPTION-LN14-2012"
"895eca75-83d4-5e15-9eb1-bfae58c7df60","1730bb83-4ebc-5dda-852e-15370b6431a3","Ingostse-Mathia ward","ingostse mathia ward","common","en","KDA-TRANSCRIPTION-LN14-2012"
"73f42c5b-3644-5c41-80b5-149a87e7a5c5","b2656421-f5dd-5017-b815-fed93374ac4e","Shinoyi-Shikomari-","shinoyi shikomari","canonical","en","KDA-TRANSCRIPTION-LN14-2012"
"f9aa31f0-dc93-562c-aaf2-0ff805d2fa19","b2656421-f5dd-5017-b815-fed93374ac4e","Shinoyi-Shikomari- ward","shinoyi shikomari ward","common","en","KDA-TRANSCRIPTION-LN14-2012"
"87cf1cae-f23d-525a-8332-659578c65dff","64b93ecc-a8af-5b7f-85cb-8117a76401d1","Bunyala West","bunyala west","canonical","en","KDA-TRANSCRIPTION-LN14-2012"
"3187b9a4-6f85-5ea2-82ce-cbe7c731b45e","64b93ecc-a8af-5b7f-85cb-8117a76401d1","Bunyala West ward","bunyala west ward","common","en","KDA-TRANSCRIPTION-LN14-2012"
"877c4287-1342-544e-b504-e5905e2a355a","d6dbcdf3-bd42-5343-8410-e96c9fae71f6","Bunyala East","bunyala east","canonical","en","KDA-TRANSCRIPTION-LN14-2012"
"f920beb1-756c-582c-8bb7-552f86c12904","d6dbcdf3-bd42-5343-8410-e96c9fae71f6","Bunyala East ward","bunyala east ward","common","en","KDA-TRANSCRIPTION-LN14-2012"
"64acad3b-8088-52ce-81bd-aec378addd3b","5957d6b4-460c-5602-a7a3-7b48c1a9fb23","Bunyala Central","bunyala central","canonical","en","KDA-TRANSCRIPTION-LN14-2012"
"81a0eb29-f825-5168-a785-eeb40aa02440","5957d6b4-460c-5602-a7a3-7b48c1a9fb23","Bunyala Central ward","bunyala central ward","common","en","KDA-TRANSCRIPTION-LN14-2012"
"453bc321-fa9d-5e0a-872f-f9ea8a58d1c7","a3ed7b7d-9ecf-5e3e-8e5b-9d34b8743ea9","Mumias Central","mumias central","canonical","en","KDA-TRANSCRIPTION-LN14-2012"
"187ac50f-a85b-5439-a296-1d90d766858b","a3ed7b7d-9ecf-5e3e-8e5b-9d34b8743ea9","Mumias Central ward","mumias central ward","common","en","KDA-TRANSCRIPTION-LN14-2012"
"e95d5237-7280-5589-b22a-82d85a6f8d0e","bb37a257-498f-5f33-bd45-60bda76257be","Mumias North","mumias north","canonical","en","KDA-TRANSCRIPTION-LN14-2012"
"62922562-2b58-5bde-987d-ec8ca62a17a0","bb37a257-498f-5f33-bd45-60bda76257be","Mumias North ward","mumias north ward","common","en","KDA-TRANSCRIPTION-LN14-2012"
"d168348c-d594-517b-9b60-bd190a90e3eb","efd93329-2298-5c1c-b612-155d8b59e612","Etenje","etenje","canonical","en","KDA-TRANSCRIPTION-LN14-2012"
"31db097e-4358-5f33-8e8b-d36b017bf76c","efd93329-2298-5c1c-b612-155d8b59e612","Etenje ward","etenje ward","common","en","KDA-TRANSCRIPTION-LN14-2012"
"2345e1c2-3cf9-5abe-8f06-26b807098bdd","235f37f3-6f01-5507-b8c7-c21327274038","Musanda","musanda","canonical","en","KDA-TRANSCRIPTION-LN14-2012"
"d8009801-3fff-53c6-97de-8ec7bfbcc4e9","235f37f3-6f01-5507-b8c7-c21327274038","Musanda ward","musanda ward","common","en","KDA-TRANSCRIPTION-LN14-2012"
"f073a2eb-4b20-5890-8ad7-25db5e99164a","1f57e97a-c8b0-543d-941e-0629b3f71ea7","Lubinu/Lusheya","lubinu lusheya","canonical","en","KDA-TRANSCRIPTION-LN14-2012"
"7066aeef-89c9-5cbf-a720-8d74eb81cd0e","1f57e97a-c8b0-543d-941e-0629b3f71ea7","Lubinu/Lusheya ward","lubinu lusheya ward","common","en","KDA-TRANSCRIPTION-LN14-2012"
"14bc255d-ca63-5ebf-91c4-77d6cc0b762e","312da177-4e8d-5d53-af1e-a6381f90db13","Isongo/Makunga/Malaha","isongo makunga malaha","canonical","en","KDA-TRANSCRIPTION-LN14-2012"
"ae09db76-da39-5a48-a76e-0e20838f39fd","312da177-4e8d-5d53-af1e-a6381f90db13","Isongo/Makunga/Malaha ward","isongo makunga malaha ward","common","en","KDA-TRANSCRIPTION-LN14-2012"
"0b44b78e-ebd8-52f3-bda0-1f14f63f1645","17d33a1e-bae0-54c8-ac79-5c053ecb2454","East Wanga","east wanga","canonical","en","KDA-TRANSCRIPTION-LN14-2012"
"17d17f78-f225-5975-92e8-ae186df046c1","17d33a1e-bae0-54c8-ac79-5c053ecb2454","East Wanga ward","east wanga ward","common","en","KDA-TRANSCRIPTION-LN14-2012"
"ec4a01ff-0a69-5576-9568-03ac47844b65","35585b65-3ed0-5635-bf5a-c77ec0d2d6ab","Koyonzo","koyonzo","canonical","en","KDA-TRANSCRIPTION-LN14-2012"
"8d5abbe9-20b4-5528-81ba-63e173bb05d0","35585b65-3ed0-5635-bf5a-c77ec0d2d6ab","Koyonzo ward","koyonzo ward","common","en","KDA-TRANSCRIPTION-LN14-2012"
"b766177b-bb38-5ec6-9ce7-4054fdb6986d","f1be565b-e82d-5c4d-b89d-4ea582772535","Kholera","kholera","canonical","en","KDA-TRANSCRIPTION-LN14-2012"
"e45cf703-a913-5030-8386-1a7c1904a312","f1be565b-e82d-5c4d-b89d-4ea582772535","Kholera ward","kholera ward","common","en","KDA-TRANSCRIPTION-LN14-2012"
"63c9e7b0-2b92-55a6-9664-8bb00e0d4d3a","4ea7bdfd-aa38-50ce-8c35-a6e1a393bccd","Khalaba","khalaba","canonical","en","KDA-TRANSCRIPTION-LN14-2012"
"377cfd76-0b74-5a5d-abf7-ef36a5ffce99","4ea7bdfd-aa38-50ce-8c35-a6e1a393bccd","Khalaba ward","khalaba ward","common","en","KDA-TRANSCRIPTION-LN14-2012"
"71d8d7a0-b6bc-57e4-b18d-d15e3963dcb6","3539e7ee-c0d5-512f-b3a4-c896692cda76","Mayoni","mayoni","canonical","en","KDA-TRANSCRIPTION-LN14-2012"
"75d17a88-8732-543d-9131-add164b73def","3539e7ee-c0d5-512f-b3a4-c896692cda76","Mayoni ward","mayoni ward","common","en","KDA-TRANSCRIPTION-LN14-2012"
"63f68696-bf1c-5156-b0ff-1ae4e62f6360","b9c1e848-3fb6-5db5-aece-15a8f6801b0d","Namamali","namamali","canonical","en","KDA-TRANSCRIPTION-LN14-2012"
"b75793ce-17f4-50f7-bfad-58b4ec7d87f1","b9c1e848-3fb6-5db5-aece-15a8f6801b0d","Namamali ward","namamali ward","common","en","KDA-TRANSCRIPTION-LN14-2012"
"717a0af8-a39b-5edf-9303-7e8c5d84aef7","0101d978-265b-5c6b-b3fb-96f7cd51b984","Marama West","marama west","canonical","en","KDA-TRANSCRIPTION-LN14-2012"
"e5676e56-58f3-5179-b8eb-783f93008bb8","0101d978-265b-5c6b-b3fb-96f7cd51b984","Marama West ward","marama west ward","common","en","KDA-TRANSCRIPTION-LN14-2012"
"76e16973-0b99-5844-94bf-422f1821ffaf","232e6a30-64e8-53f9-be55-d56ea6027530","Marama Central","marama central","canonical","en","KDA-TRANSCRIPTION-LN14-2012"
"c8aaa007-0f99-513d-9e86-3e7893ddeada","232e6a30-64e8-53f9-be55-d56ea6027530","Marama Central ward","marama central ward","common","en","KDA-TRANSCRIPTION-LN14-2012"
"5e76f1cf-3cfc-5172-bbe0-efd052925a68","2a3943a5-db9e-5af7-9ca8-abec061333d4","Marenyo - Shianda","marenyo shianda","canonical","en","KDA-TRANSCRIPTION-LN14-2012"
"77e877e2-6cb7-5208-bd5b-04d3b727bde3","2a3943a5-db9e-5af7-9ca8-abec061333d4","Marenyo - Shianda ward","marenyo shianda ward","common","en","KDA-TRANSCRIPTION-LN14-2012"
"f4f12f8d-38dd-5d17-b3d4-1b7afb00d1a4","f7aebc7f-6ee3-5435-833e-f4ff52ddc6d3","Marama North","marama north","canonical","en","KDA-TRANSCRIPTION-LN14-2012"
"f1982f10-ec07-5f65-bb34-c5e925bd32e7","f7aebc7f-6ee3-5435-833e-f4ff52ddc6d3","Marama North ward","marama north ward","common","en","KDA-TRANSCRIPTION-LN14-2012"
"8151dd54-cfb2-5bf8-8e79-e2276c8d5039","30a65559-53fd-5802-9de0-10f08f2e04c1","Marama South","marama south","canonical","en","KDA-TRANSCRIPTION-LN14-2012"
"7b303124-f67a-5d51-b000-fb7489b587be","30a65559-53fd-5802-9de0-10f08f2e04c1","Marama South ward","marama south ward","common","en","KDA-TRANSCRIPTION-LN14-2012"
"a08cc43d-bf67-5c41-a715-c24971d9a6b3","b195555a-32bb-5e69-b834-5b80d3533e25","Kisa North","kisa north","canonical","en","KDA-TRANSCRIPTION-LN14-2012"
"3dbfb0e3-bde8-5d91-a5e9-1afc28c7c01e","b195555a-32bb-5e69-b834-5b80d3533e25","Kisa North ward","kisa north ward","common","en","KDA-TRANSCRIPTION-LN14-2012"
"a60af48f-6c82-5a52-ad46-bd18d406f4e6","5271d321-0c69-5a38-b1bb-e56d7d15bd89","Kisa East","kisa east","canonical","en","KDA-TRANSCRIPTION-LN14-2012"
"999f61a3-996a-5c29-a831-0954a824838f","5271d321-0c69-5a38-b1bb-e56d7d15bd89","Kisa East ward","kisa east ward","common","en","KDA-TRANSCRIPTION-LN14-2012"
"b87c3520-5e68-58bc-b631-582d6b6d9d61","52c98aa9-2105-5055-bc42-1db9ca5e403b","Kisa West","kisa west","canonical","en","KDA-TRANSCRIPTION-LN14-2012"
"064a69be-26ce-5c11-a1e6-e78c9bc92b1a","52c98aa9-2105-5055-bc42-1db9ca5e403b","Kisa West ward","kisa west ward","common","en","KDA-TRANSCRIPTION-LN14-2012"
"bcab9cc5-0498-508e-a687-341f93fa3d27","3179074a-347a-55cc-9c6f-8ba4407ef301","Kisa Central","kisa central","canonical","en","KDA-TRANSCRIPTION-LN14-2012"
"a1459267-64e8-597d-a1ff-ade98681be7d","3179074a-347a-55cc-9c6f-8ba4407ef301","Kisa Central ward","kisa central ward","common","en","KDA-TRANSCRIPTION-LN14-2012"
"96f61367-f5b6-5176-99e1-9b73c153eaf2","673f84f3-3193-5260-ae11-e0e58ccb68ae","Isukha North","isukha north","canonical","en","KDA-TRANSCRIPTION-LN14-2012"
"ef6907fc-a971-5b95-81b5-30d9b0ec0706","673f84f3-3193-5260-ae11-e0e58ccb68ae","Isukha North ward","isukha north ward","common","en","KDA-TRANSCRIPTION-LN14-2012"
"92530653-1bbc-55f5-ba8a-c1cf67f99be0","c5229c1c-becc-5d31-938a-9dd936ab0dd4","Murhanda","murhanda","canonical","en","KDA-TRANSCRIPTION-LN14-2012"
"71b0d074-17be-59df-ba43-e5f6b9f2f63a","c5229c1c-becc-5d31-938a-9dd936ab0dd4","Murhanda ward","murhanda ward","common","en","KDA-TRANSCRIPTION-LN14-2012"
"7f78ef60-131f-58a6-a2fc-f58ca0c8a1b8","3f3d4c00-8b96-5270-b75d-5a10680f2879","Isukha Central","isukha central","canonical","en","KDA-TRANSCRIPTION-LN14-2012"
"2058ebf9-99da-5c95-a824-6b7da051bf68","3f3d4c00-8b96-5270-b75d-5a10680f2879","Isukha Central ward","isukha central ward","common","en","KDA-TRANSCRIPTION-LN14-2012"
"ed5a073c-c7d8-56c9-92e5-1c42b02bcfaf","fef9e357-7318-506c-86b5-c2e084cb84de","Isukha South","isukha south","canonical","en","KDA-TRANSCRIPTION-LN14-2012"
"d82eb3c1-04d8-5346-aa86-8825ff9615e3","fef9e357-7318-506c-86b5-c2e084cb84de","Isukha South ward","isukha south ward","common","en","KDA-TRANSCRIPTION-LN14-2012"
"f796ad30-dc29-59c6-99f8-6dba4bcfd6b6","6eed4ace-c134-535d-8042-ef2aad1623df","Isukha East","isukha east","canonical","en","KDA-TRANSCRIPTION-LN14-2012"
"476d3862-10c1-5613-aefd-03d61ca9c5b6","6eed4ace-c134-535d-8042-ef2aad1623df","Isukha East ward","isukha east ward","common","en","KDA-TRANSCRIPTION-LN14-2012"
"c25d942c-ce03-5526-b582-7e4c6e0a84f2","e771e654-543b-54c5-ac78-1fa1c03dd0d6","Isukha West","isukha west","canonical","en","KDA-TRANSCRIPTION-LN14-2012"
"3cc50321-2633-5fe7-aa93-66520a4668db","e771e654-543b-54c5-ac78-1fa1c03dd0d6","Isukha West ward","isukha west ward","common","en","KDA-TRANSCRIPTION-LN14-2012"
"99730033-8b6f-5f3b-aa81-b40988ced27f","a3493188-2cca-56d9-a539-e9314c46522e","Idakho South","idakho south","canonical","en","KDA-TRANSCRIPTION-LN14-2012"
"060c9805-711a-5f4e-87c5-39c749a13d3b","a3493188-2cca-56d9-a539-e9314c46522e","Idakho South ward","idakho south ward","common","en","KDA-TRANSCRIPTION-LN14-2012"
"2dba77af-3cc4-5328-b45d-7a98b7402221","29ad2fa9-6ac6-55ed-b55a-786c4ca1a534","Idakho East","idakho east","canonical","en","KDA-TRANSCRIPTION-LN14-2012"
"2e89bddf-12b7-5510-9948-746e9e2e1750","29ad2fa9-6ac6-55ed-b55a-786c4ca1a534","Idakho East ward","idakho east ward","common","en","KDA-TRANSCRIPTION-LN14-2012"
"66891497-340d-5bff-b052-57c7efe03b15","b7eab238-a824-5914-93c9-f0e666516676","Idakho North","idakho north","canonical","en","KDA-TRANSCRIPTION-LN14-2012"
"b36ed0cb-c569-5556-8b4b-e201cb3bbf38","b7eab238-a824-5914-93c9-f0e666516676","Idakho North ward","idakho north ward","common","en","KDA-TRANSCRIPTION-LN14-2012"
"8cd506c7-3af2-5ff5-862f-376df2c50a60","0fee4fec-1ce2-5ef0-b76e-c6323e216fa7","Idakho Central","idakho central","canonical","en","KDA-TRANSCRIPTION-LN14-2012"
"c7e75112-a730-5050-adfd-5a8e90a7e111","0fee4fec-1ce2-5ef0-b76e-c6323e216fa7","Idakho Central ward","idakho central ward","common","en","KDA-TRANSCRIPTION-LN14-2012"
"d432ddc6-101d-592d-812a-4ce6f4da6d7f","97e52e0a-df0b-5847-ad0e-35f5c77f2d1c","Lugaga-Wamuluma","lugaga wamuluma","canonical","en","KDA-TRANSCRIPTION-LN14-2012"
"0a78a49f-17a1-5c0b-88d4-c5f8f9619c4e","97e52e0a-df0b-5847-ad0e-35f5c77f2d1c","Lugaga-Wamuluma ward","lugaga wamuluma ward","common","en","KDA-TRANSCRIPTION-LN14-2012"
"ed37fa85-3ccc-5748-b2f3-a66da927cb6a","e89fff92-99b3-575e-b6ba-fba195818a07","South Maragoli","south maragoli","canonical","en","KDA-TRANSCRIPTION-LN14-2012"
"bb2cb179-79fb-5f61-b46c-bc4e3910296b","e89fff92-99b3-575e-b6ba-fba195818a07","South Maragoli ward","south maragoli ward","common","en","KDA-TRANSCRIPTION-LN14-2012"
"829bb5d3-30dd-5731-b553-48503c709977","807ef8e2-80ad-59e8-8805-3cdadfe76a0a","Central Maragoli","central maragoli","canonical","en","KDA-TRANSCRIPTION-LN14-2012"
"d1b19118-2d06-574f-b680-7d251c044680","807ef8e2-80ad-59e8-8805-3cdadfe76a0a","Central Maragoli ward","central maragoli ward","common","en","KDA-TRANSCRIPTION-LN14-2012"
"2087a986-a346-5a57-b5e3-922045480fb0","03dc29ab-1509-5bde-93aa-d7a689d4cf0a","Mungoma","mungoma","canonical","en","KDA-TRANSCRIPTION-LN14-2012"
"b073e9e1-2d6d-5fbe-b955-6fcd4e0e765b","03dc29ab-1509-5bde-93aa-d7a689d4cf0a","Mungoma ward","mungoma ward","common","en","KDA-TRANSCRIPTION-LN14-2012"
"076338cf-39c1-5103-bac4-0e58c309e0d5","2aa14752-e25c-534e-bde4-aea7c5fd2271","Lyaduywa/Izava","lyaduywa izava","canonical","en","KDA-TRANSCRIPTION-LN14-2012"
"93c2fb72-cda9-5fa2-944b-9d67682fe897","2aa14752-e25c-534e-bde4-aea7c5fd2271","Lyaduywa/Izava ward","lyaduywa izava ward","common","en","KDA-TRANSCRIPTION-LN14-2012"
"e1936096-79cd-5a57-9425-4f5d88b0bb78","117943cf-0663-5780-8b99-36b0a29dfa4a","West Sabatia","west sabatia","canonical","en","KDA-TRANSCRIPTION-LN14-2012"
"90d017a4-8891-50f7-9a57-d41f0f2ff8ea","117943cf-0663-5780-8b99-36b0a29dfa4a","West Sabatia ward","west sabatia ward","common","en","KDA-TRANSCRIPTION-LN14-2012"
"f3a3d800-7487-5de1-83f3-239cb4f53de8","a8716122-2932-5941-bff4-1e1297b3d92d","Chavakali","chavakali","canonical","en","KDA-TRANSCRIPTION-LN14-2012"
"6f3ec92a-e8f2-57ca-907a-09a06bc1137d","a8716122-2932-5941-bff4-1e1297b3d92d","Chavakali ward","chavakali ward","common","en","KDA-TRANSCRIPTION-LN14-2012"
"bf87591d-803a-5049-940c-8089c6a6d89f","d7cd4c81-8d56-5ac6-8249-2c4c189b3c3f","North Maragoli","north maragoli","canonical","en","KDA-TRANSCRIPTION-LN14-2012"
"f9695a26-02ab-58c8-9941-8a2cd5244983","d7cd4c81-8d56-5ac6-8249-2c4c189b3c3f","North Maragoli ward","north maragoli ward","common","en","KDA-TRANSCRIPTION-LN14-2012"
"a0048328-fc46-57ad-b3d6-ba020c4fc3e4","c8630260-ccc2-5c52-af17-91f7b05431cb","Wodanga","wodanga","canonical","en","KDA-TRANSCRIPTION-LN14-2012"
"cdd60683-b293-5b4e-9e20-a50ec61ef6e3","c8630260-ccc2-5c52-af17-91f7b05431cb","Wodanga ward","wodanga ward","common","en","KDA-TRANSCRIPTION-LN14-2012"
"87152450-2406-50ff-8cc5-a110bf6791d3","7f9e8863-8a49-5203-91fe-0de1a237e075","Busali","busali","canonical","en","KDA-TRANSCRIPTION-LN14-2012"
"99f8601b-f9eb-56d1-82eb-558ef31a77d9","7f9e8863-8a49-5203-91fe-0de1a237e075","Busali ward","busali ward","common","en","KDA-TRANSCRIPTION-LN14-2012"
"346208ce-e0dd-5946-b687-4f9274d7fb1d","03dfae6c-ae8f-5a67-9f2a-38ee0f5841af","Shiru","shiru","canonical","en","KDA-TRANSCRIPTION-LN14-2012"
"073b393b-5908-58bb-8a6e-12f35f65401f","03dfae6c-ae8f-5a67-9f2a-38ee0f5841af","Shiru ward","shiru ward","common","en","KDA-TRANSCRIPTION-LN14-2012"
"0035d435-a442-57f6-8a72-de850c3cdf4b","6a799359-3bb9-5267-bb5f-2a6ef3be14e5","Muhudu","muhudu","canonical","en","KDA-TRANSCRIPTION-LN14-2012"
"ea591b67-b14f-55c9-8880-14118dc382ef","6a799359-3bb9-5267-bb5f-2a6ef3be14e5","Muhudu ward","muhudu ward","common","en","KDA-TRANSCRIPTION-LN14-2012"
"f56b0d9f-9a42-507f-9a40-7d813ba5a637","340d7ef8-e1ac-513b-a769-911327abb8db","Shamakhokho","shamakhokho","canonical","en","KDA-TRANSCRIPTION-LN14-2012"
"da50a83e-42e2-5e2f-bca2-189a25cb84dc","340d7ef8-e1ac-513b-a769-911327abb8db","Shamakhokho ward","shamakhokho ward","common","en","KDA-TRANSCRIPTION-LN14-2012"
"b8054816-f352-5ba7-a879-6e729f92d9b6","3572d3ef-94a4-56c6-85f8-fdfc12a0d16b","Gisambai","gisambai","canonical","en","KDA-TRANSCRIPTION-LN14-2012"
"cfca4d9d-9c91-5e42-bf91-59ce4ecf2de3","3572d3ef-94a4-56c6-85f8-fdfc12a0d16b","Gisambai ward","gisambai ward","common","en","KDA-TRANSCRIPTION-LN14-2012"
"2c3aff77-5e6c-52f3-ba71-6c77e14f45da","c165db8f-7055-5e94-8027-e9502424e2d9","Banja","banja","canonical","en","KDA-TRANSCRIPTION-LN14-2012"
"c3a08002-56c3-5c1b-8177-fca77ecea2da","c165db8f-7055-5e94-8027-e9502424e2d9","Banja ward","banja ward","common","en","KDA-TRANSCRIPTION-LN14-2012"
"051d693f-78c5-5697-a8ff-411edad1d9ee","84c5d806-86fe-5c69-870e-4597d7ee9cc5","Tambua","tambua","canonical","en","KDA-TRANSCRIPTION-LN14-2012"
"3834ba5b-2e48-50cc-a884-84ca7fcb8968","84c5d806-86fe-5c69-870e-4597d7ee9cc5","Tambua ward","tambua ward","common","en","KDA-TRANSCRIPTION-LN14-2012"
"e89c8c81-4b46-55d5-b6d7-f5e2d579f446","a155ff97-6cc7-5df2-84bb-b5257d007a11","Jepkoyai","jepkoyai","canonical","en","KDA-TRANSCRIPTION-LN14-2012"
"459470f5-e2a5-5a18-b07a-8f3b7aee28b1","a155ff97-6cc7-5df2-84bb-b5257d007a11","Jepkoyai ward","jepkoyai ward","common","en","KDA-TRANSCRIPTION-LN14-2012"
"6c5ea0ab-fe06-59da-9dde-03e910679796","68697e19-3429-5c90-b039-aa161d68666c","Luanda Township","luanda township","canonical","en","KDA-TRANSCRIPTION-LN14-2012"
"8d0cb351-7a89-5e2b-a9f4-c0431ccf60e7","68697e19-3429-5c90-b039-aa161d68666c","Luanda Township ward","luanda township ward","common","en","KDA-TRANSCRIPTION-LN14-2012"
"33ddf435-4217-5a83-8096-2100455da664","541ab005-40c1-5b19-94cb-db6d06db6280","Wemilabi","wemilabi","canonical","en","KDA-TRANSCRIPTION-LN14-2012"
"89261902-ee3a-5e70-a20f-83c8f4057c08","541ab005-40c1-5b19-94cb-db6d06db6280","Wemilabi ward","wemilabi ward","common","en","KDA-TRANSCRIPTION-LN14-2012"
"91ea4a89-26b3-5e01-a94f-f5eda30f3467","795bc4af-fc9d-58b0-b621-0a49f7ec6199","Mwibona","mwibona","canonical","en","KDA-TRANSCRIPTION-LN14-2012"
"7e387f40-81c0-5125-80ef-90ae7a58aab9","795bc4af-fc9d-58b0-b621-0a49f7ec6199","Mwibona ward","mwibona ward","common","en","KDA-TRANSCRIPTION-LN14-2012"
"42eed71d-4bc0-575c-9b6b-5d51172e7117","7cbf7221-2ddf-5dc3-94ca-9ff4f4180cd9","Luanda South","luanda south","canonical","en","KDA-TRANSCRIPTION-LN14-2012"
"7acb7dee-93e2-5efd-b734-66a81246230c","7cbf7221-2ddf-5dc3-94ca-9ff4f4180cd9","Luanda South ward","luanda south ward","common","en","KDA-TRANSCRIPTION-LN14-2012"
"8a988f92-d298-5666-af40-3bc05481a46b","98944b72-128e-5d9b-b6a8-aa4daaa2ec38","Emabungo","emabungo","canonical","en","KDA-TRANSCRIPTION-LN14-2012"
"2f6b7b52-195e-5c3c-ba3b-fb5f66c5b10c","98944b72-128e-5d9b-b6a8-aa4daaa2ec38","Emabungo ward","emabungo ward","common","en","KDA-TRANSCRIPTION-LN14-2012"
"d6081f97-a1f7-542f-ab3b-2e13d1922a4b","5469c9c1-00ca-551a-8b72-21e84f8f288f","North East Bunyore","north east bunyore","canonical","en","KDA-TRANSCRIPTION-LN14-2012"
"1bcc69e2-5e8a-5311-9214-6102696d66ae","5469c9c1-00ca-551a-8b72-21e84f8f288f","North East Bunyore ward","north east bunyore ward","common","en","KDA-TRANSCRIPTION-LN14-2012"
"af626a4a-d14c-5c48-badf-d5b3af0dae03","cbcebc68-6b24-56e4-9b7f-754f078e31d2","Central Bunyore","central bunyore","canonical","en","KDA-TRANSCRIPTION-LN14-2012"
"6dab9d88-e177-5d10-a047-1c6d30388c1e","cbcebc68-6b24-56e4-9b7f-754f078e31d2","Central Bunyore ward","central bunyore ward","common","en","KDA-TRANSCRIPTION-LN14-2012"
"075e44a1-3a35-5106-8de6-4b605d4f8fec","e4a7b90e-3cfc-500f-84bd-9af8aa27557c","West Bunyore","west bunyore","canonical","en","KDA-TRANSCRIPTION-LN14-2012"
"8581834a-ab47-5dd1-bbb9-e2b9485e992e","e4a7b90e-3cfc-500f-84bd-9af8aa27557c","West Bunyore ward","west bunyore ward","common","en","KDA-TRANSCRIPTION-LN14-2012"
"bf52cac5-5a13-59ff-a368-fa2a5c1e0147","d17e8894-abe2-5e1f-9841-033f7749e8f2","Cheptais","cheptais","canonical","en","KDA-TRANSCRIPTION-LN14-2012"
"8395f81d-3509-5dca-8e4b-da803647139b","d17e8894-abe2-5e1f-9841-033f7749e8f2","Cheptais ward","cheptais ward","common","en","KDA-TRANSCRIPTION-LN14-2012"
"de7ad11c-c3a1-53bc-ace1-fcc16c5c0031","7df22cd3-069f-5aa0-942d-34fa287acdb6","Chesikaki","chesikaki","canonical","en","KDA-TRANSCRIPTION-LN14-2012"
"0a09a555-793d-52e9-98d0-3b990e8f0ac4","7df22cd3-069f-5aa0-942d-34fa287acdb6","Chesikaki ward","chesikaki ward","common","en","KDA-TRANSCRIPTION-LN14-2012"
"6b6aa95a-9893-5d36-9315-a685746dc5d5","71b2c3f5-3bea-5326-83cf-bc05c9d3c5dd","Chepyuk","chepyuk","canonical","en","KDA-TRANSCRIPTION-LN14-2012"
"e70b5080-cf20-528f-a350-d119533cb7af","71b2c3f5-3bea-5326-83cf-bc05c9d3c5dd","Chepyuk ward","chepyuk ward","common","en","KDA-TRANSCRIPTION-LN14-2012"
"bc1bec14-101a-52fd-80f7-8cbbe1a4ad0a","819b350c-be6d-561a-9f14-37ab73fa5af0","Kapkateny","kapkateny","canonical","en","KDA-TRANSCRIPTION-LN14-2012"
"c77a3ed8-4470-54e0-9fa8-284804b1a19d","819b350c-be6d-561a-9f14-37ab73fa5af0","Kapkateny ward","kapkateny ward","common","en","KDA-TRANSCRIPTION-LN14-2012"
"1c2bd58b-8e0e-5e2e-8a63-f733e93db33a","fd74a872-a06f-569e-b69d-399c0d7edd87","Kaptama","kaptama","canonical","en","KDA-TRANSCRIPTION-LN14-2012"
"98aeefce-ec40-52a8-8ac6-4d05cbdd050d","fd74a872-a06f-569e-b69d-399c0d7edd87","Kaptama ward","kaptama ward","common","en","KDA-TRANSCRIPTION-LN14-2012"
"d67ec418-b255-5860-8e00-10bcceac6523","6add09bb-3ffe-553d-a588-19a1ad406b59","Elgon","elgon","canonical","en","KDA-TRANSCRIPTION-LN14-2012"
"8b9903a9-17ee-5884-a3e8-8a4b3db326f4","6add09bb-3ffe-553d-a588-19a1ad406b59","Elgon ward","elgon ward","common","en","KDA-TRANSCRIPTION-LN14-2012"
"0ed21728-1b25-56a7-88ed-a1c5f9599870","e7c5233d-d78d-542e-aa3e-cc03997e4f44","Namwela","namwela","canonical","en","KDA-TRANSCRIPTION-LN14-2012"
"c84ccf25-ba5d-5575-a041-7249d7e7c7fd","e7c5233d-d78d-542e-aa3e-cc03997e4f44","Namwela ward","namwela ward","common","en","KDA-TRANSCRIPTION-LN14-2012"
"dd99a781-d127-5aee-8a08-2eb2a0fa4903","e47afdbb-0578-5c16-b5b4-c1fd77c4d433","Malakisi/South Kulisiru","malakisi south kulisiru","canonical","en","KDA-TRANSCRIPTION-LN14-2012"
"426a75a6-610a-5a5b-8bbe-3352e4f0a40d","e47afdbb-0578-5c16-b5b4-c1fd77c4d433","Malakisi/South Kulisiru ward","malakisi south kulisiru ward","common","en","KDA-TRANSCRIPTION-LN14-2012"
"5d16a81c-ef36-5f0b-88a2-afdc90a60987","ca5da8e3-2fed-50a9-8aaf-5f518c0852c5","Lwandanyi","lwandanyi","canonical","en","KDA-TRANSCRIPTION-LN14-2012"
"588d9967-f676-58c8-b5a9-1c9ef103db89","ca5da8e3-2fed-50a9-8aaf-5f518c0852c5","Lwandanyi ward","lwandanyi ward","common","en","KDA-TRANSCRIPTION-LN14-2012"
"bb5c8319-4b4f-52db-963e-032ca8ead6d0","697c22d2-7328-599e-bd26-4f5048d9243b","Kabuchai/Chwele","kabuchai chwele","canonical","en","KDA-TRANSCRIPTION-LN14-2012"
"3a2ff4fd-d39e-5fbd-a6a0-a9ad06c7ce9e","697c22d2-7328-599e-bd26-4f5048d9243b","Kabuchai/Chwele ward","kabuchai chwele ward","common","en","KDA-TRANSCRIPTION-LN14-2012"
"536d1edc-e9c8-5ff8-832a-187446c7862d","9371b95f-b69a-53fb-b756-6acafbda8e37","West Nalondo","west nalondo","canonical","en","KDA-TRANSCRIPTION-LN14-2012"
"d5202e27-df6e-5a04-bec7-d0532faa3149","9371b95f-b69a-53fb-b756-6acafbda8e37","West Nalondo ward","west nalondo ward","common","en","KDA-TRANSCRIPTION-LN14-2012"
"b9da6b66-62c6-542d-8ff1-90c63adef3ee","1bc53921-396b-5690-88d6-7758856349c0","Bwake/Luuya","bwake luuya","canonical","en","KDA-TRANSCRIPTION-LN14-2012"
"9b891824-aa82-533d-84ca-636f2fc64b96","1bc53921-396b-5690-88d6-7758856349c0","Bwake/Luuya ward","bwake luuya ward","common","en","KDA-TRANSCRIPTION-LN14-2012"
"4f821c7e-ebb8-548f-a854-cc4f0d488004","6d3f606c-7b9c-5122-9e5a-9e1b6f7926fb","Mukuyuni","mukuyuni","canonical","en","KDA-TRANSCRIPTION-LN14-2012"
"d2f7833b-d857-528f-96ba-0ca6ff921120","6d3f606c-7b9c-5122-9e5a-9e1b6f7926fb","Mukuyuni ward","mukuyuni ward","common","en","KDA-TRANSCRIPTION-LN14-2012"
"cb6a5490-0de6-534e-8599-33a2439f5b89","c46ea34a-87cd-5553-92b3-b5c664f2899e","South Bukusu","south bukusu","canonical","en","KDA-TRANSCRIPTION-LN14-2012"
"76a484b3-ca80-5513-95ea-15ab9f6116e2","c46ea34a-87cd-5553-92b3-b5c664f2899e","South Bukusu ward","south bukusu ward","common","en","KDA-TRANSCRIPTION-LN14-2012"
"4930feb8-19e5-5326-bce2-5a7a56089085","9586a0a7-6ff9-5ea8-a451-e46e72093af9","Bumula","bumula","canonical","en","KDA-TRANSCRIPTION-LN14-2012"
"8dbbfdbf-5a05-5f58-81fd-d39e06aa3c03","9586a0a7-6ff9-5ea8-a451-e46e72093af9","Bumula ward","bumula ward","common","en","KDA-TRANSCRIPTION-LN14-2012"
"76fb82d1-9ab0-58e5-b9cd-993a555e7c24","071b0d3f-427c-5ede-908f-69a1fecbed21","Khasoko","khasoko","canonical","en","KDA-TRANSCRIPTION-LN14-2012"
"9c1220e2-6ab0-571a-8659-9a427f02d5cb","071b0d3f-427c-5ede-908f-69a1fecbed21","Khasoko ward","khasoko ward","common","en","KDA-TRANSCRIPTION-LN14-2012"
"17ed6168-2fc3-5395-b87f-f8c7fd58ff05","1f5479af-ce64-51d1-a75c-f464d7890168","Kabula","kabula","canonical","en","KDA-TRANSCRIPTION-LN14-2012"
"2c018b01-5951-5a8d-80b6-3e95dce04b9d","1f5479af-ce64-51d1-a75c-f464d7890168","Kabula ward","kabula ward","common","en","KDA-TRANSCRIPTION-LN14-2012"
"89c745b7-4074-5505-9342-5547213c5bb4","bd6ed12f-4a9f-5da2-aa8b-1ff99e627628","Kimaeti","kimaeti","canonical","en","KDA-TRANSCRIPTION-LN14-2012"
"9a1ca1ad-27c5-5615-9d21-ec8d8b844f35","bd6ed12f-4a9f-5da2-aa8b-1ff99e627628","Kimaeti ward","kimaeti ward","common","en","KDA-TRANSCRIPTION-LN14-2012"
"08d68c9e-86aa-5e1b-bcc7-69127fbaaaea","07e919bc-1648-5749-a460-48ee62227b64","West Bukusu","west bukusu","canonical","en","KDA-TRANSCRIPTION-LN14-2012"
"d5b8c202-4401-56cf-9b03-6f9d9316ca11","07e919bc-1648-5749-a460-48ee62227b64","West Bukusu ward","west bukusu ward","common","en","KDA-TRANSCRIPTION-LN14-2012"
"7ceff7e6-10df-5e67-b75f-a8a2565b4780","52b45ec9-0672-509e-9554-aaff4b40e5fc","Siboti","siboti","canonical","en","KDA-TRANSCRIPTION-LN14-2012"
"fc34259c-e082-5410-8e08-c9c36b132bfb","52b45ec9-0672-509e-9554-aaff4b40e5fc","Siboti ward","siboti ward","common","en","KDA-TRANSCRIPTION-LN14-2012"
"5fff58a1-bcee-5a7e-ba86-9e4930caa60c","810869ab-3b45-5b60-b166-579ecec571b9","Bukembe West","bukembe west","canonical","en","KDA-TRANSCRIPTION-LN14-2012"
"6f018ca9-aecf-52a3-88aa-907c0854e4fd","810869ab-3b45-5b60-b166-579ecec571b9","Bukembe West ward","bukembe west ward","common","en","KDA-TRANSCRIPTION-LN14-2012"
"34455ba3-6808-52bb-82f6-da3f0b9ee637","3bb59b71-7e32-5d8d-8973-4254685dc3f8","Bukembe East","bukembe east","canonical","en","KDA-TRANSCRIPTION-LN14-2012"
"7b3be1ab-92b1-568e-8a9f-229faf4dbaa9","3bb59b71-7e32-5d8d-8973-4254685dc3f8","Bukembe East ward","bukembe east ward","common","en","KDA-TRANSCRIPTION-LN14-2012"
"75bf3a38-73ee-5864-8c9d-7c2f4a86a263","14725d1d-2cd5-542a-a63e-1fe5246d057f","Township","township","canonical","en","KDA-TRANSCRIPTION-LN14-2012"
"ac11f56d-9915-57ab-b247-a9c84289774b","14725d1d-2cd5-542a-a63e-1fe5246d057f","Township ward","township ward","common","en","KDA-TRANSCRIPTION-LN14-2012"
"8b94f1fc-df0a-554f-9e86-46c739bf025f","88b6380b-1632-57dc-96a6-c9f092d06f64","Khalaba","khalaba","canonical","en","KDA-TRANSCRIPTION-LN14-2012"
"cc89137a-ff3c-5a0d-b0ab-b7d77ea70ada","88b6380b-1632-57dc-96a6-c9f092d06f64","Khalaba ward","khalaba ward","common","en","KDA-TRANSCRIPTION-LN14-2012"
"306a65c7-222c-5cb3-9b1e-bc15964c28e0","ac9e851f-72bf-5bfc-a908-432f184f605b","Musikoma","musikoma","canonical","en","KDA-TRANSCRIPTION-LN14-2012"
"8976f940-433b-5c7a-8dfa-aff769e383d5","ac9e851f-72bf-5bfc-a908-432f184f605b","Musikoma ward","musikoma ward","common","en","KDA-TRANSCRIPTION-LN14-2012"
"2eeaa3bd-b949-51a1-b5b1-304793bf1049","eac40bb9-7e3e-5b67-83f4-a56ae6acc0e0","East Sang'alo","east sangalo","canonical","en","KDA-TRANSCRIPTION-LN14-2012"
"a036a61d-aa5d-5143-8f31-0cc7e6fad28f","eac40bb9-7e3e-5b67-83f4-a56ae6acc0e0","East Sang'alo ward","east sangalo ward","common","en","KDA-TRANSCRIPTION-LN14-2012"
"1e827bd3-1f23-51c6-82f3-c1a66eea3512","43e6c62d-1ae0-5879-9841-224deed727f3","Marakaru/Tuuti","marakaru tuuti","canonical","en","KDA-TRANSCRIPTION-LN14-2012"
"564887e4-2eed-577a-94dd-1d37fa698188","43e6c62d-1ae0-5879-9841-224deed727f3","Marakaru/Tuuti ward","marakaru tuuti ward","common","en","KDA-TRANSCRIPTION-LN14-2012"
"baa8102c-0455-5d34-a7dc-abc9ebf02ae4","48ee9052-ebd0-5d23-8ce6-7c8d89d08705","Sang'alo West","sangalo west","canonical","en","KDA-TRANSCRIPTION-LN14-2012"
"6e704cea-e4db-585b-9868-3222359c6f06","48ee9052-ebd0-5d23-8ce6-7c8d89d08705","Sang'alo West ward","sangalo west ward","common","en","KDA-TRANSCRIPTION-LN14-2012"
"d044af56-4c1b-5db2-a195-9bbda78d99ee","5b9a37c1-eadb-5521-82c4-cf5aecc84277","Mihuu","mihuu","canonical","en","KDA-TRANSCRIPTION-LN14-2012"
"3ef60ec8-d96b-5096-b776-d5f77fcf6d40","5b9a37c1-eadb-5521-82c4-cf5aecc84277","Mihuu ward","mihuu ward","common","en","KDA-TRANSCRIPTION-LN14-2012"
"c2a2f37f-cd93-5f7f-8161-f80ce2d59f6f","a58c9a58-323e-5351-828f-bdf7564aa853","Ndivisi","ndivisi","canonical","en","KDA-TRANSCRIPTION-LN14-2012"
"f5dd58bf-1056-5e35-9b23-7e86a0b77862","a58c9a58-323e-5351-828f-bdf7564aa853","Ndivisi ward","ndivisi ward","common","en","KDA-TRANSCRIPTION-LN14-2012"
"c4826c58-20da-587c-b14d-83653ae5b12d","9e7db914-c82e-5e7d-aa14-066f3e852e81","Maraka","maraka","canonical","en","KDA-TRANSCRIPTION-LN14-2012"
"dc954a01-455d-521f-a4b1-cba655aa3472","9e7db914-c82e-5e7d-aa14-066f3e852e81","Maraka ward","maraka ward","common","en","KDA-TRANSCRIPTION-LN14-2012"
"e8586ed5-0ac5-5635-b8d1-c2a20b043e4f","d8c4a248-9b5e-5367-bbc4-8443bbba75e4","Misikhu","misikhu","canonical","en","KDA-TRANSCRIPTION-LN14-2012"
"c219aad5-ff66-5e57-89d2-fc3eea49e8d1","d8c4a248-9b5e-5367-bbc4-8443bbba75e4","Misikhu ward","misikhu ward","common","en","KDA-TRANSCRIPTION-LN14-2012"
"c32e3e8f-d1cd-564c-9e67-debeef3ed157","981d3869-7210-5582-9b3d-f86809222b2b","Sitikho","sitikho","canonical","en","KDA-TRANSCRIPTION-LN14-2012"
"be370a4f-6335-5da7-bafc-ed176719ce40","981d3869-7210-5582-9b3d-f86809222b2b","Sitikho ward","sitikho ward","common","en","KDA-TRANSCRIPTION-LN14-2012"
"9e675072-052c-598b-9b15-f46efdedaf2b","4c26e3d0-6627-5111-8e4c-f90456aa3e10","Matulo","matulo","canonical","en","KDA-TRANSCRIPTION-LN14-2012"
"f5f4ff6a-55ba-5613-bb67-d3d1b78dc5b6","4c26e3d0-6627-5111-8e4c-f90456aa3e10","Matulo ward","matulo ward","common","en","KDA-TRANSCRIPTION-LN14-2012"
"d1b5718e-6811-5f4f-a155-f86d21a9ecd3","8b230d38-9a96-51d3-840a-11606f5bd03b","Bokoli","bokoli","canonical","en","KDA-TRANSCRIPTION-LN14-2012"
"a42fd83a-8759-5bc9-ab27-04bedd242d5e","8b230d38-9a96-51d3-840a-11606f5bd03b","Bokoli ward","bokoli ward","common","en","KDA-TRANSCRIPTION-LN14-2012"
"b0b17bf1-2113-51d7-ab21-874b83919d95","676cc20d-e6f5-5e3a-be75-8b2d1f37add9","Kimilili","kimilili","canonical","en","KDA-TRANSCRIPTION-LN14-2012"
"17c0dddd-0078-5c33-959c-6050be629502","676cc20d-e6f5-5e3a-be75-8b2d1f37add9","Kimilili ward","kimilili ward","common","en","KDA-TRANSCRIPTION-LN14-2012"
"42ab4409-72e3-5be3-8d4f-8a5fa5a1a4b9","0083db6d-8912-5bd5-bd66-9652177a449b","Kibingei","kibingei","canonical","en","KDA-TRANSCRIPTION-LN14-2012"
"c41ddf76-0ce2-5a6b-8430-d31198df4bb7","0083db6d-8912-5bd5-bd66-9652177a449b","Kibingei ward","kibingei ward","common","en","KDA-TRANSCRIPTION-LN14-2012"
"7f2e11e5-9d87-5b18-8cf8-c6a76d29c61a","cf7ae16b-cb9e-589b-ad0e-c51f0dd7ba21","Maeni","maeni","canonical","en","KDA-TRANSCRIPTION-LN14-2012"
"e7fddb8a-5bc2-571e-9ece-dadcd42d92ce","cf7ae16b-cb9e-589b-ad0e-c51f0dd7ba21","Maeni ward","maeni ward","common","en","KDA-TRANSCRIPTION-LN14-2012"
"7941c5c5-2482-5870-bf85-bcd91ad0ee21","2e2e74e9-0b29-5134-99fd-4f3ce50f9958","Kamukuywa","kamukuywa","canonical","en","KDA-TRANSCRIPTION-LN14-2012"
"cddb1634-1954-5a0f-a746-2b67d0b4e89d","2e2e74e9-0b29-5134-99fd-4f3ce50f9958","Kamukuywa ward","kamukuywa ward","common","en","KDA-TRANSCRIPTION-LN14-2012"
"a541b639-c022-5384-b47b-40e00676cba4","1ad171cc-3bcd-57ef-a1bf-ffcaa83f9b69","Mbakalo","mbakalo","canonical","en","KDA-TRANSCRIPTION-LN14-2012"
"626351be-03e7-598e-ae8d-a6bcb4eae3c5","1ad171cc-3bcd-57ef-a1bf-ffcaa83f9b69","Mbakalo ward","mbakalo ward","common","en","KDA-TRANSCRIPTION-LN14-2012"
"09f71409-8124-5c61-ae37-d297a3c983b5","3e698ca8-3456-5cc4-a20f-c34c2bd9ec0d","Naitiri/Kabuyefwe","naitiri kabuyefwe","canonical","en","KDA-TRANSCRIPTION-LN14-2012"
"a75e5199-3bee-5fb0-b599-b8b0d38dfa16","3e698ca8-3456-5cc4-a20f-c34c2bd9ec0d","Naitiri/Kabuyefwe ward","naitiri kabuyefwe ward","common","en","KDA-TRANSCRIPTION-LN14-2012"
"a03b29ca-6d41-5c8b-bc07-7b2f564942fe","1b01fbc5-2ade-5c71-a4c3-f01276d26493","Milima","milima","canonical","en","KDA-TRANSCRIPTION-LN14-2012"
"4895f62c-a8f3-5153-8c62-c0beaef1cb4f","1b01fbc5-2ade-5c71-a4c3-f01276d26493","Milima ward","milima ward","common","en","KDA-TRANSCRIPTION-LN14-2012"
"2d7be00f-2811-537e-97b7-8fc5e7ae80ab","439cee7b-a1af-5f6b-b50f-96cfaca5b970","Ndalu/ Tabani","ndalu tabani","canonical","en","KDA-TRANSCRIPTION-LN14-2012"
"0ffdde73-d9f3-5479-bbd3-4ce16b9366a3","439cee7b-a1af-5f6b-b50f-96cfaca5b970","Ndalu/ Tabani ward","ndalu tabani ward","common","en","KDA-TRANSCRIPTION-LN14-2012"
"10968279-1483-5cee-852d-efbf24c1b309","1bb2d3b0-830e-5907-955b-3d5226547006","Tongaren","tongaren","canonical","en","KDA-TRANSCRIPTION-LN14-2012"
"846d39a5-0f5d-571c-a34c-404dc919c7d0","1bb2d3b0-830e-5907-955b-3d5226547006","Tongaren ward","tongaren ward","common","en","KDA-TRANSCRIPTION-LN14-2012"
"5e39a391-2113-552f-9cd2-ecef62a9167d","6f389574-cb45-5b22-bece-88f496ccf702","Soysambu/ Mitua","soysambu mitua","canonical","en","KDA-TRANSCRIPTION-LN14-2012"
"878c22c4-740e-581f-9c1e-f20055039ecf","6f389574-cb45-5b22-bece-88f496ccf702","Soysambu/ Mitua ward","soysambu mitua ward","common","en","KDA-TRANSCRIPTION-LN14-2012"
"b3c70991-7609-56b6-8868-b466cccad6b6","2f16b858-b364-53d0-bb94-584a66431d3a","Malaba Central","malaba central","canonical","en","KDA-TRANSCRIPTION-LN14-2012"
"255d8808-ed07-529b-b255-5d3c34d95cbc","2f16b858-b364-53d0-bb94-584a66431d3a","Malaba Central ward","malaba central ward","common","en","KDA-TRANSCRIPTION-LN14-2012"
"d4b9caac-1bfd-576f-bdc1-103b714b0805","a5e55035-6610-5947-b14d-35b8b6c6ba02","Malaba North","malaba north","canonical","en","KDA-TRANSCRIPTION-LN14-2012"
"22b10240-2617-5acc-bee8-2e41db76f88c","a5e55035-6610-5947-b14d-35b8b6c6ba02","Malaba North ward","malaba north ward","common","en","KDA-TRANSCRIPTION-LN14-2012"
"82aa800d-9c17-5ab9-97df-c9ec823a20bf","fa7b7ad1-824b-5bcb-aa86-237b7ca52994","Ang'urai South","angurai south","canonical","en","KDA-TRANSCRIPTION-LN14-2012"
"42e8351e-7e72-5a63-b934-b8da156de550","fa7b7ad1-824b-5bcb-aa86-237b7ca52994","Ang'urai South ward","angurai south ward","common","en","KDA-TRANSCRIPTION-LN14-2012"
"c2ed383e-c90d-574e-a299-53f81102bd23","6106f37f-c7a8-54f8-b43d-5a987bf8e835","Ang'urai North","angurai north","canonical","en","KDA-TRANSCRIPTION-LN14-2012"
"c463a6e1-8373-53cf-b402-2cb84205c79c","6106f37f-c7a8-54f8-b43d-5a987bf8e835","Ang'urai North ward","angurai north ward","common","en","KDA-TRANSCRIPTION-LN14-2012"
"5835f671-d22b-5df6-8338-f8a188a1fa85","a718ba2c-6c62-5ef6-bf6b-13fa224feccb","Ang'urai East","angurai east","canonical","en","KDA-TRANSCRIPTION-LN14-2012"
"18bd70df-c1e2-59e2-b3d8-ad81af6f9dab","a718ba2c-6c62-5ef6-bf6b-13fa224feccb","Ang'urai East ward","angurai east ward","common","en","KDA-TRANSCRIPTION-LN14-2012"
"0bb2cde5-4dee-58a6-a883-48634d9d7696","1f56782a-0a6c-5873-8dd8-f1a642c49823","Malaba South","malaba south","canonical","en","KDA-TRANSCRIPTION-LN14-2012"
"264094f4-97fa-5188-a9e2-a7e0ba9da910","1f56782a-0a6c-5873-8dd8-f1a642c49823","Malaba South ward","malaba south ward","common","en","KDA-TRANSCRIPTION-LN14-2012"
"633c2cef-c17b-5ae9-aa6c-74289a146901","a000ef91-26cc-5f88-9eac-a3bc4abd9ceb","Ang'orom","angorom","canonical","en","KDA-TRANSCRIPTION-LN14-2012"
"2eacdfea-bb94-5f2e-a64f-97e56a4a1733","a000ef91-26cc-5f88-9eac-a3bc4abd9ceb","Ang'orom ward","angorom ward","common","en","KDA-TRANSCRIPTION-LN14-2012"
"36c3eebd-21db-5334-8077-9a6bbebbb307","d5e7b8e0-eaaf-56bc-989d-959ad9506f56","Chakol South","chakol south","canonical","en","KDA-TRANSCRIPTION-LN14-2012"
"ef0561e0-9af5-5a20-a50f-3b4b3ce94adb","d5e7b8e0-eaaf-56bc-989d-959ad9506f56","Chakol South ward","chakol south ward","common","en","KDA-TRANSCRIPTION-LN14-2012"
"1c0c2e8e-eb91-540b-8f32-14050a1e234c","ed0c9c6d-db91-548d-b7d0-cb73cc07ba82","Chakol North","chakol north","canonical","en","KDA-TRANSCRIPTION-LN14-2012"
"c5b461ff-fc85-536f-b073-9e2047e53920","ed0c9c6d-db91-548d-b7d0-cb73cc07ba82","Chakol North ward","chakol north ward","common","en","KDA-TRANSCRIPTION-LN14-2012"
"935c08c5-dd90-5079-a409-19c26d9ea306","b771d17a-35d4-56ab-ae6f-01e74710bcba","Amukura West","amukura west","canonical","en","KDA-TRANSCRIPTION-LN14-2012"
"d48061b9-9a71-5428-b7b5-ace85c0e1189","b771d17a-35d4-56ab-ae6f-01e74710bcba","Amukura West ward","amukura west ward","common","en","KDA-TRANSCRIPTION-LN14-2012"
"910da737-54db-51df-9748-48d1ff5afc2f","79f510e3-ec03-5cf1-97e9-845b6fee90a1","Amukura East","amukura east","canonical","en","KDA-TRANSCRIPTION-LN14-2012"
"2b98942a-52f8-540f-8653-4d1fbc01b968","79f510e3-ec03-5cf1-97e9-845b6fee90a1","Amukura East ward","amukura east ward","common","en","KDA-TRANSCRIPTION-LN14-2012"
"20028a5b-616b-51ac-bfff-02c98fc19801","17206a4d-c28b-5ed4-a788-9e63ac8aa092","Amukura Central","amukura central","canonical","en","KDA-TRANSCRIPTION-LN14-2012"
"669fb4f6-0534-5626-aed9-8ddefc8bcba1","17206a4d-c28b-5ed4-a788-9e63ac8aa092","Amukura Central ward","amukura central ward","common","en","KDA-TRANSCRIPTION-LN14-2012"
"5a7c70a2-5609-53c4-9c2f-38d0c914ec73","7655b482-7caa-5173-893d-7f50a929a812","Nambale Township","nambale township","canonical","en","KDA-TRANSCRIPTION-LN14-2012"
"e5fb662c-d5be-5c26-a233-18d5b05caf51","7655b482-7caa-5173-893d-7f50a929a812","Nambale Township ward","nambale township ward","common","en","KDA-TRANSCRIPTION-LN14-2012"
"99c9118d-7d46-52c2-b3e6-bd08cd40f3b2","468508e9-9134-5327-9bd6-4810fddc9ff3","Bukhayo North/Waltsi","bukhayo north waltsi","canonical","en","KDA-TRANSCRIPTION-LN14-2012"
"5de9ba97-700d-52aa-b320-a191d9f7143c","468508e9-9134-5327-9bd6-4810fddc9ff3","Bukhayo North/Waltsi ward","bukhayo north waltsi ward","common","en","KDA-TRANSCRIPTION-LN14-2012"
"d6220dc3-5de8-5bae-bc9c-e6c9d93e5a91","97356902-093a-55d1-a011-8bcff05df2fb","Bukhayo East","bukhayo east","canonical","en","KDA-TRANSCRIPTION-LN14-2012"
"00363dcc-c3b7-5628-974d-2b157755e476","97356902-093a-55d1-a011-8bcff05df2fb","Bukhayo East ward","bukhayo east ward","common","en","KDA-TRANSCRIPTION-LN14-2012"
"b0ac7e79-8c9e-5e79-bf0c-033ede859983","38f84ba1-6c4e-51cd-ac5e-a6a07418daa2","Bukhayo Central","bukhayo central","canonical","en","KDA-TRANSCRIPTION-LN14-2012"
"2b3ab83e-78f1-59c2-b4b9-5997973744ab","38f84ba1-6c4e-51cd-ac5e-a6a07418daa2","Bukhayo Central ward","bukhayo central ward","common","en","KDA-TRANSCRIPTION-LN14-2012"
"bf66bdee-844f-560e-ab52-2ca8c124fe8b","b165f1d4-37a5-5254-9a1d-166624a19a0e","Bukhayo West","bukhayo west","canonical","en","KDA-TRANSCRIPTION-LN14-2012"
"7ed433b3-dbe3-53ad-9794-b91d4741b01d","b165f1d4-37a5-5254-9a1d-166624a19a0e","Bukhayo West ward","bukhayo west ward","common","en","KDA-TRANSCRIPTION-LN14-2012"
"9a24c2fa-fedd-581f-905a-cf172ff0025f","6f04abab-5180-5f6d-90c2-c71f791263ec","Mayenje","mayenje","canonical","en","KDA-TRANSCRIPTION-LN14-2012"
"29cd42a8-4cda-5ddc-81ac-d090de887770","6f04abab-5180-5f6d-90c2-c71f791263ec","Mayenje ward","mayenje ward","common","en","KDA-TRANSCRIPTION-LN14-2012"
"b4e0d91e-3f35-52b0-a6b9-ba671498daa8","cc298205-f3d6-5205-adcd-d0492246ddf2","Matayos South","matayos south","canonical","en","KDA-TRANSCRIPTION-LN14-2012"
"c82d80bf-4161-566c-aff1-02c74c55010e","cc298205-f3d6-5205-adcd-d0492246ddf2","Matayos South ward","matayos south ward","common","en","KDA-TRANSCRIPTION-LN14-2012"
"63d4d46e-c86b-54fe-a8f8-a2ff40878669","501b7823-619b-53b0-be77-2e06815448b3","Busibwabo","busibwabo","canonical","en","KDA-TRANSCRIPTION-LN14-2012"
"29737fab-5277-5061-bb71-0327fd1029e4","501b7823-619b-53b0-be77-2e06815448b3","Busibwabo ward","busibwabo ward","common","en","KDA-TRANSCRIPTION-LN14-2012"
"9b73ce3f-f39c-574d-a9d4-195e9d2da8ad","6694be9b-48b1-5059-8430-6ef92bb50e53","Burumba","burumba","canonical","en","KDA-TRANSCRIPTION-LN14-2012"
"2dccdf1a-f838-5fa5-acad-30778a4dc717","6694be9b-48b1-5059-8430-6ef92bb50e53","Burumba ward","burumba ward","common","en","KDA-TRANSCRIPTION-LN14-2012"
"09445fdc-9803-548d-b35e-6c47694c9b76","b2e0f294-d66e-59bd-bb8b-fc74fa382bd7","Marachi West","marachi west","canonical","en","KDA-TRANSCRIPTION-LN14-2012"
"d2b52c45-21f0-5957-b209-946f50a42e19","b2e0f294-d66e-59bd-bb8b-fc74fa382bd7","Marachi West ward","marachi west ward","common","en","KDA-TRANSCRIPTION-LN14-2012"
"56f1a661-8d39-5b40-a833-dfc2d1cdcb2d","866f73a3-92ab-5c57-b6d3-b6cb1c5c1a01","Kingandole","kingandole","canonical","en","KDA-TRANSCRIPTION-LN14-2012"
"5271dd51-85d2-5928-9b42-8478b5008670","866f73a3-92ab-5c57-b6d3-b6cb1c5c1a01","Kingandole ward","kingandole ward","common","en","KDA-TRANSCRIPTION-LN14-2012"
"4233c9c9-ceea-500e-a487-d75bf289d8c4","caf5dc2c-b320-50fc-80e4-4398808b9511","Marachi Central","marachi central","canonical","en","KDA-TRANSCRIPTION-LN14-2012"
"4dccef33-be55-5367-b3c7-fa2509fc6a7f","caf5dc2c-b320-50fc-80e4-4398808b9511","Marachi Central ward","marachi central ward","common","en","KDA-TRANSCRIPTION-LN14-2012"
"f582e2b8-b0a4-5bf7-9ac9-185bbda4950c","f574ae42-b00d-5866-9df6-76e9f2521d3c","Marachi East","marachi east","canonical","en","KDA-TRANSCRIPTION-LN14-2012"
"745e5589-5585-56d0-8f61-3baab90356c8","f574ae42-b00d-5866-9df6-76e9f2521d3c","Marachi East ward","marachi east ward","common","en","KDA-TRANSCRIPTION-LN14-2012"
"a50cbe57-9547-5566-bf22-381923bbc737","ec36bb03-bf75-54b4-8bd6-d29a4b2e80e8","Marachi North","marachi north","canonical","en","KDA-TRANSCRIPTION-LN14-2012"
"3aead174-9148-581b-9f83-3170165c33de","ec36bb03-bf75-54b4-8bd6-d29a4b2e80e8","Marachi North ward","marachi north ward","common","en","KDA-TRANSCRIPTION-LN14-2012"
"c8ad8e3f-46ba-54d2-992c-0b68d5a6fc96","20af0a81-5952-5e3f-8ea2-578aa28b4e71","Elugulu","elugulu","canonical","en","KDA-TRANSCRIPTION-LN14-2012"
"913aae5e-74a1-5335-947f-ba5ffaac7c74","20af0a81-5952-5e3f-8ea2-578aa28b4e71","Elugulu ward","elugulu ward","common","en","KDA-TRANSCRIPTION-LN14-2012"
"a635675e-0f87-5d90-8349-da872792b92d","84502c2b-745c-582f-9786-f301e73c1d8e","Namboboto Nambuku","namboboto nambuku","canonical","en","KDA-TRANSCRIPTION-LN14-2012"
"ee65411c-6fd6-5c6b-8db5-4f9ba6d7cfe0","84502c2b-745c-582f-9786-f301e73c1d8e","Namboboto Nambuku ward","namboboto nambuku ward","common","en","KDA-TRANSCRIPTION-LN14-2012"
"a089577b-38e0-5d90-aade-3871d56460a7","d1ecf336-334f-5bbb-a47b-55ee28002966","Nangina","nangina","canonical","en","KDA-TRANSCRIPTION-LN14-2012"
"f271b37d-1576-5d97-85f6-db0a51085a4f","d1ecf336-334f-5bbb-a47b-55ee28002966","Nangina ward","nangina ward","common","en","KDA-TRANSCRIPTION-LN14-2012"
"b4b5d36c-9969-5115-9b7f-c57c5b4e51f7","63995536-e211-556b-b07a-6fe9b8b99a32","Ageng'a Nanguba","agenga nanguba","canonical","en","KDA-TRANSCRIPTION-LN14-2012"
"dd0da5d7-1a4c-5735-9618-89beced6b38e","63995536-e211-556b-b07a-6fe9b8b99a32","Ageng'a Nanguba ward","agenga nanguba ward","common","en","KDA-TRANSCRIPTION-LN14-2012"
"462fb556-f192-51d7-a3ae-440823046c1c","ef5ca549-c225-5def-9547-3792b53895d8","Bwiri","bwiri","canonical","en","KDA-TRANSCRIPTION-LN14-2012"
"864791db-2998-5403-a870-b4e1659bb994","ef5ca549-c225-5def-9547-3792b53895d8","Bwiri ward","bwiri ward","common","en","KDA-TRANSCRIPTION-LN14-2012"
"396fa06f-20ea-5736-b2ac-646d88467f75","75d185f9-b156-5b66-b98b-0fbd182a459b","Bunyala Central","bunyala central","canonical","en","KDA-TRANSCRIPTION-LN14-2012"
"880d762f-ff92-5116-924c-26332651df69","75d185f9-b156-5b66-b98b-0fbd182a459b","Bunyala Central ward","bunyala central ward","common","en","KDA-TRANSCRIPTION-LN14-2012"
"b2880097-5391-5a30-84c1-5067cb60a4eb","69fa135e-9028-5cc2-9a5c-1535b8d442a8","Bunyala North","bunyala north","canonical","en","KDA-TRANSCRIPTION-LN14-2012"
"d48b3d82-ff0c-5b33-baa5-b8331fe42c9b","69fa135e-9028-5cc2-9a5c-1535b8d442a8","Bunyala North ward","bunyala north ward","common","en","KDA-TRANSCRIPTION-LN14-2012"
"889d67a7-3366-52a2-93aa-e9e823300bba","2caf1ab3-962d-5706-8bb5-4e724c4fd272","Bunyala West","bunyala west","canonical","en","KDA-TRANSCRIPTION-LN14-2012"
"08fae04e-c93e-574e-95d3-5c342feff75b","2caf1ab3-962d-5706-8bb5-4e724c4fd272","Bunyala West ward","bunyala west ward","common","en","KDA-TRANSCRIPTION-LN14-2012"
"28579dfc-7dee-5c55-b1b2-2d56fab4b4d7","85a66afc-e403-5478-a794-a41cc39faeab","Bunyala South","bunyala south","canonical","en","KDA-TRANSCRIPTION-LN14-2012"
"4c3e28c4-b610-5bef-b004-83ede2b501df","85a66afc-e403-5478-a794-a41cc39faeab","Bunyala South ward","bunyala south ward","common","en","KDA-TRANSCRIPTION-LN14-2012"
"85365272-9964-5987-9cf0-234599c0e8ae","001fccbf-93bd-5237-9f1f-a73b434c3091","West Ugenya","west ugenya","canonical","en","KDA-TRANSCRIPTION-LN14-2012"
"5ff84c48-2e1d-5671-8f9a-3e6eb2e27b44","001fccbf-93bd-5237-9f1f-a73b434c3091","West Ugenya ward","west ugenya ward","common","en","KDA-TRANSCRIPTION-LN14-2012"
"c64dc030-650a-5856-8872-75318ddc44b9","2ae51a86-b15c-57c5-9d48-d378357cc10b","Ukwala","ukwala","canonical","en","KDA-TRANSCRIPTION-LN14-2012"
"e777f87d-d292-5c81-a4c5-48bfbdd8a002","2ae51a86-b15c-57c5-9d48-d378357cc10b","Ukwala ward","ukwala ward","common","en","KDA-TRANSCRIPTION-LN14-2012"
"b7324c45-df29-583a-9396-d3c8a0e67f0d","66f05481-584f-5997-9b93-b6d2d18074e0","North Ugenya","north ugenya","canonical","en","KDA-TRANSCRIPTION-LN14-2012"
"6ea3a363-db15-5c04-9580-489f70cf4529","66f05481-584f-5997-9b93-b6d2d18074e0","North Ugenya ward","north ugenya ward","common","en","KDA-TRANSCRIPTION-LN14-2012"
"7d99dccc-f2d4-5eaf-ac93-cfd7749e5ab6","c0530279-2543-589c-a8c8-1176b75a1db8","East Ugenya","east ugenya","canonical","en","KDA-TRANSCRIPTION-LN14-2012"
"c64c39ea-0c8a-5d85-93ec-2384d0592f71","c0530279-2543-589c-a8c8-1176b75a1db8","East Ugenya ward","east ugenya ward","common","en","KDA-TRANSCRIPTION-LN14-2012"
"529559e5-eb0f-5daa-acd8-2f63a860e726","5b2f4d36-af08-5443-a901-55dbf5cbe359","Sidindi","sidindi","canonical","en","KDA-TRANSCRIPTION-LN14-2012"
"6650491b-1dca-5177-b785-5c0615e653e8","5b2f4d36-af08-5443-a901-55dbf5cbe359","Sidindi ward","sidindi ward","common","en","KDA-TRANSCRIPTION-LN14-2012"
"ca144aa4-6b96-5795-a8d0-10b6eaf292ab","b5fe2462-ca1a-595f-b1f3-e00fc1e244ef","Sigomere","sigomere","canonical","en","KDA-TRANSCRIPTION-LN14-2012"
"38f8719e-7ab4-5935-8a95-6abedb87e976","b5fe2462-ca1a-595f-b1f3-e00fc1e244ef","Sigomere ward","sigomere ward","common","en","KDA-TRANSCRIPTION-LN14-2012"
"de702ae7-989c-5179-ab05-83ef406aa92c","855732bc-9751-5ea0-b568-1f7222fb7f7a","Ugunja","ugunja","canonical","en","KDA-TRANSCRIPTION-LN14-2012"
"fbe65f13-a667-544b-aafb-631fb775bece","855732bc-9751-5ea0-b568-1f7222fb7f7a","Ugunja ward","ugunja ward","common","en","KDA-TRANSCRIPTION-LN14-2012"
"a52e92e4-6cdf-5c07-8856-77366a32d36c","0a14c041-400e-540a-a312-630c8668d90f","Usonga","usonga","canonical","en","KDA-TRANSCRIPTION-LN14-2012"
"207eca5b-2829-5092-8d3a-1b9dff7643b5","0a14c041-400e-540a-a312-630c8668d90f","Usonga ward","usonga ward","common","en","KDA-TRANSCRIPTION-LN14-2012"
"5c5d0a8a-6ec6-5c62-8023-38cf29f388f6","1297c869-9bef-55d1-849a-2f6249d53be5","West Alego","west alego","canonical","en","KDA-TRANSCRIPTION-LN14-2012"
"a941cb5c-6b82-5b3b-bb84-71ce55c4af0e","1297c869-9bef-55d1-849a-2f6249d53be5","West Alego ward","west alego ward","common","en","KDA-TRANSCRIPTION-LN14-2012"
"c44269b9-b2df-5725-a8f3-21d1317be818","09b47351-4360-5d12-aabc-4a600da66277","Central Alego","central alego","canonical","en","KDA-TRANSCRIPTION-LN14-2012"
"e4c4fd35-4cc8-5eff-8cd2-667cf2048057","09b47351-4360-5d12-aabc-4a600da66277","Central Alego ward","central alego ward","common","en","KDA-TRANSCRIPTION-LN14-2012"
"c4791a94-aebd-5054-938a-a247e52cfc3f","c99a5a36-99fa-5379-a58f-6c35795ab069","Siaya Township","siaya township","canonical","en","KDA-TRANSCRIPTION-LN14-2012"
"f337cc60-0458-5284-b60d-7f50bee22b5c","c99a5a36-99fa-5379-a58f-6c35795ab069","Siaya Township ward","siaya township ward","common","en","KDA-TRANSCRIPTION-LN14-2012"
"1a6f1804-2119-5f6e-a0b6-d0946c53fe7f","dcd18776-0135-5dcb-81f6-16cba9dca039","North Alego","north alego","canonical","en","KDA-TRANSCRIPTION-LN14-2012"
"152db712-da3e-50b7-a438-36b32da3878a","dcd18776-0135-5dcb-81f6-16cba9dca039","North Alego ward","north alego ward","common","en","KDA-TRANSCRIPTION-LN14-2012"
"d4d28f87-f48b-52fc-acad-a23abae3c950","e6dc515b-41d8-556d-8fc3-b8ab989e48d3","South East Alego","south east alego","canonical","en","KDA-TRANSCRIPTION-LN14-2012"
"6ba697f7-3b74-5c23-93a8-83357a72034c","e6dc515b-41d8-556d-8fc3-b8ab989e48d3","South East Alego ward","south east alego ward","common","en","KDA-TRANSCRIPTION-LN14-2012"
"703df4c9-c387-5922-8c49-618ea1da6027","cbcd9581-99b8-5c3e-935f-79fc5baa6ebe","North Gem","north gem","canonical","en","KDA-TRANSCRIPTION-LN14-2012"
"d61f9a12-75db-56c0-bd60-4467531d180b","cbcd9581-99b8-5c3e-935f-79fc5baa6ebe","North Gem ward","north gem ward","common","en","KDA-TRANSCRIPTION-LN14-2012"
"154e2925-d0a5-50b2-aeef-81d126a137cc","c608d66a-ac0a-5184-9722-12081b900048","West Gem","west gem","canonical","en","KDA-TRANSCRIPTION-LN14-2012"
"1a1e6857-788f-55d3-9016-d0752ac6db95","c608d66a-ac0a-5184-9722-12081b900048","West Gem ward","west gem ward","common","en","KDA-TRANSCRIPTION-LN14-2012"
"d714efdd-ebd6-51cc-ae9f-a16e59f64f02","a24e928e-e77c-57ed-b255-cdfb52f349e6","Central Gem","central gem","canonical","en","KDA-TRANSCRIPTION-LN14-2012"
"59cdf043-7c89-5b73-bcf6-7a456c926941","a24e928e-e77c-57ed-b255-cdfb52f349e6","Central Gem ward","central gem ward","common","en","KDA-TRANSCRIPTION-LN14-2012"
"3afa70af-41a1-5ef2-9015-dc1fa780375e","c69ae7bb-2049-5d9d-b45d-3a3d6ead4a63","Yala Township","yala township","canonical","en","KDA-TRANSCRIPTION-LN14-2012"
"b0267d1d-8650-5ba4-9bf4-0ccf0c7addb8","c69ae7bb-2049-5d9d-b45d-3a3d6ead4a63","Yala Township ward","yala township ward","common","en","KDA-TRANSCRIPTION-LN14-2012"
"90d31497-61dd-53fb-9837-e81822df17b3","6ac32404-26ea-5ba5-9214-11c7745a3422","East Gem","east gem","canonical","en","KDA-TRANSCRIPTION-LN14-2012"
"e54c2f83-061a-5654-9c90-309a4e99c7d5","6ac32404-26ea-5ba5-9214-11c7745a3422","East Gem ward","east gem ward","common","en","KDA-TRANSCRIPTION-LN14-2012"
"b990aebc-715c-5d65-ae1a-7d402e4e8063","1c280332-23ec-5b99-b315-832590a39d3a","South Gem","south gem","canonical","en","KDA-TRANSCRIPTION-LN14-2012"
"e9ec80d6-9163-5b8d-b764-17ca712233e3","1c280332-23ec-5b99-b315-832590a39d3a","South Gem ward","south gem ward","common","en","KDA-TRANSCRIPTION-LN14-2012"
"11791e3a-faff-5d47-838e-9ed50630b127","371e60da-2613-52c5-9c0b-4d3278b6d8b9","West Yimbo","west yimbo","canonical","en","KDA-TRANSCRIPTION-LN14-2012"
"ccca2646-c583-58d5-9980-1861f0246b56","371e60da-2613-52c5-9c0b-4d3278b6d8b9","West Yimbo ward","west yimbo ward","common","en","KDA-TRANSCRIPTION-LN14-2012"
"0a20ceb9-2bc4-531d-a153-fe5b0f04f1d7","4b755595-f9c7-596a-9994-23d83644b572","Central Sakwa","central sakwa","canonical","en","KDA-TRANSCRIPTION-LN14-2012"
"8911675c-1807-590c-979e-6aba2877af94","4b755595-f9c7-596a-9994-23d83644b572","Central Sakwa ward","central sakwa ward","common","en","KDA-TRANSCRIPTION-LN14-2012"
"3c25a286-37c9-55b9-8573-7ca6c890c168","68a38788-05be-5f9b-a63d-616f861aa8ba","South Sakwa","south sakwa","canonical","en","KDA-TRANSCRIPTION-LN14-2012"
"a931d3c1-d776-540c-91bb-051d236e6e95","68a38788-05be-5f9b-a63d-616f861aa8ba","South Sakwa ward","south sakwa ward","common","en","KDA-TRANSCRIPTION-LN14-2012"
"8994bb80-6f32-5154-af58-247626ffd1be","5ded7ea1-22d0-5bc9-9a73-dd682cbcb52c","Yimbo East","yimbo east","canonical","en","KDA-TRANSCRIPTION-LN14-2012"
"6bc31c00-bab7-566e-b8fb-39dfa9056ce2","5ded7ea1-22d0-5bc9-9a73-dd682cbcb52c","Yimbo East ward","yimbo east ward","common","en","KDA-TRANSCRIPTION-LN14-2012"
"3ae26883-de32-50d7-aa29-4a1c965a3d1c","597bf2c3-6f5f-5f99-898b-9fa1861f7465","West Sakwa","west sakwa","canonical","en","KDA-TRANSCRIPTION-LN14-2012"
"2a854d48-404d-5c89-b27d-4d3f6eab0f95","597bf2c3-6f5f-5f99-898b-9fa1861f7465","West Sakwa ward","west sakwa ward","common","en","KDA-TRANSCRIPTION-LN14-2012"
"e71beed4-b260-587e-b047-1d200be87f72","74daa306-a547-506e-a778-1b6f733f1464","North Sakwa","north sakwa","canonical","en","KDA-TRANSCRIPTION-LN14-2012"
"41487a7f-4031-5fb8-9a0b-0295f9497230","74daa306-a547-506e-a778-1b6f733f1464","North Sakwa ward","north sakwa ward","common","en","KDA-TRANSCRIPTION-LN14-2012"
"81235df1-39ee-5d65-a389-fc7d106494d2","f31bd862-5951-5b3c-ae5d-5256ae4da317","East Asembo","east asembo","canonical","en","KDA-TRANSCRIPTION-LN14-2012"
"d0048ad8-75e3-5e6f-87cd-9e5d6fb40c28","f31bd862-5951-5b3c-ae5d-5256ae4da317","East Asembo ward","east asembo ward","common","en","KDA-TRANSCRIPTION-LN14-2012"
"89942941-6c61-5944-a0bf-ec42e7af5a17","cc177fda-2b3d-5c01-af56-49544bfc9fb3","West Asembo","west asembo","canonical","en","KDA-TRANSCRIPTION-LN14-2012"
"d8c63c8c-11a5-5095-a948-0bbd0082ea07","cc177fda-2b3d-5c01-af56-49544bfc9fb3","West Asembo ward","west asembo ward","common","en","KDA-TRANSCRIPTION-LN14-2012"
"e305b263-3f2f-5992-a334-78b4534a2337","5dd92213-55c0-5cc6-b149-8555096f8903","North Uyoma","north uyoma","canonical","en","KDA-TRANSCRIPTION-LN14-2012"
"17a9aa82-cb42-5a52-891c-365964725089","5dd92213-55c0-5cc6-b149-8555096f8903","North Uyoma ward","north uyoma ward","common","en","KDA-TRANSCRIPTION-LN14-2012"
"2bb2f4f4-6406-56d8-bc4f-17139ef2edda","9d1f7614-a138-5b70-81a0-476ebe6ab0fd","South Uyoma","south uyoma","canonical","en","KDA-TRANSCRIPTION-LN14-2012"
"09e35057-5be6-5e33-86bc-baac4f05242e","9d1f7614-a138-5b70-81a0-476ebe6ab0fd","South Uyoma ward","south uyoma ward","common","en","KDA-TRANSCRIPTION-LN14-2012"
"99b4c801-969e-5714-b8e5-a9cdf115e437","eee1fbb3-0a10-52d5-8e64-89f687e30cf3","West Uyoma","west uyoma","canonical","en","KDA-TRANSCRIPTION-LN14-2012"
"234a257b-9d41-5168-9c3a-ed69dcebc36b","eee1fbb3-0a10-52d5-8e64-89f687e30cf3","West Uyoma ward","west uyoma ward","common","en","KDA-TRANSCRIPTION-LN14-2012"
"f646084a-dfb0-54ce-a83b-50da8e4e26f2","308c76be-28cb-551b-a41c-1cf72bdabbe4","Kajulu","kajulu","canonical","en","KDA-TRANSCRIPTION-LN14-2012"
"7a8a90fc-16d7-57c2-8ead-a58b83048033","308c76be-28cb-551b-a41c-1cf72bdabbe4","Kajulu ward","kajulu ward","common","en","KDA-TRANSCRIPTION-LN14-2012"
"dbfb0074-0e52-5df6-8cc6-b1e05863df79","955302b6-91fc-58fd-aae4-f8bf73d77fa3","Kolwa East","kolwa east","canonical","en","KDA-TRANSCRIPTION-LN14-2012"
"9f3316c1-5b9c-5314-9faa-008a6db2d2a3","955302b6-91fc-58fd-aae4-f8bf73d77fa3","Kolwa East ward","kolwa east ward","common","en","KDA-TRANSCRIPTION-LN14-2012"
"c021eff8-a634-52b2-8995-390cf1be6af4","54573994-d1df-5c78-af87-5544c86a14e9","Manyatta 'b'","manyatta b","canonical","en","KDA-TRANSCRIPTION-LN14-2012"
"39e189c5-d260-53a4-86c0-9b86e58b8994","54573994-d1df-5c78-af87-5544c86a14e9","Manyatta 'b' ward","manyatta b ward","common","en","KDA-TRANSCRIPTION-LN14-2012"
"f8bd7894-bccb-5595-a2ec-12c033744c9c","1a49e051-478f-5ba0-8c17-475254de0f1b","Nyalenda 'a'","nyalenda a","canonical","en","KDA-TRANSCRIPTION-LN14-2012"
"db672b07-885f-58c1-a15d-b405df1e8d87","1a49e051-478f-5ba0-8c17-475254de0f1b","Nyalenda 'a' ward","nyalenda a ward","common","en","KDA-TRANSCRIPTION-LN14-2012"
"d49148d6-ca6d-5328-b0a7-1f82c39c9e75","92687a77-db82-5ff6-8e96-960dfc25cb42","Kolwa Central","kolwa central","canonical","en","KDA-TRANSCRIPTION-LN14-2012"
"5d107ad9-ce2c-54bc-917b-b2901d02efcc","92687a77-db82-5ff6-8e96-960dfc25cb42","Kolwa Central ward","kolwa central ward","common","en","KDA-TRANSCRIPTION-LN14-2012"
"2de69e1d-3b7c-5a29-b65f-51e928daf2a0","040d9bce-643d-5526-825b-cde17e1cba0c","South West Kisumu","south west kisumu","canonical","en","KDA-TRANSCRIPTION-LN14-2012"
"7228c03d-72b7-536d-8d30-434f93b4fc39","040d9bce-643d-5526-825b-cde17e1cba0c","South West Kisumu ward","south west kisumu ward","common","en","KDA-TRANSCRIPTION-LN14-2012"
"0ede6f6b-e220-5265-9288-8ccd679f3c44","08cea51b-8bb1-5959-b8da-7db28325127e","Central Kisumu","central kisumu","canonical","en","KDA-TRANSCRIPTION-LN14-2012"
"b8437e14-a01c-53ad-8e80-a7c1fddf1ac7","08cea51b-8bb1-5959-b8da-7db28325127e","Central Kisumu ward","central kisumu ward","common","en","KDA-TRANSCRIPTION-LN14-2012"
"54685c34-a9ca-5b31-b946-a466162cc4df","8a1a9f5d-754f-526a-b5c4-dfff819e864f","Kisumu North","kisumu north","canonical","en","KDA-TRANSCRIPTION-LN14-2012"
"458ff8b4-933e-5931-a799-4dfe4c26b6fa","8a1a9f5d-754f-526a-b5c4-dfff819e864f","Kisumu North ward","kisumu north ward","common","en","KDA-TRANSCRIPTION-LN14-2012"
"6db7fcd0-9288-5f1c-a8df-bb38d8352a70","29ccca50-c4b9-58ea-9af9-b0b50834ed54","West Kisumu","west kisumu","canonical","en","KDA-TRANSCRIPTION-LN14-2012"
"c8e2adcb-13c9-57aa-af89-1f9401a637ec","29ccca50-c4b9-58ea-9af9-b0b50834ed54","West Kisumu ward","west kisumu ward","common","en","KDA-TRANSCRIPTION-LN14-2012"
"6765f1d5-d9cc-5e95-8994-b298513de87b","0621e79b-3a18-5e5a-ab17-b340e426bcae","North West Kisumu","north west kisumu","canonical","en","KDA-TRANSCRIPTION-LN14-2012"
"602d8993-2d95-5f66-b09c-60a8ce9cfd95","0621e79b-3a18-5e5a-ab17-b340e426bcae","North West Kisumu ward","north west kisumu ward","common","en","KDA-TRANSCRIPTION-LN14-2012"
"5a868a4d-fa7b-54a5-ae43-471546a89420","c0a4db23-3ae3-5421-abfe-07580c0890cc","Railways","railways","canonical","en","KDA-TRANSCRIPTION-LN14-2012"
"0dc2319c-55e7-593b-b1a2-7390dd704e06","c0a4db23-3ae3-5421-abfe-07580c0890cc","Railways ward","railways ward","common","en","KDA-TRANSCRIPTION-LN14-2012"
"9c90c9f3-ae90-59b8-a5db-c6cddf307dac","51d261ac-6c5a-5899-b69f-23b2edbd29c3","Migosi","migosi","canonical","en","KDA-TRANSCRIPTION-LN14-2012"
"5bdb94f7-41a5-5d42-b273-68500ddbc427","51d261ac-6c5a-5899-b69f-23b2edbd29c3","Migosi ward","migosi ward","common","en","KDA-TRANSCRIPTION-LN14-2012"
"87db70e9-eb17-5406-86c9-3cfa9cef29cc","77d62776-7395-5392-9b41-a9518a1db795","Shaurimoyo Kaloleni","shaurimoyo kaloleni","canonical","en","KDA-TRANSCRIPTION-LN14-2012"
"7c84d182-4c62-514e-9a46-c9f015f5f744","77d62776-7395-5392-9b41-a9518a1db795","Shaurimoyo Kaloleni ward","shaurimoyo kaloleni ward","common","en","KDA-TRANSCRIPTION-LN14-2012"
"66f8f0d2-8e9d-5db0-b3cf-ff62b60887a3","590370dd-8ef9-5ebc-9f79-3b32b270ce82","Market Milimani","market milimani","canonical","en","KDA-TRANSCRIPTION-LN14-2012"
"0f465a41-d726-554d-a88e-19f79f4b4ae5","590370dd-8ef9-5ebc-9f79-3b32b270ce82","Market Milimani ward","market milimani ward","common","en","KDA-TRANSCRIPTION-LN14-2012"
"6f420da8-09f9-5c94-bad2-2795f014750f","0a987da8-ac3a-5c27-8043-61727e7c09c9","Kondele","kondele","canonical","en","KDA-TRANSCRIPTION-LN14-2012"
"afa26a23-c17d-5de4-84f8-ca686cce0d1e","0a987da8-ac3a-5c27-8043-61727e7c09c9","Kondele ward","kondele ward","common","en","KDA-TRANSCRIPTION-LN14-2012"
"c52194c6-7c62-5b5b-9c0a-bf8a9d565de4","d96cd94c-a404-58d9-a699-814955bbeb94","Nyalenda B","nyalenda b","canonical","en","KDA-TRANSCRIPTION-LN14-2012"
"729ab557-cd9b-5369-a0bf-c03bb80c6a14","d96cd94c-a404-58d9-a699-814955bbeb94","Nyalenda B ward","nyalenda b ward","common","en","KDA-TRANSCRIPTION-LN14-2012"
"9a0df6ae-a28f-5292-bf56-9eacbf2acf3d","7df05a5e-0fc2-5c34-8360-2a7c98423175","West Seme","west seme","canonical","en","KDA-TRANSCRIPTION-LN14-2012"
"e19be976-e37d-5c5c-8f02-e079c03f815e","7df05a5e-0fc2-5c34-8360-2a7c98423175","West Seme ward","west seme ward","common","en","KDA-TRANSCRIPTION-LN14-2012"
"55d176a7-ceed-5ac6-a306-7594da9fa1a2","432f73d4-4e49-5c92-87a8-fe742d1e1b5e","Central Seme","central seme","canonical","en","KDA-TRANSCRIPTION-LN14-2012"
"6ec52eef-531c-5def-9548-984b3176da7f","432f73d4-4e49-5c92-87a8-fe742d1e1b5e","Central Seme ward","central seme ward","common","en","KDA-TRANSCRIPTION-LN14-2012"
"f4b3a976-475d-5846-8d46-71801cb91d07","4197d14a-0091-582f-b80d-37b6fe90633c","East Seme","east seme","canonical","en","KDA-TRANSCRIPTION-LN14-2012"
"367b8d4a-43b8-55f8-859b-bcb11ad339f9","4197d14a-0091-582f-b80d-37b6fe90633c","East Seme ward","east seme ward","common","en","KDA-TRANSCRIPTION-LN14-2012"
"dae0c1d0-143e-56f3-8b89-458f0c223928","364a9a70-2b05-5f8c-b43f-0012035a75ec","North Seme","north seme","canonical","en","KDA-TRANSCRIPTION-LN14-2012"
"695346fd-b9c0-5b0a-8569-ee8ad7469874","364a9a70-2b05-5f8c-b43f-0012035a75ec","North Seme ward","north seme ward","common","en","KDA-TRANSCRIPTION-LN14-2012"
"94bae5d6-56f2-59ad-acd2-419e1fec695e","4b6140ba-df4d-55fe-85df-0dedadf11635","East Kano/Wawidhi","east kano wawidhi","canonical","en","KDA-TRANSCRIPTION-LN14-2012"
"0f2b8c99-fecc-5ab2-bbac-8da1b6bfe925","4b6140ba-df4d-55fe-85df-0dedadf11635","East Kano/Wawidhi ward","east kano wawidhi ward","common","en","KDA-TRANSCRIPTION-LN14-2012"
"a10c6804-1b86-5025-aa8b-929ed535a2ce","ca3047db-2397-5b6c-bcab-3fcac856d965","Awasi/Onjiko","awasi onjiko","canonical","en","KDA-TRANSCRIPTION-LN14-2012"
"642be7a9-53c3-5daa-802f-2f2affb4d8c4","ca3047db-2397-5b6c-bcab-3fcac856d965","Awasi/Onjiko ward","awasi onjiko ward","common","en","KDA-TRANSCRIPTION-LN14-2012"
"74d991b1-38dd-57e4-9ea0-3f7720af18b8","cd89abd0-fe2f-5ae7-b659-a2d15eaccbe4","Ahero","ahero","canonical","en","KDA-TRANSCRIPTION-LN14-2012"
"2391d5fb-9f3d-5da4-b05b-2ad8af4b0c4e","cd89abd0-fe2f-5ae7-b659-a2d15eaccbe4","Ahero ward","ahero ward","common","en","KDA-TRANSCRIPTION-LN14-2012"
"ad3e1cb6-c388-5834-9148-5d20cc327e1e","48969940-041a-588a-8520-f62bc56f32ec","Kabonyo/Kanyagwal","kabonyo kanyagwal","canonical","en","KDA-TRANSCRIPTION-LN14-2012"
"c2812087-fd7e-5d19-a04a-a488204d13b7","48969940-041a-588a-8520-f62bc56f32ec","Kabonyo/Kanyagwal ward","kabonyo kanyagwal ward","common","en","KDA-TRANSCRIPTION-LN14-2012"
"178707a9-2bb4-5e58-921f-c9e6b3193b44","4ef32578-b3d6-5cf0-8365-f0c7e29f4ae1","Kobura","kobura","canonical","en","KDA-TRANSCRIPTION-LN14-2012"
"3a477ef6-fac7-5284-b005-f2d0ecd5e42d","4ef32578-b3d6-5cf0-8365-f0c7e29f4ae1","Kobura ward","kobura ward","common","en","KDA-TRANSCRIPTION-LN14-2012"
"dd687bfc-aa20-5c6d-9dc1-e5bf05af6795","35c9ace8-4986-580b-b96f-e089deb523cf","Miwani","miwani","canonical","en","KDA-TRANSCRIPTION-LN14-2012"
"18266dbf-3358-5306-896c-162bd45ebb27","35c9ace8-4986-580b-b96f-e089deb523cf","Miwani ward","miwani ward","common","en","KDA-TRANSCRIPTION-LN14-2012"
"95d03e12-e13c-500a-909d-8d68fdb0e47b","59467c68-7dd4-5f22-97eb-3b1701427c1b","Ombeyi","ombeyi","canonical","en","KDA-TRANSCRIPTION-LN14-2012"
"20200cfd-9443-5be0-aa97-728005930f55","59467c68-7dd4-5f22-97eb-3b1701427c1b","Ombeyi ward","ombeyi ward","common","en","KDA-TRANSCRIPTION-LN14-2012"
"c23486b5-7274-547a-9c62-298b9445a86b","863c3ccf-e0c1-5602-ac25-b9343587ced4","Masogo/Nyang'oma","masogo nyangoma","canonical","en","KDA-TRANSCRIPTION-LN14-2012"
"72f15d04-7f0a-5afc-a650-b68366202139","863c3ccf-e0c1-5602-ac25-b9343587ced4","Masogo/Nyang'oma ward","masogo nyangoma ward","common","en","KDA-TRANSCRIPTION-LN14-2012"
"9a58b2ac-3c77-5a53-b224-7455758c7ce0","e22f4908-a6da-587b-a5d8-be82afee653a","Chemelil","chemelil","canonical","en","KDA-TRANSCRIPTION-LN14-2012"
"53c0fe24-f14a-53fd-8370-8c330cae23ae","e22f4908-a6da-587b-a5d8-be82afee653a","Chemelil ward","chemelil ward","common","en","KDA-TRANSCRIPTION-LN14-2012"
"77bd2115-6ab4-5f80-9ab6-a8d4e26ee6f2","da8ad8eb-9d47-58d5-a668-d2bf59ed7080","Muhoroni/Koru","muhoroni koru","canonical","en","KDA-TRANSCRIPTION-LN14-2012"
"d8a3f915-ce5e-528d-b7f3-a4e93f862cb8","da8ad8eb-9d47-58d5-a668-d2bf59ed7080","Muhoroni/Koru ward","muhoroni koru ward","common","en","KDA-TRANSCRIPTION-LN14-2012"
"45178e7c-2ff0-504c-b6b9-fb3c0b2fb733","88e4391c-cb15-57f2-9fd8-37c99b61276d","South West Nyakach","south west nyakach","canonical","en","KDA-TRANSCRIPTION-LN14-2012"
"5025abb8-8240-504f-811d-48aafef62d37","88e4391c-cb15-57f2-9fd8-37c99b61276d","South West Nyakach ward","south west nyakach ward","common","en","KDA-TRANSCRIPTION-LN14-2012"
"2e4928ba-0f3b-528a-810e-458331f11c3d","d085b227-4bbb-526d-b50b-4387d9ab937e","North Nyakach","north nyakach","canonical","en","KDA-TRANSCRIPTION-LN14-2012"
"8362a34a-5958-5443-b0a2-58360aba3f3a","d085b227-4bbb-526d-b50b-4387d9ab937e","North Nyakach ward","north nyakach ward","common","en","KDA-TRANSCRIPTION-LN14-2012"
"d2e26914-b2c7-5238-b4cd-9b92c8236f24","985fea5b-6f8a-567a-891c-0f6e41f43631","Central Nyakach","central nyakach","canonical","en","KDA-TRANSCRIPTION-LN14-2012"
"0ad77273-77ee-55c1-b2b9-75c016401a4a","985fea5b-6f8a-567a-891c-0f6e41f43631","Central Nyakach ward","central nyakach ward","common","en","KDA-TRANSCRIPTION-LN14-2012"
"d2ddc92d-e6cc-51b5-8973-b3d0a864b7cb","590361ba-e06e-5bea-91ac-84be32077925","West Nyakach","west nyakach","canonical","en","KDA-TRANSCRIPTION-LN14-2012"
"4e4a257d-1e2c-5cb5-86f6-e18389bde2f3","590361ba-e06e-5bea-91ac-84be32077925","West Nyakach ward","west nyakach ward","common","en","KDA-TRANSCRIPTION-LN14-2012"
"9b799772-cd74-530d-ae3c-2be8d78361ce","b6c0b87c-31b3-53d3-b596-0f45e399f713","South East Nyakach","south east nyakach","canonical","en","KDA-TRANSCRIPTION-LN14-2012"
"644d1b05-d12f-534b-81e8-f971fadfeb6f","b6c0b87c-31b3-53d3-b596-0f45e399f713","South East Nyakach ward","south east nyakach ward","common","en","KDA-TRANSCRIPTION-LN14-2012"
"a893b0b1-35b8-5e8a-b839-e5236e3fd05a","877156f4-95aa-5579-ba2b-012c94dcd661","West Kasipul","west kasipul","canonical","en","KDA-TRANSCRIPTION-LN14-2012"
"dea7871f-fd31-5685-a1b4-ec923cef64e1","877156f4-95aa-5579-ba2b-012c94dcd661","West Kasipul ward","west kasipul ward","common","en","KDA-TRANSCRIPTION-LN14-2012"
"b278e65b-1e13-5d34-abf9-a7594c7fcc60","947db8de-515a-5901-bbf2-6aa31f36abe8","South Kasipul","south kasipul","canonical","en","KDA-TRANSCRIPTION-LN14-2012"
"84b6a9e1-9f03-5555-8b95-4288f6ff157b","947db8de-515a-5901-bbf2-6aa31f36abe8","South Kasipul ward","south kasipul ward","common","en","KDA-TRANSCRIPTION-LN14-2012"
"bcd1c7e6-7d2d-5e32-baa9-a084f351d36a","a8c2b00a-b6a7-5a87-978d-49f3999f3344","Central Kasipul","central kasipul","canonical","en","KDA-TRANSCRIPTION-LN14-2012"
"980574f6-97a5-5ad3-be36-1a5d34b1c705","a8c2b00a-b6a7-5a87-978d-49f3999f3344","Central Kasipul ward","central kasipul ward","common","en","KDA-TRANSCRIPTION-LN14-2012"
"509edcba-8188-54d8-9b6a-e3f5a0b56ae3","e4d91ced-c3d7-5ae1-86bb-bc4af055c4b7","East Kamagak","east kamagak","canonical","en","KDA-TRANSCRIPTION-LN14-2012"
"e07fbcb4-0b28-5020-a68e-e1d7bd23ed48","e4d91ced-c3d7-5ae1-86bb-bc4af055c4b7","East Kamagak ward","east kamagak ward","common","en","KDA-TRANSCRIPTION-LN14-2012"
"8c65b4cf-b14b-5324-98c8-75dc82255ce4","62ee4e87-20fa-5d83-9b8b-80766fea940f","West Kamagak","west kamagak","canonical","en","KDA-TRANSCRIPTION-LN14-2012"
"f409c516-0cb5-5943-8dad-9e6397a3cf1a","62ee4e87-20fa-5d83-9b8b-80766fea940f","West Kamagak ward","west kamagak ward","common","en","KDA-TRANSCRIPTION-LN14-2012"
"342ae630-556f-572b-beda-3ae515457f9d","336edd8f-016f-5a8b-91e0-aecd5283745f","Kabondo East","kabondo east","canonical","en","KDA-TRANSCRIPTION-LN14-2012"
"15e11876-6b63-5d28-ad30-023d7ad1218a","336edd8f-016f-5a8b-91e0-aecd5283745f","Kabondo East ward","kabondo east ward","common","en","KDA-TRANSCRIPTION-LN14-2012"
"a77d685c-df3f-598b-be97-1f2976e6293b","0e575221-0b96-5698-80d7-164eb25c7677","Kabondo West","kabondo west","canonical","en","KDA-TRANSCRIPTION-LN14-2012"
"b723d66c-62cb-5c51-a16f-6d3610b17e96","0e575221-0b96-5698-80d7-164eb25c7677","Kabondo West ward","kabondo west ward","common","en","KDA-TRANSCRIPTION-LN14-2012"
"4f780c26-6a62-53be-a22a-b21005346be0","a90c56b9-5939-520b-a9f1-778f7fc1e8d2","Kokwanyo/Kakelo","kokwanyo kakelo","canonical","en","KDA-TRANSCRIPTION-LN14-2012"
"65024ff3-a126-5b20-9634-a73221f18684","a90c56b9-5939-520b-a9f1-778f7fc1e8d2","Kokwanyo/Kakelo ward","kokwanyo kakelo ward","common","en","KDA-TRANSCRIPTION-LN14-2012"
"a8f7f7d6-53d8-591f-832b-fc2f272265c3","6290f953-79f2-5efa-906b-8e6f9cbb6e76","Kojwach","kojwach","canonical","en","KDA-TRANSCRIPTION-LN14-2012"
"65e2cb65-bda3-5eee-bf88-b6df83ad6f4e","6290f953-79f2-5efa-906b-8e6f9cbb6e76","Kojwach ward","kojwach ward","common","en","KDA-TRANSCRIPTION-LN14-2012"
"c4b16975-31bd-5c80-8650-d615f68a230f","a15a277b-201f-5c85-a067-9f6026a819a7","West Karachuonyo","west karachuonyo","canonical","en","KDA-TRANSCRIPTION-LN14-2012"
"3bc2c474-26f2-57ca-8065-f929b1a0af05","a15a277b-201f-5c85-a067-9f6026a819a7","West Karachuonyo ward","west karachuonyo ward","common","en","KDA-TRANSCRIPTION-LN14-2012"
"c2215e24-baa5-52cd-9a86-54761ccc3a49","9afd9fb6-2033-54e8-b2ef-c3b959f9c03e","North Karachuonyo","north karachuonyo","canonical","en","KDA-TRANSCRIPTION-LN14-2012"
"6f9ec560-04f6-5379-b9a9-0663a09a47e2","9afd9fb6-2033-54e8-b2ef-c3b959f9c03e","North Karachuonyo ward","north karachuonyo ward","common","en","KDA-TRANSCRIPTION-LN14-2012"
"b0c34510-008d-5fc0-9c05-24b92ff74aad","097f5247-7995-5588-a521-87aaf5627b65","Central","central","canonical","en","KDA-TRANSCRIPTION-LN14-2012"
"a288deba-273f-542d-b4fe-efca1a9478f3","097f5247-7995-5588-a521-87aaf5627b65","Central ward","central ward","common","en","KDA-TRANSCRIPTION-LN14-2012"
"6d233e6e-1718-55cb-bb8b-5f2638676bb9","3bf3a052-037b-5e55-a0a0-fb7e0c9d5145","Kanyaluo","kanyaluo","canonical","en","KDA-TRANSCRIPTION-LN14-2012"
"5bdaae6b-63f8-5d94-9587-4cc3a05d99bb","3bf3a052-037b-5e55-a0a0-fb7e0c9d5145","Kanyaluo ward","kanyaluo ward","common","en","KDA-TRANSCRIPTION-LN14-2012"
"45f1d2cd-b74a-55d5-a9b3-ff626d8b20a7","cb592253-97e3-5c36-a0e0-e695077f9c1f","Kibiri","kibiri","canonical","en","KDA-TRANSCRIPTION-LN14-2012"
"5705cfce-1c7a-5d47-abae-f6406d38ea19","cb592253-97e3-5c36-a0e0-e695077f9c1f","Kibiri ward","kibiri ward","common","en","KDA-TRANSCRIPTION-LN14-2012"
"3f7e4dde-900a-5253-9d30-05f125a6d7cd","5f9c1141-bfac-57e3-9efd-637317df3b13","Wangchieng","wangchieng","canonical","en","KDA-TRANSCRIPTION-LN14-2012"
"fc6d85b4-239a-540a-9a9a-6c4cc0632d62","5f9c1141-bfac-57e3-9efd-637317df3b13","Wangchieng ward","wangchieng ward","common","en","KDA-TRANSCRIPTION-LN14-2012"
"22671bb2-1538-5c72-a6a8-d00b19e90807","15ea1ecf-a1be-5a75-a9a8-f8c0211667ab","Kendu Bay Town","kendu bay town","canonical","en","KDA-TRANSCRIPTION-LN14-2012"
"3a4367cd-d886-5b0a-989f-8dc14b64420d","15ea1ecf-a1be-5a75-a9a8-f8c0211667ab","Kendu Bay Town ward","kendu bay town ward","common","en","KDA-TRANSCRIPTION-LN14-2012"
"0e4d84ef-8ab4-5e0f-baf9-2117f114d14d","b9499f26-df29-518f-a7c0-afe5813fad86","West Gem","west gem","canonical","en","KDA-TRANSCRIPTION-LN14-2012"
"d631e45e-9cc3-59d6-901c-c89cd699e7ee","b9499f26-df29-518f-a7c0-afe5813fad86","West Gem ward","west gem ward","common","en","KDA-TRANSCRIPTION-LN14-2012"
"7646b296-9d30-57ad-b380-548e817a4654","7b52d214-7205-5b3f-90d7-19386a19535f","East Gem","east gem","canonical","en","KDA-TRANSCRIPTION-LN14-2012"
"22b57bbf-6319-513e-9bc8-3adaeb20191d","7b52d214-7205-5b3f-90d7-19386a19535f","East Gem ward","east gem ward","common","en","KDA-TRANSCRIPTION-LN14-2012"
"3d4aa556-0bae-5862-90d1-5dd64ecd33cb","83a44361-ee3f-5b3b-9115-ec08d7cb071e","Kagan","kagan","canonical","en","KDA-TRANSCRIPTION-LN14-2012"
"f780c900-d2b8-55a0-9c0a-1d84f4fd4e1c","83a44361-ee3f-5b3b-9115-ec08d7cb071e","Kagan ward","kagan ward","common","en","KDA-TRANSCRIPTION-LN14-2012"
"fff54a09-9cb2-5e57-a479-82250a55ce51","d9ed004a-379b-55cb-9238-e32c94c66c82","Kochia","kochia","canonical","en","KDA-TRANSCRIPTION-LN14-2012"
"e7d75dd8-1bdc-5399-a669-5a64002b350b","d9ed004a-379b-55cb-9238-e32c94c66c82","Kochia ward","kochia ward","common","en","KDA-TRANSCRIPTION-LN14-2012"
"5ff519e2-4a3a-5088-94ef-1af444c5f4b0","89fc3b6f-d404-57c1-a499-c80f7d5a883a","Homa Bay Central","homa bay central","canonical","en","KDA-TRANSCRIPTION-LN14-2012"
"b8a896a9-b21f-597f-b854-490b6d989d93","89fc3b6f-d404-57c1-a499-c80f7d5a883a","Homa Bay Central ward","homa bay central ward","common","en","KDA-TRANSCRIPTION-LN14-2012"
"b402316e-aa5f-5fa8-9ac5-a57318ac25a7","60cdf736-6e7d-5fcf-976b-ccc312a387d4","Homa Bay Arujo","homa bay arujo","canonical","en","KDA-TRANSCRIPTION-LN14-2012"
"d48bb89a-087e-53a3-aebb-ce4888f52c5c","60cdf736-6e7d-5fcf-976b-ccc312a387d4","Homa Bay Arujo ward","homa bay arujo ward","common","en","KDA-TRANSCRIPTION-LN14-2012"
"bb78d6f3-f0a6-5a04-a95d-464e52a0fa68","34a1f9da-8c23-5106-a0bc-1cfc8240812e","Homa Bay West","homa bay west","canonical","en","KDA-TRANSCRIPTION-LN14-2012"
"d858201b-8ccf-5339-81c8-90be7b2867de","34a1f9da-8c23-5106-a0bc-1cfc8240812e","Homa Bay West ward","homa bay west ward","common","en","KDA-TRANSCRIPTION-LN14-2012"
"4244366e-7184-5b73-857f-7bda303e9510","0a61253b-74df-59b3-98b8-2d20c70e8d0d","Homa Bay East","homa bay east","canonical","en","KDA-TRANSCRIPTION-LN14-2012"
"b73ea874-a3bb-57de-8508-fc30d8cf3728","0a61253b-74df-59b3-98b8-2d20c70e8d0d","Homa Bay East ward","homa bay east ward","common","en","KDA-TRANSCRIPTION-LN14-2012"
"627a493a-2277-52d3-8aef-34fbd5cd7b4f","4202b848-616c-5647-a10e-053505f70ff9","Kwabwai","kwabwai","canonical","en","KDA-TRANSCRIPTION-LN14-2012"
"e29aebb4-aeee-5976-8b81-7428fa5d8953","4202b848-616c-5647-a10e-053505f70ff9","Kwabwai ward","kwabwai ward","common","en","KDA-TRANSCRIPTION-LN14-2012"
"e76eb028-d279-5789-96fd-7f9ad7f5d020","c03d8421-200f-5439-adbe-62b6fbc31e66","Kanyadoto","kanyadoto","canonical","en","KDA-TRANSCRIPTION-LN14-2012"
"07e1e279-a66f-5c7f-aba4-7b883354b894","c03d8421-200f-5439-adbe-62b6fbc31e66","Kanyadoto ward","kanyadoto ward","common","en","KDA-TRANSCRIPTION-LN14-2012"
"22fbdf86-31c4-5c97-8f76-982142677519","24b2c708-604a-523e-a11b-84dc22b3b36d","Kanyikela","kanyikela","canonical","en","KDA-TRANSCRIPTION-LN14-2012"
"8515d80c-9d86-535a-b3b2-35bd80242ae9","24b2c708-604a-523e-a11b-84dc22b3b36d","Kanyikela ward","kanyikela ward","common","en","KDA-TRANSCRIPTION-LN14-2012"
"77454f2b-3b21-51ef-84a3-9e76ecb9827f","1f6e4b4e-74c3-5021-a3a9-84a05246a64c","North Kabuoch","north kabuoch","canonical","en","KDA-TRANSCRIPTION-LN14-2012"
"49857ffc-214e-536d-8b52-54d7d08a76f2","1f6e4b4e-74c3-5021-a3a9-84a05246a64c","North Kabuoch ward","north kabuoch ward","common","en","KDA-TRANSCRIPTION-LN14-2012"
"8772a494-a698-5529-b435-85cd071ee268","ef0e0570-b611-5b37-9bfb-0a60d50ed447","Kabuoch South/Pala","kabuoch south pala","canonical","en","KDA-TRANSCRIPTION-LN14-2012"
"5952f5e9-a7ef-5ee5-813e-984f62adff7b","ef0e0570-b611-5b37-9bfb-0a60d50ed447","Kabuoch South/Pala ward","kabuoch south pala ward","common","en","KDA-TRANSCRIPTION-LN14-2012"
"21b00236-4c3e-54a5-a5b1-2911d0a93885","b9d338da-ab76-5a5a-b643-f146939f8af8","Kanyamwa Kologi","kanyamwa kologi","canonical","en","KDA-TRANSCRIPTION-LN14-2012"
"d9f6b834-059a-5d69-8f07-c8e0874a86d2","b9d338da-ab76-5a5a-b643-f146939f8af8","Kanyamwa Kologi ward","kanyamwa kologi ward","common","en","KDA-TRANSCRIPTION-LN14-2012"
"ed4f953f-542f-5f18-9caf-22b59641bce4","d7e2d282-e65d-5582-98d2-3e2d469f856f","Kanyamwa Kosewe","kanyamwa kosewe","canonical","en","KDA-TRANSCRIPTION-LN14-2012"
"8b58ae4a-191e-59a0-92d6-ad7cb433198e","d7e2d282-e65d-5582-98d2-3e2d469f856f","Kanyamwa Kosewe ward","kanyamwa kosewe ward","common","en","KDA-TRANSCRIPTION-LN14-2012"
"da2b44ca-d1ad-5b8c-8f68-2267a90912ee","f81ff805-396f-5ea0-99aa-54f8453062d5","Mfangano Island","mfangano island","canonical","en","KDA-TRANSCRIPTION-LN14-2012"
"ac4dae52-c238-5dd7-8730-512095422fe7","f81ff805-396f-5ea0-99aa-54f8453062d5","Mfangano Island ward","mfangano island ward","common","en","KDA-TRANSCRIPTION-LN14-2012"
"47ba8dc0-d622-5c3c-bcb5-b88ed94f437b","2c411b87-f192-53ba-afd0-6987c1f4abdc","Rusinga Island","rusinga island","canonical","en","KDA-TRANSCRIPTION-LN14-2012"
"f2ee322d-956a-5770-bdac-a6ae085927ff","2c411b87-f192-53ba-afd0-6987c1f4abdc","Rusinga Island ward","rusinga island ward","common","en","KDA-TRANSCRIPTION-LN14-2012"
"30d4f294-1167-53a9-9a22-2d4499c4c6a2","136545fe-ff4a-5721-a236-8986a917c05c","Kasgunga","kasgunga","canonical","en","KDA-TRANSCRIPTION-LN14-2012"
"7b17a490-04e8-50a8-8901-703a93668346","136545fe-ff4a-5721-a236-8986a917c05c","Kasgunga ward","kasgunga ward","common","en","KDA-TRANSCRIPTION-LN14-2012"
"3ded9626-e301-5b72-8e07-9ff08d9c63de","cbe8d228-fba9-5a78-bf29-951a1816ba73","Gembe","gembe","canonical","en","KDA-TRANSCRIPTION-LN14-2012"
"c9c174fc-7c2d-54f0-8bca-cfd18c63df57","cbe8d228-fba9-5a78-bf29-951a1816ba73","Gembe ward","gembe ward","common","en","KDA-TRANSCRIPTION-LN14-2012"
"f636d11f-5b3a-5e14-8261-30d0add5d4fb","b9a8a966-94ae-533a-aa90-92f3e688cb9a","Lambwe","lambwe","canonical","en","KDA-TRANSCRIPTION-LN14-2012"
"89e50c90-aa66-5080-9b1c-872eb56cc228","b9a8a966-94ae-533a-aa90-92f3e688cb9a","Lambwe ward","lambwe ward","common","en","KDA-TRANSCRIPTION-LN14-2012"
"b0098918-1c4f-5484-aef3-6b2ca30f1fb5","d29a111f-afc6-5b25-b4f6-2126754e9e5f","Gwassi South","gwassi south","canonical","en","KDA-TRANSCRIPTION-LN14-2012"
"976b8e21-feeb-549a-b1b9-c0e41540a063","d29a111f-afc6-5b25-b4f6-2126754e9e5f","Gwassi South ward","gwassi south ward","common","en","KDA-TRANSCRIPTION-LN14-2012"
"3437e187-1179-53c3-9c4e-18574add2853","b541e582-c094-5aa8-952f-7d9a5b60a49d","Gwassi North","gwassi north","canonical","en","KDA-TRANSCRIPTION-LN14-2012"
"b1294e6b-691a-5e01-a5fd-3ada44b3429d","b541e582-c094-5aa8-952f-7d9a5b60a49d","Gwassi North ward","gwassi north ward","common","en","KDA-TRANSCRIPTION-LN14-2012"
"6d0f9467-7de6-548b-a1de-ff2cd431eec4","12b51ed6-720d-51f9-8f69-0758f67b6a2f","Kaksingri West","kaksingri west","canonical","en","KDA-TRANSCRIPTION-LN14-2012"
"82f17260-4b79-58dc-9166-08234cf9e8a3","12b51ed6-720d-51f9-8f69-0758f67b6a2f","Kaksingri West ward","kaksingri west ward","common","en","KDA-TRANSCRIPTION-LN14-2012"
"19785b81-38a3-5239-a042-e54b7c6fa691","b219ae75-2903-50f6-b5b2-e3a6c9904ef3","Ruma Kaksingri East","ruma kaksingri east","canonical","en","KDA-TRANSCRIPTION-LN14-2012"
"e6cb1fe4-d007-5397-a6d5-7071f3019c72","b219ae75-2903-50f6-b5b2-e3a6c9904ef3","Ruma Kaksingri East ward","ruma kaksingri east ward","common","en","KDA-TRANSCRIPTION-LN14-2012"
"2714995b-5d59-5ebe-8619-f025260c3178","ab9ecece-0c13-57dc-b5f0-2d2798312cd7","North Kamagambo","north kamagambo","canonical","en","KDA-TRANSCRIPTION-LN14-2012"
"7253b078-bf1c-59f7-8528-874959e64ebf","ab9ecece-0c13-57dc-b5f0-2d2798312cd7","North Kamagambo ward","north kamagambo ward","common","en","KDA-TRANSCRIPTION-LN14-2012"
"d6ca1b97-2bc8-55b8-85f4-070cc9cbaf6f","87f0c364-2bdd-5969-8fe4-77ece56508e0","Central Kamagambo","central kamagambo","canonical","en","KDA-TRANSCRIPTION-LN14-2012"
"85048983-4436-5431-aae9-b70b1d009635","87f0c364-2bdd-5969-8fe4-77ece56508e0","Central Kamagambo ward","central kamagambo ward","common","en","KDA-TRANSCRIPTION-LN14-2012"
"969316ee-734f-5d90-b94a-cd1f2979e8c2","64bba0d0-8031-5be0-99ff-1cb561ec4d25","East Kamagambo","east kamagambo","canonical","en","KDA-TRANSCRIPTION-LN14-2012"
"978ea11d-e979-5fc9-905f-12fcdc2478b9","64bba0d0-8031-5be0-99ff-1cb561ec4d25","East Kamagambo ward","east kamagambo ward","common","en","KDA-TRANSCRIPTION-LN14-2012"
"20e756b5-27b2-5486-8325-23b7a49e6b39","63fe39ff-5d22-5ccd-8637-34e8a020be18","South Kamagambo","south kamagambo","canonical","en","KDA-TRANSCRIPTION-LN14-2012"
"d92838cb-5270-5a27-bf08-3414dc977aed","63fe39ff-5d22-5ccd-8637-34e8a020be18","South Kamagambo ward","south kamagambo ward","common","en","KDA-TRANSCRIPTION-LN14-2012"
"1ebd0171-8192-5f36-9a6e-ebd63fba8a53","70a08d34-5228-5838-bd3f-584da1c3eb7b","North Sakwa","north sakwa","canonical","en","KDA-TRANSCRIPTION-LN14-2012"
"2e2e29ea-6dc4-5782-b348-f02a9cf7a0d4","70a08d34-5228-5838-bd3f-584da1c3eb7b","North Sakwa ward","north sakwa ward","common","en","KDA-TRANSCRIPTION-LN14-2012"
"99808cd2-f298-5895-9891-125822df2b58","42883810-9224-572e-9ea8-38862674f85c","South Sakwa","south sakwa","canonical","en","KDA-TRANSCRIPTION-LN14-2012"
"7e311aba-daae-5379-9366-ec86ca1072f1","42883810-9224-572e-9ea8-38862674f85c","South Sakwa ward","south sakwa ward","common","en","KDA-TRANSCRIPTION-LN14-2012"
"27f88b39-9ac0-55f8-9f23-e2498c7a30d7","d445985e-db2d-5b96-8e39-de30256d9b2a","West Sakwa","west sakwa","canonical","en","KDA-TRANSCRIPTION-LN14-2012"
"8102c7f7-711c-591b-aad1-44eea5f38498","d445985e-db2d-5b96-8e39-de30256d9b2a","West Sakwa ward","west sakwa ward","common","en","KDA-TRANSCRIPTION-LN14-2012"
"c2eb6b31-80df-5ae7-b289-d899b85a89c5","878850e7-c44c-5320-b8e1-d571ad2da1b9","Central Sakwa","central sakwa","canonical","en","KDA-TRANSCRIPTION-LN14-2012"
"bf5e895c-4370-5361-affe-dc4e0066d403","878850e7-c44c-5320-b8e1-d571ad2da1b9","Central Sakwa ward","central sakwa ward","common","en","KDA-TRANSCRIPTION-LN14-2012"
"0caec9c5-ec78-5b04-96d8-64427719dedd","553815d9-58eb-5bdc-90db-61c658857b33","God Jope","god jope","canonical","en","KDA-TRANSCRIPTION-LN14-2012"
"9b98b15e-4bd6-5501-bf12-cf4f45494ca9","553815d9-58eb-5bdc-90db-61c658857b33","God Jope ward","god jope ward","common","en","KDA-TRANSCRIPTION-LN14-2012"
"b245af79-d79a-5239-a04f-37e149ac50e5","3102f4fe-a88b-52e9-b66b-29d3bf59a4c8","Suna Central","suna central","canonical","en","KDA-TRANSCRIPTION-LN14-2012"
"b7a7ad42-acb4-5c90-a9ed-a3343d4351d2","3102f4fe-a88b-52e9-b66b-29d3bf59a4c8","Suna Central ward","suna central ward","common","en","KDA-TRANSCRIPTION-LN14-2012"
"d9be692e-169b-5939-9fcf-6ec92cff3ddd","2390dbfc-5f65-5671-b210-432fa4f1a6ce","Kakrao","kakrao","canonical","en","KDA-TRANSCRIPTION-LN14-2012"
"994daff2-929f-5bac-92a4-f3ac45111ad8","2390dbfc-5f65-5671-b210-432fa4f1a6ce","Kakrao ward","kakrao ward","common","en","KDA-TRANSCRIPTION-LN14-2012"
"d0b7a372-97c2-5752-8891-25bf551bc5bb","3b452c44-c630-5a92-b5ba-09d90c0abb57","Kwa","kwa","canonical","en","KDA-TRANSCRIPTION-LN14-2012"
"e27b5aee-2e18-54f3-b575-de41982068c3","3b452c44-c630-5a92-b5ba-09d90c0abb57","Kwa ward","kwa ward","common","en","KDA-TRANSCRIPTION-LN14-2012"
"4d9816ae-654a-51b6-810f-bddfd5d30b17","ca716040-a52c-5a6e-a674-caa71655d05a","Wiga","wiga","canonical","en","KDA-TRANSCRIPTION-LN14-2012"
"d7641b71-8a43-5122-9b17-1465d401d308","ca716040-a52c-5a6e-a674-caa71655d05a","Wiga ward","wiga ward","common","en","KDA-TRANSCRIPTION-LN14-2012"
"baecc479-4248-5e3c-984b-fc741429eb01","e2723e9d-1584-5b41-b802-391bb9d9af70","Wasweta Ii","wasweta ii","canonical","en","KDA-TRANSCRIPTION-LN14-2012"
"91b99181-4c60-5a7e-a62c-d6d5ec9250a0","e2723e9d-1584-5b41-b802-391bb9d9af70","Wasweta Ii ward","wasweta ii ward","common","en","KDA-TRANSCRIPTION-LN14-2012"
"b74ed1a1-d0f3-5943-b2b1-0c1cd656d31c","33eab2dd-f061-53b3-91c9-67d698ac67ab","Ragana-Oruba","ragana oruba","canonical","en","KDA-TRANSCRIPTION-LN14-2012"
"35854cae-657a-5262-b96b-c532f4113af3","33eab2dd-f061-53b3-91c9-67d698ac67ab","Ragana-Oruba ward","ragana oruba ward","common","en","KDA-TRANSCRIPTION-LN14-2012"
"9c3cab06-ab0d-5364-ac56-9ca4a65c07dc","deedda3d-2c43-513a-8f54-aba4db80eb08","Wasimbete","wasimbete","canonical","en","KDA-TRANSCRIPTION-LN14-2012"
"05c0c283-cb6f-5376-8fb1-88c98b6b3ca5","deedda3d-2c43-513a-8f54-aba4db80eb08","Wasimbete ward","wasimbete ward","common","en","KDA-TRANSCRIPTION-LN14-2012"
"8b1f05f4-accc-51e3-8ae4-b5b5af86e9c8","08ac5012-b8a9-58af-88f5-fcd0ac54d984","West Kanyamkago","west kanyamkago","canonical","en","KDA-TRANSCRIPTION-LN14-2012"
"1c8f4e8c-532d-54d9-b699-7eda90056ce6","08ac5012-b8a9-58af-88f5-fcd0ac54d984","West Kanyamkago ward","west kanyamkago ward","common","en","KDA-TRANSCRIPTION-LN14-2012"
"9c9be4fa-2f38-5c07-b517-30193ff8babb","de31d325-2ca4-5b23-b10e-45ab4c5740d2","North Kanyamkago","north kanyamkago","canonical","en","KDA-TRANSCRIPTION-LN14-2012"
"fa58099c-0be5-56fd-8347-5e50139c9fea","de31d325-2ca4-5b23-b10e-45ab4c5740d2","North Kanyamkago ward","north kanyamkago ward","common","en","KDA-TRANSCRIPTION-LN14-2012"
"3e398667-ba3d-548c-9c3d-41cf05a9d1cf","5bff5bd4-0500-5f8f-9f00-682d0c440aa6","Central Kanyamkago","central kanyamkago","canonical","en","KDA-TRANSCRIPTION-LN14-2012"
"b177cc34-2af7-5626-af2e-642f24f714ca","5bff5bd4-0500-5f8f-9f00-682d0c440aa6","Central Kanyamkago ward","central kanyamkago ward","common","en","KDA-TRANSCRIPTION-LN14-2012"
"7c20ef90-3f82-54f2-b6b8-7243dae3942b","47881c87-0bd4-5d1c-9327-87d033c7e6ae","South Kanyamkago","south kanyamkago","canonical","en","KDA-TRANSCRIPTION-LN14-2012"
"f4134285-a5b1-5c77-8022-cd76230115d0","47881c87-0bd4-5d1c-9327-87d033c7e6ae","South Kanyamkago ward","south kanyamkago ward","common","en","KDA-TRANSCRIPTION-LN14-2012"
"fdc10880-8c9a-58d8-8296-ae7f6e4fde48","f1087b1c-19eb-5876-9b1c-8971c35c5800","East Kanyamkago","east kanyamkago","canonical","en","KDA-TRANSCRIPTION-LN14-2012"
"d97713f1-1553-59a3-9d1a-118ad528753e","f1087b1c-19eb-5876-9b1c-8971c35c5800","East Kanyamkago ward","east kanyamkago ward","common","en","KDA-TRANSCRIPTION-LN14-2012"
"8882b0b3-a301-5d63-a69e-84e113298103","7826f897-e5f1-5484-b8d6-839481d56138","Kachien'g","kachieng","canonical","en","KDA-TRANSCRIPTION-LN14-2012"
"7b745f79-1e68-52b6-8639-d0d4d167e759","7826f897-e5f1-5484-b8d6-839481d56138","Kachien'g ward","kachieng ward","common","en","KDA-TRANSCRIPTION-LN14-2012"
"5a894b97-ec71-5072-9ddb-ab1414567cdd","1a51005b-d7e5-57f7-8268-4fda47c9a268","Kanyasa","kanyasa","canonical","en","KDA-TRANSCRIPTION-LN14-2012"
"56a75ce4-ef98-5fc6-9337-0584cd52be12","1a51005b-d7e5-57f7-8268-4fda47c9a268","Kanyasa ward","kanyasa ward","common","en","KDA-TRANSCRIPTION-LN14-2012"
"a86c5ee5-72f9-5560-b211-8cb0935ef2dc","c7edbff5-b884-5a9e-9e70-bcb8f6a1162f","North Kadem","north kadem","canonical","en","KDA-TRANSCRIPTION-LN14-2012"
"09b42874-1d8c-5f3b-acfd-2410a089b186","c7edbff5-b884-5a9e-9e70-bcb8f6a1162f","North Kadem ward","north kadem ward","common","en","KDA-TRANSCRIPTION-LN14-2012"
"2277bd2c-924e-5f3b-b46a-f6f691da5595","e69505a0-cf5a-5910-b9d2-133804130c2d","Macalder/Kanyarwanda","macalder kanyarwanda","canonical","en","KDA-TRANSCRIPTION-LN14-2012"
"1cde5ae6-452e-54a0-a628-771b02c01965","e69505a0-cf5a-5910-b9d2-133804130c2d","Macalder/Kanyarwanda ward","macalder kanyarwanda ward","common","en","KDA-TRANSCRIPTION-LN14-2012"
"05a6a8d6-38c4-5559-a52e-7cf3efe60c79","251fcd69-8a81-5586-a8f1-50ed3b80d1ad","Kaler","kaler","canonical","en","KDA-TRANSCRIPTION-LN14-2012"
"7ffa5616-5ecc-59ff-85c2-1817a4332085","251fcd69-8a81-5586-a8f1-50ed3b80d1ad","Kaler ward","kaler ward","common","en","KDA-TRANSCRIPTION-LN14-2012"
"b4c5ea96-9932-5371-82ce-c89bde30747a","505ea68d-b873-524c-89bf-d265f64e2928","Got Kachola","got kachola","canonical","en","KDA-TRANSCRIPTION-LN14-2012"
"c0c9691c-20c0-5b52-8bcb-1f8b9a72b8c8","505ea68d-b873-524c-89bf-d265f64e2928","Got Kachola ward","got kachola ward","common","en","KDA-TRANSCRIPTION-LN14-2012"
"d2a7abf4-cd2d-55e3-ad8a-25901cd689fb","861656e3-7409-5879-84d4-4fb7f8ba60c2","Muhuru","muhuru","canonical","en","KDA-TRANSCRIPTION-LN14-2012"
"1c8b1c33-23eb-539e-ae0e-8762ebc52d30","861656e3-7409-5879-84d4-4fb7f8ba60c2","Muhuru ward","muhuru ward","common","en","KDA-TRANSCRIPTION-LN14-2012"
"780352b9-d7a7-532d-8444-7f7f820c96fe","d52929ca-4643-5c3c-8539-8d7b60048627","Bukira East","bukira east","canonical","en","KDA-TRANSCRIPTION-LN14-2012"
"163053cc-48f6-5fa5-9280-e1aa2e35f0ff","d52929ca-4643-5c3c-8539-8d7b60048627","Bukira East ward","bukira east ward","common","en","KDA-TRANSCRIPTION-LN14-2012"
"ca617611-b615-5ad4-a10f-1f2e35ae86c1","210bcd9c-fa7e-5bdb-993e-9a7916bae629","Bukira Centrl/Ikerege","bukira centrl ikerege","canonical","en","KDA-TRANSCRIPTION-LN14-2012"
"e5752340-d2e1-54b4-b12d-afec7fbf0543","210bcd9c-fa7e-5bdb-993e-9a7916bae629","Bukira Centrl/Ikerege ward","bukira centrl ikerege ward","common","en","KDA-TRANSCRIPTION-LN14-2012"
"b153aa37-21b3-55d7-b5ad-1c7e4ee5674e","a4ad1ca5-7de1-515d-a8e1-d415f95d0515","Isibania","isibania","canonical","en","KDA-TRANSCRIPTION-LN14-2012"
"3a12e612-5f4f-5a02-8c0f-f1997c4bd509","a4ad1ca5-7de1-515d-a8e1-d415f95d0515","Isibania ward","isibania ward","common","en","KDA-TRANSCRIPTION-LN14-2012"
"9ce0f5f5-b3e7-58f7-9ba9-15faaa52be32","ce417a97-bef2-5d03-b8ec-a632db0274eb","Makerero","makerero","canonical","en","KDA-TRANSCRIPTION-LN14-2012"
"d7c72acb-531d-58b0-856c-d92dda0f9a76","ce417a97-bef2-5d03-b8ec-a632db0274eb","Makerero ward","makerero ward","common","en","KDA-TRANSCRIPTION-LN14-2012"
"2d22cd11-f174-50de-8e30-1e80b3efc5de","e25617e9-dddc-54e1-a5af-800ebebec0f9","Masaba","masaba","canonical","en","KDA-TRANSCRIPTION-LN14-2012"
"4533e719-1022-560b-83a9-e50c62a786e3","e25617e9-dddc-54e1-a5af-800ebebec0f9","Masaba ward","masaba ward","common","en","KDA-TRANSCRIPTION-LN14-2012"
"0db8659d-9346-591c-9ba7-7fcc0bed6c94","31eba3a2-d35b-5fd0-8dce-43173e3cb5df","Tagare","tagare","canonical","en","KDA-TRANSCRIPTION-LN14-2012"
"0c87922e-a4fb-5742-89d2-70108a9e2fb8","31eba3a2-d35b-5fd0-8dce-43173e3cb5df","Tagare ward","tagare ward","common","en","KDA-TRANSCRIPTION-LN14-2012"
"bdb48bc0-6923-58cd-be93-953c420c3d55","e085771a-ad1f-56cd-9f7e-fd6bf96b4a40","Nyamosense/Komosoko","nyamosense komosoko","canonical","en","KDA-TRANSCRIPTION-LN14-2012"
"1d5f81c2-3817-5e47-b941-b1de9b25e7ab","e085771a-ad1f-56cd-9f7e-fd6bf96b4a40","Nyamosense/Komosoko ward","nyamosense komosoko ward","common","en","KDA-TRANSCRIPTION-LN14-2012"
"3bf04cbc-f7c5-5dbc-a479-f40ed4ebbb3d","e1505df3-2fac-5bd9-bb21-772f267b77cb","Gokeharaka/Getambwega","gokeharaka getambwega","canonical","en","KDA-TRANSCRIPTION-LN14-2012"
"8d59863c-8569-59dd-bd21-360d9138163c","e1505df3-2fac-5bd9-bb21-772f267b77cb","Gokeharaka/Getambwega ward","gokeharaka getambwega ward","common","en","KDA-TRANSCRIPTION-LN14-2012"
"66bd982f-4590-5318-ae99-59cd865b2d6a","e24c07e7-89a4-5376-90c2-4b77ca79a446","Ntimaru West","ntimaru west","canonical","en","KDA-TRANSCRIPTION-LN14-2012"
"af760ded-2c90-5338-8f3f-2fac6bcf6141","e24c07e7-89a4-5376-90c2-4b77ca79a446","Ntimaru West ward","ntimaru west ward","common","en","KDA-TRANSCRIPTION-LN14-2012"
"6624a96c-d8d5-5ae5-8278-05d9bebf4210","d02b7ec2-edc2-52db-a846-279d2b4de877","Ntimaru East","ntimaru east","canonical","en","KDA-TRANSCRIPTION-LN14-2012"
"5891a5ee-0641-5c1f-8bef-c402639a7d46","d02b7ec2-edc2-52db-a846-279d2b4de877","Ntimaru East ward","ntimaru east ward","common","en","KDA-TRANSCRIPTION-LN14-2012"
"2e8ef6c7-2192-55cd-b776-0bb965c5016a","ba0fa97c-20a1-5622-93c7-6c9bafad6e72","Nyabasi East","nyabasi east","canonical","en","KDA-TRANSCRIPTION-LN14-2012"
"12135d18-5af1-5a73-872e-d102ccdb95de","ba0fa97c-20a1-5622-93c7-6c9bafad6e72","Nyabasi East ward","nyabasi east ward","common","en","KDA-TRANSCRIPTION-LN14-2012"
"9dfa2273-51b1-550c-8412-cd4e088de711","0383aecb-a8e8-5fdb-992a-21280849b4ef","Nyabasi West","nyabasi west","canonical","en","KDA-TRANSCRIPTION-LN14-2012"
"bcd7532e-9703-5373-bbd9-7d57ac038d19","0383aecb-a8e8-5fdb-992a-21280849b4ef","Nyabasi West ward","nyabasi west ward","common","en","KDA-TRANSCRIPTION-LN14-2012"
"c65f3222-0df7-5b25-b8c7-3b2c1ce386fd","e1552ab5-ff5d-57f3-b0e5-be9b78148ff7","Bomariba","bomariba","canonical","en","KDA-TRANSCRIPTION-LN14-2012"
"a05bfb66-a0ea-5b6d-92d5-38261de07de7","e1552ab5-ff5d-57f3-b0e5-be9b78148ff7","Bomariba ward","bomariba ward","common","en","KDA-TRANSCRIPTION-LN14-2012"
"2adbbdc9-55ec-5cb6-8246-b422e08f3e7b","b22491f1-712e-54cc-8bf9-993130e76552","Bogiakumu","bogiakumu","canonical","en","KDA-TRANSCRIPTION-LN14-2012"
"cc2fa8fe-9d90-59b4-87c7-dca5a5017a25","b22491f1-712e-54cc-8bf9-993130e76552","Bogiakumu ward","bogiakumu ward","common","en","KDA-TRANSCRIPTION-LN14-2012"
"37fbe33b-70e1-5e0c-b3b2-84fe822e4c7c","81eba975-7299-52df-88bb-6d2037a15e1e","Bomorenda","bomorenda","canonical","en","KDA-TRANSCRIPTION-LN14-2012"
"f7b779e9-6cca-5330-81df-4c69ec239543","81eba975-7299-52df-88bb-6d2037a15e1e","Bomorenda ward","bomorenda ward","common","en","KDA-TRANSCRIPTION-LN14-2012"
"cb02052d-f7f8-5f6e-9a20-c399eb60dbef","b261bf19-7cfd-56fc-8c58-beb152b59c97","Riana","riana","canonical","en","KDA-TRANSCRIPTION-LN14-2012"
"fc47877e-fed1-59b7-8441-f3325d4f0255","b261bf19-7cfd-56fc-8c58-beb152b59c97","Riana ward","riana ward","common","en","KDA-TRANSCRIPTION-LN14-2012"
"43cb2ad0-7a19-5b63-9d55-ca4527cd78f5","52cff0c5-28a3-55a5-a49c-d7f796e6f8a1","Tabaka","tabaka","canonical","en","KDA-TRANSCRIPTION-LN14-2012"
"074bca4b-131e-5d13-9755-92a17179c427","52cff0c5-28a3-55a5-a49c-d7f796e6f8a1","Tabaka ward","tabaka ward","common","en","KDA-TRANSCRIPTION-LN14-2012"
"b319991c-3bcd-5ad0-ab92-8cb7cc546169","57ee1180-cc15-5e2e-a38f-7a59ec6585c6","Boikang'a","boikanga","canonical","en","KDA-TRANSCRIPTION-LN14-2012"
"fc80070c-1364-5b1d-9010-79f054403105","57ee1180-cc15-5e2e-a38f-7a59ec6585c6","Boikang'a ward","boikanga ward","common","en","KDA-TRANSCRIPTION-LN14-2012"
"cec53422-ad55-5f25-9caf-c565172960d5","7a06a11c-ff96-53e1-a334-9343e108f7c9","Bogetenga","bogetenga","canonical","en","KDA-TRANSCRIPTION-LN14-2012"
"474eab98-aa93-5a8b-8e94-11a09a2cec26","7a06a11c-ff96-53e1-a334-9343e108f7c9","Bogetenga ward","bogetenga ward","common","en","KDA-TRANSCRIPTION-LN14-2012"
"d609bc8d-46f3-5a7f-8c18-2db1756de5bb","6c9f604f-91c5-59cc-be0e-4809f93ae73e","Borabu / Chitago","borabu chitago","canonical","en","KDA-TRANSCRIPTION-LN14-2012"
"fc7453aa-d99f-5d34-9c92-103bf619e03d","6c9f604f-91c5-59cc-be0e-4809f93ae73e","Borabu / Chitago ward","borabu chitago ward","common","en","KDA-TRANSCRIPTION-LN14-2012"
"796ec382-75cd-5f13-9d6b-be1ddf1c8c5a","36f9943b-cdf1-51c9-807d-baf058e3190c","Moticho","moticho","canonical","en","KDA-TRANSCRIPTION-LN14-2012"
"296b82a6-ef43-5efd-8a55-9c8ecfc64bd6","36f9943b-cdf1-51c9-807d-baf058e3190c","Moticho ward","moticho ward","common","en","KDA-TRANSCRIPTION-LN14-2012"
"3786d0b4-9a60-5e69-86a1-5515beecabe8","48c767ff-d6b7-511d-823e-4c0a65e92f88","Getenga","getenga","canonical","en","KDA-TRANSCRIPTION-LN14-2012"
"433fbbe5-0db0-5557-a081-0cd665d3bb47","48c767ff-d6b7-511d-823e-4c0a65e92f88","Getenga ward","getenga ward","common","en","KDA-TRANSCRIPTION-LN14-2012"
"1c720391-3954-5c3e-8ca7-d34408f955b6","1cd9ae7a-8c34-5a10-957a-8a9c5a79ba5c","Bombaba Borabu","bombaba borabu","canonical","en","KDA-TRANSCRIPTION-LN14-2012"
"aae5cbee-5f76-57e5-a3e6-5c004f9afe7d","1cd9ae7a-8c34-5a10-957a-8a9c5a79ba5c","Bombaba Borabu ward","bombaba borabu ward","common","en","KDA-TRANSCRIPTION-LN14-2012"
"bd1d5113-a4a9-5263-a6ef-96df025a778b","0b909b99-0853-5b0a-9d1b-03ecc6d46be9","Boochi Borabu","boochi borabu","canonical","en","KDA-TRANSCRIPTION-LN14-2012"
"0bb97ec4-afbf-5fe1-8a4d-608eafed81ff","0b909b99-0853-5b0a-9d1b-03ecc6d46be9","Boochi Borabu ward","boochi borabu ward","common","en","KDA-TRANSCRIPTION-LN14-2012"
"071aa747-4c47-5e1e-9bd1-6ee16989cc3a","3f42033d-7fa1-5f41-8394-9ddc5295e973","Bokimonge","bokimonge","canonical","en","KDA-TRANSCRIPTION-LN14-2012"
"d9871a7d-9b9f-5948-afb3-a83f94e24896","3f42033d-7fa1-5f41-8394-9ddc5295e973","Bokimonge ward","bokimonge ward","common","en","KDA-TRANSCRIPTION-LN14-2012"
"cbbdfc4a-e5eb-5b58-95ce-c9b731eb0d51","fa50f59d-048f-5393-9d55-8a89d9cf8e9f","Magenche","magenche","canonical","en","KDA-TRANSCRIPTION-LN14-2012"
"a52154f8-35ef-51b1-84d5-11d94094717a","fa50f59d-048f-5393-9d55-8a89d9cf8e9f","Magenche ward","magenche ward","common","en","KDA-TRANSCRIPTION-LN14-2012"
"bec21bcd-54e8-5f93-8da2-5f74ededacf5","a24a1236-a309-5e9b-8d72-c4cced748b13","Masige West","masige west","canonical","en","KDA-TRANSCRIPTION-LN14-2012"
"d6a84391-fc8f-57a2-8532-d3217c6ca956","a24a1236-a309-5e9b-8d72-c4cced748b13","Masige West ward","masige west ward","common","en","KDA-TRANSCRIPTION-LN14-2012"
"c5419302-9173-5b31-bef4-c5aa025d3f97","0aab9228-2189-51fa-8929-43cb73ff89a9","Masige East","masige east","canonical","en","KDA-TRANSCRIPTION-LN14-2012"
"2d38dbac-7c4d-5b3d-8e20-96ebafb918a2","0aab9228-2189-51fa-8929-43cb73ff89a9","Masige East ward","masige east ward","common","en","KDA-TRANSCRIPTION-LN14-2012"
"2172937f-6ce2-524b-892a-0aeade804e6a","f0a67ab5-09ff-5b8d-a2ed-b19fee9cb656","Bobasi Central","bobasi central","canonical","en","KDA-TRANSCRIPTION-LN14-2012"
"d9e0f007-60ae-5209-a45f-127027305d56","f0a67ab5-09ff-5b8d-a2ed-b19fee9cb656","Bobasi Central ward","bobasi central ward","common","en","KDA-TRANSCRIPTION-LN14-2012"
"6abaca6d-4f4f-57c3-a60a-c0658490a9ee","89970948-06a5-50d9-9218-00f86295abfe","Nyacheki","nyacheki","canonical","en","KDA-TRANSCRIPTION-LN14-2012"
"78809665-7f6d-5fee-9779-db652cc248c5","89970948-06a5-50d9-9218-00f86295abfe","Nyacheki ward","nyacheki ward","common","en","KDA-TRANSCRIPTION-LN14-2012"
"9b36bde6-8daf-5f30-9f3c-412ffa5e0fa4","8b9c4743-5090-560b-b1d9-66b0341d3c29","Bobasi Bogetaorio","bobasi bogetaorio","canonical","en","KDA-TRANSCRIPTION-LN14-2012"
"6790e423-db3c-597d-a7c8-e305da268108","8b9c4743-5090-560b-b1d9-66b0341d3c29","Bobasi Bogetaorio ward","bobasi bogetaorio ward","common","en","KDA-TRANSCRIPTION-LN14-2012"
"79018225-4f4e-52a1-8358-a959b2aee471","25c7ff05-6937-51a1-9dfb-68c1cac7b6c0","Bobasi Chache","bobasi chache","canonical","en","KDA-TRANSCRIPTION-LN14-2012"
"f9e4cb98-bcce-5d96-8171-9f9f35f3a5ad","25c7ff05-6937-51a1-9dfb-68c1cac7b6c0","Bobasi Chache ward","bobasi chache ward","common","en","KDA-TRANSCRIPTION-LN14-2012"
"4774ff4a-0689-5fb6-96ac-3b04a3504fe3","9e92c9dd-750a-5ac5-9041-6c70fd89fa99","Sameta/Mokwerero","sameta mokwerero","canonical","en","KDA-TRANSCRIPTION-LN14-2012"
"850f5192-d3b8-5390-8391-053ab1fb09b2","9e92c9dd-750a-5ac5-9041-6c70fd89fa99","Sameta/Mokwerero ward","sameta mokwerero ward","common","en","KDA-TRANSCRIPTION-LN14-2012"
"d4ab0d9e-81d6-57e2-b01d-1a64483d8490","a1b92090-1789-532a-aad9-812c80084948","Bobasi Boitangare","bobasi boitangare","canonical","en","KDA-TRANSCRIPTION-LN14-2012"
"d38b6359-2aca-52b9-b3bd-9f7f1c1699ff","a1b92090-1789-532a-aad9-812c80084948","Bobasi Boitangare ward","bobasi boitangare ward","common","en","KDA-TRANSCRIPTION-LN14-2012"
"d28dc529-58f7-5a69-a419-b2a1f5b82393","562f16a3-9791-5263-a096-85e835b22562","Majoge","majoge","canonical","en","KDA-TRANSCRIPTION-LN14-2012"
"291ff507-db62-59ea-b4d1-35857c184a5e","562f16a3-9791-5263-a096-85e835b22562","Majoge ward","majoge ward","common","en","KDA-TRANSCRIPTION-LN14-2012"
"b4ce76dd-124e-5da9-a91b-cf7f79375eca","dfe82e7a-3d4d-5588-964a-6b6d06c3a4e1","Boochi/Tendere","boochi tendere","canonical","en","KDA-TRANSCRIPTION-LN14-2012"
"3ae861ec-168c-5ab2-84c4-30c5c56e5c66","dfe82e7a-3d4d-5588-964a-6b6d06c3a4e1","Boochi/Tendere ward","boochi tendere ward","common","en","KDA-TRANSCRIPTION-LN14-2012"
"86f2e680-6363-5dbf-ad11-04a16f1703d0","dd58a218-93b5-5514-9664-89a5880c4b8c","Bosoti/Sengera","bosoti sengera","canonical","en","KDA-TRANSCRIPTION-LN14-2012"
"9d648035-467b-52d5-8ec8-d569ab4cf159","dd58a218-93b5-5514-9664-89a5880c4b8c","Bosoti/Sengera ward","bosoti sengera ward","common","en","KDA-TRANSCRIPTION-LN14-2012"
"16cfb752-f581-556e-b669-3bff4fce7551","4cd43bff-f395-55d6-9bb4-fd958d6fc932","Ichuni","ichuni","canonical","en","KDA-TRANSCRIPTION-LN14-2012"
"86bac61e-babd-5311-b46d-88d5f9f4f8ee","4cd43bff-f395-55d6-9bb4-fd958d6fc932","Ichuni ward","ichuni ward","common","en","KDA-TRANSCRIPTION-LN14-2012"
"96dd6a5c-a99c-53df-85d8-093ab500b452","278a2cb6-efdc-518f-8eb5-bd417a534154","Nyamasibi","nyamasibi","canonical","en","KDA-TRANSCRIPTION-LN14-2012"
"84228eaa-4981-500f-bcf3-82a2b6e39e9f","278a2cb6-efdc-518f-8eb5-bd417a534154","Nyamasibi ward","nyamasibi ward","common","en","KDA-TRANSCRIPTION-LN14-2012"
"2131adfc-2f12-5257-8981-dfd53cca24fb","ea9fd5b9-d4db-5f14-a597-92c8724d6f70","Masimba","masimba","canonical","en","KDA-TRANSCRIPTION-LN14-2012"
"a5404471-6a25-5428-8a4e-df9137c9a49e","ea9fd5b9-d4db-5f14-a597-92c8724d6f70","Masimba ward","masimba ward","common","en","KDA-TRANSCRIPTION-LN14-2012"
"e869944a-01d9-5d1c-a18f-3405624058bd","a5addb63-db59-5a14-926c-3c37aeb00edb","Gesusu","gesusu","canonical","en","KDA-TRANSCRIPTION-LN14-2012"
"31c11957-d052-5185-8841-aef7a08aacb3","a5addb63-db59-5a14-926c-3c37aeb00edb","Gesusu ward","gesusu ward","common","en","KDA-TRANSCRIPTION-LN14-2012"
"6f33c0c8-09ed-51cd-99fd-442ddd4d08fa","11d15ddf-15e0-5eeb-a8b9-bd401a036903","Kiamokama","kiamokama","canonical","en","KDA-TRANSCRIPTION-LN14-2012"
"b130b7d1-2eb9-5fee-98cb-0f05f87939c1","11d15ddf-15e0-5eeb-a8b9-bd401a036903","Kiamokama ward","kiamokama ward","common","en","KDA-TRANSCRIPTION-LN14-2012"
"d16347db-5592-59ef-a43a-a5ed9369c19d","c79e82a0-271e-55ab-97ca-e49f72f4cc67","Bobaracho","bobaracho","canonical","en","KDA-TRANSCRIPTION-LN14-2012"
"81b52106-41e7-56aa-911e-80247ccb1ee4","c79e82a0-271e-55ab-97ca-e49f72f4cc67","Bobaracho ward","bobaracho ward","common","en","KDA-TRANSCRIPTION-LN14-2012"
"42e47988-96cf-554c-a43c-774277c00bb7","dac4fd46-e107-5775-a02e-8f40ade946e8","Kisii Central","kisii central","canonical","en","KDA-TRANSCRIPTION-LN14-2012"
"3e041224-942c-5250-a6ca-6f22a7feab15","dac4fd46-e107-5775-a02e-8f40ade946e8","Kisii Central ward","kisii central ward","common","en","KDA-TRANSCRIPTION-LN14-2012"
"03d4ec14-3990-56ca-bee3-df44ffffe006","c7e83d90-19cb-543b-bd6b-c261fdc67316","Keumbu","keumbu","canonical","en","KDA-TRANSCRIPTION-LN14-2012"
"0b5b23b7-234a-5af5-8109-a532d4b98624","c7e83d90-19cb-543b-bd6b-c261fdc67316","Keumbu ward","keumbu ward","common","en","KDA-TRANSCRIPTION-LN14-2012"
"d8cc8826-cbda-5b4f-9be2-981bc67e5faf","ca46c197-d791-5f18-be8b-86bc271438da","Kiogoro","kiogoro","canonical","en","KDA-TRANSCRIPTION-LN14-2012"
"3d74b4de-0214-543e-9586-63d8d664ccdd","ca46c197-d791-5f18-be8b-86bc271438da","Kiogoro ward","kiogoro ward","common","en","KDA-TRANSCRIPTION-LN14-2012"
"aaea37c0-55a0-5fa1-8d12-719861631285","87e5fa42-2400-59ea-9775-1bfad5f0b7d3","Birongo","birongo","canonical","en","KDA-TRANSCRIPTION-LN14-2012"
"87bde0b6-77c7-5477-9204-225b7f4b30f3","87e5fa42-2400-59ea-9775-1bfad5f0b7d3","Birongo ward","birongo ward","common","en","KDA-TRANSCRIPTION-LN14-2012"
"e909aec9-3e36-5822-88bd-4508712c8a15","3f082198-ca0b-56a2-9db6-d1ce3f8b46be","Ibeno","ibeno","canonical","en","KDA-TRANSCRIPTION-LN14-2012"
"6974e4dc-ca9e-5cba-93f6-698f34e8bc6c","3f082198-ca0b-56a2-9db6-d1ce3f8b46be","Ibeno ward","ibeno ward","common","en","KDA-TRANSCRIPTION-LN14-2012"
"0f6142a7-1357-536a-a69f-42bc09891b64","53f329f3-e3d2-51c9-b5a4-a0fe0d7c9df4","Monyerero","monyerero","canonical","en","KDA-TRANSCRIPTION-LN14-2012"
"560812d0-fbcd-5e0d-b133-aebb73c72d7e","53f329f3-e3d2-51c9-b5a4-a0fe0d7c9df4","Monyerero ward","monyerero ward","common","en","KDA-TRANSCRIPTION-LN14-2012"
"e050bf02-e9d0-540d-b5ab-8d2e9579fbb5","3e173663-b7e6-5ca4-aad8-e74b6408a92a","Sensi","sensi","canonical","en","KDA-TRANSCRIPTION-LN14-2012"
"bf709466-817b-50f3-90b2-18341575bda3","3e173663-b7e6-5ca4-aad8-e74b6408a92a","Sensi ward","sensi ward","common","en","KDA-TRANSCRIPTION-LN14-2012"
"d7523fbc-1cad-5f63-a162-88251151dc10","b6a73391-5dbc-50b2-95d2-0047b18ee62c","Marani","marani","canonical","en","KDA-TRANSCRIPTION-LN14-2012"
"23249f40-7f49-5344-bf5b-aad83b7a23c0","b6a73391-5dbc-50b2-95d2-0047b18ee62c","Marani ward","marani ward","common","en","KDA-TRANSCRIPTION-LN14-2012"
"b155620c-5f14-5ebe-8ddb-7002488d2aa8","0f98a2a6-e337-5211-b147-7d4580e04d57","Kegogi","kegogi","canonical","en","KDA-TRANSCRIPTION-LN14-2012"
"6d17ccad-a53d-5b13-8772-2c93826aca38","0f98a2a6-e337-5211-b147-7d4580e04d57","Kegogi ward","kegogi ward","common","en","KDA-TRANSCRIPTION-LN14-2012"
"844b2b6e-12fc-512f-a0a1-f89a2d8d4e79","c338caa4-f93b-5740-a240-7511c8499b90","Bogusero","bogusero","canonical","en","KDA-TRANSCRIPTION-LN14-2012"
"f4a58e71-818a-5298-8ce0-f4a7ef427aa5","c338caa4-f93b-5740-a240-7511c8499b90","Bogusero ward","bogusero ward","common","en","KDA-TRANSCRIPTION-LN14-2012"
"b4dcba12-7e72-5112-a906-45f1122c4d9f","84dea965-703f-5c44-875a-d12aca4a0af0","Bogeka","bogeka","canonical","en","KDA-TRANSCRIPTION-LN14-2012"
"88c76155-e7d5-5db7-b577-6934c6ece943","84dea965-703f-5c44-875a-d12aca4a0af0","Bogeka ward","bogeka ward","common","en","KDA-TRANSCRIPTION-LN14-2012"
"acd2408d-7a11-562c-9645-b1517daa5361","b06b2376-06ac-5d05-a068-db2e6bc03557","Nyakoe","nyakoe","canonical","en","KDA-TRANSCRIPTION-LN14-2012"
"d42c4878-e7ac-532d-bcbd-51bad6f2edc9","b06b2376-06ac-5d05-a068-db2e6bc03557","Nyakoe ward","nyakoe ward","common","en","KDA-TRANSCRIPTION-LN14-2012"
"25837224-d851-5e62-b456-486439953620","b3fb5aea-c4d6-5914-9fa7-95e111c94a06","Kitutu Central","kitutu central","canonical","en","KDA-TRANSCRIPTION-LN14-2012"
"b116680a-ca6f-5e78-8200-452566405555","b3fb5aea-c4d6-5914-9fa7-95e111c94a06","Kitutu Central ward","kitutu central ward","common","en","KDA-TRANSCRIPTION-LN14-2012"
"23ece574-3205-5c0c-8c7d-c38ae90b73d8","d72138e2-ef7b-53a3-96a2-9e3d6876fc9f","Nyatieko","nyatieko","canonical","en","KDA-TRANSCRIPTION-LN14-2012"
"fadb0f17-3d7f-5aa2-bef5-cdcffefa0005","d72138e2-ef7b-53a3-96a2-9e3d6876fc9f","Nyatieko ward","nyatieko ward","common","en","KDA-TRANSCRIPTION-LN14-2012"
"dc6b44bf-389b-5df5-877d-bf5777ca08c6","747e706d-fd30-540e-bdf4-40c0e5cd3409","Rigoma","rigoma","canonical","en","KDA-TRANSCRIPTION-LN14-2012"
"90a28422-9ae9-5eff-af69-b6fc0dceb101","747e706d-fd30-540e-bdf4-40c0e5cd3409","Rigoma ward","rigoma ward","common","en","KDA-TRANSCRIPTION-LN14-2012"
"63311c03-f3c7-5b8c-a3e9-7077abb17ed3","15507309-ef42-50c7-b281-e0d747717263","Gachuba","gachuba","canonical","en","KDA-TRANSCRIPTION-LN14-2012"
"9209880f-962c-5e18-b71a-ee9006406254","15507309-ef42-50c7-b281-e0d747717263","Gachuba ward","gachuba ward","common","en","KDA-TRANSCRIPTION-LN14-2012"
"67f4cb3d-61a5-5b5f-9001-a6274df45ce5","de1fb2fc-d892-5783-a697-a3cab32295e0","Kemera","kemera","canonical","en","KDA-TRANSCRIPTION-LN14-2012"
"be61b0c1-164f-5137-ada3-c890bd57eb80","de1fb2fc-d892-5783-a697-a3cab32295e0","Kemera ward","kemera ward","common","en","KDA-TRANSCRIPTION-LN14-2012"
"6695a8fc-9b14-5826-85b5-e0380732303c","13892139-a04b-57ec-b3a8-89a15510a157","Magombo","magombo","canonical","en","KDA-TRANSCRIPTION-LN14-2012"
"ce607fac-e8f2-5e60-82e5-fe79d34d6e93","13892139-a04b-57ec-b3a8-89a15510a157","Magombo ward","magombo ward","common","en","KDA-TRANSCRIPTION-LN14-2012"
"fa59ce9a-64cb-5f9d-ad5a-6ba0ccd8e3c2","8b3a6352-f524-58f4-9455-47c1c7531ffe","Manga","manga","canonical","en","KDA-TRANSCRIPTION-LN14-2012"
"062750c0-a8a2-51ba-83d2-69ea96824812","8b3a6352-f524-58f4-9455-47c1c7531ffe","Manga ward","manga ward","common","en","KDA-TRANSCRIPTION-LN14-2012"
"df0d57e8-2c7a-53c6-ad01-1bf474d998b8","5cbb09f6-5d92-5777-9ce6-9b1959eeff54","Gesima","gesima","canonical","en","KDA-TRANSCRIPTION-LN14-2012"
"960f1112-5a0a-5e70-8de6-e24159aba011","5cbb09f6-5d92-5777-9ce6-9b1959eeff54","Gesima ward","gesima ward","common","en","KDA-TRANSCRIPTION-LN14-2012"
"750a698e-aff0-5872-b953-5cc5229a93c1","518a9034-5c48-5de7-bfa2-a95ea88af0c8","Nyamaiya","nyamaiya","canonical","en","KDA-TRANSCRIPTION-LN14-2012"
"f53a8961-07ff-5964-9871-23b83deb07e8","518a9034-5c48-5de7-bfa2-a95ea88af0c8","Nyamaiya ward","nyamaiya ward","common","en","KDA-TRANSCRIPTION-LN14-2012"
"bde8e05b-5dc0-5ad9-b4d7-1d225d8c3d6d","19233f3a-7cc1-512c-a401-2fa0590da83c","Bogichora","bogichora","canonical","en","KDA-TRANSCRIPTION-LN14-2012"
"ce68f3e1-a764-510b-8063-f37c1656b90a","19233f3a-7cc1-512c-a401-2fa0590da83c","Bogichora ward","bogichora ward","common","en","KDA-TRANSCRIPTION-LN14-2012"
"9389e5b4-ca68-5e1c-b75e-7e8c413d84dc","30535ce6-f95d-52bc-b2ff-ef5d8d2e5d1d","Bosamaro","bosamaro","canonical","en","KDA-TRANSCRIPTION-LN14-2012"
"04aa7e70-ab90-582b-adaa-82a284260333","30535ce6-f95d-52bc-b2ff-ef5d8d2e5d1d","Bosamaro ward","bosamaro ward","common","en","KDA-TRANSCRIPTION-LN14-2012"
"8b17c9bf-18e1-5c19-a819-607dc775f716","badeff33-f84f-5466-9b72-2d7ad9826149","Bonyamatuta","bonyamatuta","canonical","en","KDA-TRANSCRIPTION-LN14-2012"
"e3ad3cf6-9e05-5868-ac5d-994828a5f184","badeff33-f84f-5466-9b72-2d7ad9826149","Bonyamatuta ward","bonyamatuta ward","common","en","KDA-TRANSCRIPTION-LN14-2012"
"d85af918-5824-5c3d-a623-8a3260b13b9e","8c59f896-f9cf-593b-99d0-5a0866cbb02a","Township","township","canonical","en","KDA-TRANSCRIPTION-LN14-2012"
"f77fb8ee-0143-5030-992c-096c8e3ddcc5","8c59f896-f9cf-593b-99d0-5a0866cbb02a","Township ward","township ward","common","en","KDA-TRANSCRIPTION-LN14-2012"
"eccd32ac-5644-523f-a319-cf64f13e70fe","2944d09e-3b6a-588f-9361-ada6669b7b64","Itibo","itibo","canonical","en","KDA-TRANSCRIPTION-LN14-2012"
"b89d63b8-1c8e-53a7-b9d8-57bb51b443ed","2944d09e-3b6a-588f-9361-ada6669b7b64","Itibo ward","itibo ward","common","en","KDA-TRANSCRIPTION-LN14-2012"
"674d45cc-4708-5af6-898d-8cc6063f567b","1607db2e-51f9-5332-90e2-966fc57d3cde","Bomwagamo","bomwagamo","canonical","en","KDA-TRANSCRIPTION-LN14-2012"
"321174d7-763b-51f7-a425-4ae0383ed17a","1607db2e-51f9-5332-90e2-966fc57d3cde","Bomwagamo ward","bomwagamo ward","common","en","KDA-TRANSCRIPTION-LN14-2012"
"669ef139-5cf2-59fe-b441-8967498a6a74","04ee35c6-f22d-5ecd-9153-a962774a994b","Bokeira","bokeira","canonical","en","KDA-TRANSCRIPTION-LN14-2012"
"007729ab-86b5-529a-b44b-81e1f15e3b3e","04ee35c6-f22d-5ecd-9153-a962774a994b","Bokeira ward","bokeira ward","common","en","KDA-TRANSCRIPTION-LN14-2012"
"d1742a60-d715-56a7-80f3-c6533a84340e","bae1cb33-9fdd-5fc2-91df-109fb896a62b","Magwagwa","magwagwa","canonical","en","KDA-TRANSCRIPTION-LN14-2012"
"44f182de-8e82-57da-9951-4acb964e4615","bae1cb33-9fdd-5fc2-91df-109fb896a62b","Magwagwa ward","magwagwa ward","common","en","KDA-TRANSCRIPTION-LN14-2012"
"3cea4c66-0451-58ba-b848-bfd79e43f964","dc96daa8-5528-5ed3-a4d3-1ce67328d363","Ekerenyo","ekerenyo","canonical","en","KDA-TRANSCRIPTION-LN14-2012"
"98f8db78-934b-5658-aeca-6b173eef6559","dc96daa8-5528-5ed3-a4d3-1ce67328d363","Ekerenyo ward","ekerenyo ward","common","en","KDA-TRANSCRIPTION-LN14-2012"
"a99d1a54-a59b-5b75-ad17-97a9a192888d","7118d272-3027-59e9-b495-2c156ff2c373","Mekenene","mekenene","canonical","en","KDA-TRANSCRIPTION-LN14-2012"
"d3deee67-2d97-5810-a856-45603055c768","7118d272-3027-59e9-b495-2c156ff2c373","Mekenene ward","mekenene ward","common","en","KDA-TRANSCRIPTION-LN14-2012"
"d31fa35a-723c-5559-8bde-2f17726e6e3c","49c02b0b-805f-58ef-a7c9-049ef97beef1","Kiabonyoru","kiabonyoru","canonical","en","KDA-TRANSCRIPTION-LN14-2012"
"15be8c30-95c1-5756-b5b6-1a046162f0f2","49c02b0b-805f-58ef-a7c9-049ef97beef1","Kiabonyoru ward","kiabonyoru ward","common","en","KDA-TRANSCRIPTION-LN14-2012"
"fd84c55c-510f-5040-9135-619297fabe33","b14d0ee3-938f-593f-8f3c-f3e3566102f9","Nyansiongo","nyansiongo","canonical","en","KDA-TRANSCRIPTION-LN14-2012"
"bc147c14-bf66-5408-956e-684eea7758fc","b14d0ee3-938f-593f-8f3c-f3e3566102f9","Nyansiongo ward","nyansiongo ward","common","en","KDA-TRANSCRIPTION-LN14-2012"
"82deea26-3a5e-506f-984b-8d21c07e0f3b","d5741673-c4fb-5308-abbd-eabe87be5acd","Esise","esise","canonical","en","KDA-TRANSCRIPTION-LN14-2012"
"77a9552b-28ed-5b18-8e12-27288891c5ec","d5741673-c4fb-5308-abbd-eabe87be5acd","Esise ward","esise ward","common","en","KDA-TRANSCRIPTION-LN14-2012"
"3b15fe2b-fc7f-51fa-a4cc-1ec4951ad4bc","79dd0957-ba6c-5b74-99a4-04bb9996c7b5","Kitisuru","kitisuru","canonical","en","KDA-TRANSCRIPTION-LN14-2012"
"a4f4a08c-6db3-5b74-9d17-06221f85bedd","79dd0957-ba6c-5b74-99a4-04bb9996c7b5","Kitisuru ward","kitisuru ward","common","en","KDA-TRANSCRIPTION-LN14-2012"
"5592ae67-557f-5937-8b77-a541a97930a0","acefe0f6-3deb-5f48-935e-de8d651405b9","Parklands/Highridge","parklands highridge","canonical","en","KDA-TRANSCRIPTION-LN14-2012"
"6a076d46-f4e9-5f0c-918e-351dbb0a3dda","acefe0f6-3deb-5f48-935e-de8d651405b9","Parklands/Highridge ward","parklands highridge ward","common","en","KDA-TRANSCRIPTION-LN14-2012"
"7d0e9daf-ae81-5c96-ba24-5751b3337271","b53fa7aa-c98a-5050-854d-b26f3a982436","Karura","karura","canonical","en","KDA-TRANSCRIPTION-LN14-2012"
"50b7d3d1-1a63-57f2-99f0-1fa32a5e4a51","b53fa7aa-c98a-5050-854d-b26f3a982436","Karura ward","karura ward","common","en","KDA-TRANSCRIPTION-LN14-2012"
"168497ff-b200-59a6-b6e8-491929dd37ba","3e4fbcf5-595c-5596-8b51-1a387f90a2ef","Kangemi","kangemi","canonical","en","KDA-TRANSCRIPTION-LN14-2012"
"e393a89e-4a5a-5ec6-a932-c737382403c0","3e4fbcf5-595c-5596-8b51-1a387f90a2ef","Kangemi ward","kangemi ward","common","en","KDA-TRANSCRIPTION-LN14-2012"
"c664a61a-5285-568f-be0a-c7fcd5928040","9e007f42-adac-54fb-8c04-b9b39055be30","Mountain View","mountain view","canonical","en","KDA-TRANSCRIPTION-LN14-2012"
"11379479-aaa0-5580-9e05-2161fca6920a","9e007f42-adac-54fb-8c04-b9b39055be30","Mountain View ward","mountain view ward","common","en","KDA-TRANSCRIPTION-LN14-2012"
"e3bbb279-c019-5b65-ad28-49aaf18c2b01","7a25824a-ad5d-5b5d-b2a0-8ebce4514529","Kilimani","kilimani","canonical","en","KDA-TRANSCRIPTION-LN14-2012"
"a48ab95b-9063-5362-a060-d6991f99e191","7a25824a-ad5d-5b5d-b2a0-8ebce4514529","Kilimani ward","kilimani ward","common","en","KDA-TRANSCRIPTION-LN14-2012"
"50b69214-0662-5022-8812-0a75594c97fa","0e93c3c4-2f7d-5ddd-bba0-c66aeb455b87","Kawangware","kawangware","canonical","en","KDA-TRANSCRIPTION-LN14-2012"
"4e80acc5-3a77-5a29-b918-ce343b1536a0","0e93c3c4-2f7d-5ddd-bba0-c66aeb455b87","Kawangware ward","kawangware ward","common","en","KDA-TRANSCRIPTION-LN14-2012"
"4bcbd892-16ec-5978-8e77-c8e166d03adb","0d852141-4bef-53a7-91b3-f2ce22c7c04f","Gatina","gatina","canonical","en","KDA-TRANSCRIPTION-LN14-2012"
"23aa6e7c-c01b-5a66-8cf3-30624d7c16ea","0d852141-4bef-53a7-91b3-f2ce22c7c04f","Gatina ward","gatina ward","common","en","KDA-TRANSCRIPTION-LN14-2012"
"243c7194-293c-5ad2-aade-015ca3f32f35","f44f6eaf-9ad0-5542-922e-aa18267282a1","Kileleshwa","kileleshwa","canonical","en","KDA-TRANSCRIPTION-LN14-2012"
"01cbfa16-322e-5eee-b5cc-651be5eb053c","f44f6eaf-9ad0-5542-922e-aa18267282a1","Kileleshwa ward","kileleshwa ward","common","en","KDA-TRANSCRIPTION-LN14-2012"
"e042ec27-2c1a-57c5-ac42-2f7cd8b3ae4a","4d002127-52e5-5274-bb4b-ed24119c3239","Kabiro","kabiro","canonical","en","KDA-TRANSCRIPTION-LN14-2012"
"1e48b095-f582-5705-a971-37c0229fe73f","4d002127-52e5-5274-bb4b-ed24119c3239","Kabiro ward","kabiro ward","common","en","KDA-TRANSCRIPTION-LN14-2012"
"eade29f6-eb64-57d2-8788-eb9ecfd2d571","6048638b-bbdb-5a3d-a10e-a6548f4b65f7","Mutuini","mutuini","canonical","en","KDA-TRANSCRIPTION-LN14-2012"
"80fa9fc6-988b-50fa-a508-301c3d541a55","6048638b-bbdb-5a3d-a10e-a6548f4b65f7","Mutuini ward","mutuini ward","common","en","KDA-TRANSCRIPTION-LN14-2012"
"6216b525-77e8-57af-835b-abdb23757d5d","3f6a6d09-2343-58a7-8191-979d8f3284d1","Ngando","ngando","canonical","en","KDA-TRANSCRIPTION-LN14-2012"
"e34837c7-4dec-50d6-9beb-93068a0e60f6","3f6a6d09-2343-58a7-8191-979d8f3284d1","Ngando ward","ngando ward","common","en","KDA-TRANSCRIPTION-LN14-2012"
"6a5b7e40-d762-535c-9e84-4d7e4420fc0a","6615bdb8-e2cc-55d0-bfc4-db2f0a75c298","Riruta","riruta","canonical","en","KDA-TRANSCRIPTION-LN14-2012"
"8f25a0e3-a81e-5389-ba74-dc3f2dd1d16f","6615bdb8-e2cc-55d0-bfc4-db2f0a75c298","Riruta ward","riruta ward","common","en","KDA-TRANSCRIPTION-LN14-2012"
"efbd4468-268e-5bfc-a511-8f5d54f4bf94","bada0ba4-8899-55c4-97ba-e4f2bf1f8cea","Uthiru/Ruthimitu","uthiru ruthimitu","canonical","en","KDA-TRANSCRIPTION-LN14-2012"
"28835070-b683-5165-bcbc-1457445362c3","bada0ba4-8899-55c4-97ba-e4f2bf1f8cea","Uthiru/Ruthimitu ward","uthiru ruthimitu ward","common","en","KDA-TRANSCRIPTION-LN14-2012"
"094ee1b2-3d15-5063-bee6-aa99ac764432","5bf96829-10ad-5361-82d0-4c234a06cfdc","Waithaka","waithaka","canonical","en","KDA-TRANSCRIPTION-LN14-2012"
"809c2bff-30ea-54b3-9f51-944bd2e8d22a","5bf96829-10ad-5361-82d0-4c234a06cfdc","Waithaka ward","waithaka ward","common","en","KDA-TRANSCRIPTION-LN14-2012"
"438cbe3e-65e3-5152-92ba-057162f56206","17c2b4e9-f6c0-5608-a6b5-4a3d194b7453","Karen","karen","canonical","en","KDA-TRANSCRIPTION-LN14-2012"
"ff2e4ac3-6f11-5db2-bb59-664af504ce0c","17c2b4e9-f6c0-5608-a6b5-4a3d194b7453","Karen ward","karen ward","common","en","KDA-TRANSCRIPTION-LN14-2012"
"e49a7439-0939-5e57-93b4-222b2e543e3c","e3edee24-6275-5e49-a777-85c3892dc215","Nairobi West","nairobi west","canonical","en","KDA-TRANSCRIPTION-LN14-2012"
"06412edf-346e-5518-ae30-7200fe4e9df0","e3edee24-6275-5e49-a777-85c3892dc215","Nairobi West ward","nairobi west ward","common","en","KDA-TRANSCRIPTION-LN14-2012"
"295783b6-ceea-50e0-9909-977c76e5b457","771eadda-ba24-5f62-86c5-02a0f66db98c","Mugumo-Ini","mugumo ini","canonical","en","KDA-TRANSCRIPTION-LN14-2012"
"4cdacbde-345a-5466-860d-cb4d2b08a41a","771eadda-ba24-5f62-86c5-02a0f66db98c","Mugumo-Ini ward","mugumo ini ward","common","en","KDA-TRANSCRIPTION-LN14-2012"
"9ca70deb-03ec-5433-8a29-39f120e65cc2","2e309c5c-d91d-5c64-b106-0da337b1e02f","South-C","south c","canonical","en","KDA-TRANSCRIPTION-LN14-2012"
"af06d7fc-6019-5501-b76b-fb751d6bf218","2e309c5c-d91d-5c64-b106-0da337b1e02f","South-C ward","south c ward","common","en","KDA-TRANSCRIPTION-LN14-2012"
"c61e5368-cde8-5d81-8862-2c7db2e25576","62b1faff-cb78-52ac-b62c-ee2b9e70cc0a","Nyayo Highrise","nyayo highrise","canonical","en","KDA-TRANSCRIPTION-LN14-2012"
"052c35bf-2e2c-516b-8728-38652112f66a","62b1faff-cb78-52ac-b62c-ee2b9e70cc0a","Nyayo Highrise ward","nyayo highrise ward","common","en","KDA-TRANSCRIPTION-LN14-2012"
"eb83bcbf-733a-50ea-bb47-b4773191fe78","09187c48-3fe7-57ab-8628-3f915d9675dd","Laini Saba","laini saba","canonical","en","KDA-TRANSCRIPTION-LN14-2012"
"d0405226-e84e-5b7a-a5b0-d4651c92f883","09187c48-3fe7-57ab-8628-3f915d9675dd","Laini Saba ward","laini saba ward","common","en","KDA-TRANSCRIPTION-LN14-2012"
"47907c3a-95cd-5869-88f2-71605fd19933","a392f455-291b-59a0-8116-ef59d2df3f65","Lindi","lindi","canonical","en","KDA-TRANSCRIPTION-LN14-2012"
"eaa11a5e-bd04-5840-8b32-c0614924443d","a392f455-291b-59a0-8116-ef59d2df3f65","Lindi ward","lindi ward","common","en","KDA-TRANSCRIPTION-LN14-2012"
"b3c9313c-5fe1-5221-8489-8ecfa80bc968","ba6fee56-5126-5bb2-a91f-e17d44f2af46","Makina","makina","canonical","en","KDA-TRANSCRIPTION-LN14-2012"
"9755cd28-1561-59b5-88e5-e7e745990817","ba6fee56-5126-5bb2-a91f-e17d44f2af46","Makina ward","makina ward","common","en","KDA-TRANSCRIPTION-LN14-2012"
"00f1506a-fb74-5225-908b-b1e909b643e9","72c18fa1-5f53-5039-b126-cbf0dc8b0d2f","Woodley/Kenyatta Golf","woodley kenyatta golf","canonical","en","KDA-TRANSCRIPTION-LN14-2012"
"2440c7a4-98ac-5432-bf42-6f10ce36e20b","72c18fa1-5f53-5039-b126-cbf0dc8b0d2f","Woodley/Kenyatta Golf ward","woodley kenyatta golf ward","common","en","KDA-TRANSCRIPTION-LN14-2012"
"38a63535-cf70-54a8-b2c8-eab96ffb5192","11299097-c9f7-5eb9-a2a6-9ac36c7a7f35","Sarangombe","sarangombe","canonical","en","KDA-TRANSCRIPTION-LN14-2012"
"7c6351cb-963f-517e-a1bf-029777634ca1","11299097-c9f7-5eb9-a2a6-9ac36c7a7f35","Sarangombe ward","sarangombe ward","common","en","KDA-TRANSCRIPTION-LN14-2012"
"15dbc577-a287-5c83-b4bd-e90b811e75ab","e12f4f9d-5fe2-53b8-a978-d813da49b4ed","Githurai","githurai","canonical","en","KDA-TRANSCRIPTION-LN14-2012"
"f282228a-ddd1-5283-ab54-db8989f195fb","e12f4f9d-5fe2-53b8-a978-d813da49b4ed","Githurai ward","githurai ward","common","en","KDA-TRANSCRIPTION-LN14-2012"
"e16b0403-1ed4-5b9f-a579-e781e7f41302","502f5ace-f5c5-51cc-b909-c8a1e68d165f","Kahawa West","kahawa west","canonical","en","KDA-TRANSCRIPTION-LN14-2012"
"9f7eeb79-70c8-5061-bae9-a57acb841a0f","502f5ace-f5c5-51cc-b909-c8a1e68d165f","Kahawa West ward","kahawa west ward","common","en","KDA-TRANSCRIPTION-LN14-2012"
"255159e4-556b-5424-9e5e-3c0cb28b979e","8bacfe17-0f55-5bc6-b147-f6fc80130846","Zimmerman","zimmerman","canonical","en","KDA-TRANSCRIPTION-LN14-2012"
"c1df13bb-d7f6-54a1-8906-b5ae55eeea1d","8bacfe17-0f55-5bc6-b147-f6fc80130846","Zimmerman ward","zimmerman ward","common","en","KDA-TRANSCRIPTION-LN14-2012"
"60a00431-6a8a-5f0a-ad50-1e0f5539bd1a","dc0c6ce8-fff0-5f61-adde-11569bb57ddb","Roysambu","roysambu","canonical","en","KDA-TRANSCRIPTION-LN14-2012"
"c87ed975-f8ef-5aae-ab3e-a965af1ccbe6","dc0c6ce8-fff0-5f61-adde-11569bb57ddb","Roysambu ward","roysambu ward","common","en","KDA-TRANSCRIPTION-LN14-2012"
"66a1d4f8-3afa-5d00-bb82-7372cd36569d","d4c9ee54-97de-5aaa-9674-496f50a122ee","Kahawa","kahawa","canonical","en","KDA-TRANSCRIPTION-LN14-2012"
"a7cf9aee-2d7c-5301-9b5a-3d3b18046fec","d4c9ee54-97de-5aaa-9674-496f50a122ee","Kahawa ward","kahawa ward","common","en","KDA-TRANSCRIPTION-LN14-2012"
"29a923e2-6d0a-5e9a-930c-679ee94737bc","9a1ae194-e6de-5136-8bab-293463e4feb8","Claycity","claycity","canonical","en","KDA-TRANSCRIPTION-LN14-2012"
"7f660de3-2a54-5f18-bab3-ab00ebd0d5b2","9a1ae194-e6de-5136-8bab-293463e4feb8","Claycity ward","claycity ward","common","en","KDA-TRANSCRIPTION-LN14-2012"
"86600732-48bf-5dec-ab9a-058047a9c07d","8d16e68c-f8e4-576d-9e28-68abd0da6ade","Mwiki","mwiki","canonical","en","KDA-TRANSCRIPTION-LN14-2012"
"39f499e8-c2a9-589a-97f6-fc8adfb1dc2a","8d16e68c-f8e4-576d-9e28-68abd0da6ade","Mwiki ward","mwiki ward","common","en","KDA-TRANSCRIPTION-LN14-2012"
"a1c3afeb-3c9b-5b5b-b2cf-f1a56c7212c8","44e1fcb1-d43d-53ae-bf5e-4cfd8dfb0f11","Kasarani","kasarani","canonical","en","KDA-TRANSCRIPTION-LN14-2012"
"11ad9d97-a9cd-5721-8c96-c196ad6ba6c0","44e1fcb1-d43d-53ae-bf5e-4cfd8dfb0f11","Kasarani ward","kasarani ward","common","en","KDA-TRANSCRIPTION-LN14-2012"
"6e622ff2-762a-5fb7-85de-9a2665d2e8a1","1480f7e2-a415-59f9-b318-4d5ebe5976d7","Njiru","njiru","canonical","en","KDA-TRANSCRIPTION-LN14-2012"
"73c4555e-ecd5-5a18-914e-2f6bdce8d2a1","1480f7e2-a415-59f9-b318-4d5ebe5976d7","Njiru ward","njiru ward","common","en","KDA-TRANSCRIPTION-LN14-2012"
"5f29e3df-5399-5f1f-ad18-c29abfbdb8b0","e54ad29e-0111-5a71-b056-6f78ebc84576","Ruai","ruai","canonical","en","KDA-TRANSCRIPTION-LN14-2012"
"7bd4a5db-9b53-50a0-869b-7943ae6a8f28","e54ad29e-0111-5a71-b056-6f78ebc84576","Ruai ward","ruai ward","common","en","KDA-TRANSCRIPTION-LN14-2012"
"bd642c20-8a64-570f-b869-0d03c055231b","6442df5c-e859-5d6b-ba7b-9b44232ef33c","Baba Dogo","baba dogo","canonical","en","KDA-TRANSCRIPTION-LN14-2012"
"9a23bff2-7583-55f9-850c-c2b615039819","6442df5c-e859-5d6b-ba7b-9b44232ef33c","Baba Dogo ward","baba dogo ward","common","en","KDA-TRANSCRIPTION-LN14-2012"
"0b386c69-e9fd-52ee-933d-2f2d25ffd817","a755411d-72ec-54bb-b269-17f34e077e7d","Utalii","utalii","canonical","en","KDA-TRANSCRIPTION-LN14-2012"
"f3673b49-57fe-5dbc-a02d-3d080b16c7de","a755411d-72ec-54bb-b269-17f34e077e7d","Utalii ward","utalii ward","common","en","KDA-TRANSCRIPTION-LN14-2012"
"5b022808-0668-5208-a336-2e5d03264ab4","f9986817-1cb1-583f-94d0-70a42825cc5e","Mathare North","mathare north","canonical","en","KDA-TRANSCRIPTION-LN14-2012"
"3e189cfc-1802-5835-b25e-21afbbc5066f","f9986817-1cb1-583f-94d0-70a42825cc5e","Mathare North ward","mathare north ward","common","en","KDA-TRANSCRIPTION-LN14-2012"
"e4f17935-a33f-5fc4-8876-e3d485b682f7","811494fc-a446-59d8-b1e6-add3c42d4341","Lucky Summer","lucky summer","canonical","en","KDA-TRANSCRIPTION-LN14-2012"
"677f0aa8-00e8-5795-aa60-12ad56c32de8","811494fc-a446-59d8-b1e6-add3c42d4341","Lucky Summer ward","lucky summer ward","common","en","KDA-TRANSCRIPTION-LN14-2012"
"292cfe9f-b48c-58c5-be46-3b3a654b8a4a","25266d19-1a5d-5e46-8581-859b6d0e2f3e","Korogocho","korogocho","canonical","en","KDA-TRANSCRIPTION-LN14-2012"
"4d960d76-33c7-532b-9ed1-0f895f6fe78b","25266d19-1a5d-5e46-8581-859b6d0e2f3e","Korogocho ward","korogocho ward","common","en","KDA-TRANSCRIPTION-LN14-2012"
"fe829a40-a1e6-5fab-9495-0c502af109d1","edf00fa4-c90d-56dd-9d75-75e273fc56ad","Imara Daima","imara daima","canonical","en","KDA-TRANSCRIPTION-LN14-2012"
"58b3549d-5101-59c2-85d2-c809253c4510","edf00fa4-c90d-56dd-9d75-75e273fc56ad","Imara Daima ward","imara daima ward","common","en","KDA-TRANSCRIPTION-LN14-2012"
"e5bb33f8-8cf4-5097-bba7-a2f19fff558e","16638ed0-4fbb-59eb-86dd-389284145ac8","Kwa Njenga","kwa njenga","canonical","en","KDA-TRANSCRIPTION-LN14-2012"
"72a351f5-c4d5-510a-8ba3-b12a5d6c84e4","16638ed0-4fbb-59eb-86dd-389284145ac8","Kwa Njenga ward","kwa njenga ward","common","en","KDA-TRANSCRIPTION-LN14-2012"
"e9b4a7b8-3eb3-562a-9828-1d752005e34c","cf747cb6-872b-5cf4-b32f-e53ef76109ab","Kwa Reuben","kwa reuben","canonical","en","KDA-TRANSCRIPTION-LN14-2012"
"d59089d7-9981-5a27-a0f9-43459f4729b4","cf747cb6-872b-5cf4-b32f-e53ef76109ab","Kwa Reuben ward","kwa reuben ward","common","en","KDA-TRANSCRIPTION-LN14-2012"
"b88f6ba5-96a0-5b97-bc57-2e0f5c2c056c","ce6fb457-7864-5d11-9b7a-613e99fe6528","Pipeline","pipeline","canonical","en","KDA-TRANSCRIPTION-LN14-2012"
"b1afa7dc-a51b-5411-b52b-f3ea7378af9a","ce6fb457-7864-5d11-9b7a-613e99fe6528","Pipeline ward","pipeline ward","common","en","KDA-TRANSCRIPTION-LN14-2012"
"75274f09-0a68-5384-952a-12dc462dabaf","0b689715-5a0a-5f0d-8034-136d69972ea8","Kware","kware","canonical","en","KDA-TRANSCRIPTION-LN14-2012"
"9027f8f1-52a6-5b34-b0a4-156dfc14a0fa","0b689715-5a0a-5f0d-8034-136d69972ea8","Kware ward","kware ward","common","en","KDA-TRANSCRIPTION-LN14-2012"
"17143dce-81d0-5dc6-a83e-01ac886a1bdb","2bf06765-2c64-5554-99be-29877a9fa0be","Kariobangi North","kariobangi north","canonical","en","KDA-TRANSCRIPTION-LN14-2012"
"3c4ffdaa-4414-5f74-8ae6-ab124218424a","2bf06765-2c64-5554-99be-29877a9fa0be","Kariobangi North ward","kariobangi north ward","common","en","KDA-TRANSCRIPTION-LN14-2012"
"03c1e63f-dbb6-5e10-9014-622eb943f055","11cc524d-fc40-519e-bed1-211f3514c70b","Dandora Area I","dandora area i","canonical","en","KDA-TRANSCRIPTION-LN14-2012"
"16b666c7-43f6-5344-99b6-f8aba80db223","11cc524d-fc40-519e-bed1-211f3514c70b","Dandora Area I ward","dandora area i ward","common","en","KDA-TRANSCRIPTION-LN14-2012"
"7536f3d3-fd35-52ab-83ee-589be11c8f5a","f8a0aedf-bf88-5d52-b8c8-42ccb01ebfa9","Dandora Area Ii","dandora area ii","canonical","en","KDA-TRANSCRIPTION-LN14-2012"
"14dfefee-f042-568f-a81d-0055c3aaa5ab","f8a0aedf-bf88-5d52-b8c8-42ccb01ebfa9","Dandora Area Ii ward","dandora area ii ward","common","en","KDA-TRANSCRIPTION-LN14-2012"
"1a218acc-db8f-541f-bdc6-471a879ecec5","aa81aa6b-7dc8-5ab3-b579-145a06d09758","Dandora Area Iii","dandora area iii","canonical","en","KDA-TRANSCRIPTION-LN14-2012"
"b647a545-a034-525b-aa1d-c1f5a8e9511e","aa81aa6b-7dc8-5ab3-b579-145a06d09758","Dandora Area Iii ward","dandora area iii ward","common","en","KDA-TRANSCRIPTION-LN14-2012"
"13c433c6-52f5-5bad-9214-69f4cdc45375","9a0818e6-b31a-51e4-bea0-3cca374db980","Dandora Area Iv","dandora area iv","canonical","en","KDA-TRANSCRIPTION-LN14-2012"
"6c547bb4-ea8f-52d4-8d49-c000b89b5ea0","9a0818e6-b31a-51e4-bea0-3cca374db980","Dandora Area Iv ward","dandora area iv ward","common","en","KDA-TRANSCRIPTION-LN14-2012"
"b8abf6a7-20f4-5444-b3ed-61bc49d6ee9a","189bdf84-40bc-50e3-a055-2fb0860305c8","Kayole North","kayole north","canonical","en","KDA-TRANSCRIPTION-LN14-2012"
"8fc1f2da-ef93-5160-aa0d-afa38d6024ad","189bdf84-40bc-50e3-a055-2fb0860305c8","Kayole North ward","kayole north ward","common","en","KDA-TRANSCRIPTION-LN14-2012"
"87dfe9f2-1c09-5647-870d-09943e98e71e","b8c29aa6-f0e0-5fa4-94ed-6ee1840ad86d","Kayole Central","kayole central","canonical","en","KDA-TRANSCRIPTION-LN14-2012"
"ef312fc1-4988-59cc-b194-91d6f7a3c45d","b8c29aa6-f0e0-5fa4-94ed-6ee1840ad86d","Kayole Central ward","kayole central ward","common","en","KDA-TRANSCRIPTION-LN14-2012"
"be1cad71-0a59-5f0a-8afb-7bd627e87803","a1147e7a-8795-5f6e-94a2-ac9e4ff92ab0","Kayole South","kayole south","canonical","en","KDA-TRANSCRIPTION-LN14-2012"
"b77f8606-7542-5586-ba6e-4d8d11e78646","a1147e7a-8795-5f6e-94a2-ac9e4ff92ab0","Kayole South ward","kayole south ward","common","en","KDA-TRANSCRIPTION-LN14-2012"
"e6aca401-df13-57ad-b912-3c26ac6cf61d","e5e200fc-f73d-57c8-8542-64059d83834f","Komarock","komarock","canonical","en","KDA-TRANSCRIPTION-LN14-2012"
"c85537c7-7841-5dbc-80ce-1d843ab229ca","e5e200fc-f73d-57c8-8542-64059d83834f","Komarock ward","komarock ward","common","en","KDA-TRANSCRIPTION-LN14-2012"
"7d2cd63e-ca0d-5c4c-aa18-496c97cb577d","29f7c13b-74e6-5412-a3af-930fdc63371b","Matopeni","matopeni","canonical","en","KDA-TRANSCRIPTION-LN14-2012"
"20180b42-b9df-50d4-9858-a6f2ca0f89e0","29f7c13b-74e6-5412-a3af-930fdc63371b","Matopeni ward","matopeni ward","common","en","KDA-TRANSCRIPTION-LN14-2012"
"54d0ff47-1c4b-54f9-8948-22f1009268f7","10e205e6-3bc5-5988-8a1c-5524800e087f","Upper Savannah","upper savannah","canonical","en","KDA-TRANSCRIPTION-LN14-2012"
"f84cbf86-b666-56ab-a5ad-bcc11357cad8","10e205e6-3bc5-5988-8a1c-5524800e087f","Upper Savannah ward","upper savannah ward","common","en","KDA-TRANSCRIPTION-LN14-2012"
"05f36664-b519-5076-8e9f-aebfbbf8a7b5","b673d336-4763-53d5-9519-d3c84089dd73","Lower Savannah","lower savannah","canonical","en","KDA-TRANSCRIPTION-LN14-2012"
"5c705cbc-8a6a-51f7-ac01-4aaa609d5693","b673d336-4763-53d5-9519-d3c84089dd73","Lower Savannah ward","lower savannah ward","common","en","KDA-TRANSCRIPTION-LN14-2012"
"54eb1c54-29cf-5d63-a435-e658dc33df7b","90956ffb-5f51-58e2-a94f-c71faee08188","Embakasi","embakasi","canonical","en","KDA-TRANSCRIPTION-LN14-2012"
"02b4559c-ce7e-51b0-828a-9e0200f832be","90956ffb-5f51-58e2-a94f-c71faee08188","Embakasi ward","embakasi ward","common","en","KDA-TRANSCRIPTION-LN14-2012"
"d32b44a9-d3d9-5841-b2cc-14c2c12ef9ad","9cb77720-872c-5a91-a5d0-b23857a69cee","Utawala","utawala","canonical","en","KDA-TRANSCRIPTION-LN14-2012"
"030434c7-fefb-58db-938e-d0fee33c9fd2","9cb77720-872c-5a91-a5d0-b23857a69cee","Utawala ward","utawala ward","common","en","KDA-TRANSCRIPTION-LN14-2012"
"1746e411-d3ce-5bb2-9b1e-4527a82f97bb","1cfd957d-3bbd-5357-b121-78be6a70887b","Mihango","mihango","canonical","en","KDA-TRANSCRIPTION-LN14-2012"
"14a1a0c4-0782-578d-8e6e-602776d72e07","1cfd957d-3bbd-5357-b121-78be6a70887b","Mihango ward","mihango ward","common","en","KDA-TRANSCRIPTION-LN14-2012"
"6c6d7a39-a475-5035-8742-528ea57b5ae9","feabb109-bef5-5def-a059-06119920b23a","Umoja I","umoja i","canonical","en","KDA-TRANSCRIPTION-LN14-2012"
"74fa7621-574c-5a6f-8c73-e930da4266f1","feabb109-bef5-5def-a059-06119920b23a","Umoja I ward","umoja i ward","common","en","KDA-TRANSCRIPTION-LN14-2012"
"c7b0b7e9-2af3-5657-b571-9e0194cdfda4","67529ecd-5d1c-5cdf-bd70-8f58c779b39a","Umoja Ii","umoja ii","canonical","en","KDA-TRANSCRIPTION-LN14-2012"
"733aae09-c8b4-5d4e-87cc-1806ac99f512","67529ecd-5d1c-5cdf-bd70-8f58c779b39a","Umoja Ii ward","umoja ii ward","common","en","KDA-TRANSCRIPTION-LN14-2012"
"eb98c592-4682-580f-a192-d32fa5939b68","5a773c4e-400c-5efa-8ed8-a6b375c25130","Mowlem","mowlem","canonical","en","KDA-TRANSCRIPTION-LN14-2012"
"8aa35519-1f66-5dea-b3fa-e1ab07ba5a10","5a773c4e-400c-5efa-8ed8-a6b375c25130","Mowlem ward","mowlem ward","common","en","KDA-TRANSCRIPTION-LN14-2012"
"126ec6b1-7026-56de-abc4-5d51bce91b49","0b51ca4b-551b-5169-9e4f-f6dc0934cf5f","Kariobangi South","kariobangi south","canonical","en","KDA-TRANSCRIPTION-LN14-2012"
"5886c6c1-6e00-5ef8-a676-46910049878c","0b51ca4b-551b-5169-9e4f-f6dc0934cf5f","Kariobangi South ward","kariobangi south ward","common","en","KDA-TRANSCRIPTION-LN14-2012"
"5f45af17-3708-5b15-b0b2-01fd6712aaff","3f5a5f3c-d96a-53f7-986b-8292f808ea90","Makongeni","makongeni","canonical","en","KDA-TRANSCRIPTION-LN14-2012"
"bce5ddce-952e-53f4-84ab-78f93ec5843a","3f5a5f3c-d96a-53f7-986b-8292f808ea90","Makongeni ward","makongeni ward","common","en","KDA-TRANSCRIPTION-LN14-2012"
"de5b2e47-2660-5a00-8902-53c143342b96","5ac23982-80b1-53e0-9255-f9813cc7d377","Maringo/Hamza","maringo hamza","canonical","en","KDA-TRANSCRIPTION-LN14-2012"
"f6cf6221-030b-5b05-ba42-a47d23b96dba","5ac23982-80b1-53e0-9255-f9813cc7d377","Maringo/Hamza ward","maringo hamza ward","common","en","KDA-TRANSCRIPTION-LN14-2012"
"f4c6bd8a-04b9-54b0-be37-34ee43d8cf02","c946ff46-ea41-5f54-8c06-81343aae9990","Harambee","harambee","canonical","en","KDA-TRANSCRIPTION-LN14-2012"
"fa44b558-4468-5446-871d-955c0b6eff5a","c946ff46-ea41-5f54-8c06-81343aae9990","Harambee ward","harambee ward","common","en","KDA-TRANSCRIPTION-LN14-2012"
"ffaa7658-47bb-58c7-93c0-771712c5dac8","c050ee61-fcfd-595a-a0c6-f4465379e0ac","Viwandani","viwandani","canonical","en","KDA-TRANSCRIPTION-LN14-2012"
"af00cbd9-32cc-5582-9969-db2c6a3c7fc2","c050ee61-fcfd-595a-a0c6-f4465379e0ac","Viwandani ward","viwandani ward","common","en","KDA-TRANSCRIPTION-LN14-2012"
"787e6381-b070-59c6-a2af-01e912461c69","1967b85b-a2c9-5c83-975f-bd90e053d623","Pumwani","pumwani","canonical","en","KDA-TRANSCRIPTION-LN14-2012"
"1a3ae8a8-ae2b-5d3f-8bb5-4a11084c8065","1967b85b-a2c9-5c83-975f-bd90e053d623","Pumwani ward","pumwani ward","common","en","KDA-TRANSCRIPTION-LN14-2012"
"f42954a7-e02a-535e-8cd0-8a4fb51173bb","2b2062ec-17af-5c05-94d2-d755f74ddcf7","Eastleigh North","eastleigh north","canonical","en","KDA-TRANSCRIPTION-LN14-2012"
"03c097bb-b74b-5ebb-9f24-10711ad29b65","2b2062ec-17af-5c05-94d2-d755f74ddcf7","Eastleigh North ward","eastleigh north ward","common","en","KDA-TRANSCRIPTION-LN14-2012"
"25510eab-650b-50f7-8651-e836a8d5a353","91f69d70-59d2-5d18-933a-085896f5e616","Eastleigh South","eastleigh south","canonical","en","KDA-TRANSCRIPTION-LN14-2012"
"adba0586-9a12-57d1-ae99-1cb621136467","91f69d70-59d2-5d18-933a-085896f5e616","Eastleigh South ward","eastleigh south ward","common","en","KDA-TRANSCRIPTION-LN14-2012"
"6c6c21ce-b005-5f74-9b27-b059b25aa3ea","d8f1b7b3-07cf-56e5-a596-2c0edaf98e78","Airbase","airbase","canonical","en","KDA-TRANSCRIPTION-LN14-2012"
"fb715d26-38ad-51c6-92c6-c539fc4c580f","d8f1b7b3-07cf-56e5-a596-2c0edaf98e78","Airbase ward","airbase ward","common","en","KDA-TRANSCRIPTION-LN14-2012"
"22b84340-5a9f-53bb-acf8-466240d23e87","e046750e-19f7-585f-a3dc-9c5a95af476a","California","california","canonical","en","KDA-TRANSCRIPTION-LN14-2012"
"91448ed1-e9e4-5fe4-a926-313238dba455","e046750e-19f7-585f-a3dc-9c5a95af476a","California ward","california ward","common","en","KDA-TRANSCRIPTION-LN14-2012"
"63009221-3ccd-579e-b6ca-b28e95d200a1","e0a8b97a-6177-5661-b1fb-f39f8134f528","Nairobi Central","nairobi central","canonical","en","KDA-TRANSCRIPTION-LN14-2012"
"5e08d21b-2e59-5d5b-bc10-f3b554bb054c","e0a8b97a-6177-5661-b1fb-f39f8134f528","Nairobi Central ward","nairobi central ward","common","en","KDA-TRANSCRIPTION-LN14-2012"
"5d1459f8-099a-54aa-8672-5ab79677245b","34ae008a-1ff5-523c-aebd-8be5e312d8c4","Ngara","ngara","canonical","en","KDA-TRANSCRIPTION-LN14-2012"
"78f0d3b9-d9d3-50bb-aa10-19e99120ebf6","34ae008a-1ff5-523c-aebd-8be5e312d8c4","Ngara ward","ngara ward","common","en","KDA-TRANSCRIPTION-LN14-2012"
"3a4c8344-d105-510c-917c-80acee39ccac","3d722f47-646f-51b8-8000-a5d376176f4f","Ziwani/Kariokor","ziwani kariokor","canonical","en","KDA-TRANSCRIPTION-LN14-2012"
"13eb87bc-90fb-5c7a-b7ff-fd482814c4ef","3d722f47-646f-51b8-8000-a5d376176f4f","Ziwani/Kariokor ward","ziwani kariokor ward","common","en","KDA-TRANSCRIPTION-LN14-2012"
"2dd3e46c-f41b-574c-bab1-98fae3017f23","5d2288ce-5f7a-588b-aea8-4318e59a1419","Pangani","pangani","canonical","en","KDA-TRANSCRIPTION-LN14-2012"
"b53abc40-7c55-5f15-8776-a649d9ecced5","5d2288ce-5f7a-588b-aea8-4318e59a1419","Pangani ward","pangani ward","common","en","KDA-TRANSCRIPTION-LN14-2012"
"cfec16d7-5dcc-5529-8dd5-f94185361cc2","8e130826-937f-517b-b812-7c8d8547e789","Landimawe","landimawe","canonical","en","KDA-TRANSCRIPTION-LN14-2012"
"9ac613d2-db68-5b69-835a-ecfcc946d8be","8e130826-937f-517b-b812-7c8d8547e789","Landimawe ward","landimawe ward","common","en","KDA-TRANSCRIPTION-LN14-2012"
"f40a78e4-4297-5528-b82c-13b46b6ebf76","54e67336-e7e2-5a32-83f5-eebe26836c18","Nairobi South","nairobi south","canonical","en","KDA-TRANSCRIPTION-LN14-2012"
"105a5fc7-be9c-504d-89c8-039b8fde658a","54e67336-e7e2-5a32-83f5-eebe26836c18","Nairobi South ward","nairobi south ward","common","en","KDA-TRANSCRIPTION-LN14-2012"
"8fcd78aa-41ce-520b-8b87-20e518adf4b7","e2c1fc1f-9feb-57f1-a6ac-71c5746adaba","Hospital","hospital","canonical","en","KDA-TRANSCRIPTION-LN14-2012"
"58e92687-d461-5447-b1e9-e664381061da","e2c1fc1f-9feb-57f1-a6ac-71c5746adaba","Hospital ward","hospital ward","common","en","KDA-TRANSCRIPTION-LN14-2012"
"a540d4d7-fb3c-543e-b977-c5b6703a2e90","17617b8e-7924-530e-af43-b6eeaf97366b","Mabatini","mabatini","canonical","en","KDA-TRANSCRIPTION-LN14-2012"
"ce19be5a-8112-5b2c-a77f-66c818f4ce76","17617b8e-7924-530e-af43-b6eeaf97366b","Mabatini ward","mabatini ward","common","en","KDA-TRANSCRIPTION-LN14-2012"
"145d210e-2861-530f-877d-73fdaa52fb58","b5a62daa-dd42-5bf0-96e2-be18f6400072","Huruma","huruma","canonical","en","KDA-TRANSCRIPTION-LN14-2012"
"00191d78-ece6-5ce7-b2cb-24bb1fba89b4","b5a62daa-dd42-5bf0-96e2-be18f6400072","Huruma ward","huruma ward","common","en","KDA-TRANSCRIPTION-LN14-2012"
"83e13980-9b67-555b-9d6c-ebbdf23fbb1b","9ed776eb-fe99-5b5f-92ae-49f59708cbfb","Ngei","ngei","canonical","en","KDA-TRANSCRIPTION-LN14-2012"
"123d6562-dbda-5028-8ee1-828807b3e7b5","9ed776eb-fe99-5b5f-92ae-49f59708cbfb","Ngei ward","ngei ward","common","en","KDA-TRANSCRIPTION-LN14-2012"
"4f2c8d5b-c4ef-5b37-b3a8-e5281ed7fc87","7f09f5b1-0dfd-5349-9374-10e33bf59a63","Mlango Kubwa","mlango kubwa","canonical","en","KDA-TRANSCRIPTION-LN14-2012"
"62198ab3-a856-58d9-9c6e-1bd6d65df8f6","7f09f5b1-0dfd-5349-9374-10e33bf59a63","Mlango Kubwa ward","mlango kubwa ward","common","en","KDA-TRANSCRIPTION-LN14-2012"
"4f21f6d7-27f5-5eae-bb35-a5b4200b1b48","bb795ee0-741d-5299-b1e2-dc10bb86d7d0","Kiamaiko","kiamaiko","canonical","en","KDA-TRANSCRIPTION-LN14-2012"
"c226055e-ad1f-56e1-9024-4847e9ad0e9c","bb795ee0-741d-5299-b1e2-dc10bb86d7d0","Kiamaiko ward","kiamaiko ward","common","en","KDA-TRANSCRIPTION-LN14-2012"
