geography_id,geo_code,name,slug,level,geography_system,parent_id,county_code,constituency_code,ward_code,valid_from,valid_to,source_id,official,registry_status
"ecf8c770-9d71-5fcf-91e7-39713e391479","KEN","Kenya","kenya","country","electoral","","","","","2010-08-27","","KDA-TRANSCRIPTION-LN14-2012","true","verified"
"d4d620d7-8602-55a8-8c78-774bc9148a70","KEN-C001","Mombasa","mombasa","county","electoral","ecf8c770-9d71-5fcf-91e7-39713e391479","1","","","2010-08-27","","KDA-TRANSCRIPTION-LN14-2012","false","provisional"
"66a1bc3d-acfb-5bf1-82a7-14c3e4158e2a","KEN-C002","Kwale","kwale","county","electoral","ecf8c770-9d71-5fcf-91e7-39713e391479","2","","","2010-08-27","","KDA-TRANSCRIPTION-LN14-2012","false","provisional"
"6303f3f4-e271-5f8a-a153-730ee1bee865","KEN-C003","Kilifi","kilifi","county","electoral","ecf8c770-9d71-5fcf-91e7-39713e391479","3","","","2010-08-27","","KDA-TRANSCRIPTION-LN14-2012","false","provisional"
"5359be9e-cb0b-59d6-9561-e48914468109","KEN-C004","Tana River","tana-river","county","electoral","ecf8c770-9d71-5fcf-91e7-39713e391479","4","","","2010-08-27","","KDA-TRANSCRIPTION-LN14-2012","false","provisional"
"0f1ecb4e-f7cf-5a6e-8774-13a1e5350904","KEN-C005","Lamu","lamu","county","electoral","ecf8c770-9d71-5fcf-91e7-39713e391479","5","","","2010-08-27","","KDA-TRANSCRIPTION-LN14-2012","false","provisional"
"4457e0ad-60f9-5d86-abda-241b77ba3f8b","KEN-C006","Taita Taveta","taita-taveta","county","electoral","ecf8c770-9d71-5fcf-91e7-39713e391479","6","","","2010-08-27","","KDA-TRANSCRIPTION-LN14-2012","false","provisional"
"a7ea7bb6-5575-57dc-947e-650b9091b279","KEN-C007","Garissa","garissa","county","electoral","ecf8c770-9d71-5fcf-91e7-39713e391479","7","","","2010-08-27","","KDA-TRANSCRIPTION-LN14-2012","false","provisional"
"48bb9364-5557-534e-9ceb-246529626b0f","KEN-C008","Wajir","wajir","county","electoral","ecf8c770-9d71-5fcf-91e7-39713e391479","8","","","2010-08-27","","KDA-TRANSCRIPTION-LN14-2012","false","provisional"
"14ae35bd-4cdf-553f-ad03-439c502a49e6","KEN-C009","Mandera","mandera","county","electoral","ecf8c770-9d71-5fcf-91e7-39713e391479","9","","","2010-08-27","","KDA-TRANSCRIPTION-LN14-2012","false","provisional"
"758ead44-179a-5d2e-8612-a3aea3ec83b4","KEN-C010","Marsabit","marsabit","county","electoral","ecf8c770-9d71-5fcf-91e7-39713e391479","10","","","2010-08-27","","KDA-TRANSCRIPTION-LN14-2012","false","provisional"
"31c6c13b-4440-5fd6-b5d1-2cbac05963be","KEN-C011","Isiolo","isiolo","county","electoral","ecf8c770-9d71-5fcf-91e7-39713e391479","11","","","2010-08-27","","KDA-TRANSCRIPTION-LN14-2012","false","provisional"
"6c320716-08cb-5cfb-b4d1-16ce0a1aed8b","KEN-C012","Meru","meru","county","electoral","ecf8c770-9d71-5fcf-91e7-39713e391479","12","","","2010-08-27","","KDA-TRANSCRIPTION-LN14-2012","false","provisional"
"46d871ad-38a9-5f7f-8caf-fa62cf5efbbe","KEN-C013","Tharaka-Nithi","tharaka-nithi","county","electoral","ecf8c770-9d71-5fcf-91e7-39713e391479","13","","","2010-08-27","","KDA-TRANSCRIPTION-LN14-2012","false","provisional"
"73c49e9b-999b-5afe-b5e0-c5df4a48efed","KEN-C014","Embu","embu","county","electoral","ecf8c770-9d71-5fcf-91e7-39713e391479","14","","","2010-08-27","","KDA-TRANSCRIPTION-LN14-2012","false","provisional"
"efcf0d37-384c-58d0-ba43-bf8937e062a8","KEN-C015","Kitui","kitui","county","electoral","ecf8c770-9d71-5fcf-91e7-39713e391479","15","","","2010-08-27","","KDA-TRANSCRIPTION-LN14-2012","false","provisional"
"110b5a9b-accf-53d3-b558-8d1cc1476690","KEN-C016","Machakos","machakos","county","electoral","ecf8c770-9d71-5fcf-91e7-39713e391479","16","","","2010-08-27","","KDA-TRANSCRIPTION-LN14-2012","false","provisional"
"418212dc-0a47-510e-83c3-c30fd9deb53e","KEN-C017","Makueni","makueni","county","electoral","ecf8c770-9d71-5fcf-91e7-39713e391479","17","","","2010-08-27","","KDA-TRANSCRIPTION-LN14-2012","false","provisional"
"f1432c15-8450-5e4b-a668-5151dd0e008d","KEN-C018","Nyandarua","nyandarua","county","electoral","ecf8c770-9d71-5fcf-91e7-39713e391479","18","","","2010-08-27","","KDA-TRANSCRIPTION-LN14-2012","false","provisional"
"16808e44-6168-57a9-81fd-29dbe2682acb","KEN-C019","Nyeri","nyeri","county","electoral","ecf8c770-9d71-5fcf-91e7-39713e391479","19","","","2010-08-27","","KDA-TRANSCRIPTION-LN14-2012","false","provisional"
"b183f606-6fbd-55ba-b94c-f4819df0a852","KEN-C020","Kirinyaga","kirinyaga","county","electoral","ecf8c770-9d71-5fcf-91e7-39713e391479","20","","","2010-08-27","","KDA-TRANSCRIPTION-LN14-2012","false","provisional"
"63e6158b-4293-559b-a0b8-cb068735d4a8","KEN-C021","Murang'a","muranga","county","electoral","ecf8c770-9d71-5fcf-91e7-39713e391479","21","","","2010-08-27","","KDA-TRANSCRIPTION-LN14-2012","false","provisional"
"b4bc133a-fe17-5ab9-8824-af7895fdd276","KEN-C022","Kiambu","kiambu","county","electoral","ecf8c770-9d71-5fcf-91e7-39713e391479","22","","","2010-08-27","","KDA-TRANSCRIPTION-LN14-2012","false","provisional"
"79e6e98b-2569-5520-b4c1-7faa24557250","KEN-C023","Turkana","turkana","county","electoral","ecf8c770-9d71-5fcf-91e7-39713e391479","23","","","2010-08-27","","KDA-TRANSCRIPTION-LN14-2012","false","provisional"
"321c4e21-8c5a-5baf-ba86-a539c99a5e9b","KEN-C024","West Pokot","west-pokot","county","electoral","ecf8c770-9d71-5fcf-91e7-39713e391479","24","","","2010-08-27","","KDA-TRANSCRIPTION-LN14-2012","false","provisional"
"2e88f596-ae2e-5298-a295-8078bb369a9d","KEN-C025","Samburu","samburu","county","electoral","ecf8c770-9d71-5fcf-91e7-39713e391479","25","","","2010-08-27","","KDA-TRANSCRIPTION-LN14-2012","false","provisional"
"1435e02a-7508-5914-9d5c-399adc0ff5f5","KEN-C026","Trans Nzoia","trans-nzoia","county","electoral","ecf8c770-9d71-5fcf-91e7-39713e391479","26","","","2010-08-27","","KDA-TRANSCRIPTION-LN14-2012","false","provisional"
"550f28f3-a8f8-566e-a458-137789e3f89d","KEN-C027","Uasin Gishu","uasin-gishu","county","electoral","ecf8c770-9d71-5fcf-91e7-39713e391479","27","","","2010-08-27","","KDA-TRANSCRIPTION-LN14-2012","false","provisional"
"f4d743d7-f527-5691-818d-83ca7ae22c14","KEN-C028","Elgeyo/Marakwet","elgeyo-marakwet","county","electoral","ecf8c770-9d71-5fcf-91e7-39713e391479","28","","","2010-08-27","","KDA-TRANSCRIPTION-LN14-2012","false","provisional"
"bd1f873f-6065-5372-96a9-0849be7e402f","KEN-C029","Nandi","nandi","county","electoral","ecf8c770-9d71-5fcf-91e7-39713e391479","29","","","2010-08-27","","KDA-TRANSCRIPTION-LN14-2012","false","provisional"
"c10e40a8-4a0f-5ac9-9a9c-9538938f81fd","KEN-C030","Baringo","baringo","county","electoral","ecf8c770-9d71-5fcf-91e7-39713e391479","30","","","2010-08-27","","KDA-TRANSCRIPTION-LN14-2012","false","provisional"
"2929fd5b-add6-5a6b-918b-661d37c1e21a","KEN-C031","Laikipia","laikipia","county","electoral","ecf8c770-9d71-5fcf-91e7-39713e391479","31","","","2010-08-27","","KDA-TRANSCRIPTION-LN14-2012","false","provisional"
"9dc9005d-2ad9-57f1-9927-c951df4e5cfb","KEN-C032","Nakuru","nakuru","county","electoral","ecf8c770-9d71-5fcf-91e7-39713e391479","32","","","2010-08-27","","KDA-TRANSCRIPTION-LN14-2012","false","provisional"
"84932ef0-f570-5d9b-892c-3c561b214be9","KEN-C033","Narok","narok","county","electoral","ecf8c770-9d71-5fcf-91e7-39713e391479","33","","","2010-08-27","","KDA-TRANSCRIPTION-LN14-2012","false","provisional"
"a91c60cb-b2b4-5cdf-a1fc-fbe89f9f0665","KEN-C034","Kajiado","kajiado","county","electoral","ecf8c770-9d71-5fcf-91e7-39713e391479","34","","","2010-08-27","","KDA-TRANSCRIPTION-LN14-2012","false","provisional"
"f377dad1-a4e8-5681-af41-07de7a5e66bc","KEN-C035","Kericho","kericho","county","electoral","ecf8c770-9d71-5fcf-91e7-39713e391479","35","","","2010-08-27","","KDA-TRANSCRIPTION-LN14-2012","false","provisional"
"0b3dac6f-b81a-5ac8-bd57-34f3507c8c14","KEN-C036","Bomet","bomet","county","electoral","ecf8c770-9d71-5fcf-91e7-39713e391479","36","","","2010-08-27","","KDA-TRANSCRIPTION-LN14-2012","false","provisional"
"ce6e7794-14b4-5706-bff1-dd7a12880f11","KEN-C037","Kakamega","kakamega","county","electoral","ecf8c770-9d71-5fcf-91e7-39713e391479","37","","","2010-08-27","","KDA-TRANSCRIPTION-LN14-2012","false","provisional"
"e6c43924-d70e-57f7-9f0b-03aa5740d7f7","KEN-C038","Vihiga","vihiga","county","electoral","ecf8c770-9d71-5fcf-91e7-39713e391479","38","","","2010-08-27","","KDA-TRANSCRIPTION-LN14-2012","false","provisional"
"a4499272-a024-54c9-81a0-3596489b405f","KEN-C039","Bungoma","bungoma","county","electoral","ecf8c770-9d71-5fcf-91e7-39713e391479","39","","","2010-08-27","","KDA-TRANSCRIPTION-LN14-2012","false","provisional"
"ddeb0cc9-7b20-50d0-8a9e-9d5fd98d1131","KEN-C040","Busia","busia","county","electoral","ecf8c770-9d71-5fcf-91e7-39713e391479","40","","","2010-08-27","","KDA-TRANSCRIPTION-LN14-2012","false","provisional"
"ef4a5751-388d-5620-9293-0a16f87395f2","KEN-C041","Siaya","siaya","county","electoral","ecf8c770-9d71-5fcf-91e7-39713e391479","41","","","2010-08-27","","KDA-TRANSCRIPTION-LN14-2012","false","provisional"
"b480fa47-cda8-5199-afd4-eedc5ebd6a8f","KEN-C042","Kisumu","kisumu","county","electoral","ecf8c770-9d71-5fcf-91e7-39713e391479","42","","","2010-08-27","","KDA-TRANSCRIPTION-LN14-2012","false","provisional"
"9ddae9f2-988b-581a-8282-7230e27be6b7","KEN-C043","Homa Bay","homa-bay","county","electoral","ecf8c770-9d71-5fcf-91e7-39713e391479","43","","","2010-08-27","","KDA-TRANSCRIPTION-LN14-2012","false","provisional"
"9575e583-e49f-5e62-9a5d-e48f053e76e8","KEN-C044","Migori","migori","county","electoral","ecf8c770-9d71-5fcf-91e7-39713e391479","44","","","2010-08-27","","KDA-TRANSCRIPTION-LN14-2012","false","provisional"
"c2c462d1-7f28-5551-952b-482a5cfd3003","KEN-C045","Kisii","kisii","county","electoral","ecf8c770-9d71-5fcf-91e7-39713e391479","45","","","2010-08-27","","KDA-TRANSCRIPTION-LN14-2012","false","provisional"
"d403dba1-a3d3-5e2d-a896-78018f6b7c8e","KEN-C046","Nyamira","nyamira","county","electoral","ecf8c770-9d71-5fcf-91e7-39713e391479","46","","","2010-08-27","","KDA-TRANSCRIPTION-LN14-2012","false","provisional"
"bf6864bc-9f15-5e5f-819e-b6c30c83e8e8","KEN-C047","Nairobi","nairobi","county","electoral","ecf8c770-9d71-5fcf-91e7-39713e391479","47","","","2010-08-27","","KDA-TRANSCRIPTION-LN14-2012","false","provisional"
"b0e276b8-24d1-5715-88bd-1fc0812bc444","KEN-C001-CON001","Changamwe","changamwe","constituency","electoral","d4d620d7-8602-55a8-8c78-774bc9148a70","1","1","","2012-03-09","","KDA-TRANSCRIPTION-LN14-2012","false","provisional"
"217f0890-6183-54cf-a4fc-7a970aff06f6","KEN-C001-CON002","Jomvu","jomvu","constituency","electoral","d4d620d7-8602-55a8-8c78-774bc9148a70","1","2","","2012-03-09","","KDA-TRANSCRIPTION-LN14-2012","false","provisional"
"467f4044-c4c8-5e4e-9384-ddc29f27a933","KEN-C001-CON003","Kisauni","kisauni","constituency","electoral","d4d620d7-8602-55a8-8c78-774bc9148a70","1","3","","2012-03-09","","KDA-TRANSCRIPTION-LN14-2012","false","provisional"
"abaf45b4-7986-5b89-8948-47064daf5478","KEN-C001-CON004","Nyali","nyali","constituency","electoral","d4d620d7-8602-55a8-8c78-774bc9148a70","1","4","","2012-03-09","","KDA-TRANSCRIPTION-LN14-2012","false","provisional"
"d797f93b-53c6-5e4d-acc2-b38dbe181e31","KEN-C001-CON005","Likoni","likoni","constituency","electoral","d4d620d7-8602-55a8-8c78-774bc9148a70","1","5","","2012-03-09","","KDA-TRANSCRIPTION-LN14-2012","false","provisional"
"68e4eab1-535c-5062-b61b-845508754c44","KEN-C001-CON006","Mvita","mvita","constituency","electoral","d4d620d7-8602-55a8-8c78-774bc9148a70","1","6","","2012-03-09","","KDA-TRANSCRIPTION-LN14-2012","false","provisional"
"69b3a4a9-3db9-55a7-a35e-b983d4b55374","KEN-C002-CON007","Msambweni","msambweni","constituency","electoral","66a1bc3d-acfb-5bf1-82a7-14c3e4158e2a","2","7","","2012-03-09","","KDA-TRANSCRIPTION-LN14-2012","false","provisional"
"157afb85-90ec-5a6e-9e09-6eb3e8c00ba8","KEN-C002-CON008","Lungalunga","lungalunga","constituency","electoral","66a1bc3d-acfb-5bf1-82a7-14c3e4158e2a","2","8","","2012-03-09","","KDA-TRANSCRIPTION-LN14-2012","false","provisional"
"3a8d96a5-0384-5a2f-97eb-c083de06d77d","KEN-C002-CON009","Matuga","matuga","constituency","electoral","66a1bc3d-acfb-5bf1-82a7-14c3e4158e2a","2","9","","2012-03-09","","KDA-TRANSCRIPTION-LN14-2012","false","provisional"
"bc2718f3-dc49-59cf-a7e0-536034952b10","KEN-C002-CON010","Kinango","kinango","constituency","electoral","66a1bc3d-acfb-5bf1-82a7-14c3e4158e2a","2","10","","2012-03-09","","KDA-TRANSCRIPTION-LN14-2012","false","provisional"
"a6633cb4-2a53-51e8-8014-ebf1335f835c","KEN-C003-CON011","Kilifi North","kilifi-north","constituency","electoral","6303f3f4-e271-5f8a-a153-730ee1bee865","3","11","","2012-03-09","","KDA-TRANSCRIPTION-LN14-2012","false","provisional"
"153b9ba3-dcb0-5086-b310-7dbcf36337ff","KEN-C003-CON012","Kilifi South","kilifi-south","constituency","electoral","6303f3f4-e271-5f8a-a153-730ee1bee865","3","12","","2012-03-09","","KDA-TRANSCRIPTION-LN14-2012","false","provisional"
"0fbcd634-de65-5c39-b17a-be12c278eafd","KEN-C003-CON013","Kaloleni","kaloleni","constituency","electoral","6303f3f4-e271-5f8a-a153-730ee1bee865","3","13","","2012-03-09","","KDA-TRANSCRIPTION-LN14-2012","false","provisional"
"29091e0a-09cb-51ad-8501-11f9d3629daa","KEN-C003-CON014","Rabai","rabai","constituency","electoral","6303f3f4-e271-5f8a-a153-730ee1bee865","3","14","","2012-03-09","","KDA-TRANSCRIPTION-LN14-2012","false","provisional"
"d4fd6228-0b54-594b-ab75-7ebcaf8e47f5","KEN-C003-CON015","Ganze","ganze","constituency","electoral","6303f3f4-e271-5f8a-a153-730ee1bee865","3","15","","2012-03-09","","KDA-TRANSCRIPTION-LN14-2012","false","provisional"
"9dac3381-02d4-5e16-864a-9ee01e70d34d","KEN-C003-CON016","Malindi","malindi","constituency","electoral","6303f3f4-e271-5f8a-a153-730ee1bee865","3","16","","2012-03-09","","KDA-TRANSCRIPTION-LN14-2012","false","provisional"
"d5187a92-f471-5b0c-af98-7a51dc3de30f","KEN-C003-CON017","Magarini","magarini","constituency","electoral","6303f3f4-e271-5f8a-a153-730ee1bee865","3","17","","2012-03-09","","KDA-TRANSCRIPTION-LN14-2012","false","provisional"
"54d9485c-ebe2-5a9b-8112-7d18c2bc5940","KEN-C004-CON018","Garsen","garsen","constituency","electoral","5359be9e-cb0b-59d6-9561-e48914468109","4","18","","2012-03-09","","KDA-TRANSCRIPTION-LN14-2012","false","provisional"
"a9fe82cc-d998-5c50-a4e6-e8fbbee7ffb7","KEN-C004-CON019","Galole","galole","constituency","electoral","5359be9e-cb0b-59d6-9561-e48914468109","4","19","","2012-03-09","","KDA-TRANSCRIPTION-LN14-2012","false","provisional"
"3186deb8-3290-5971-a105-06a1ed9edf8d","KEN-C004-CON020","Bura","bura","constituency","electoral","5359be9e-cb0b-59d6-9561-e48914468109","4","20","","2012-03-09","","KDA-TRANSCRIPTION-LN14-2012","false","provisional"
"4eaeca9e-b1c3-59d4-9fbe-c42a9801a4d9","KEN-C005-CON021","Lamu East","lamu-east","constituency","electoral","0f1ecb4e-f7cf-5a6e-8774-13a1e5350904","5","21","","2012-03-09","","KDA-TRANSCRIPTION-LN14-2012","false","provisional"
"1ccf87ea-e8a8-58c0-ab24-1211591f8baa","KEN-C005-CON022","Lamu West","lamu-west","constituency","electoral","0f1ecb4e-f7cf-5a6e-8774-13a1e5350904","5","22","","2012-03-09","","KDA-TRANSCRIPTION-LN14-2012","false","provisional"
"9a6b7180-4bef-5544-a1dc-80bf086b1629","KEN-C006-CON023","Taveta","taveta","constituency","electoral","4457e0ad-60f9-5d86-abda-241b77ba3f8b","6","23","","2012-03-09","","KDA-TRANSCRIPTION-LN14-2012","false","provisional"
"03bbde54-b5ef-56d9-b37c-20ba7fa6f537","KEN-C006-CON024","Wundanyi","wundanyi","constituency","electoral","4457e0ad-60f9-5d86-abda-241b77ba3f8b","6","24","","2012-03-09","","KDA-TRANSCRIPTION-LN14-2012","false","provisional"
"16170078-b685-51ca-ae2f-1b95517f7d8f","KEN-C006-CON025","Mwatate","mwatate","constituency","electoral","4457e0ad-60f9-5d86-abda-241b77ba3f8b","6","25","","2012-03-09","","KDA-TRANSCRIPTION-LN14-2012","false","provisional"
"bb7371fe-f042-5453-80af-8c04012656d8","KEN-C006-CON026","Voi","voi","constituency","electoral","4457e0ad-60f9-5d86-abda-241b77ba3f8b","6","26","","2012-03-09","","KDA-TRANSCRIPTION-LN14-2012","false","provisional"
"473cc6ac-a5bd-599f-9465-b0669cca0794","KEN-C007-CON027","Garissa Township","garissa-township","constituency","electoral","a7ea7bb6-5575-57dc-947e-650b9091b279","7","27","","2012-03-09","","KDA-TRANSCRIPTION-LN14-2012","false","provisional"
"c059d8ba-4168-54c8-9bb1-49ce1286caba","KEN-C007-CON028","Balambala","balambala","constituency","electoral","a7ea7bb6-5575-57dc-947e-650b9091b279","7","28","","2012-03-09","","KDA-TRANSCRIPTION-LN14-2012","false","provisional"
"17d338d4-3309-56c7-a143-ea1ba5e822de","KEN-C007-CON029","Lagdera","lagdera","constituency","electoral","a7ea7bb6-5575-57dc-947e-650b9091b279","7","29","","2012-03-09","","KDA-TRANSCRIPTION-LN14-2012","false","provisional"
"342452d0-2dfa-5070-8816-5d2810bfbc45","KEN-C007-CON030","Dadaab","dadaab","constituency","electoral","a7ea7bb6-5575-57dc-947e-650b9091b279","7","30","","2012-03-09","","KDA-TRANSCRIPTION-LN14-2012","false","provisional"
"71ec1922-cf6c-5e19-8595-d27b77b91a8d","KEN-C007-CON031","Fafi","fafi","constituency","electoral","a7ea7bb6-5575-57dc-947e-650b9091b279","7","31","","2012-03-09","","KDA-TRANSCRIPTION-LN14-2012","false","provisional"
"d39f303b-7165-5619-82b0-5b5aa998f870","KEN-C007-CON032","Ijara","ijara","constituency","electoral","a7ea7bb6-5575-57dc-947e-650b9091b279","7","32","","2012-03-09","","KDA-TRANSCRIPTION-LN14-2012","false","provisional"
"fa923aa0-5a27-544b-9d4a-8c64a2adfcc0","KEN-C008-CON033","Wajir North","wajir-north","constituency","electoral","48bb9364-5557-534e-9ceb-246529626b0f","8","33","","2012-03-09","","KDA-TRANSCRIPTION-LN14-2012","false","provisional"
"5b62b425-0715-5ead-b089-522d5236e155","KEN-C008-CON034","Wajir East","wajir-east","constituency","electoral","48bb9364-5557-534e-9ceb-246529626b0f","8","34","","2012-03-09","","KDA-TRANSCRIPTION-LN14-2012","false","provisional"
"3bda758d-b1df-50d6-a2e1-3157aeae7b10","KEN-C008-CON035","Tarbaj","tarbaj","constituency","electoral","48bb9364-5557-534e-9ceb-246529626b0f","8","35","","2012-03-09","","KDA-TRANSCRIPTION-LN14-2012","false","provisional"
"127bf57d-b28f-55e4-a9fd-a03d23a4bc13","KEN-C008-CON036","Wajir West","wajir-west","constituency","electoral","48bb9364-5557-534e-9ceb-246529626b0f","8","36","","2012-03-09","","KDA-TRANSCRIPTION-LN14-2012","false","provisional"
"94e2e7ed-dcbc-5f56-9e00-c3ab5fbcbdf9","KEN-C008-CON037","Eldas","eldas","constituency","electoral","48bb9364-5557-534e-9ceb-246529626b0f","8","37","","2012-03-09","","KDA-TRANSCRIPTION-LN14-2012","false","provisional"
"9637010d-1a35-55ec-89bc-3800ac8fb2d2","KEN-C008-CON038","Wajir South","wajir-south","constituency","electoral","48bb9364-5557-534e-9ceb-246529626b0f","8","38","","2012-03-09","","KDA-TRANSCRIPTION-LN14-2012","false","provisional"
"4ce4ca04-a64d-5e05-8342-97d41053a36b","KEN-C009-CON039","Mandera West","mandera-west","constituency","electoral","14ae35bd-4cdf-553f-ad03-439c502a49e6","9","39","","2012-03-09","","KDA-TRANSCRIPTION-LN14-2012","false","provisional"
"09c9c0b8-08d2-5a85-82b8-025ebbc40a51","KEN-C009-CON040","Banissa","banissa","constituency","electoral","14ae35bd-4cdf-553f-ad03-439c502a49e6","9","40","","2012-03-09","","KDA-TRANSCRIPTION-LN14-2012","false","provisional"
"b729cbca-1575-5708-96ca-a816106d22b9","KEN-C009-CON041","Mandera North","mandera-north","constituency","electoral","14ae35bd-4cdf-553f-ad03-439c502a49e6","9","41","","2012-03-09","","KDA-TRANSCRIPTION-LN14-2012","false","provisional"
"35d25741-ebee-59a6-8a1b-2e2ff90d3358","KEN-C009-CON042","Mandera South","mandera-south","constituency","electoral","14ae35bd-4cdf-553f-ad03-439c502a49e6","9","42","","2012-03-09","","KDA-TRANSCRIPTION-LN14-2012","false","provisional"
"43e8c510-d5a9-5c4e-8418-56fdb960524f","KEN-C009-CON043","Mandera East","mandera-east","constituency","electoral","14ae35bd-4cdf-553f-ad03-439c502a49e6","9","43","","2012-03-09","","KDA-TRANSCRIPTION-LN14-2012","false","provisional"
"3c1ee231-21e8-5e79-bae9-af8f295fc22e","KEN-C009-CON044","Lafey","lafey","constituency","electoral","14ae35bd-4cdf-553f-ad03-439c502a49e6","9","44","","2012-03-09","","KDA-TRANSCRIPTION-LN14-2012","false","provisional"
"9a6efbf8-6a9e-5a5e-b3ea-ff9f29c5a8f6","KEN-C010-CON045","Moyale","moyale","constituency","electoral","758ead44-179a-5d2e-8612-a3aea3ec83b4","10","45","","2012-03-09","","KDA-TRANSCRIPTION-LN14-2012","false","provisional"
"5b9cf2e1-f7e3-5e23-8a0e-6322cba4a203","KEN-C010-CON046","North Horr","north-horr","constituency","electoral","758ead44-179a-5d2e-8612-a3aea3ec83b4","10","46","","2012-03-09","","KDA-TRANSCRIPTION-LN14-2012","false","provisional"
"38e7813e-529e-51ef-80f6-428f5478c825","KEN-C010-CON047","Saku","saku","constituency","electoral","758ead44-179a-5d2e-8612-a3aea3ec83b4","10","47","","2012-03-09","","KDA-TRANSCRIPTION-LN14-2012","false","provisional"
"fbd7da2b-0197-5504-a66c-1a0333f5c8e5","KEN-C010-CON048","Laisamis","laisamis","constituency","electoral","758ead44-179a-5d2e-8612-a3aea3ec83b4","10","48","","2012-03-09","","KDA-TRANSCRIPTION-LN14-2012","false","provisional"
"f1ed2f51-8c4d-5cea-b1b0-0778855ed1fb","KEN-C011-CON049","Isiolo North","isiolo-north","constituency","electoral","31c6c13b-4440-5fd6-b5d1-2cbac05963be","11","49","","2012-03-09","","KDA-TRANSCRIPTION-LN14-2012","false","provisional"
"b9cf5765-79fb-58e3-a6e1-fa419874bb9b","KEN-C011-CON050","Isiolo South","isiolo-south","constituency","electoral","31c6c13b-4440-5fd6-b5d1-2cbac05963be","11","50","","2012-03-09","","KDA-TRANSCRIPTION-LN14-2012","false","provisional"
"59f520e4-65fc-5a75-a362-0481682d7e71","KEN-C012-CON051","Igembe South","igembe-south","constituency","electoral","6c320716-08cb-5cfb-b4d1-16ce0a1aed8b","12","51","","2012-03-09","","KDA-TRANSCRIPTION-LN14-2012","false","provisional"
"5e1e86a0-578b-5c85-94a0-9eba937512a2","KEN-C012-CON052","Igembe Central","igembe-central","constituency","electoral","6c320716-08cb-5cfb-b4d1-16ce0a1aed8b","12","52","","2012-03-09","","KDA-TRANSCRIPTION-LN14-2012","false","provisional"
"6e46329e-8e61-51ab-b381-287d65682c43","KEN-C012-CON053","Igembe North","igembe-north","constituency","electoral","6c320716-08cb-5cfb-b4d1-16ce0a1aed8b","12","53","","2012-03-09","","KDA-TRANSCRIPTION-LN14-2012","false","provisional"
"e4451399-9b0b-5898-b16f-94e0ff92910e","KEN-C012-CON054","Tigania West","tigania-west","constituency","electoral","6c320716-08cb-5cfb-b4d1-16ce0a1aed8b","12","54","","2012-03-09","","KDA-TRANSCRIPTION-LN14-2012","false","provisional"
"ae0efaa5-cfaa-54b5-8f9c-feb87ba278df","KEN-C012-CON055","Tigania East","tigania-east","constituency","electoral","6c320716-08cb-5cfb-b4d1-16ce0a1aed8b","12","55","","2012-03-09","","KDA-TRANSCRIPTION-LN14-2012","false","provisional"
"56012725-34d5-5519-9ac2-bd07ec040da0","KEN-C012-CON056","North Imenti","north-imenti","constituency","electoral","6c320716-08cb-5cfb-b4d1-16ce0a1aed8b","12","56","","2012-03-09","","KDA-TRANSCRIPTION-LN14-2012","false","provisional"
"edd7aedb-37fe-5661-9fef-52c08cbd8f6a","KEN-C012-CON057","Buuri","buuri","constituency","electoral","6c320716-08cb-5cfb-b4d1-16ce0a1aed8b","12","57","","2012-03-09","","KDA-TRANSCRIPTION-LN14-2012","false","provisional"
"6e222a80-99a0-5c83-91ef-0cc3d91738a5","KEN-C012-CON058","Central Imenti","central-imenti","constituency","electoral","6c320716-08cb-5cfb-b4d1-16ce0a1aed8b","12","58","","2012-03-09","","KDA-TRANSCRIPTION-LN14-2012","false","provisional"
"46f243db-e7f2-54b1-abc3-42bfcff2498b","KEN-C012-CON059","South Imenti","south-imenti","constituency","electoral","6c320716-08cb-5cfb-b4d1-16ce0a1aed8b","12","59","","2012-03-09","","KDA-TRANSCRIPTION-LN14-2012","false","provisional"
"3b75bb60-db7f-5a11-ab38-0b7dc35f2f2e","KEN-C013-CON060","Maara","maara","constituency","electoral","46d871ad-38a9-5f7f-8caf-fa62cf5efbbe","13","60","","2012-03-09","","KDA-TRANSCRIPTION-LN14-2012","false","provisional"
"d6c946c3-9a0f-50db-a973-d811695a2546","KEN-C013-CON061","Chuka/Igambang'om","chuka-igambangom","constituency","electoral","46d871ad-38a9-5f7f-8caf-fa62cf5efbbe","13","61","","2012-03-09","","KDA-TRANSCRIPTION-LN14-2012","false","provisional"
"ff0f205e-8046-5dc6-bb10-7c78c8b5fe06","KEN-C013-CON062","Tharaka","tharaka","constituency","electoral","46d871ad-38a9-5f7f-8caf-fa62cf5efbbe","13","62","","2012-03-09","","KDA-TRANSCRIPTION-LN14-2012","false","provisional"
"d5273b88-f5cf-5dc9-b81e-b723a30f1bbd","KEN-C014-CON063","Manyatta","manyatta","constituency","electoral","73c49e9b-999b-5afe-b5e0-c5df4a48efed","14","63","","2012-03-09","","KDA-TRANSCRIPTION-LN14-2012","false","provisional"
"1b3c5bda-be99-5f4d-97b7-ee916f6bfe4c","KEN-C014-CON064","Runyenjes","runyenjes","constituency","electoral","73c49e9b-999b-5afe-b5e0-c5df4a48efed","14","64","","2012-03-09","","KDA-TRANSCRIPTION-LN14-2012","false","provisional"
"ad5a1b54-cb3f-58d0-acde-d9cb1f93492c","KEN-C014-CON065","Mbeere South","mbeere-south","constituency","electoral","73c49e9b-999b-5afe-b5e0-c5df4a48efed","14","65","","2012-03-09","","KDA-TRANSCRIPTION-LN14-2012","false","provisional"
"04b9daca-a4da-58dc-868d-2c785653c8ce","KEN-C014-CON066","Mbeere North","mbeere-north","constituency","electoral","73c49e9b-999b-5afe-b5e0-c5df4a48efed","14","66","","2012-03-09","","KDA-TRANSCRIPTION-LN14-2012","false","provisional"
"027c8dd3-1a56-5d69-9f2a-1b610f9eee04","KEN-C015-CON067","Mwingi North","mwingi-north","constituency","electoral","efcf0d37-384c-58d0-ba43-bf8937e062a8","15","67","","2012-03-09","","KDA-TRANSCRIPTION-LN14-2012","false","provisional"
"074b6e16-ae88-5f98-b65a-da4f204f79e1","KEN-C015-CON068","Mwingi West","mwingi-west","constituency","electoral","efcf0d37-384c-58d0-ba43-bf8937e062a8","15","68","","2012-03-09","","KDA-TRANSCRIPTION-LN14-2012","false","provisional"
"566dfdda-4d18-586f-8c5d-2f38b1c97e5b","KEN-C015-CON069","Mwingi Central","mwingi-central","constituency","electoral","efcf0d37-384c-58d0-ba43-bf8937e062a8","15","69","","2012-03-09","","KDA-TRANSCRIPTION-LN14-2012","false","provisional"
"6572b744-7cce-5ca4-9d70-a8dfafd16fcc","KEN-C015-CON070","Kitui West","kitui-west","constituency","electoral","efcf0d37-384c-58d0-ba43-bf8937e062a8","15","70","","2012-03-09","","KDA-TRANSCRIPTION-LN14-2012","false","provisional"
"f8f474af-cf02-5858-a220-9930e7598a38","KEN-C015-CON071","Kitui Rural","kitui-rural","constituency","electoral","efcf0d37-384c-58d0-ba43-bf8937e062a8","15","71","","2012-03-09","","KDA-TRANSCRIPTION-LN14-2012","false","provisional"
"bf575b9a-bd43-55e5-ad37-019ec53c403e","KEN-C015-CON072","Kitui Central","kitui-central","constituency","electoral","efcf0d37-384c-58d0-ba43-bf8937e062a8","15","72","","2012-03-09","","KDA-TRANSCRIPTION-LN14-2012","false","provisional"
"8353c485-9f28-5760-91f1-ed6b6ef05286","KEN-C015-CON073","Kitui East","kitui-east","constituency","electoral","efcf0d37-384c-58d0-ba43-bf8937e062a8","15","73","","2012-03-09","","KDA-TRANSCRIPTION-LN14-2012","false","provisional"
"7f9e2d72-f726-59db-82f8-29c4c21d416f","KEN-C015-CON074","Kitui South","kitui-south","constituency","electoral","efcf0d37-384c-58d0-ba43-bf8937e062a8","15","74","","2012-03-09","","KDA-TRANSCRIPTION-LN14-2012","false","provisional"
"9b837daf-e68c-548a-8b71-93da3f808718","KEN-C016-CON075","Masinga","masinga","constituency","electoral","110b5a9b-accf-53d3-b558-8d1cc1476690","16","75","","2012-03-09","","KDA-TRANSCRIPTION-LN14-2012","false","provisional"
"113afd48-eb33-581e-b225-f2d5f1ebce72","KEN-C016-CON076","Yatta","yatta","constituency","electoral","110b5a9b-accf-53d3-b558-8d1cc1476690","16","76","","2012-03-09","","KDA-TRANSCRIPTION-LN14-2012","false","provisional"
"3e410b30-9bad-5a64-b929-709444c77d62","KEN-C016-CON077","Kangundo","kangundo","constituency","electoral","110b5a9b-accf-53d3-b558-8d1cc1476690","16","77","","2012-03-09","","KDA-TRANSCRIPTION-LN14-2012","false","provisional"
"c221fad5-2ec5-570e-bf6a-7667fc4922ae","KEN-C016-CON078","Matungulu","matungulu","constituency","electoral","110b5a9b-accf-53d3-b558-8d1cc1476690","16","78","","2012-03-09","","KDA-TRANSCRIPTION-LN14-2012","false","provisional"
"e2ba7831-aaee-536c-b10d-0ab4f1a3a043","KEN-C016-CON079","Kathiani","kathiani","constituency","electoral","110b5a9b-accf-53d3-b558-8d1cc1476690","16","79","","2012-03-09","","KDA-TRANSCRIPTION-LN14-2012","false","provisional"
"f4528eeb-59db-5a8c-8372-c837a7fa6ab5","KEN-C016-CON080","Mavoko","mavoko","constituency","electoral","110b5a9b-accf-53d3-b558-8d1cc1476690","16","80","","2012-03-09","","KDA-TRANSCRIPTION-LN14-2012","false","provisional"
"ee994bd4-19ab-54d0-bde6-09905091d472","KEN-C016-CON081","Machakos Town","machakos-town","constituency","electoral","110b5a9b-accf-53d3-b558-8d1cc1476690","16","81","","2012-03-09","","KDA-TRANSCRIPTION-LN14-2012","false","provisional"
"683c128b-adca-57ed-9641-bfad75bf9abd","KEN-C016-CON082","Mwala","mwala","constituency","electoral","110b5a9b-accf-53d3-b558-8d1cc1476690","16","82","","2012-03-09","","KDA-TRANSCRIPTION-LN14-2012","false","provisional"
"23e84501-c742-58f0-aec4-e508c2a9aba9","KEN-C017-CON083","Mbooni","mbooni","constituency","electoral","418212dc-0a47-510e-83c3-c30fd9deb53e","17","83","","2012-03-09","","KDA-TRANSCRIPTION-LN14-2012","false","provisional"
"086613cf-dc5a-57a4-8412-f25757b631da","KEN-C017-CON084","Kilome","kilome","constituency","electoral","418212dc-0a47-510e-83c3-c30fd9deb53e","17","84","","2012-03-09","","KDA-TRANSCRIPTION-LN14-2012","false","provisional"
"8e731344-f117-50a0-95a2-a408f2ba476e","KEN-C017-CON085","Kaiti","kaiti","constituency","electoral","418212dc-0a47-510e-83c3-c30fd9deb53e","17","85","","2012-03-09","","KDA-TRANSCRIPTION-LN14-2012","false","provisional"
"7f801c8d-f450-5f2c-bb97-aa954d96b32b","KEN-C017-CON086","Makueni","makueni","constituency","electoral","418212dc-0a47-510e-83c3-c30fd9deb53e","17","86","","2012-03-09","","KDA-TRANSCRIPTION-LN14-2012","false","provisional"
"3d4c3a7d-c89d-5485-87b3-9eaf63e2cf25","KEN-C017-CON087","Kibwezi West","kibwezi-west","constituency","electoral","418212dc-0a47-510e-83c3-c30fd9deb53e","17","87","","2012-03-09","","KDA-TRANSCRIPTION-LN14-2012","false","provisional"
"76688ca1-8771-5028-b381-360e8855adf7","KEN-C017-CON088","Kibwezi East","kibwezi-east","constituency","electoral","418212dc-0a47-510e-83c3-c30fd9deb53e","17","88","","2012-03-09","","KDA-TRANSCRIPTION-LN14-2012","false","provisional"
"3e76fbdd-f883-5e80-ac5d-e12f619bc840","KEN-C018-CON089","Kinangop","kinangop","constituency","electoral","f1432c15-8450-5e4b-a668-5151dd0e008d","18","89","","2012-03-09","","KDA-TRANSCRIPTION-LN14-2012","false","provisional"
"ac6a69dc-cc34-526a-80e6-42641cd1c394","KEN-C018-CON090","Kipipiri","kipipiri","constituency","electoral","f1432c15-8450-5e4b-a668-5151dd0e008d","18","90","","2012-03-09","","KDA-TRANSCRIPTION-LN14-2012","false","provisional"
"61df211d-b1f1-5856-bcc7-826049a93c66","KEN-C018-CON091","Ol Kalou","ol-kalou","constituency","electoral","f1432c15-8450-5e4b-a668-5151dd0e008d","18","91","","2012-03-09","","KDA-TRANSCRIPTION-LN14-2012","false","provisional"
"634aa4c7-5fc9-596e-974a-e111e82533d0","KEN-C018-CON092","Ol Jorok","ol-jorok","constituency","electoral","f1432c15-8450-5e4b-a668-5151dd0e008d","18","92","","2012-03-09","","KDA-TRANSCRIPTION-LN14-2012","false","provisional"
"34d37caf-f364-51ba-b7d7-f97970d2dce9","KEN-C018-CON093","Ndaragwa","ndaragwa","constituency","electoral","f1432c15-8450-5e4b-a668-5151dd0e008d","18","93","","2012-03-09","","KDA-TRANSCRIPTION-LN14-2012","false","provisional"
"04206d49-d92c-514f-87c8-36d08e837261","KEN-C019-CON094","Tetu","tetu","constituency","electoral","16808e44-6168-57a9-81fd-29dbe2682acb","19","94","","2012-03-09","","KDA-TRANSCRIPTION-LN14-2012","false","provisional"
"fb8c41f7-2a91-50ff-b726-74459bccf562","KEN-C019-CON095","Kieni","kieni","constituency","electoral","16808e44-6168-57a9-81fd-29dbe2682acb","19","95","","2012-03-09","","KDA-TRANSCRIPTION-LN14-2012","false","provisional"
"083a989a-1902-5b1d-825d-8c1eff6d1094","KEN-C019-CON096","Mathira","mathira","constituency","electoral","16808e44-6168-57a9-81fd-29dbe2682acb","19","96","","2012-03-09","","KDA-TRANSCRIPTION-LN14-2012","false","provisional"
"9da3a11f-b5b5-5a44-b47b-d87b75ac8963","KEN-C019-CON097","Othaya","othaya","constituency","electoral","16808e44-6168-57a9-81fd-29dbe2682acb","19","97","","2012-03-09","","KDA-TRANSCRIPTION-LN14-2012","false","provisional"
"55dd04a8-f179-5eb7-95ad-3241430d03fe","KEN-C019-CON098","Mukurweini","mukurweini","constituency","electoral","16808e44-6168-57a9-81fd-29dbe2682acb","19","98","","2012-03-09","","KDA-TRANSCRIPTION-LN14-2012","false","provisional"
"e99e5763-f8ac-50e6-bacd-b2c01afa5c0f","KEN-C019-CON099","Nyeri Town","nyeri-town","constituency","electoral","16808e44-6168-57a9-81fd-29dbe2682acb","19","99","","2012-03-09","","KDA-TRANSCRIPTION-LN14-2012","false","provisional"
"e1444f53-c417-5985-ab26-c8bfa86e1bd7","KEN-C020-CON100","Mwea","mwea","constituency","electoral","b183f606-6fbd-55ba-b94c-f4819df0a852","20","100","","2012-03-09","","KDA-TRANSCRIPTION-LN14-2012","false","provisional"
"d23de25e-75fc-54cd-a104-ac116ba00b35","KEN-C020-CON101","Gichugu","gichugu","constituency","electoral","b183f606-6fbd-55ba-b94c-f4819df0a852","20","101","","2012-03-09","","KDA-TRANSCRIPTION-LN14-2012","false","provisional"
"68ab84fe-eba4-5993-89e9-d4f37390d641","KEN-C020-CON102","Ndia","ndia","constituency","electoral","b183f606-6fbd-55ba-b94c-f4819df0a852","20","102","","2012-03-09","","KDA-TRANSCRIPTION-LN14-2012","false","provisional"
"f366b1e1-fe03-5f74-9842-0dd3befb08a2","KEN-C020-CON103","Kirinyaga Central","kirinyaga-central","constituency","electoral","b183f606-6fbd-55ba-b94c-f4819df0a852","20","103","","2012-03-09","","KDA-TRANSCRIPTION-LN14-2012","false","provisional"
"045f2131-dfb9-5bc6-a9af-d9b0bf59bc57","KEN-C021-CON104","Kangema","kangema","constituency","electoral","63e6158b-4293-559b-a0b8-cb068735d4a8","21","104","","2012-03-09","","KDA-TRANSCRIPTION-LN14-2012","false","provisional"
"86bca1b8-71fa-53bb-a808-8db7733b9b42","KEN-C021-CON105","Mathioya","mathioya","constituency","electoral","63e6158b-4293-559b-a0b8-cb068735d4a8","21","105","","2012-03-09","","KDA-TRANSCRIPTION-LN14-2012","false","provisional"
"62597324-4de1-5e39-878c-a2a0b97d3f37","KEN-C021-CON106","Kiharu","kiharu","constituency","electoral","63e6158b-4293-559b-a0b8-cb068735d4a8","21","106","","2012-03-09","","KDA-TRANSCRIPTION-LN14-2012","false","provisional"
"8d14e29a-f48f-58a5-8872-ecb65c3220fd","KEN-C021-CON107","Kigumo","kigumo","constituency","electoral","63e6158b-4293-559b-a0b8-cb068735d4a8","21","107","","2012-03-09","","KDA-TRANSCRIPTION-LN14-2012","false","provisional"
"fd2be618-b445-5a2b-95b8-6110402ef4d6","KEN-C021-CON108","Maragwa","maragwa","constituency","electoral","63e6158b-4293-559b-a0b8-cb068735d4a8","21","108","","2012-03-09","","KDA-TRANSCRIPTION-LN14-2012","false","provisional"
"2a55bf8b-3f90-5949-833f-9432d8e57db8","KEN-C021-CON109","Kandara","kandara","constituency","electoral","63e6158b-4293-559b-a0b8-cb068735d4a8","21","109","","2012-03-09","","KDA-TRANSCRIPTION-LN14-2012","false","provisional"
"0c8dc1a1-8e1e-5371-9ad6-9f232264dea8","KEN-C021-CON110","Gatanga","gatanga","constituency","electoral","63e6158b-4293-559b-a0b8-cb068735d4a8","21","110","","2012-03-09","","KDA-TRANSCRIPTION-LN14-2012","false","provisional"
"94b5401d-c318-5b51-b861-735edb327bb3","KEN-C022-CON111","Gatundu South","gatundu-south","constituency","electoral","b4bc133a-fe17-5ab9-8824-af7895fdd276","22","111","","2012-03-09","","KDA-TRANSCRIPTION-LN14-2012","false","provisional"
"29c77098-397d-5f55-85db-6a1e6d7a952c","KEN-C022-CON112","Gatundu North","gatundu-north","constituency","electoral","b4bc133a-fe17-5ab9-8824-af7895fdd276","22","112","","2012-03-09","","KDA-TRANSCRIPTION-LN14-2012","false","provisional"
"b3c53127-1095-5d77-aff6-3a737a6b2133","KEN-C022-CON113","Juja","juja","constituency","electoral","b4bc133a-fe17-5ab9-8824-af7895fdd276","22","113","","2012-03-09","","KDA-TRANSCRIPTION-LN14-2012","false","provisional"
"ff5df43f-d1c5-51c6-8aca-f2bd019a4b3a","KEN-C022-CON114","Thika Town","thika-town","constituency","electoral","b4bc133a-fe17-5ab9-8824-af7895fdd276","22","114","","2012-03-09","","KDA-TRANSCRIPTION-LN14-2012","false","provisional"
"96cd8267-f805-5893-a2e9-b8bc23f34889","KEN-C022-CON115","Ruiru","ruiru","constituency","electoral","b4bc133a-fe17-5ab9-8824-af7895fdd276","22","115","","2012-03-09","","KDA-TRANSCRIPTION-LN14-2012","false","provisional"
"2e0396fc-f643-560b-a481-d4ca6ff840a3","KEN-C022-CON116","Githunguri","githunguri","constituency","electoral","b4bc133a-fe17-5ab9-8824-af7895fdd276","22","116","","2012-03-09","","KDA-TRANSCRIPTION-LN14-2012","false","provisional"
"2aece105-cb1f-51af-8c82-82d715824f79","KEN-C022-CON117","Kiambu","kiambu","constituency","electoral","b4bc133a-fe17-5ab9-8824-af7895fdd276","22","117","","2012-03-09","","KDA-TRANSCRIPTION-LN14-2012","false","provisional"
"34c4b95d-ce3d-52cf-adef-04d85fae78d8","KEN-C022-CON118","Kiambaa","kiambaa","constituency","electoral","b4bc133a-fe17-5ab9-8824-af7895fdd276","22","118","","2012-03-09","","KDA-TRANSCRIPTION-LN14-2012","false","provisional"
"101426ef-fdd9-5293-9130-9e89e0c62418","KEN-C022-CON119","Kabete","kabete","constituency","electoral","b4bc133a-fe17-5ab9-8824-af7895fdd276","22","119","","2012-03-09","","KDA-TRANSCRIPTION-LN14-2012","false","provisional"
"ff9bf439-2d9f-5e66-a9ee-28357ffc3a2c","KEN-C022-CON120","Kikuyu","kikuyu","constituency","electoral","b4bc133a-fe17-5ab9-8824-af7895fdd276","22","120","","2012-03-09","","KDA-TRANSCRIPTION-LN14-2012","false","provisional"
"e2e81514-e5f2-54d4-b72c-3aca37b43ea3","KEN-C022-CON121","Limuru","limuru","constituency","electoral","b4bc133a-fe17-5ab9-8824-af7895fdd276","22","121","","2012-03-09","","KDA-TRANSCRIPTION-LN14-2012","false","provisional"
"d488ffeb-9aef-5e50-8767-e076614e2940","KEN-C022-CON122","Lari","lari","constituency","electoral","b4bc133a-fe17-5ab9-8824-af7895fdd276","22","122","","2012-03-09","","KDA-TRANSCRIPTION-LN14-2012","false","provisional"
"ce127f61-29a3-5ed1-b7a4-932bfa8c05fc","KEN-C023-CON123","Turkana North","turkana-north","constituency","electoral","79e6e98b-2569-5520-b4c1-7faa24557250","23","123","","2012-03-09","","KDA-TRANSCRIPTION-LN14-2012","false","provisional"
"e54b90d5-e58b-5213-99ad-b0b8a85827d0","KEN-C023-CON124","Turkana West","turkana-west","constituency","electoral","79e6e98b-2569-5520-b4c1-7faa24557250","23","124","","2012-03-09","","KDA-TRANSCRIPTION-LN14-2012","false","provisional"
"e735a3f8-efdb-5a9b-92d4-9c7108377c9a","KEN-C023-CON125","Turkana Central","turkana-central","constituency","electoral","79e6e98b-2569-5520-b4c1-7faa24557250","23","125","","2012-03-09","","KDA-TRANSCRIPTION-LN14-2012","false","provisional"
"dc7682f9-41ce-54ff-a629-550681a2c9c8","KEN-C023-CON126","Loima","loima","constituency","electoral","79e6e98b-2569-5520-b4c1-7faa24557250","23","126","","2012-03-09","","KDA-TRANSCRIPTION-LN14-2012","false","provisional"
"0d453bee-da7c-58d2-ad5b-fd388b983737","KEN-C023-CON127","Turkana South","turkana-south","constituency","electoral","79e6e98b-2569-5520-b4c1-7faa24557250","23","127","","2012-03-09","","KDA-TRANSCRIPTION-LN14-2012","false","provisional"
"da6f88d8-14ee-54c8-afd3-0415c34d661e","KEN-C023-CON128","Turkana East","turkana-east","constituency","electoral","79e6e98b-2569-5520-b4c1-7faa24557250","23","128","","2012-03-09","","KDA-TRANSCRIPTION-LN14-2012","false","provisional"
"b5eab659-981c-5f04-aed6-ac9dbf336d03","KEN-C024-CON129","Kapenguria","kapenguria","constituency","electoral","321c4e21-8c5a-5baf-ba86-a539c99a5e9b","24","129","","2012-03-09","","KDA-TRANSCRIPTION-LN14-2012","false","provisional"
"b04518b3-1200-58b3-a9dd-ba0e2b17858b","KEN-C024-CON130","Sigor","sigor","constituency","electoral","321c4e21-8c5a-5baf-ba86-a539c99a5e9b","24","130","","2012-03-09","","KDA-TRANSCRIPTION-LN14-2012","false","provisional"
"6880e8c3-d8fe-5038-b81a-745650a81978","KEN-C024-CON131","Kacheliba","kacheliba","constituency","electoral","321c4e21-8c5a-5baf-ba86-a539c99a5e9b","24","131","","2012-03-09","","KDA-TRANSCRIPTION-LN14-2012","false","provisional"
"aa03ab11-46a0-5ece-8ba6-4af0aaf270d2","KEN-C024-CON132","Pokot South","pokot-south","constituency","electoral","321c4e21-8c5a-5baf-ba86-a539c99a5e9b","24","132","","2012-03-09","","KDA-TRANSCRIPTION-LN14-2012","false","provisional"
"ec21a242-9d14-5030-b095-57b9b8a05371","KEN-C025-CON133","Samburu West","samburu-west","constituency","electoral","2e88f596-ae2e-5298-a295-8078bb369a9d","25","133","","2012-03-09","","KDA-TRANSCRIPTION-LN14-2012","false","provisional"
"40a8b102-dcf5-5dc4-951b-2f1444751f89","KEN-C025-CON134","Samburu North","samburu-north","constituency","electoral","2e88f596-ae2e-5298-a295-8078bb369a9d","25","134","","2012-03-09","","KDA-TRANSCRIPTION-LN14-2012","false","provisional"
"4ac80221-a23e-5de8-b482-ddafa59f6334","KEN-C025-CON135","Samburu East","samburu-east","constituency","electoral","2e88f596-ae2e-5298-a295-8078bb369a9d","25","135","","2012-03-09","","KDA-TRANSCRIPTION-LN14-2012","false","provisional"
"92ca0fe6-097f-5c7f-9254-6fbfc372cb8d","KEN-C026-CON136","Kwanza","kwanza","constituency","electoral","1435e02a-7508-5914-9d5c-399adc0ff5f5","26","136","","2012-03-09","","KDA-TRANSCRIPTION-LN14-2012","false","provisional"
"32002f5f-d5c8-501e-a463-5d047c43d842","KEN-C026-CON137","Endebess","endebess","constituency","electoral","1435e02a-7508-5914-9d5c-399adc0ff5f5","26","137","","2012-03-09","","KDA-TRANSCRIPTION-LN14-2012","false","provisional"
"7ef4b7e9-7558-5093-a923-f39f0e74853d","KEN-C026-CON138","Saboti","saboti","constituency","electoral","1435e02a-7508-5914-9d5c-399adc0ff5f5","26","138","","2012-03-09","","KDA-TRANSCRIPTION-LN14-2012","false","provisional"
"0f5b69c4-9fa6-57ea-8fab-b3ef9a9355f7","KEN-C026-CON139","Kiminini","kiminini","constituency","electoral","1435e02a-7508-5914-9d5c-399adc0ff5f5","26","139","","2012-03-09","","KDA-TRANSCRIPTION-LN14-2012","false","provisional"
"193c93e6-c6ee-5605-847f-17791158d369","KEN-C026-CON140","Cherangany","cherangany","constituency","electoral","1435e02a-7508-5914-9d5c-399adc0ff5f5","26","140","","2012-03-09","","KDA-TRANSCRIPTION-LN14-2012","false","provisional"
"5aa4db28-6788-5803-98cf-978c00e88b41","KEN-C027-CON141","Soy","soy","constituency","electoral","550f28f3-a8f8-566e-a458-137789e3f89d","27","141","","2012-03-09","","KDA-TRANSCRIPTION-LN14-2012","false","provisional"
"b0a1ea1a-9982-547a-9a2b-59ceed9d2643","KEN-C027-CON142","Turbo","turbo","constituency","electoral","550f28f3-a8f8-566e-a458-137789e3f89d","27","142","","2012-03-09","","KDA-TRANSCRIPTION-LN14-2012","false","provisional"
"8f81683c-bd66-5ba7-97c3-b1b830b008e2","KEN-C027-CON143","Moiben","moiben","constituency","electoral","550f28f3-a8f8-566e-a458-137789e3f89d","27","143","","2012-03-09","","KDA-TRANSCRIPTION-LN14-2012","false","provisional"
"bb99fab3-ef4b-587a-94f2-6a1bd153e880","KEN-C027-CON144","Ainabkoi","ainabkoi","constituency","electoral","550f28f3-a8f8-566e-a458-137789e3f89d","27","144","","2012-03-09","","KDA-TRANSCRIPTION-LN14-2012","false","provisional"
"f2575466-2eee-58ed-b2c0-8c63ff1315d8","KEN-C027-CON145","Kapseret","kapseret","constituency","electoral","550f28f3-a8f8-566e-a458-137789e3f89d","27","145","","2012-03-09","","KDA-TRANSCRIPTION-LN14-2012","false","provisional"
"ce1dbfbc-c985-5b2e-8dc0-bc8659f74f4a","KEN-C027-CON146","Kesses","kesses","constituency","electoral","550f28f3-a8f8-566e-a458-137789e3f89d","27","146","","2012-03-09","","KDA-TRANSCRIPTION-LN14-2012","false","provisional"
"987e0c6e-4d05-5e6a-89cb-667cb753840e","KEN-C028-CON147","Marakwet East","marakwet-east","constituency","electoral","f4d743d7-f527-5691-818d-83ca7ae22c14","28","147","","2012-03-09","","KDA-TRANSCRIPTION-LN14-2012","false","provisional"
"319d9fbb-54d1-54fd-910d-f576447a08c1","KEN-C028-CON148","Marakwet West","marakwet-west","constituency","electoral","f4d743d7-f527-5691-818d-83ca7ae22c14","28","148","","2012-03-09","","KDA-TRANSCRIPTION-LN14-2012","false","provisional"
"be0a8b63-5b40-55e3-a0ef-49a692da8dfe","KEN-C028-CON149","Keiyo North","keiyo-north","constituency","electoral","f4d743d7-f527-5691-818d-83ca7ae22c14","28","149","","2012-03-09","","KDA-TRANSCRIPTION-LN14-2012","false","provisional"
"59447c59-5c21-5668-97be-40e8f8adc4c7","KEN-C028-CON150","Keiyo South","keiyo-south","constituency","electoral","f4d743d7-f527-5691-818d-83ca7ae22c14","28","150","","2012-03-09","","KDA-TRANSCRIPTION-LN14-2012","false","provisional"
"1cecb857-6384-5869-9d3d-ce8862de83cc","KEN-C029-CON151","Tinderet","tinderet","constituency","electoral","bd1f873f-6065-5372-96a9-0849be7e402f","29","151","","2012-03-09","","KDA-TRANSCRIPTION-LN14-2012","false","provisional"
"4f606e63-710d-54e4-ba6d-aa08cdcbb765","KEN-C029-CON152","Aldai","aldai","constituency","electoral","bd1f873f-6065-5372-96a9-0849be7e402f","29","152","","2012-03-09","","KDA-TRANSCRIPTION-LN14-2012","false","provisional"
"572c627c-944f-5f53-be23-1dd070e8b40b","KEN-C029-CON153","Nandi Hills","nandi-hills","constituency","electoral","bd1f873f-6065-5372-96a9-0849be7e402f","29","153","","2012-03-09","","KDA-TRANSCRIPTION-LN14-2012","false","provisional"
"cf838d55-73e6-594d-b6dd-6f25ef80a69d","KEN-C029-CON154","Chesumei","chesumei","constituency","electoral","bd1f873f-6065-5372-96a9-0849be7e402f","29","154","","2012-03-09","","KDA-TRANSCRIPTION-LN14-2012","false","provisional"
"05249cd9-aa71-5617-8a0b-e2d37588a02c","KEN-C029-CON155","Emgwen","emgwen","constituency","electoral","bd1f873f-6065-5372-96a9-0849be7e402f","29","155","","2012-03-09","","KDA-TRANSCRIPTION-LN14-2012","false","provisional"
"f6ead134-c5fd-5514-bbd0-1be18d7fb2c7","KEN-C029-CON156","Mosop","mosop","constituency","electoral","bd1f873f-6065-5372-96a9-0849be7e402f","29","156","","2012-03-09","","KDA-TRANSCRIPTION-LN14-2012","false","provisional"
"05406fbc-c7b1-5307-82e4-e106c0ed5a30","KEN-C030-CON157","Tiaty","tiaty","constituency","electoral","c10e40a8-4a0f-5ac9-9a9c-9538938f81fd","30","157","","2012-03-09","","KDA-TRANSCRIPTION-LN14-2012","false","provisional"
"8a20fc79-c0ef-501c-8c25-4aecfc084e45","KEN-C030-CONNaN","Baringo  North","baringo-north","constituency","electoral","c10e40a8-4a0f-5ac9-9a9c-9538938f81fd","30","NaN","","2012-03-09","","KDA-TRANSCRIPTION-LN14-2012","false","provisional"
"529d8896-fcd3-5e70-bd31-3953bc257ab9","KEN-C030-CON159","Baringo Central","baringo-central","constituency","electoral","c10e40a8-4a0f-5ac9-9a9c-9538938f81fd","30","159","","2012-03-09","","KDA-TRANSCRIPTION-LN14-2012","false","provisional"
"eab7e42b-3862-5e96-834a-e91ad7823aa2","KEN-C030-CON160","Baringo South","baringo-south","constituency","electoral","c10e40a8-4a0f-5ac9-9a9c-9538938f81fd","30","160","","2012-03-09","","KDA-TRANSCRIPTION-LN14-2012","false","provisional"
"36cf6911-ac5e-5c88-8558-45532a5fc5bc","KEN-C030-CON161","Mogotio","mogotio","constituency","electoral","c10e40a8-4a0f-5ac9-9a9c-9538938f81fd","30","161","","2012-03-09","","KDA-TRANSCRIPTION-LN14-2012","false","provisional"
"307cc7b2-fdd1-5f09-ba0b-6cea26296521","KEN-C030-CON162","Eldama Ravine","eldama-ravine","constituency","electoral","c10e40a8-4a0f-5ac9-9a9c-9538938f81fd","30","162","","2012-03-09","","KDA-TRANSCRIPTION-LN14-2012","false","provisional"
"fb01c5e3-9fad-5cbb-a4a4-e569943438ba","KEN-C031-CON163","Laikipia West","laikipia-west","constituency","electoral","2929fd5b-add6-5a6b-918b-661d37c1e21a","31","163","","2012-03-09","","KDA-TRANSCRIPTION-LN14-2012","false","provisional"
"52abede0-4cdf-5522-b498-3f6f2b4d9352","KEN-C031-CON164","Laikipia East","laikipia-east","constituency","electoral","2929fd5b-add6-5a6b-918b-661d37c1e21a","31","164","","2012-03-09","","KDA-TRANSCRIPTION-LN14-2012","false","provisional"
"e8e5b59b-89f6-52f0-8d40-3554604892a2","KEN-C031-CON165","Laikipia North","laikipia-north","constituency","electoral","2929fd5b-add6-5a6b-918b-661d37c1e21a","31","165","","2012-03-09","","KDA-TRANSCRIPTION-LN14-2012","false","provisional"
"320fdfc2-ecd1-549f-8993-99d46cf203ec","KEN-C032-CON166","Molo","molo","constituency","electoral","9dc9005d-2ad9-57f1-9927-c951df4e5cfb","32","166","","2012-03-09","","KDA-TRANSCRIPTION-LN14-2012","false","provisional"
"ee2a45b9-c2f3-57f3-8975-2385c78bfcfb","KEN-C032-CON167","Njoro","njoro","constituency","electoral","9dc9005d-2ad9-57f1-9927-c951df4e5cfb","32","167","","2012-03-09","","KDA-TRANSCRIPTION-LN14-2012","false","provisional"
"5ea9116c-5d87-5b1e-8573-028232a75867","KEN-C032-CON168","Naivasha","naivasha","constituency","electoral","9dc9005d-2ad9-57f1-9927-c951df4e5cfb","32","168","","2012-03-09","","KDA-TRANSCRIPTION-LN14-2012","false","provisional"
"541b9caa-847c-56b9-9ea4-924f63d592ef","KEN-C032-CON169","Gilgil","gilgil","constituency","electoral","9dc9005d-2ad9-57f1-9927-c951df4e5cfb","32","169","","2012-03-09","","KDA-TRANSCRIPTION-LN14-2012","false","provisional"
"4d7c8656-70eb-57f8-8086-9e82b8de66e2","KEN-C032-CON170","Kuresoi South","kuresoi-south","constituency","electoral","9dc9005d-2ad9-57f1-9927-c951df4e5cfb","32","170","","2012-03-09","","KDA-TRANSCRIPTION-LN14-2012","false","provisional"
"ab6b4c25-0826-5f71-bb4f-5fdaa61c4c77","KEN-C032-CON171","Kuresoi North","kuresoi-north","constituency","electoral","9dc9005d-2ad9-57f1-9927-c951df4e5cfb","32","171","","2012-03-09","","KDA-TRANSCRIPTION-LN14-2012","false","provisional"
"dd8ba10d-ca53-5b39-ba67-26f0f692dce7","KEN-C032-CON172","Subukia","subukia","constituency","electoral","9dc9005d-2ad9-57f1-9927-c951df4e5cfb","32","172","","2012-03-09","","KDA-TRANSCRIPTION-LN14-2012","false","provisional"
"6791a841-45dc-5330-a088-a3583b28ccb1","KEN-C032-CON173","Rongai","rongai","constituency","electoral","9dc9005d-2ad9-57f1-9927-c951df4e5cfb","32","173","","2012-03-09","","KDA-TRANSCRIPTION-LN14-2012","false","provisional"
"ca1d3900-4222-5521-8865-dc8a177a2fda","KEN-C032-CON174","Bahati","bahati","constituency","electoral","9dc9005d-2ad9-57f1-9927-c951df4e5cfb","32","174","","2012-03-09","","KDA-TRANSCRIPTION-LN14-2012","false","provisional"
"cdbea74a-27d7-5abb-a6ad-ef1406b8c18e","KEN-C032-CON175","Nakuru Town West","nakuru-town-west","constituency","electoral","9dc9005d-2ad9-57f1-9927-c951df4e5cfb","32","175","","2012-03-09","","KDA-TRANSCRIPTION-LN14-2012","false","provisional"
"050cc898-a354-56f6-ad69-3b63be695f51","KEN-C032-CON176","Nakuru Town East","nakuru-town-east","constituency","electoral","9dc9005d-2ad9-57f1-9927-c951df4e5cfb","32","176","","2012-03-09","","KDA-TRANSCRIPTION-LN14-2012","false","provisional"
"3d1d08a0-46a6-533a-9d59-55350814c995","KEN-C033-CON177","Kilgoris","kilgoris","constituency","electoral","84932ef0-f570-5d9b-892c-3c561b214be9","33","177","","2012-03-09","","KDA-TRANSCRIPTION-LN14-2012","false","provisional"
"3c37071b-793c-52c7-9b4b-fbbc575a118f","KEN-C033-CON178","Emurua Dikirr","emurua-dikirr","constituency","electoral","84932ef0-f570-5d9b-892c-3c561b214be9","33","178","","2012-03-09","","KDA-TRANSCRIPTION-LN14-2012","false","provisional"
"692557e8-f09e-55fb-8d6a-bacc051031c7","KEN-C033-CON179","Narok North","narok-north","constituency","electoral","84932ef0-f570-5d9b-892c-3c561b214be9","33","179","","2012-03-09","","KDA-TRANSCRIPTION-LN14-2012","false","provisional"
"f192c08e-aa29-524c-b71e-806701772c55","KEN-C033-CON180","Narok East","narok-east","constituency","electoral","84932ef0-f570-5d9b-892c-3c561b214be9","33","180","","2012-03-09","","KDA-TRANSCRIPTION-LN14-2012","false","provisional"
"1d093764-8ed6-59d4-8ee9-c6e6d142fb3e","KEN-C033-CON181","Narok South","narok-south","constituency","electoral","84932ef0-f570-5d9b-892c-3c561b214be9","33","181","","2012-03-09","","KDA-TRANSCRIPTION-LN14-2012","false","provisional"
"c6476f66-c160-5ba9-be85-44d3be0390cc","KEN-C033-CON182","Narok West","narok-west","constituency","electoral","84932ef0-f570-5d9b-892c-3c561b214be9","33","182","","2012-03-09","","KDA-TRANSCRIPTION-LN14-2012","false","provisional"
"29b738d0-8e94-551c-afd9-399462c52d18","KEN-C034-CON183","Kajiado North","kajiado-north","constituency","electoral","a91c60cb-b2b4-5cdf-a1fc-fbe89f9f0665","34","183","","2012-03-09","","KDA-TRANSCRIPTION-LN14-2012","false","provisional"
"58b947e4-e6db-53dc-9976-1aea8309126a","KEN-C034-CON184","Kajiado Central","kajiado-central","constituency","electoral","a91c60cb-b2b4-5cdf-a1fc-fbe89f9f0665","34","184","","2012-03-09","","KDA-TRANSCRIPTION-LN14-2012","false","provisional"
"2bc81767-b5f1-5107-ba3b-e3b4206a5ba1","KEN-C034-CON185","Kajiado East","kajiado-east","constituency","electoral","a91c60cb-b2b4-5cdf-a1fc-fbe89f9f0665","34","185","","2012-03-09","","KDA-TRANSCRIPTION-LN14-2012","false","provisional"
"d055ade7-dfc5-5af8-88f2-bace0e0b5a53","KEN-C034-CON186","Kajiado West","kajiado-west","constituency","electoral","a91c60cb-b2b4-5cdf-a1fc-fbe89f9f0665","34","186","","2012-03-09","","KDA-TRANSCRIPTION-LN14-2012","false","provisional"
"10da4b27-206f-564d-9049-fe1606f01381","KEN-C034-CON187","Kajiado South","kajiado-south","constituency","electoral","a91c60cb-b2b4-5cdf-a1fc-fbe89f9f0665","34","187","","2012-03-09","","KDA-TRANSCRIPTION-LN14-2012","false","provisional"
"80d97109-9f47-5271-b9cf-10862f77f080","KEN-C035-CON188","Kipkelion East","kipkelion-east","constituency","electoral","f377dad1-a4e8-5681-af41-07de7a5e66bc","35","188","","2012-03-09","","KDA-TRANSCRIPTION-LN14-2012","false","provisional"
"6a7d9a1f-866a-5054-a742-5dd46a853be8","KEN-C035-CON189","Kipkelion West","kipkelion-west","constituency","electoral","f377dad1-a4e8-5681-af41-07de7a5e66bc","35","189","","2012-03-09","","KDA-TRANSCRIPTION-LN14-2012","false","provisional"
"c1ad580e-96d2-53d0-889a-8c6a8ef46b0e","KEN-C035-CON190","Ainamoi","ainamoi","constituency","electoral","f377dad1-a4e8-5681-af41-07de7a5e66bc","35","190","","2012-03-09","","KDA-TRANSCRIPTION-LN14-2012","false","provisional"
"bf346659-5d4e-54db-b59c-7e1f47411dea","KEN-C035-CON191","Bureti","bureti","constituency","electoral","f377dad1-a4e8-5681-af41-07de7a5e66bc","35","191","","2012-03-09","","KDA-TRANSCRIPTION-LN14-2012","false","provisional"
"f68f6db6-8235-5773-ab33-03e26a185f3f","KEN-C035-CON192","Belgut","belgut","constituency","electoral","f377dad1-a4e8-5681-af41-07de7a5e66bc","35","192","","2012-03-09","","KDA-TRANSCRIPTION-LN14-2012","false","provisional"
"8d52b59b-d1c0-5091-9001-b2d9a459c7f3","KEN-C035-CON193","Sigowet/Soin","sigowet-soin","constituency","electoral","f377dad1-a4e8-5681-af41-07de7a5e66bc","35","193","","2012-03-09","","KDA-TRANSCRIPTION-LN14-2012","false","provisional"
"75cb3ef6-dd84-5fda-8f1c-1b8f0bab2156","KEN-C036-CON194","Sotik","sotik","constituency","electoral","0b3dac6f-b81a-5ac8-bd57-34f3507c8c14","36","194","","2012-03-09","","KDA-TRANSCRIPTION-LN14-2012","false","provisional"
"b0859999-4757-51f4-b9a8-dd8709eaa499","KEN-C036-CON195","Chepalungu","chepalungu","constituency","electoral","0b3dac6f-b81a-5ac8-bd57-34f3507c8c14","36","195","","2012-03-09","","KDA-TRANSCRIPTION-LN14-2012","false","provisional"
"2fa1e295-3385-550b-9502-188971b1ba48","KEN-C036-CON196","Bomet East","bomet-east","constituency","electoral","0b3dac6f-b81a-5ac8-bd57-34f3507c8c14","36","196","","2012-03-09","","KDA-TRANSCRIPTION-LN14-2012","false","provisional"
"f4b00450-98b5-5ace-b98f-9e0ca922a8d9","KEN-C036-CON197","Bomet Central","bomet-central","constituency","electoral","0b3dac6f-b81a-5ac8-bd57-34f3507c8c14","36","197","","2012-03-09","","KDA-TRANSCRIPTION-LN14-2012","false","provisional"
"aeb1e7cc-80cb-52b7-8e5a-df66b2809d6b","KEN-C036-CON198","Konoin","konoin","constituency","electoral","0b3dac6f-b81a-5ac8-bd57-34f3507c8c14","36","198","","2012-03-09","","KDA-TRANSCRIPTION-LN14-2012","false","provisional"
"4f107d58-6828-55c3-8b2d-d9d6d26ef673","KEN-C037-CON199","Lugari","lugari","constituency","electoral","ce6e7794-14b4-5706-bff1-dd7a12880f11","37","199","","2012-03-09","","KDA-TRANSCRIPTION-LN14-2012","false","provisional"
"86eaf8a3-d1f3-5bdb-a482-ee282c883814","KEN-C037-CON200","Likuyani","likuyani","constituency","electoral","ce6e7794-14b4-5706-bff1-dd7a12880f11","37","200","","2012-03-09","","KDA-TRANSCRIPTION-LN14-2012","false","provisional"
"d59cca26-880e-50cb-a13c-791c44aa12d9","KEN-C037-CON201","Malava","malava","constituency","electoral","ce6e7794-14b4-5706-bff1-dd7a12880f11","37","201","","2012-03-09","","KDA-TRANSCRIPTION-LN14-2012","false","provisional"
"96485e2b-cfc0-5157-bcc0-4b24c525766a","KEN-C037-CON202","Lurambi","lurambi","constituency","electoral","ce6e7794-14b4-5706-bff1-dd7a12880f11","37","202","","2012-03-09","","KDA-TRANSCRIPTION-LN14-2012","false","provisional"
"69ebdb76-2969-5a65-babd-a79db9466a20","KEN-C037-CON203","Navakholo","navakholo","constituency","electoral","ce6e7794-14b4-5706-bff1-dd7a12880f11","37","203","","2012-03-09","","KDA-TRANSCRIPTION-LN14-2012","false","provisional"
"07429db9-8173-5908-b1d1-1beea111afd2","KEN-C037-CON204","Mumias West","mumias-west","constituency","electoral","ce6e7794-14b4-5706-bff1-dd7a12880f11","37","204","","2012-03-09","","KDA-TRANSCRIPTION-LN14-2012","false","provisional"
"a71ae52b-942e-533b-8496-c93db1fe2e33","KEN-C037-CON205","Mumias East","mumias-east","constituency","electoral","ce6e7794-14b4-5706-bff1-dd7a12880f11","37","205","","2012-03-09","","KDA-TRANSCRIPTION-LN14-2012","false","provisional"
"23ef3c66-a0f3-562e-aefe-03141b74fc97","KEN-C037-CON206","Matungu","matungu","constituency","electoral","ce6e7794-14b4-5706-bff1-dd7a12880f11","37","206","","2012-03-09","","KDA-TRANSCRIPTION-LN14-2012","false","provisional"
"7c5634ad-3ec4-5c97-ac1d-b37c753e600a","KEN-C037-CON207","Butere","butere","constituency","electoral","ce6e7794-14b4-5706-bff1-dd7a12880f11","37","207","","2012-03-09","","KDA-TRANSCRIPTION-LN14-2012","false","provisional"
"18dc2665-7af6-5bb1-907b-172b906aeb7f","KEN-C037-CON208","Khwisero","khwisero","constituency","electoral","ce6e7794-14b4-5706-bff1-dd7a12880f11","37","208","","2012-03-09","","KDA-TRANSCRIPTION-LN14-2012","false","provisional"
"155dc141-be0a-5413-954c-2ee1d3b0fe96","KEN-C037-CON209","Shinyalu","shinyalu","constituency","electoral","ce6e7794-14b4-5706-bff1-dd7a12880f11","37","209","","2012-03-09","","KDA-TRANSCRIPTION-LN14-2012","false","provisional"
"3f5826b8-f174-5c87-ad59-4112dbff0a1e","KEN-C037-CON210","Ikolomani","ikolomani","constituency","electoral","ce6e7794-14b4-5706-bff1-dd7a12880f11","37","210","","2012-03-09","","KDA-TRANSCRIPTION-LN14-2012","false","provisional"
"693f89ff-36f2-5f39-b29c-da4cd48e361e","KEN-C038-CON211","Vihiga","vihiga","constituency","electoral","e6c43924-d70e-57f7-9f0b-03aa5740d7f7","38","211","","2012-03-09","","KDA-TRANSCRIPTION-LN14-2012","false","provisional"
"dc866b68-1128-548e-8bfe-52cdcdd8835e","KEN-C038-CON212","Sabatia","sabatia","constituency","electoral","e6c43924-d70e-57f7-9f0b-03aa5740d7f7","38","212","","2012-03-09","","KDA-TRANSCRIPTION-LN14-2012","false","provisional"
"d1bd3e85-9ba5-5952-bf03-9a08a39aa38f","KEN-C038-CON213","Hamisi","hamisi","constituency","electoral","e6c43924-d70e-57f7-9f0b-03aa5740d7f7","38","213","","2012-03-09","","KDA-TRANSCRIPTION-LN14-2012","false","provisional"
"f2f6218a-04d6-5bcd-95ac-71cd1a13c3c0","KEN-C038-CON214","Luanda","luanda","constituency","electoral","e6c43924-d70e-57f7-9f0b-03aa5740d7f7","38","214","","2012-03-09","","KDA-TRANSCRIPTION-LN14-2012","false","provisional"
"22548d17-894b-59de-b144-5677df9d836b","KEN-C038-CON215","Emuhaya","emuhaya","constituency","electoral","e6c43924-d70e-57f7-9f0b-03aa5740d7f7","38","215","","2012-03-09","","KDA-TRANSCRIPTION-LN14-2012","false","provisional"
"a7877050-79ff-5e51-a6a8-5df4269a4b61","KEN-C039-CON216","Mt.elgon","mt-elgon","constituency","electoral","a4499272-a024-54c9-81a0-3596489b405f","39","216","","2012-03-09","","KDA-TRANSCRIPTION-LN14-2012","false","provisional"
"a2e9653a-8f69-5a03-b851-aa79873b83da","KEN-C039-CON217","Sirisia","sirisia","constituency","electoral","a4499272-a024-54c9-81a0-3596489b405f","39","217","","2012-03-09","","KDA-TRANSCRIPTION-LN14-2012","false","provisional"
"126ceae3-6e01-5f72-b050-9fa0d466a188","KEN-C039-CON218","Kabuchai","kabuchai","constituency","electoral","a4499272-a024-54c9-81a0-3596489b405f","39","218","","2012-03-09","","KDA-TRANSCRIPTION-LN14-2012","false","provisional"
"224a38f5-1a66-5034-bab3-660c43c2cb01","KEN-C039-CON219","Bumula","bumula","constituency","electoral","a4499272-a024-54c9-81a0-3596489b405f","39","219","","2012-03-09","","KDA-TRANSCRIPTION-LN14-2012","false","provisional"
"619cbdd4-cce9-5caf-a562-0764d6d4895d","KEN-C039-CON220","Kanduyi","kanduyi","constituency","electoral","a4499272-a024-54c9-81a0-3596489b405f","39","220","","2012-03-09","","KDA-TRANSCRIPTION-LN14-2012","false","provisional"
"1ef45277-a384-55c3-945b-5caa38778083","KEN-C039-CON221","Webuye East","webuye-east","constituency","electoral","a4499272-a024-54c9-81a0-3596489b405f","39","221","","2012-03-09","","KDA-TRANSCRIPTION-LN14-2012","false","provisional"
"d0f52550-2ce0-52bc-a70c-15bbf96425c2","KEN-C039-CON222","Webuye West","webuye-west","constituency","electoral","a4499272-a024-54c9-81a0-3596489b405f","39","222","","2012-03-09","","KDA-TRANSCRIPTION-LN14-2012","false","provisional"
"a2a7a9e4-20b8-523f-8f14-3ea794315157","KEN-C039-CON223","Kimilili","kimilili","constituency","electoral","a4499272-a024-54c9-81a0-3596489b405f","39","223","","2012-03-09","","KDA-TRANSCRIPTION-LN14-2012","false","provisional"
"293f9f42-275a-565e-abf4-84adb051adbb","KEN-C039-CON224","Tongaren","tongaren","constituency","electoral","a4499272-a024-54c9-81a0-3596489b405f","39","224","","2012-03-09","","KDA-TRANSCRIPTION-LN14-2012","false","provisional"
"1c5717d0-9954-5bee-b53b-bf24a8621087","KEN-C040-CON225","Teso North","teso-north","constituency","electoral","ddeb0cc9-7b20-50d0-8a9e-9d5fd98d1131","40","225","","2012-03-09","","KDA-TRANSCRIPTION-LN14-2012","false","provisional"
"6680b5c2-d0a0-5a65-8c3e-3677d85efc8d","KEN-C040-CON226","Teso South","teso-south","constituency","electoral","ddeb0cc9-7b20-50d0-8a9e-9d5fd98d1131","40","226","","2012-03-09","","KDA-TRANSCRIPTION-LN14-2012","false","provisional"
"5eca61b4-d95b-5042-9503-793c8121e202","KEN-C040-CON227","Nambale","nambale","constituency","electoral","ddeb0cc9-7b20-50d0-8a9e-9d5fd98d1131","40","227","","2012-03-09","","KDA-TRANSCRIPTION-LN14-2012","false","provisional"
"cd5a5ec0-a0ee-5766-858e-0e99b4d02064","KEN-C040-CON228","Matayos","matayos","constituency","electoral","ddeb0cc9-7b20-50d0-8a9e-9d5fd98d1131","40","228","","2012-03-09","","KDA-TRANSCRIPTION-LN14-2012","false","provisional"
"19689ed8-2da4-5e9b-bf20-6aa161367ab2","KEN-C040-CON229","Butula","butula","constituency","electoral","ddeb0cc9-7b20-50d0-8a9e-9d5fd98d1131","40","229","","2012-03-09","","KDA-TRANSCRIPTION-LN14-2012","false","provisional"
"ee645bfa-7523-5457-96bc-1b1ce596ff11","KEN-C040-CON230","Funyula","funyula","constituency","electoral","ddeb0cc9-7b20-50d0-8a9e-9d5fd98d1131","40","230","","2012-03-09","","KDA-TRANSCRIPTION-LN14-2012","false","provisional"
"49232b5f-9f7c-5bcd-83a2-93893efc8ad3","KEN-C040-CON231","Budalangi","budalangi","constituency","electoral","ddeb0cc9-7b20-50d0-8a9e-9d5fd98d1131","40","231","","2012-03-09","","KDA-TRANSCRIPTION-LN14-2012","false","provisional"
"06a5c108-40e6-5d05-a945-7abb28613db2","KEN-C041-CON232","Ugenya","ugenya","constituency","electoral","ef4a5751-388d-5620-9293-0a16f87395f2","41","232","","2012-03-09","","KDA-TRANSCRIPTION-LN14-2012","false","provisional"
"5598163b-13d1-5515-830d-a94918dc208d","KEN-C041-CON233","Ugunja","ugunja","constituency","electoral","ef4a5751-388d-5620-9293-0a16f87395f2","41","233","","2012-03-09","","KDA-TRANSCRIPTION-LN14-2012","false","provisional"
"cdbfd87a-7665-5311-aa8a-09f4186ceaa1","KEN-C041-CON234","Alego Usonga","alego-usonga","constituency","electoral","ef4a5751-388d-5620-9293-0a16f87395f2","41","234","","2012-03-09","","KDA-TRANSCRIPTION-LN14-2012","false","provisional"
"cbcecfc6-592c-5db2-bced-c50f2a2ec9c2","KEN-C041-CON235","Gem","gem","constituency","electoral","ef4a5751-388d-5620-9293-0a16f87395f2","41","235","","2012-03-09","","KDA-TRANSCRIPTION-LN14-2012","false","provisional"
"447a16b4-424f-5cf0-9936-0085461057d2","KEN-C041-CON236","Bondo","bondo","constituency","electoral","ef4a5751-388d-5620-9293-0a16f87395f2","41","236","","2012-03-09","","KDA-TRANSCRIPTION-LN14-2012","false","provisional"
"02cd6b41-801a-5a0e-981c-f3a1e4e7696c","KEN-C041-CON237","Rarieda","rarieda","constituency","electoral","ef4a5751-388d-5620-9293-0a16f87395f2","41","237","","2012-03-09","","KDA-TRANSCRIPTION-LN14-2012","false","provisional"
"73661f18-f0b5-5e8f-b869-f58574078bfd","KEN-C042-CON238","Kisumu East","kisumu-east","constituency","electoral","b480fa47-cda8-5199-afd4-eedc5ebd6a8f","42","238","","2012-03-09","","KDA-TRANSCRIPTION-LN14-2012","false","provisional"
"9761c578-85e0-5218-979e-1f1cfd6381a5","KEN-C042-CON239","Kisumu West","kisumu-west","constituency","electoral","b480fa47-cda8-5199-afd4-eedc5ebd6a8f","42","239","","2012-03-09","","KDA-TRANSCRIPTION-LN14-2012","false","provisional"
"ba1abc3a-2182-54a1-9cd2-a9b9658cb708","KEN-C042-CON240","Kisumu Central","kisumu-central","constituency","electoral","b480fa47-cda8-5199-afd4-eedc5ebd6a8f","42","240","","2012-03-09","","KDA-TRANSCRIPTION-LN14-2012","false","provisional"
"e69c20d5-a8ef-54a4-8432-e200949d3504","KEN-C042-CON241","Seme","seme","constituency","electoral","b480fa47-cda8-5199-afd4-eedc5ebd6a8f","42","241","","2012-03-09","","KDA-TRANSCRIPTION-LN14-2012","false","provisional"
"1972c59a-75aa-54c9-9d46-25d1c2b12a7a","KEN-C042-CON242","Nyando","nyando","constituency","electoral","b480fa47-cda8-5199-afd4-eedc5ebd6a8f","42","242","","2012-03-09","","KDA-TRANSCRIPTION-LN14-2012","false","provisional"
"190fab02-c18d-5007-b6be-005745c492dd","KEN-C042-CON243","Muhoroni","muhoroni","constituency","electoral","b480fa47-cda8-5199-afd4-eedc5ebd6a8f","42","243","","2012-03-09","","KDA-TRANSCRIPTION-LN14-2012","false","provisional"
"8c80eb96-7752-5c2c-9db1-a508e4065f8b","KEN-C042-CON244","Nyakach","nyakach","constituency","electoral","b480fa47-cda8-5199-afd4-eedc5ebd6a8f","42","244","","2012-03-09","","KDA-TRANSCRIPTION-LN14-2012","false","provisional"
"e291dfd2-93d3-58d2-ac9f-438706c35f26","KEN-C043-CON245","Kasipul","kasipul","constituency","electoral","9ddae9f2-988b-581a-8282-7230e27be6b7","43","245","","2012-03-09","","KDA-TRANSCRIPTION-LN14-2012","false","provisional"
"d7cde90a-0383-5bee-9ce6-1e3454cbb889","KEN-C043-CON246","Kabondo Kasipul","kabondo-kasipul","constituency","electoral","9ddae9f2-988b-581a-8282-7230e27be6b7","43","246","","2012-03-09","","KDA-TRANSCRIPTION-LN14-2012","false","provisional"
"69b78118-6bad-5045-b68f-3a28d91d89f1","KEN-C043-CON247","Karachuonyo","karachuonyo","constituency","electoral","9ddae9f2-988b-581a-8282-7230e27be6b7","43","247","","2012-03-09","","KDA-TRANSCRIPTION-LN14-2012","false","provisional"
"502244f9-caf4-5608-b1a1-40efaf2bcf9a","KEN-C043-CON248","Rangwe","rangwe","constituency","electoral","9ddae9f2-988b-581a-8282-7230e27be6b7","43","248","","2012-03-09","","KDA-TRANSCRIPTION-LN14-2012","false","provisional"
"cf018c03-9109-5b51-82ef-60e9c7c3788a","KEN-C043-CON249","Homa Bay Town","homa-bay-town","constituency","electoral","9ddae9f2-988b-581a-8282-7230e27be6b7","43","249","","2012-03-09","","KDA-TRANSCRIPTION-LN14-2012","false","provisional"
"8aa8c1e0-9867-5573-becb-cba627117dda","KEN-C043-CON250","Ndhiwa","ndhiwa","constituency","electoral","9ddae9f2-988b-581a-8282-7230e27be6b7","43","250","","2012-03-09","","KDA-TRANSCRIPTION-LN14-2012","false","provisional"
"fd5d283a-2886-59f6-a398-40c647c2cfc7","KEN-C043-CON251","Mbita","mbita","constituency","electoral","9ddae9f2-988b-581a-8282-7230e27be6b7","43","251","","2012-03-09","","KDA-TRANSCRIPTION-LN14-2012","false","provisional"
"a7561949-953f-5f64-b52d-ec099af9206e","KEN-C043-CON252","Suba","suba","constituency","electoral","9ddae9f2-988b-581a-8282-7230e27be6b7","43","252","","2012-03-09","","KDA-TRANSCRIPTION-LN14-2012","false","provisional"
"f232db1d-a832-5502-afe6-75bc457d92d9","KEN-C044-CON253","Rongo","rongo","constituency","electoral","9575e583-e49f-5e62-9a5d-e48f053e76e8","44","253","","2012-03-09","","KDA-TRANSCRIPTION-LN14-2012","false","provisional"
"2b9da437-6bad-5043-9273-c99b41fcf074","KEN-C044-CON254","Awendo","awendo","constituency","electoral","9575e583-e49f-5e62-9a5d-e48f053e76e8","44","254","","2012-03-09","","KDA-TRANSCRIPTION-LN14-2012","false","provisional"
"5c1de55d-293b-51a7-ad78-5049e6d0cd92","KEN-C044-CON255","Suna East","suna-east","constituency","electoral","9575e583-e49f-5e62-9a5d-e48f053e76e8","44","255","","2012-03-09","","KDA-TRANSCRIPTION-LN14-2012","false","provisional"
"e97ea70a-4391-53c9-829b-d612ea40bb84","KEN-C044-CON256","Suna West","suna-west","constituency","electoral","9575e583-e49f-5e62-9a5d-e48f053e76e8","44","256","","2012-03-09","","KDA-TRANSCRIPTION-LN14-2012","false","provisional"
"d08e9ad4-3279-5e2b-a6b7-12f16e67b50f","KEN-C044-CON257","Uriri","uriri","constituency","electoral","9575e583-e49f-5e62-9a5d-e48f053e76e8","44","257","","2012-03-09","","KDA-TRANSCRIPTION-LN14-2012","false","provisional"
"1fda31d8-68a0-50c6-bb4b-db05eaf55da5","KEN-C044-CON258","Nyatike","nyatike","constituency","electoral","9575e583-e49f-5e62-9a5d-e48f053e76e8","44","258","","2012-03-09","","KDA-TRANSCRIPTION-LN14-2012","false","provisional"
"12b90fc7-f796-5c55-a829-be39ba252cb6","KEN-C044-CON259","Kuria West","kuria-west","constituency","electoral","9575e583-e49f-5e62-9a5d-e48f053e76e8","44","259","","2012-03-09","","KDA-TRANSCRIPTION-LN14-2012","false","provisional"
"9b56e85f-b8d6-523d-a36f-5a846c17b696","KEN-C044-CON260","Kuria East","kuria-east","constituency","electoral","9575e583-e49f-5e62-9a5d-e48f053e76e8","44","260","","2012-03-09","","KDA-TRANSCRIPTION-LN14-2012","false","provisional"
"c4f13258-42c7-5bfa-becc-ede2caf51a21","KEN-C045-CON261","Bonchari","bonchari","constituency","electoral","c2c462d1-7f28-5551-952b-482a5cfd3003","45","261","","2012-03-09","","KDA-TRANSCRIPTION-LN14-2012","false","provisional"
"79c2c356-b666-538a-89af-3a208c0b9510","KEN-C045-CON262","South Mugirango","south-mugirango","constituency","electoral","c2c462d1-7f28-5551-952b-482a5cfd3003","45","262","","2012-03-09","","KDA-TRANSCRIPTION-LN14-2012","false","provisional"
"e4efbfd3-df38-53c9-b42c-826d247a5dc6","KEN-C045-CON263","Bomachoge Borabu","bomachoge-borabu","constituency","electoral","c2c462d1-7f28-5551-952b-482a5cfd3003","45","263","","2012-03-09","","KDA-TRANSCRIPTION-LN14-2012","false","provisional"
"c0a0f039-2760-5bfb-aae0-de67a791cbc0","KEN-C045-CON264","Bobasi","bobasi","constituency","electoral","c2c462d1-7f28-5551-952b-482a5cfd3003","45","264","","2012-03-09","","KDA-TRANSCRIPTION-LN14-2012","false","provisional"
"15d3d29e-a31e-593e-8225-1d185ae87900","KEN-C045-CON265","Bomachoge Chache","bomachoge-chache","constituency","electoral","c2c462d1-7f28-5551-952b-482a5cfd3003","45","265","","2012-03-09","","KDA-TRANSCRIPTION-LN14-2012","false","provisional"
"374d482b-5706-5f4e-8bb5-2ad66d407426","KEN-C045-CON266","Nyaribari Masaba","nyaribari-masaba","constituency","electoral","c2c462d1-7f28-5551-952b-482a5cfd3003","45","266","","2012-03-09","","KDA-TRANSCRIPTION-LN14-2012","false","provisional"
"e6678ef4-ee8a-5621-a8f3-cd22a8fa19a8","KEN-C045-CON267","Nyaribari Chache","nyaribari-chache","constituency","electoral","c2c462d1-7f28-5551-952b-482a5cfd3003","45","267","","2012-03-09","","KDA-TRANSCRIPTION-LN14-2012","false","provisional"
"90026473-26b0-5eb6-9220-203833a31d94","KEN-C045-CON268","Kitutu Chache North","kitutu-chache-north","constituency","electoral","c2c462d1-7f28-5551-952b-482a5cfd3003","45","268","","2012-03-09","","KDA-TRANSCRIPTION-LN14-2012","false","provisional"
"457989df-9180-53e4-ba9e-555865fd1814","KEN-C045-CON269","Kitutu Chache South","kitutu-chache-south","constituency","electoral","c2c462d1-7f28-5551-952b-482a5cfd3003","45","269","","2012-03-09","","KDA-TRANSCRIPTION-LN14-2012","false","provisional"
"1d2b9e8a-5adf-5ebd-8d6f-d35fd129102b","KEN-C046-CON270","Kitutu Masaba","kitutu-masaba","constituency","electoral","d403dba1-a3d3-5e2d-a896-78018f6b7c8e","46","270","","2012-03-09","","KDA-TRANSCRIPTION-LN14-2012","false","provisional"
"1f8da509-1fcd-5b24-905a-900ff1238d0d","KEN-C046-CON271","West Mugirango","west-mugirango","constituency","electoral","d403dba1-a3d3-5e2d-a896-78018f6b7c8e","46","271","","2012-03-09","","KDA-TRANSCRIPTION-LN14-2012","false","provisional"
"5306e0e1-5682-558b-8fe8-b1dc315b84a9","KEN-C046-CON272","North Mugirango","north-mugirango","constituency","electoral","d403dba1-a3d3-5e2d-a896-78018f6b7c8e","46","272","","2012-03-09","","KDA-TRANSCRIPTION-LN14-2012","false","provisional"
"2a9093cf-d957-59df-a30c-acac552b9365","KEN-C046-CON273","Borabu","borabu","constituency","electoral","d403dba1-a3d3-5e2d-a896-78018f6b7c8e","46","273","","2012-03-09","","KDA-TRANSCRIPTION-LN14-2012","false","provisional"
"b21eed74-4154-5e8e-a719-5c638fd7cc2d","KEN-C047-CON274","Westlands","westlands","constituency","electoral","bf6864bc-9f15-5e5f-819e-b6c30c83e8e8","47","274","","2012-03-09","","KDA-TRANSCRIPTION-LN14-2012","false","provisional"
"b8697876-2537-59b6-89d4-38aef93bbc8a","KEN-C047-CON275","Dagoretti North","dagoretti-north","constituency","electoral","bf6864bc-9f15-5e5f-819e-b6c30c83e8e8","47","275","","2012-03-09","","KDA-TRANSCRIPTION-LN14-2012","false","provisional"
"731ca7be-4940-580c-9ee5-db14a8062695","KEN-C047-CON276","Dagoretti South","dagoretti-south","constituency","electoral","bf6864bc-9f15-5e5f-819e-b6c30c83e8e8","47","276","","2012-03-09","","KDA-TRANSCRIPTION-LN14-2012","false","provisional"
"98f56051-9ff1-57d1-82f6-2533868056ad","KEN-C047-CON277","Langata","langata","constituency","electoral","bf6864bc-9f15-5e5f-819e-b6c30c83e8e8","47","277","","2012-03-09","","KDA-TRANSCRIPTION-LN14-2012","false","provisional"
"a1ba8348-610d-54db-be4d-443c97f42e4f","KEN-C047-CON278","Kibra","kibra","constituency","electoral","bf6864bc-9f15-5e5f-819e-b6c30c83e8e8","47","278","","2012-03-09","","KDA-TRANSCRIPTION-LN14-2012","false","provisional"
"f5ac8a55-1100-5f2d-855c-087fbfb36328","KEN-C047-CON279","Roysambu","roysambu","constituency","electoral","bf6864bc-9f15-5e5f-819e-b6c30c83e8e8","47","279","","2012-03-09","","KDA-TRANSCRIPTION-LN14-2012","false","provisional"
"c82f6595-f2b0-5c72-a5c1-5fa57215ea26","KEN-C047-CON280","Kasarani","kasarani","constituency","electoral","bf6864bc-9f15-5e5f-819e-b6c30c83e8e8","47","280","","2012-03-09","","KDA-TRANSCRIPTION-LN14-2012","false","provisional"
"3aeab3e8-7dc0-5677-bb56-579ccb92b41d","KEN-C047-CON281","Ruaraka","ruaraka","constituency","electoral","bf6864bc-9f15-5e5f-819e-b6c30c83e8e8","47","281","","2012-03-09","","KDA-TRANSCRIPTION-LN14-2012","false","provisional"
"3c3f3dfb-f3f0-5515-bcde-8d8cdd42b802","KEN-C047-CON282","Embakasi South","embakasi-south","constituency","electoral","bf6864bc-9f15-5e5f-819e-b6c30c83e8e8","47","282","","2012-03-09","","KDA-TRANSCRIPTION-LN14-2012","false","provisional"
"d2030353-3bcb-57aa-a579-cf59cbd1068f","KEN-C047-CON283","Embakasi North","embakasi-north","constituency","electoral","bf6864bc-9f15-5e5f-819e-b6c30c83e8e8","47","283","","2012-03-09","","KDA-TRANSCRIPTION-LN14-2012","false","provisional"
"2e0787a8-8f97-5519-8797-73fb4c713943","KEN-C047-CON284","Embakasi Central","embakasi-central","constituency","electoral","bf6864bc-9f15-5e5f-819e-b6c30c83e8e8","47","284","","2012-03-09","","KDA-TRANSCRIPTION-LN14-2012","false","provisional"
"b23f3e8e-6191-5d05-af14-c877038311ae","KEN-C047-CON285","Embakasi East","embakasi-east","constituency","electoral","bf6864bc-9f15-5e5f-819e-b6c30c83e8e8","47","285","","2012-03-09","","KDA-TRANSCRIPTION-LN14-2012","false","provisional"
"bfff3678-3392-57e8-9f91-1b970a5c740c","KEN-C047-CON286","Embakasi West","embakasi-west","constituency","electoral","bf6864bc-9f15-5e5f-819e-b6c30c83e8e8","47","286","","2012-03-09","","KDA-TRANSCRIPTION-LN14-2012","false","provisional"
"08a5e1ac-d55b-592c-817d-93412aae2b4b","KEN-C047-CON287","Makadara","makadara","constituency","electoral","bf6864bc-9f15-5e5f-819e-b6c30c83e8e8","47","287","","2012-03-09","","KDA-TRANSCRIPTION-LN14-2012","false","provisional"
"4815ecd3-8ae9-539f-9678-3bbbbd9cfb57","KEN-C047-CON288","Kamukunji","kamukunji","constituency","electoral","bf6864bc-9f15-5e5f-819e-b6c30c83e8e8","47","288","","2012-03-09","","KDA-TRANSCRIPTION-LN14-2012","false","provisional"
"2a2961ce-7551-5041-b696-6be93ebdd88e","KEN-C047-CON289","Starehe","starehe","constituency","electoral","bf6864bc-9f15-5e5f-819e-b6c30c83e8e8","47","289","","2012-03-09","","KDA-TRANSCRIPTION-LN14-2012","false","provisional"
"39d6339b-be75-5f89-8998-aa59b3e6aee4","KEN-C047-CON290","Mathare","mathare","constituency","electoral","bf6864bc-9f15-5e5f-819e-b6c30c83e8e8","47","290","","2012-03-09","","KDA-TRANSCRIPTION-LN14-2012","false","provisional"
"ebb5c86a-19d5-5510-824f-c90072a6f78f","KEN-C001-CON001-W0001","Port Reitz","port-reitz","ward","electoral","b0e276b8-24d1-5715-88bd-1fc0812bc444","1","1","1","2012-03-09","","KDA-TRANSCRIPTION-LN14-2012","false","provisional"
"33c0ef4f-2a35-54c4-a640-7d385343e1b9","KEN-C001-CON001-W0002","Kipevu","kipevu","ward","electoral","b0e276b8-24d1-5715-88bd-1fc0812bc444","1","1","2","2012-03-09","","KDA-TRANSCRIPTION-LN14-2012","false","provisional"
"8159b271-16d8-5a19-a860-38de0d7d66bf","KEN-C001-CON001-W0003","Airport","airport","ward","electoral","b0e276b8-24d1-5715-88bd-1fc0812bc444","1","1","3","2012-03-09","","KDA-TRANSCRIPTION-LN14-2012","false","provisional"
"1a3189ad-01de-5030-b4ea-fe2a25cd02e6","KEN-C001-CON001-W0004","Changamwe","changamwe","ward","electoral","b0e276b8-24d1-5715-88bd-1fc0812bc444","1","1","4","2012-03-09","","KDA-TRANSCRIPTION-LN14-2012","false","provisional"
"a6a03a0f-5b86-5238-89c3-16680240cdfa","KEN-C001-CON001-W0005","Chaani","chaani","ward","electoral","b0e276b8-24d1-5715-88bd-1fc0812bc444","1","1","5","2012-03-09","","KDA-TRANSCRIPTION-LN14-2012","false","provisional"
"c78e642b-0125-5caf-9c7f-e21a02b0206d","KEN-C001-CON002-W0006","Jomvu Kuu","jomvu-kuu","ward","electoral","217f0890-6183-54cf-a4fc-7a970aff06f6","1","2","6","2012-03-09","","KDA-TRANSCRIPTION-LN14-2012","false","provisional"
"0fbff2b8-da52-51b2-bbd2-ee66307af4f8","KEN-C001-CON002-W0007","Miritini","miritini","ward","electoral","217f0890-6183-54cf-a4fc-7a970aff06f6","1","2","7","2012-03-09","","KDA-TRANSCRIPTION-LN14-2012","false","provisional"
"d200ea23-9371-55d8-b2a7-d073a0c87038","KEN-C001-CON002-W0008","Mikindani","mikindani","ward","electoral","217f0890-6183-54cf-a4fc-7a970aff06f6","1","2","8","2012-03-09","","KDA-TRANSCRIPTION-LN14-2012","false","provisional"
"033a1585-da99-5be2-a3e9-98087195ea4f","KEN-C001-CON003-W0009","Mjambere","mjambere","ward","electoral","467f4044-c4c8-5e4e-9384-ddc29f27a933","1","3","9","2012-03-09","","KDA-TRANSCRIPTION-LN14-2012","false","provisional"
"135eeb5c-0685-5084-9019-f1c47b327984","KEN-C001-CON003-W0010","Junda","junda","ward","electoral","467f4044-c4c8-5e4e-9384-ddc29f27a933","1","3","10","2012-03-09","","KDA-TRANSCRIPTION-LN14-2012","false","provisional"
"edc2287b-5c93-5388-aec2-138d8dd97b34","KEN-C001-CON003-W0011","Bamburi","bamburi","ward","electoral","467f4044-c4c8-5e4e-9384-ddc29f27a933","1","3","11","2012-03-09","","KDA-TRANSCRIPTION-LN14-2012","false","provisional"
"a7dca6f0-7570-5097-afb5-951a68d1bb40","KEN-C001-CON003-W0012","Mwakirunge","mwakirunge","ward","electoral","467f4044-c4c8-5e4e-9384-ddc29f27a933","1","3","12","2012-03-09","","KDA-TRANSCRIPTION-LN14-2012","false","provisional"
"323c5a9c-c303-5b24-aa54-33d468e82039","KEN-C001-CON003-W0013","Mtopanga","mtopanga","ward","electoral","467f4044-c4c8-5e4e-9384-ddc29f27a933","1","3","13","2012-03-09","","KDA-TRANSCRIPTION-LN14-2012","false","provisional"
"8cc23f92-f1f6-54a6-a489-2455a0350cc7","KEN-C001-CON003-W0014","Magogoni","magogoni","ward","electoral","467f4044-c4c8-5e4e-9384-ddc29f27a933","1","3","14","2012-03-09","","KDA-TRANSCRIPTION-LN14-2012","false","provisional"
"37455e37-df58-5b1d-b989-2f1ecf400cd5","KEN-C001-CON003-W0015","Shanzu","shanzu","ward","electoral","467f4044-c4c8-5e4e-9384-ddc29f27a933","1","3","15","2012-03-09","","KDA-TRANSCRIPTION-LN14-2012","false","provisional"
"1780cb57-42fd-5821-ab18-38d5a5bb094a","KEN-C001-CON004-W0016","Frere Town","frere-town","ward","electoral","abaf45b4-7986-5b89-8948-47064daf5478","1","4","16","2012-03-09","","KDA-TRANSCRIPTION-LN14-2012","false","provisional"
"f8c814ad-1655-5eef-bdcc-ba0162044e7a","KEN-C001-CON004-W0017","Ziwa La Ng'ombe","ziwa-la-ngombe","ward","electoral","abaf45b4-7986-5b89-8948-47064daf5478","1","4","17","2012-03-09","","KDA-TRANSCRIPTION-LN14-2012","false","provisional"
"a4b3094c-24dc-576a-a3bd-e2b8d704501b","KEN-C001-CON004-W0018","Mkomani","mkomani","ward","electoral","abaf45b4-7986-5b89-8948-47064daf5478","1","4","18","2012-03-09","","KDA-TRANSCRIPTION-LN14-2012","false","provisional"
"d21a6efb-1a26-57d4-90a7-b1f9f02e67fa","KEN-C001-CON004-W0019","Kongowea","kongowea","ward","electoral","abaf45b4-7986-5b89-8948-47064daf5478","1","4","19","2012-03-09","","KDA-TRANSCRIPTION-LN14-2012","false","provisional"
"35ce5163-e9cc-566e-876f-3a3dd6598a7f","KEN-C001-CON004-W0020","Kadzandani","kadzandani","ward","electoral","abaf45b4-7986-5b89-8948-47064daf5478","1","4","20","2012-03-09","","KDA-TRANSCRIPTION-LN14-2012","false","provisional"
"4210cf9e-3717-5173-b631-7e0b319865c1","KEN-C001-CON005-W0021","Mtongwe","mtongwe","ward","electoral","d797f93b-53c6-5e4d-acc2-b38dbe181e31","1","5","21","2012-03-09","","KDA-TRANSCRIPTION-LN14-2012","false","provisional"
"b0d9e9d0-d596-5abe-8e9b-b0f9a2236de5","KEN-C001-CON005-W0022","Shika Adabu","shika-adabu","ward","electoral","d797f93b-53c6-5e4d-acc2-b38dbe181e31","1","5","22","2012-03-09","","KDA-TRANSCRIPTION-LN14-2012","false","provisional"
"98307eb8-a0d4-563f-b2be-64a8aa8f9450","KEN-C001-CON005-W0023","Bofu","bofu","ward","electoral","d797f93b-53c6-5e4d-acc2-b38dbe181e31","1","5","23","2012-03-09","","KDA-TRANSCRIPTION-LN14-2012","false","provisional"
"2ec4f980-bacc-581b-8486-7cefcb599d15","KEN-C001-CON005-W0024","Likoni","likoni","ward","electoral","d797f93b-53c6-5e4d-acc2-b38dbe181e31","1","5","24","2012-03-09","","KDA-TRANSCRIPTION-LN14-2012","false","provisional"
"c3710924-70c8-5c12-adb3-6d9f0aad0464","KEN-C001-CON005-W0025","Timbwani","timbwani","ward","electoral","d797f93b-53c6-5e4d-acc2-b38dbe181e31","1","5","25","2012-03-09","","KDA-TRANSCRIPTION-LN14-2012","false","provisional"
"75897a95-834b-5110-91af-3085e68f5705","KEN-C001-CON006-W0026","Mji Wa Kale/Makadara","mji-wa-kale-makadara","ward","electoral","68e4eab1-535c-5062-b61b-845508754c44","1","6","26","2012-03-09","","KDA-TRANSCRIPTION-LN14-2012","false","provisional"
"bfbc66e5-0ff3-5343-be2d-50d77b7825bb","KEN-C001-CON006-W0027","Tudor","tudor","ward","electoral","68e4eab1-535c-5062-b61b-845508754c44","1","6","27","2012-03-09","","KDA-TRANSCRIPTION-LN14-2012","false","provisional"
"4c18d1a4-bab8-5f61-8b08-a16a880bfb28","KEN-C001-CON006-W0028","Tononoka","tononoka","ward","electoral","68e4eab1-535c-5062-b61b-845508754c44","1","6","28","2012-03-09","","KDA-TRANSCRIPTION-LN14-2012","false","provisional"
"547b900b-4371-58c9-8160-4d2339687c59","KEN-C001-CON006-W0029","Shimanzi/Ganjoni","shimanzi-ganjoni","ward","electoral","68e4eab1-535c-5062-b61b-845508754c44","1","6","29","2012-03-09","","KDA-TRANSCRIPTION-LN14-2012","false","provisional"
"bdbe3c56-b348-5a66-aa8c-84f1e0715dbe","KEN-C001-CON006-W0030","Majengo","majengo","ward","electoral","68e4eab1-535c-5062-b61b-845508754c44","1","6","30","2012-03-09","","KDA-TRANSCRIPTION-LN14-2012","false","provisional"
"0d2dbae3-f2fd-58d1-819c-ee1c13c90f5f","KEN-C002-CON007-W0031","Gombatobongwe","gombatobongwe","ward","electoral","69b3a4a9-3db9-55a7-a35e-b983d4b55374","2","7","31","2012-03-09","","KDA-TRANSCRIPTION-LN14-2012","false","provisional"
"cb838b48-4208-5e8a-8816-83e65974a6d9","KEN-C002-CON007-W0032","Ukunda","ukunda","ward","electoral","69b3a4a9-3db9-55a7-a35e-b983d4b55374","2","7","32","2012-03-09","","KDA-TRANSCRIPTION-LN14-2012","false","provisional"
"f894e4ee-96e4-5f30-917e-7b6553e77ef7","KEN-C002-CON007-W0033","Kinondo","kinondo","ward","electoral","69b3a4a9-3db9-55a7-a35e-b983d4b55374","2","7","33","2012-03-09","","KDA-TRANSCRIPTION-LN14-2012","false","provisional"
"7b418f63-aa74-563c-8300-5c712a1dec40","KEN-C002-CON007-W0034","Ramisi","ramisi","ward","electoral","69b3a4a9-3db9-55a7-a35e-b983d4b55374","2","7","34","2012-03-09","","KDA-TRANSCRIPTION-LN14-2012","false","provisional"
"ed410af4-cf24-5f0c-872a-b2c7c7b529d5","KEN-C002-CON008-W0035","Pongwekikoneni","pongwekikoneni","ward","electoral","157afb85-90ec-5a6e-9e09-6eb3e8c00ba8","2","8","35","2012-03-09","","KDA-TRANSCRIPTION-LN14-2012","false","provisional"
"c699e5e1-c989-5f47-a3fb-70cc02a58026","KEN-C002-CON008-W0036","Dzombo","dzombo","ward","electoral","157afb85-90ec-5a6e-9e09-6eb3e8c00ba8","2","8","36","2012-03-09","","KDA-TRANSCRIPTION-LN14-2012","false","provisional"
"3017e4f6-72c9-5aaf-9e75-d8ea0a4379b2","KEN-C002-CON008-W0037","Mwereni","mwereni","ward","electoral","157afb85-90ec-5a6e-9e09-6eb3e8c00ba8","2","8","37","2012-03-09","","KDA-TRANSCRIPTION-LN14-2012","false","provisional"
"d3cca9aa-43e8-58f6-932e-f8c0ba1f8c73","KEN-C002-CON008-W0038","Vanga","vanga","ward","electoral","157afb85-90ec-5a6e-9e09-6eb3e8c00ba8","2","8","38","2012-03-09","","KDA-TRANSCRIPTION-LN14-2012","false","provisional"
"9432b57e-26ae-5eee-89c3-1332bf49db07","KEN-C002-CON009-W0039","Tsimba Golini","tsimba-golini","ward","electoral","3a8d96a5-0384-5a2f-97eb-c083de06d77d","2","9","39","2012-03-09","","KDA-TRANSCRIPTION-LN14-2012","false","provisional"
"dbc0061a-3fad-5cf2-8b56-5260f3810ba2","KEN-C002-CON009-W0040","Waa","waa","ward","electoral","3a8d96a5-0384-5a2f-97eb-c083de06d77d","2","9","40","2012-03-09","","KDA-TRANSCRIPTION-LN14-2012","false","provisional"
"08940432-872f-5686-9958-dd4921f1d509","KEN-C002-CON009-W0041","Tiwi","tiwi","ward","electoral","3a8d96a5-0384-5a2f-97eb-c083de06d77d","2","9","41","2012-03-09","","KDA-TRANSCRIPTION-LN14-2012","false","provisional"
"c9ff7332-bd23-5371-b840-e816826b2226","KEN-C002-CON009-W0042","Kubo South","kubo-south","ward","electoral","3a8d96a5-0384-5a2f-97eb-c083de06d77d","2","9","42","2012-03-09","","KDA-TRANSCRIPTION-LN14-2012","false","provisional"
"451374d4-ecd4-57d3-bfab-1b5e4b54808b","KEN-C002-CON009-W0043","Mkongani","mkongani","ward","electoral","3a8d96a5-0384-5a2f-97eb-c083de06d77d","2","9","43","2012-03-09","","KDA-TRANSCRIPTION-LN14-2012","false","provisional"
"d5fe79d2-21dd-5215-ac3a-211dc62aad53","KEN-C002-CON010-W0044","Nadavaya","nadavaya","ward","electoral","bc2718f3-dc49-59cf-a7e0-536034952b10","2","10","44","2012-03-09","","KDA-TRANSCRIPTION-LN14-2012","false","provisional"
"f2750b57-33c7-54da-947f-fe65d4ea45c4","KEN-C002-CON010-W0045","Puma","puma","ward","electoral","bc2718f3-dc49-59cf-a7e0-536034952b10","2","10","45","2012-03-09","","KDA-TRANSCRIPTION-LN14-2012","false","provisional"
"767e2e64-77c1-5f3c-be52-8983e762944d","KEN-C002-CON010-W0046","Kinango","kinango","ward","electoral","bc2718f3-dc49-59cf-a7e0-536034952b10","2","10","46","2012-03-09","","KDA-TRANSCRIPTION-LN14-2012","false","provisional"
"07095485-fcbf-5948-afdd-90aa9fd080b0","KEN-C002-CON010-W0047","Mackinnon-Road","mackinnon-road","ward","electoral","bc2718f3-dc49-59cf-a7e0-536034952b10","2","10","47","2012-03-09","","KDA-TRANSCRIPTION-LN14-2012","false","provisional"
"b6f1c56a-c430-5e65-9d64-b616017f756d","KEN-C002-CON010-W0048","Chengoni/Samburu","chengoni-samburu","ward","electoral","bc2718f3-dc49-59cf-a7e0-536034952b10","2","10","48","2012-03-09","","KDA-TRANSCRIPTION-LN14-2012","false","provisional"
"fb3a2e57-085d-5932-8661-f6a13f4c73d5","KEN-C002-CON010-W0049","Mwavumbo","mwavumbo","ward","electoral","bc2718f3-dc49-59cf-a7e0-536034952b10","2","10","49","2012-03-09","","KDA-TRANSCRIPTION-LN14-2012","false","provisional"
"a0eecfbf-11bf-58ef-8af3-be6609ae05cd","KEN-C002-CON010-W0050","Kasemeni","kasemeni","ward","electoral","bc2718f3-dc49-59cf-a7e0-536034952b10","2","10","50","2012-03-09","","KDA-TRANSCRIPTION-LN14-2012","false","provisional"
"c15010cd-542e-5c64-9bb5-4c6bcb35d7c2","KEN-C003-CON011-W0051","Tezo","tezo","ward","electoral","a6633cb4-2a53-51e8-8014-ebf1335f835c","3","11","51","2012-03-09","","KDA-TRANSCRIPTION-LN14-2012","false","provisional"
"9447d37d-2a0b-5c39-825d-55fbe4a28ded","KEN-C003-CON011-W0052","Sokoni","sokoni","ward","electoral","a6633cb4-2a53-51e8-8014-ebf1335f835c","3","11","52","2012-03-09","","KDA-TRANSCRIPTION-LN14-2012","false","provisional"
"f09755e8-424b-54fb-ac71-3b14e0e7be70","KEN-C003-CON011-W0053","Kibarani","kibarani","ward","electoral","a6633cb4-2a53-51e8-8014-ebf1335f835c","3","11","53","2012-03-09","","KDA-TRANSCRIPTION-LN14-2012","false","provisional"
"eac4d25f-119a-5956-8813-592a33901def","KEN-C003-CON011-W0054","Dabaso","dabaso","ward","electoral","a6633cb4-2a53-51e8-8014-ebf1335f835c","3","11","54","2012-03-09","","KDA-TRANSCRIPTION-LN14-2012","false","provisional"
"10eceeaf-8bea-5929-9f28-0f4f9414c00e","KEN-C003-CON011-W0055","Matsangoni","matsangoni","ward","electoral","a6633cb4-2a53-51e8-8014-ebf1335f835c","3","11","55","2012-03-09","","KDA-TRANSCRIPTION-LN14-2012","false","provisional"
"302cc73f-85f7-5bd7-9471-bb088b497bfd","KEN-C003-CON011-W0056","Watamu","watamu","ward","electoral","a6633cb4-2a53-51e8-8014-ebf1335f835c","3","11","56","2012-03-09","","KDA-TRANSCRIPTION-LN14-2012","false","provisional"
"68132b4e-6bac-55b5-8273-006442ca9195","KEN-C003-CON011-W0057","Mnarani","mnarani","ward","electoral","a6633cb4-2a53-51e8-8014-ebf1335f835c","3","11","57","2012-03-09","","KDA-TRANSCRIPTION-LN14-2012","false","provisional"
"62a9a4a4-f05d-5234-8858-8d4f60a0a2e4","KEN-C003-CON012-W0058","Junju","junju","ward","electoral","153b9ba3-dcb0-5086-b310-7dbcf36337ff","3","12","58","2012-03-09","","KDA-TRANSCRIPTION-LN14-2012","false","provisional"
"582cfc62-50e5-5929-ba2e-94deffa7e4be","KEN-C003-CON012-W0059","Mwarakaya","mwarakaya","ward","electoral","153b9ba3-dcb0-5086-b310-7dbcf36337ff","3","12","59","2012-03-09","","KDA-TRANSCRIPTION-LN14-2012","false","provisional"
"6db9c319-8eaf-5c21-b133-5d6193bf0e9b","KEN-C003-CON012-W0060","Shimo La Tewa","shimo-la-tewa","ward","electoral","153b9ba3-dcb0-5086-b310-7dbcf36337ff","3","12","60","2012-03-09","","KDA-TRANSCRIPTION-LN14-2012","false","provisional"
"6ed02caf-11b8-5cf6-b466-a4a92e51424c","KEN-C003-CON012-W0061","Chasimba","chasimba","ward","electoral","153b9ba3-dcb0-5086-b310-7dbcf36337ff","3","12","61","2012-03-09","","KDA-TRANSCRIPTION-LN14-2012","false","provisional"
"0fa62fb0-7b2d-54a3-add1-f6f798cf70d8","KEN-C003-CON012-W0062","Mtepeni","mtepeni","ward","electoral","153b9ba3-dcb0-5086-b310-7dbcf36337ff","3","12","62","2012-03-09","","KDA-TRANSCRIPTION-LN14-2012","false","provisional"
"9abdbaf4-344d-5bd2-8fdb-50ae05be26af","KEN-C003-CON013-W0063","Mariakani","mariakani","ward","electoral","0fbcd634-de65-5c39-b17a-be12c278eafd","3","13","63","2012-03-09","","KDA-TRANSCRIPTION-LN14-2012","false","provisional"
"42754167-8a13-5e18-816d-809b706f337f","KEN-C003-CON013-W0064","Kayafungo","kayafungo","ward","electoral","0fbcd634-de65-5c39-b17a-be12c278eafd","3","13","64","2012-03-09","","KDA-TRANSCRIPTION-LN14-2012","false","provisional"
"880bdc05-7819-527c-b684-eb8020937912","KEN-C003-CON013-W0065","Kaloleni","kaloleni","ward","electoral","0fbcd634-de65-5c39-b17a-be12c278eafd","3","13","65","2012-03-09","","KDA-TRANSCRIPTION-LN14-2012","false","provisional"
"f00c5480-eefb-50a8-80a2-a5d8944b6c98","KEN-C003-CON013-W0066","Mwanamwinga","mwanamwinga","ward","electoral","0fbcd634-de65-5c39-b17a-be12c278eafd","3","13","66","2012-03-09","","KDA-TRANSCRIPTION-LN14-2012","false","provisional"
"e829be2a-d203-50ad-a91f-f72f3a218401","KEN-C003-CON014-W0067","Mwawesa","mwawesa","ward","electoral","29091e0a-09cb-51ad-8501-11f9d3629daa","3","14","67","2012-03-09","","KDA-TRANSCRIPTION-LN14-2012","false","provisional"
"66b929aa-d23b-50f4-b99a-cb1540bdfeb3","KEN-C003-CON014-W0068","Ruruma","ruruma","ward","electoral","29091e0a-09cb-51ad-8501-11f9d3629daa","3","14","68","2012-03-09","","KDA-TRANSCRIPTION-LN14-2012","false","provisional"
"5816f7c3-322e-5e40-96b3-ca0e75eae8df","KEN-C003-CON014-W0069","Kambe/Ribe","kambe-ribe","ward","electoral","29091e0a-09cb-51ad-8501-11f9d3629daa","3","14","69","2012-03-09","","KDA-TRANSCRIPTION-LN14-2012","false","provisional"
"f89a4ed0-22a1-5c64-8fe9-2f6d995a7629","KEN-C003-CON014-W0070","Rabai/Kisurutini","rabai-kisurutini","ward","electoral","29091e0a-09cb-51ad-8501-11f9d3629daa","3","14","70","2012-03-09","","KDA-TRANSCRIPTION-LN14-2012","false","provisional"
"35225b9c-d3c1-53b1-b0d3-a7564bf0ea1a","KEN-C003-CON015-W0071","Ganze","ganze","ward","electoral","d4fd6228-0b54-594b-ab75-7ebcaf8e47f5","3","15","71","2012-03-09","","KDA-TRANSCRIPTION-LN14-2012","false","provisional"
"121da7da-9f66-5f0c-a1ee-ebd4f1ef5e6b","KEN-C003-CON015-W0072","Bamba","bamba","ward","electoral","d4fd6228-0b54-594b-ab75-7ebcaf8e47f5","3","15","72","2012-03-09","","KDA-TRANSCRIPTION-LN14-2012","false","provisional"
"e7c877c6-4e4b-53e7-860b-7676eda600bf","KEN-C003-CON015-W0073","Jaribuni","jaribuni","ward","electoral","d4fd6228-0b54-594b-ab75-7ebcaf8e47f5","3","15","73","2012-03-09","","KDA-TRANSCRIPTION-LN14-2012","false","provisional"
"ff90209f-58e7-5870-9ac6-8df9fb02d430","KEN-C003-CON015-W0074","Sokoke","sokoke","ward","electoral","d4fd6228-0b54-594b-ab75-7ebcaf8e47f5","3","15","74","2012-03-09","","KDA-TRANSCRIPTION-LN14-2012","false","provisional"
"390fcefd-5bd5-563d-b59c-79de0ff7c4f2","KEN-C003-CON016-W0075","Jilore","jilore","ward","electoral","9dac3381-02d4-5e16-864a-9ee01e70d34d","3","16","75","2012-03-09","","KDA-TRANSCRIPTION-LN14-2012","false","provisional"
"1c452e86-cfd3-55b2-9072-d88b1598cc99","KEN-C003-CON016-W0076","Kakuyuni","kakuyuni","ward","electoral","9dac3381-02d4-5e16-864a-9ee01e70d34d","3","16","76","2012-03-09","","KDA-TRANSCRIPTION-LN14-2012","false","provisional"
"ea50646b-71cf-5b94-9f3b-7277a3c42637","KEN-C003-CON016-W0077","Ganda","ganda","ward","electoral","9dac3381-02d4-5e16-864a-9ee01e70d34d","3","16","77","2012-03-09","","KDA-TRANSCRIPTION-LN14-2012","false","provisional"
"d065c020-9f7a-547b-badf-e4ec6a23965b","KEN-C003-CON016-W0078","Malindi Town","malindi-town","ward","electoral","9dac3381-02d4-5e16-864a-9ee01e70d34d","3","16","78","2012-03-09","","KDA-TRANSCRIPTION-LN14-2012","false","provisional"
"598844f3-0b10-5f53-b6cb-8dcdc08df38c","KEN-C003-CON016-W0079","Shella","shella","ward","electoral","9dac3381-02d4-5e16-864a-9ee01e70d34d","3","16","79","2012-03-09","","KDA-TRANSCRIPTION-LN14-2012","false","provisional"
"d34b6157-13cc-55b6-9b13-6717832d598b","KEN-C003-CON017-W0080","Marafa","marafa","ward","electoral","d5187a92-f471-5b0c-af98-7a51dc3de30f","3","17","80","2012-03-09","","KDA-TRANSCRIPTION-LN14-2012","false","provisional"
"c0f58783-6964-5b95-9fd9-bef9b3c6fd64","KEN-C003-CON017-W0081","Magarini","magarini","ward","electoral","d5187a92-f471-5b0c-af98-7a51dc3de30f","3","17","81","2012-03-09","","KDA-TRANSCRIPTION-LN14-2012","false","provisional"
"8f1f4a3a-5cd8-56d3-ac79-98d84211e15a","KEN-C003-CON017-W0082","Gongoni","gongoni","ward","electoral","d5187a92-f471-5b0c-af98-7a51dc3de30f","3","17","82","2012-03-09","","KDA-TRANSCRIPTION-LN14-2012","false","provisional"
"81dc31a3-3e36-5ea3-8f5c-f71f3f15edfa","KEN-C003-CON017-W0083","Adu","adu","ward","electoral","d5187a92-f471-5b0c-af98-7a51dc3de30f","3","17","83","2012-03-09","","KDA-TRANSCRIPTION-LN14-2012","false","provisional"
"08b41f8d-27f2-5520-8b85-7a273503fa5e","KEN-C003-CON017-W0084","Garashi","garashi","ward","electoral","d5187a92-f471-5b0c-af98-7a51dc3de30f","3","17","84","2012-03-09","","KDA-TRANSCRIPTION-LN14-2012","false","provisional"
"3326202a-dc41-5938-bdb7-dfb9cef0b9b8","KEN-C003-CON017-W0085","Sabaki","sabaki","ward","electoral","d5187a92-f471-5b0c-af98-7a51dc3de30f","3","17","85","2012-03-09","","KDA-TRANSCRIPTION-LN14-2012","false","provisional"
"8b557473-ddec-59e1-aff5-cea5d9e4a706","KEN-C004-CON018-W0086","Kipini East","kipini-east","ward","electoral","54d9485c-ebe2-5a9b-8112-7d18c2bc5940","4","18","86","2012-03-09","","KDA-TRANSCRIPTION-LN14-2012","false","provisional"
"047c821d-e9f3-5d06-ab35-0d9535936769","KEN-C004-CON018-W0087","Garsen South","garsen-south","ward","electoral","54d9485c-ebe2-5a9b-8112-7d18c2bc5940","4","18","87","2012-03-09","","KDA-TRANSCRIPTION-LN14-2012","false","provisional"
"0f3cb7ba-ccde-59ae-b1b6-21a117d73f7e","KEN-C004-CON018-W0088","Kipini West","kipini-west","ward","electoral","54d9485c-ebe2-5a9b-8112-7d18c2bc5940","4","18","88","2012-03-09","","KDA-TRANSCRIPTION-LN14-2012","false","provisional"
"431d63a0-a6c3-50f9-ba34-5997e142b3a7","KEN-C004-CON018-W0089","Garsen Central","garsen-central","ward","electoral","54d9485c-ebe2-5a9b-8112-7d18c2bc5940","4","18","89","2012-03-09","","KDA-TRANSCRIPTION-LN14-2012","false","provisional"
"9422da77-bf1d-59f6-9095-8a182702b9af","KEN-C004-CON018-W0090","Garsen West","garsen-west","ward","electoral","54d9485c-ebe2-5a9b-8112-7d18c2bc5940","4","18","90","2012-03-09","","KDA-TRANSCRIPTION-LN14-2012","false","provisional"
"b62f4717-53b9-59f9-ae95-cb1a94aeab4f","KEN-C004-CON018-W0091","Garsen North","garsen-north","ward","electoral","54d9485c-ebe2-5a9b-8112-7d18c2bc5940","4","18","91","2012-03-09","","KDA-TRANSCRIPTION-LN14-2012","false","provisional"
"6c0dab53-abe6-5e63-903c-36b2cbd5121a","KEN-C004-CON019-W0092","Kinakomba","kinakomba","ward","electoral","a9fe82cc-d998-5c50-a4e6-e8fbbee7ffb7","4","19","92","2012-03-09","","KDA-TRANSCRIPTION-LN14-2012","false","provisional"
"3028a725-0989-594e-8d29-54954dce800f","KEN-C004-CON019-W0093","Mikinduni","mikinduni","ward","electoral","a9fe82cc-d998-5c50-a4e6-e8fbbee7ffb7","4","19","93","2012-03-09","","KDA-TRANSCRIPTION-LN14-2012","false","provisional"
"0e6fdbd9-60ac-5cfe-8f70-34ebca7e8fbb","KEN-C004-CON019-W0094","Chewani","chewani","ward","electoral","a9fe82cc-d998-5c50-a4e6-e8fbbee7ffb7","4","19","94","2012-03-09","","KDA-TRANSCRIPTION-LN14-2012","false","provisional"
"25c17996-ea65-5080-9bfc-42e648e36d9c","KEN-C004-CON019-W0095","Wayu","wayu","ward","electoral","a9fe82cc-d998-5c50-a4e6-e8fbbee7ffb7","4","19","95","2012-03-09","","KDA-TRANSCRIPTION-LN14-2012","false","provisional"
"06dec909-0286-5b85-85a2-a3a074d344c3","KEN-C004-CON020-W0096","Chewele","chewele","ward","electoral","3186deb8-3290-5971-a105-06a1ed9edf8d","4","20","96","2012-03-09","","KDA-TRANSCRIPTION-LN14-2012","false","provisional"
"30176442-16ee-5d59-beea-0dc4cea8deea","KEN-C004-CON020-W0097","Bura","bura","ward","electoral","3186deb8-3290-5971-a105-06a1ed9edf8d","4","20","97","2012-03-09","","KDA-TRANSCRIPTION-LN14-2012","false","provisional"
"1166530d-52a2-5441-83b9-c96eecfc9b55","KEN-C004-CON020-W0098","Bangale","bangale","ward","electoral","3186deb8-3290-5971-a105-06a1ed9edf8d","4","20","98","2012-03-09","","KDA-TRANSCRIPTION-LN14-2012","false","provisional"
"10d5f78b-8c7e-5967-a2f2-d9848359a349","KEN-C004-CON020-W0099","Sala","sala","ward","electoral","3186deb8-3290-5971-a105-06a1ed9edf8d","4","20","99","2012-03-09","","KDA-TRANSCRIPTION-LN14-2012","false","provisional"
"c48941e1-72eb-5122-a9a2-9bd9243528b8","KEN-C004-CON020-W0100","Madogo","madogo","ward","electoral","3186deb8-3290-5971-a105-06a1ed9edf8d","4","20","100","2012-03-09","","KDA-TRANSCRIPTION-LN14-2012","false","provisional"
"1eae2d15-e6aa-5480-be22-6b0a2fb5b852","KEN-C005-CON021-W0101","Faza","faza","ward","electoral","4eaeca9e-b1c3-59d4-9fbe-c42a9801a4d9","5","21","101","2012-03-09","","KDA-TRANSCRIPTION-LN14-2012","false","provisional"
"5f8c1e50-0eb1-552b-8214-e948be4a3296","KEN-C005-CON021-W0102","Kiunga","kiunga","ward","electoral","4eaeca9e-b1c3-59d4-9fbe-c42a9801a4d9","5","21","102","2012-03-09","","KDA-TRANSCRIPTION-LN14-2012","false","provisional"
"6ebd2047-3630-5b93-9b11-b736aa01a420","KEN-C005-CON021-W0103","Basuba","basuba","ward","electoral","4eaeca9e-b1c3-59d4-9fbe-c42a9801a4d9","5","21","103","2012-03-09","","KDA-TRANSCRIPTION-LN14-2012","false","provisional"
"6863221f-36e1-51e1-a147-3e38184ab3d0","KEN-C005-CON022-W0104","Shella","shella","ward","electoral","1ccf87ea-e8a8-58c0-ab24-1211591f8baa","5","22","104","2012-03-09","","KDA-TRANSCRIPTION-LN14-2012","false","provisional"
"b250988b-b9c7-57b4-bcfb-9cff4424d376","KEN-C005-CON022-W0105","Mkomani","mkomani","ward","electoral","1ccf87ea-e8a8-58c0-ab24-1211591f8baa","5","22","105","2012-03-09","","KDA-TRANSCRIPTION-LN14-2012","false","provisional"
"71e0fc8e-5176-5e52-885d-eb1dd21981ac","KEN-C005-CON022-W0106","Hindi","hindi","ward","electoral","1ccf87ea-e8a8-58c0-ab24-1211591f8baa","5","22","106","2012-03-09","","KDA-TRANSCRIPTION-LN14-2012","false","provisional"
"416b9d79-5532-51f6-afc2-ec423254c7d6","KEN-C005-CON022-W0107","Mkunumbi","mkunumbi","ward","electoral","1ccf87ea-e8a8-58c0-ab24-1211591f8baa","5","22","107","2012-03-09","","KDA-TRANSCRIPTION-LN14-2012","false","provisional"
"a06ad7a7-71b9-5fcd-9336-614325357c68","KEN-C005-CON022-W0108","Hongwe","hongwe","ward","electoral","1ccf87ea-e8a8-58c0-ab24-1211591f8baa","5","22","108","2012-03-09","","KDA-TRANSCRIPTION-LN14-2012","false","provisional"
"0f71c261-e587-5b6b-b13e-bb01590f79c0","KEN-C005-CON022-W0109","Witu","witu","ward","electoral","1ccf87ea-e8a8-58c0-ab24-1211591f8baa","5","22","109","2012-03-09","","KDA-TRANSCRIPTION-LN14-2012","false","provisional"
"a45c145b-6d47-5754-8cc5-cf1d5bab580c","KEN-C005-CON022-W0110","Bahari","bahari","ward","electoral","1ccf87ea-e8a8-58c0-ab24-1211591f8baa","5","22","110","2012-03-09","","KDA-TRANSCRIPTION-LN14-2012","false","provisional"
"e5505c21-99dd-5e34-9b50-586b73dc7ecf","KEN-C006-CON023-W0111","Chala","chala","ward","electoral","9a6b7180-4bef-5544-a1dc-80bf086b1629","6","23","111","2012-03-09","","KDA-TRANSCRIPTION-LN14-2012","false","provisional"
"06ad86ac-7471-52f7-b5b9-8c4e8e938a87","KEN-C006-CON023-W0112","Mahoo","mahoo","ward","electoral","9a6b7180-4bef-5544-a1dc-80bf086b1629","6","23","112","2012-03-09","","KDA-TRANSCRIPTION-LN14-2012","false","provisional"
"62d59e38-3643-5351-9fc4-6e69a43a9754","KEN-C006-CON023-W0113","Bomeni","bomeni","ward","electoral","9a6b7180-4bef-5544-a1dc-80bf086b1629","6","23","113","2012-03-09","","KDA-TRANSCRIPTION-LN14-2012","false","provisional"
"b661757a-e69e-5759-991b-7e7bcc4a3497","KEN-C006-CON023-W0114","Mboghoni","mboghoni","ward","electoral","9a6b7180-4bef-5544-a1dc-80bf086b1629","6","23","114","2012-03-09","","KDA-TRANSCRIPTION-LN14-2012","false","provisional"
"eeb872c8-2eb1-5ae9-98f2-ee617dd40dc5","KEN-C006-CON023-W0115","Mata","mata","ward","electoral","9a6b7180-4bef-5544-a1dc-80bf086b1629","6","23","115","2012-03-09","","KDA-TRANSCRIPTION-LN14-2012","false","provisional"
"aa33b99b-9bb3-5f2a-a748-4a598a93f3c7","KEN-C006-CON024-W0116","Wundanyi/Mbale","wundanyi-mbale","ward","electoral","03bbde54-b5ef-56d9-b37c-20ba7fa6f537","6","24","116","2012-03-09","","KDA-TRANSCRIPTION-LN14-2012","false","provisional"
"0266cad8-dd02-5263-abc3-919695e21dd8","KEN-C006-CON024-W0117","Werugha","werugha","ward","electoral","03bbde54-b5ef-56d9-b37c-20ba7fa6f537","6","24","117","2012-03-09","","KDA-TRANSCRIPTION-LN14-2012","false","provisional"
"26e3be03-57a8-5492-9af0-7fb25f616ee9","KEN-C006-CON024-W0118","Wumingu/Kishushe","wumingu-kishushe","ward","electoral","03bbde54-b5ef-56d9-b37c-20ba7fa6f537","6","24","118","2012-03-09","","KDA-TRANSCRIPTION-LN14-2012","false","provisional"
"82718d2c-8c2a-5c7f-896e-2e98a75266bf","KEN-C006-CON024-W0119","Mwanda/Mgange","mwanda-mgange","ward","electoral","03bbde54-b5ef-56d9-b37c-20ba7fa6f537","6","24","119","2012-03-09","","KDA-TRANSCRIPTION-LN14-2012","false","provisional"
"64528db2-4924-5fb9-a3ec-89c06a9f9cc2","KEN-C006-CON025-W0120","Rong'e","ronge","ward","electoral","16170078-b685-51ca-ae2f-1b95517f7d8f","6","25","120","2012-03-09","","KDA-TRANSCRIPTION-LN14-2012","false","provisional"
"e808b6a0-1a65-5978-a2d0-4eb336374659","KEN-C006-CON025-W0121","Mwatate","mwatate","ward","electoral","16170078-b685-51ca-ae2f-1b95517f7d8f","6","25","121","2012-03-09","","KDA-TRANSCRIPTION-LN14-2012","false","provisional"
"78cf0619-5a47-57d8-b16d-266758601b3c","KEN-C006-CON025-W0122","Bura","bura","ward","electoral","16170078-b685-51ca-ae2f-1b95517f7d8f","6","25","122","2012-03-09","","KDA-TRANSCRIPTION-LN14-2012","false","provisional"
"68854ffc-e276-555e-832f-2d5230e87cc9","KEN-C006-CON025-W0123","Chawia","chawia","ward","electoral","16170078-b685-51ca-ae2f-1b95517f7d8f","6","25","123","2012-03-09","","KDA-TRANSCRIPTION-LN14-2012","false","provisional"
"434a6199-0def-5b7d-90d7-f5c96e61d7a5","KEN-C006-CON025-W0124","Wusi/Kishamba","wusi-kishamba","ward","electoral","16170078-b685-51ca-ae2f-1b95517f7d8f","6","25","124","2012-03-09","","KDA-TRANSCRIPTION-LN14-2012","false","provisional"
"3eba48dc-bd75-5b71-a5c9-588a2a2a5347","KEN-C006-CON026-W0125","Mbololo","mbololo","ward","electoral","bb7371fe-f042-5453-80af-8c04012656d8","6","26","125","2012-03-09","","KDA-TRANSCRIPTION-LN14-2012","false","provisional"
"ff061be7-fb75-5ce7-b1f4-bb418041d58e","KEN-C006-CON026-W0126","Sagalla","sagalla","ward","electoral","bb7371fe-f042-5453-80af-8c04012656d8","6","26","126","2012-03-09","","KDA-TRANSCRIPTION-LN14-2012","false","provisional"
"baa028af-a4db-57b6-95b6-6e955d0e1b7e","KEN-C006-CON026-W0127","Kaloleni","kaloleni","ward","electoral","bb7371fe-f042-5453-80af-8c04012656d8","6","26","127","2012-03-09","","KDA-TRANSCRIPTION-LN14-2012","false","provisional"
"d2611b75-1b9f-5620-ab45-f2dfb12c9a53","KEN-C006-CON026-W0128","Marungu","marungu","ward","electoral","bb7371fe-f042-5453-80af-8c04012656d8","6","26","128","2012-03-09","","KDA-TRANSCRIPTION-LN14-2012","false","provisional"
"0861bfad-0724-54ec-be90-b365d62320ac","KEN-C006-CON026-W0129","Kasigau","kasigau","ward","electoral","bb7371fe-f042-5453-80af-8c04012656d8","6","26","129","2012-03-09","","KDA-TRANSCRIPTION-LN14-2012","false","provisional"
"88037040-cb6c-5951-8f7b-da9e64ead972","KEN-C006-CON026-W0130","Ngolia","ngolia","ward","electoral","bb7371fe-f042-5453-80af-8c04012656d8","6","26","130","2012-03-09","","KDA-TRANSCRIPTION-LN14-2012","false","provisional"
"44f67d8d-0ded-53a6-8fd6-659e7960e21c","KEN-C007-CON027-W0131","Waberi","waberi","ward","electoral","473cc6ac-a5bd-599f-9465-b0669cca0794","7","27","131","2012-03-09","","KDA-TRANSCRIPTION-LN14-2012","false","provisional"
"76f90874-04ee-5bd1-aa61-780cbcdeef87","KEN-C007-CON027-W0132","Galbet","galbet","ward","electoral","473cc6ac-a5bd-599f-9465-b0669cca0794","7","27","132","2012-03-09","","KDA-TRANSCRIPTION-LN14-2012","false","provisional"
"a68dc472-0b36-5e72-b7f2-a48ca7c427fe","KEN-C007-CON027-W0133","Township","township","ward","electoral","473cc6ac-a5bd-599f-9465-b0669cca0794","7","27","133","2012-03-09","","KDA-TRANSCRIPTION-LN14-2012","false","provisional"
"3129f918-87b4-5203-bb61-5281b7d3b41b","KEN-C007-CON027-W0134","Iftin","iftin","ward","electoral","473cc6ac-a5bd-599f-9465-b0669cca0794","7","27","134","2012-03-09","","KDA-TRANSCRIPTION-LN14-2012","false","provisional"
"8f0c5f15-eacb-5192-8102-69d79bcfddbf","KEN-C007-CON028-W0135","Balambala","balambala","ward","electoral","c059d8ba-4168-54c8-9bb1-49ce1286caba","7","28","135","2012-03-09","","KDA-TRANSCRIPTION-LN14-2012","false","provisional"
"d70a179e-0f87-56ea-b04a-90b3ee6b7248","KEN-C007-CON028-W0136","Danyere","danyere","ward","electoral","c059d8ba-4168-54c8-9bb1-49ce1286caba","7","28","136","2012-03-09","","KDA-TRANSCRIPTION-LN14-2012","false","provisional"
"35b2497d-90a4-5524-848b-213a1f8e51a7","KEN-C007-CON028-W0137","Jara Jara","jara-jara","ward","electoral","c059d8ba-4168-54c8-9bb1-49ce1286caba","7","28","137","2012-03-09","","KDA-TRANSCRIPTION-LN14-2012","false","provisional"
"593ffcaa-c4f6-5df3-9ac2-fdd80d0b691a","KEN-C007-CON028-W0138","Saka","saka","ward","electoral","c059d8ba-4168-54c8-9bb1-49ce1286caba","7","28","138","2012-03-09","","KDA-TRANSCRIPTION-LN14-2012","false","provisional"
"e2e5f56e-07b4-5421-87e5-7bfa0806ce3e","KEN-C007-CON028-W0139","Sankuri","sankuri","ward","electoral","c059d8ba-4168-54c8-9bb1-49ce1286caba","7","28","139","2012-03-09","","KDA-TRANSCRIPTION-LN14-2012","false","provisional"
"d9f97503-f197-5359-bcfe-64c3cef65018","KEN-C007-CON029-W0140","Modogashe","modogashe","ward","electoral","17d338d4-3309-56c7-a143-ea1ba5e822de","7","29","140","2012-03-09","","KDA-TRANSCRIPTION-LN14-2012","false","provisional"
"8bbccc88-9441-5ff1-9f65-eca7515c5ba2","KEN-C007-CON029-W0141","Benane","benane","ward","electoral","17d338d4-3309-56c7-a143-ea1ba5e822de","7","29","141","2012-03-09","","KDA-TRANSCRIPTION-LN14-2012","false","provisional"
"21923211-de7d-542a-b9a8-db6186fa92a8","KEN-C007-CON029-W0142","Goreale","goreale","ward","electoral","17d338d4-3309-56c7-a143-ea1ba5e822de","7","29","142","2012-03-09","","KDA-TRANSCRIPTION-LN14-2012","false","provisional"
"eb12ad2b-9f08-56e7-a0fd-e2b17bc662db","KEN-C007-CON029-W0143","Maalimin","maalimin","ward","electoral","17d338d4-3309-56c7-a143-ea1ba5e822de","7","29","143","2012-03-09","","KDA-TRANSCRIPTION-LN14-2012","false","provisional"
"17e7a58c-fd66-5324-8ee7-b25989cff9c6","KEN-C007-CON029-W0144","Sabena","sabena","ward","electoral","17d338d4-3309-56c7-a143-ea1ba5e822de","7","29","144","2012-03-09","","KDA-TRANSCRIPTION-LN14-2012","false","provisional"
"c157b481-8e60-5bf2-bf8d-30c0de3bdde2","KEN-C007-CON029-W0145","Baraki","baraki","ward","electoral","17d338d4-3309-56c7-a143-ea1ba5e822de","7","29","145","2012-03-09","","KDA-TRANSCRIPTION-LN14-2012","false","provisional"
"469efcde-a1cd-52fd-9405-7910e2d6c219","KEN-C007-CON030-W0146","Dertu","dertu","ward","electoral","342452d0-2dfa-5070-8816-5d2810bfbc45","7","30","146","2012-03-09","","KDA-TRANSCRIPTION-LN14-2012","false","provisional"
"2f141533-25fa-5b38-9444-062cd8f393c0","KEN-C007-CON030-W0147","Dadaab","dadaab","ward","electoral","342452d0-2dfa-5070-8816-5d2810bfbc45","7","30","147","2012-03-09","","KDA-TRANSCRIPTION-LN14-2012","false","provisional"
"871d919e-7628-53f9-909c-4fa8f3f5b54b","KEN-C007-CON030-W0148","Labasigale","labasigale","ward","electoral","342452d0-2dfa-5070-8816-5d2810bfbc45","7","30","148","2012-03-09","","KDA-TRANSCRIPTION-LN14-2012","false","provisional"
"f68073f9-dcdc-55ba-97bc-ec21200b2992","KEN-C007-CON030-W0149","Damajale","damajale","ward","electoral","342452d0-2dfa-5070-8816-5d2810bfbc45","7","30","149","2012-03-09","","KDA-TRANSCRIPTION-LN14-2012","false","provisional"
"72df7326-9a59-5f92-bcc4-d04b20fd5fb8","KEN-C007-CON030-W0150","Liboi","liboi","ward","electoral","342452d0-2dfa-5070-8816-5d2810bfbc45","7","30","150","2012-03-09","","KDA-TRANSCRIPTION-LN14-2012","false","provisional"
"777ce17a-bfcd-51d6-bb5d-d043863078db","KEN-C007-CON030-W0151","Abakaile","abakaile","ward","electoral","342452d0-2dfa-5070-8816-5d2810bfbc45","7","30","151","2012-03-09","","KDA-TRANSCRIPTION-LN14-2012","false","provisional"
"e1ea3293-6b40-5695-98e8-c8bcf5e2e254","KEN-C007-CON031-W0152","Bura","bura","ward","electoral","71ec1922-cf6c-5e19-8595-d27b77b91a8d","7","31","152","2012-03-09","","KDA-TRANSCRIPTION-LN14-2012","false","provisional"
"c7d3210a-ff3b-5e27-a352-d1d8e1012612","KEN-C007-CON031-W0153","Dekaharia","dekaharia","ward","electoral","71ec1922-cf6c-5e19-8595-d27b77b91a8d","7","31","153","2012-03-09","","KDA-TRANSCRIPTION-LN14-2012","false","provisional"
"0848a6a7-9b66-5a2f-a3e1-7da805e276c0","KEN-C007-CON031-W0154","Jarajila","jarajila","ward","electoral","71ec1922-cf6c-5e19-8595-d27b77b91a8d","7","31","154","2012-03-09","","KDA-TRANSCRIPTION-LN14-2012","false","provisional"
"e83a2c98-4eaf-5b5b-8e3f-4c72163e4628","KEN-C007-CON031-W0155","Fafi","fafi","ward","electoral","71ec1922-cf6c-5e19-8595-d27b77b91a8d","7","31","155","2012-03-09","","KDA-TRANSCRIPTION-LN14-2012","false","provisional"
"3b026951-2a1b-517f-8cc5-4f99f3a35815","KEN-C007-CON031-W0156","Nanighi","nanighi","ward","electoral","71ec1922-cf6c-5e19-8595-d27b77b91a8d","7","31","156","2012-03-09","","KDA-TRANSCRIPTION-LN14-2012","false","provisional"
"67dc4c6e-0455-5721-b706-623fad58bab4","KEN-C007-CON032-W0157","Hulugho","hulugho","ward","electoral","d39f303b-7165-5619-82b0-5b5aa998f870","7","32","157","2012-03-09","","KDA-TRANSCRIPTION-LN14-2012","false","provisional"
"b6a2afa1-75ec-5260-ba6a-aca125ca5423","KEN-C007-CON032-W0158","Sangailu","sangailu","ward","electoral","d39f303b-7165-5619-82b0-5b5aa998f870","7","32","158","2012-03-09","","KDA-TRANSCRIPTION-LN14-2012","false","provisional"
"a007793d-7aa1-514d-b28b-9131f05ae4ed","KEN-C007-CON032-W0159","Ijara","ijara","ward","electoral","d39f303b-7165-5619-82b0-5b5aa998f870","7","32","159","2012-03-09","","KDA-TRANSCRIPTION-LN14-2012","false","provisional"
"83a9fcfd-fdcc-57f9-b01b-68080275dc09","KEN-C007-CON032-W0160","Masalani","masalani","ward","electoral","d39f303b-7165-5619-82b0-5b5aa998f870","7","32","160","2012-03-09","","KDA-TRANSCRIPTION-LN14-2012","false","provisional"
"a78aede6-e5a5-5954-ad93-5233523ff146","KEN-C008-CON033-W0161","Gurar","gurar","ward","electoral","fa923aa0-5a27-544b-9d4a-8c64a2adfcc0","8","33","161","2012-03-09","","KDA-TRANSCRIPTION-LN14-2012","false","provisional"
"982939e3-2cc2-51a9-88b6-fff95921081f","KEN-C008-CON033-W0162","Bute","bute","ward","electoral","fa923aa0-5a27-544b-9d4a-8c64a2adfcc0","8","33","162","2012-03-09","","KDA-TRANSCRIPTION-LN14-2012","false","provisional"
"8a564392-d75a-59c1-a071-967646f29a76","KEN-C008-CON033-W0163","Korondile","korondile","ward","electoral","fa923aa0-5a27-544b-9d4a-8c64a2adfcc0","8","33","163","2012-03-09","","KDA-TRANSCRIPTION-LN14-2012","false","provisional"
"208f6a64-224d-5c5d-a62d-bb4a48057aa9","KEN-C008-CON033-W0164","Malkagufu","malkagufu","ward","electoral","fa923aa0-5a27-544b-9d4a-8c64a2adfcc0","8","33","164","2012-03-09","","KDA-TRANSCRIPTION-LN14-2012","false","provisional"
"fe4cb03c-cf0b-5f7d-be91-3c114d714417","KEN-C008-CON033-W0165","Batalu","batalu","ward","electoral","fa923aa0-5a27-544b-9d4a-8c64a2adfcc0","8","33","165","2012-03-09","","KDA-TRANSCRIPTION-LN14-2012","false","provisional"
"38533f6b-64c5-5b8f-bd1f-039a8093c6bb","KEN-C008-CON033-W0166","Danaba","danaba","ward","electoral","fa923aa0-5a27-544b-9d4a-8c64a2adfcc0","8","33","166","2012-03-09","","KDA-TRANSCRIPTION-LN14-2012","false","provisional"
"ff4cdee4-d340-501f-88e7-8961a580d6a6","KEN-C008-CON033-W0167","Godoma","godoma","ward","electoral","fa923aa0-5a27-544b-9d4a-8c64a2adfcc0","8","33","167","2012-03-09","","KDA-TRANSCRIPTION-LN14-2012","false","provisional"
"93427d67-0817-5405-b901-8fb8b3ba3394","KEN-C008-CON034-W0168","Wagberi","wagberi","ward","electoral","5b62b425-0715-5ead-b089-522d5236e155","8","34","168","2012-03-09","","KDA-TRANSCRIPTION-LN14-2012","false","provisional"
"429a0275-64d0-5166-bc6b-2cc9a79ad697","KEN-C008-CON034-W0169","Township","township","ward","electoral","5b62b425-0715-5ead-b089-522d5236e155","8","34","169","2012-03-09","","KDA-TRANSCRIPTION-LN14-2012","false","provisional"
"9888ec24-6c1d-54f5-af51-3220f066a441","KEN-C008-CON034-W0170","Barwago","barwago","ward","electoral","5b62b425-0715-5ead-b089-522d5236e155","8","34","170","2012-03-09","","KDA-TRANSCRIPTION-LN14-2012","false","provisional"
"49b2a9a8-2b2a-5ac1-bcfb-3983caf8ff6f","KEN-C008-CON034-W0171","Khorof/Harar","khorof-harar","ward","electoral","5b62b425-0715-5ead-b089-522d5236e155","8","34","171","2012-03-09","","KDA-TRANSCRIPTION-LN14-2012","false","provisional"
"a8cf5d32-cb7f-5181-bbf3-6161fe57f23b","KEN-C008-CON035-W0172","Elben","elben","ward","electoral","3bda758d-b1df-50d6-a2e1-3157aeae7b10","8","35","172","2012-03-09","","KDA-TRANSCRIPTION-LN14-2012","false","provisional"
"680f46eb-7b11-577e-8e6f-6b0c3d608570","KEN-C008-CON035-W0173","Sarman","sarman","ward","electoral","3bda758d-b1df-50d6-a2e1-3157aeae7b10","8","35","173","2012-03-09","","KDA-TRANSCRIPTION-LN14-2012","false","provisional"
"ca425f89-e08d-5325-bb32-b40acc8e81ef","KEN-C008-CON035-W0174","Tarbaj","tarbaj","ward","electoral","3bda758d-b1df-50d6-a2e1-3157aeae7b10","8","35","174","2012-03-09","","KDA-TRANSCRIPTION-LN14-2012","false","provisional"
"23633eb0-9848-5059-9315-b1f4fa372f32","KEN-C008-CON035-W0175","Wargadud","wargadud","ward","electoral","3bda758d-b1df-50d6-a2e1-3157aeae7b10","8","35","175","2012-03-09","","KDA-TRANSCRIPTION-LN14-2012","false","provisional"
"bf36cac4-152c-5a41-9452-4422871e891a","KEN-C008-CON036-W0176","Arbajahan","arbajahan","ward","electoral","127bf57d-b28f-55e4-a9fd-a03d23a4bc13","8","36","176","2012-03-09","","KDA-TRANSCRIPTION-LN14-2012","false","provisional"
"9ed0925f-edc3-5fb9-a2db-f5420dd59472","KEN-C008-CON036-W0177","Hadado/Athibohol","hadado-athibohol","ward","electoral","127bf57d-b28f-55e4-a9fd-a03d23a4bc13","8","36","177","2012-03-09","","KDA-TRANSCRIPTION-LN14-2012","false","provisional"
"3ef2341c-c783-567b-9589-254cc45763fe","KEN-C008-CON036-W0178","Ademasajide","ademasajide","ward","electoral","127bf57d-b28f-55e4-a9fd-a03d23a4bc13","8","36","178","2012-03-09","","KDA-TRANSCRIPTION-LN14-2012","false","provisional"
"a17c20a9-932e-5bf0-8a34-c877d4adb94a","KEN-C008-CON036-W0179","Wagalla/Ganyure","wagalla-ganyure","ward","electoral","127bf57d-b28f-55e4-a9fd-a03d23a4bc13","8","36","179","2012-03-09","","KDA-TRANSCRIPTION-LN14-2012","false","provisional"
"b6ab75e6-98ca-5474-b697-b9c2cf742bfa","KEN-C008-CON037-W0180","Eldas","eldas","ward","electoral","94e2e7ed-dcbc-5f56-9e00-c3ab5fbcbdf9","8","37","180","2012-03-09","","KDA-TRANSCRIPTION-LN14-2012","false","provisional"
"7f5f0d83-11d2-52e8-9692-e25151e8c6b9","KEN-C008-CON037-W0181","Della","della","ward","electoral","94e2e7ed-dcbc-5f56-9e00-c3ab5fbcbdf9","8","37","181","2012-03-09","","KDA-TRANSCRIPTION-LN14-2012","false","provisional"
"39fa22ea-90d4-5ec8-8406-ee7d2f9b01c4","KEN-C008-CON037-W0182","Lakoley South/Basir","lakoley-south-basir","ward","electoral","94e2e7ed-dcbc-5f56-9e00-c3ab5fbcbdf9","8","37","182","2012-03-09","","KDA-TRANSCRIPTION-LN14-2012","false","provisional"
"64f85e33-c56d-5d6a-952f-4d8238c490e7","KEN-C008-CON037-W0183","Elnur/Tula Tula","elnur-tula-tula","ward","electoral","94e2e7ed-dcbc-5f56-9e00-c3ab5fbcbdf9","8","37","183","2012-03-09","","KDA-TRANSCRIPTION-LN14-2012","false","provisional"
"40302229-5c34-5264-a04e-d199b3489c52","KEN-C008-CON038-W0184","Benane","benane","ward","electoral","9637010d-1a35-55ec-89bc-3800ac8fb2d2","8","38","184","2012-03-09","","KDA-TRANSCRIPTION-LN14-2012","false","provisional"
"11d7e7f7-48c5-5ada-a9c9-80bd47ba559b","KEN-C008-CON038-W0185","Burder","burder","ward","electoral","9637010d-1a35-55ec-89bc-3800ac8fb2d2","8","38","185","2012-03-09","","KDA-TRANSCRIPTION-LN14-2012","false","provisional"
"ee0c6c29-716e-5b0e-b901-45a8637bd184","KEN-C008-CON038-W0186","Dadaja Bulla","dadaja-bulla","ward","electoral","9637010d-1a35-55ec-89bc-3800ac8fb2d2","8","38","186","2012-03-09","","KDA-TRANSCRIPTION-LN14-2012","false","provisional"
"f26ec836-a768-5365-97dc-91d1a1845b74","KEN-C008-CON038-W0187","Habasswein","habasswein","ward","electoral","9637010d-1a35-55ec-89bc-3800ac8fb2d2","8","38","187","2012-03-09","","KDA-TRANSCRIPTION-LN14-2012","false","provisional"
"c7e60d6f-f22e-5105-8451-6228557c1a0a","KEN-C008-CON038-W0188","Lagboghol South","lagboghol-south","ward","electoral","9637010d-1a35-55ec-89bc-3800ac8fb2d2","8","38","188","2012-03-09","","KDA-TRANSCRIPTION-LN14-2012","false","provisional"
"c57c594a-d5b2-5e5e-b4a8-d765925e322d","KEN-C008-CON038-W0189","Ibrahim Ure","ibrahim-ure","ward","electoral","9637010d-1a35-55ec-89bc-3800ac8fb2d2","8","38","189","2012-03-09","","KDA-TRANSCRIPTION-LN14-2012","false","provisional"
"21c0ad9b-d1fb-54da-b7ff-adcfd10849fb","KEN-C008-CON038-W0190","Diif","diif","ward","electoral","9637010d-1a35-55ec-89bc-3800ac8fb2d2","8","38","190","2012-03-09","","KDA-TRANSCRIPTION-LN14-2012","false","provisional"
"6f576453-bb66-5d37-be26-20ea45282dc0","KEN-C009-CON039-W0191","Takaba South","takaba-south","ward","electoral","4ce4ca04-a64d-5e05-8342-97d41053a36b","9","39","191","2012-03-09","","KDA-TRANSCRIPTION-LN14-2012","false","provisional"
"9e7b476f-5177-5e08-8302-c40bd01aea51","KEN-C009-CON039-W0192","Takaba","takaba","ward","electoral","4ce4ca04-a64d-5e05-8342-97d41053a36b","9","39","192","2012-03-09","","KDA-TRANSCRIPTION-LN14-2012","false","provisional"
"098350a4-6b98-52d7-be22-826401157f0b","KEN-C009-CON039-W0193","Lag Sure","lag-sure","ward","electoral","4ce4ca04-a64d-5e05-8342-97d41053a36b","9","39","193","2012-03-09","","KDA-TRANSCRIPTION-LN14-2012","false","provisional"
"44e09676-b865-5caf-9954-5d26730f0985","KEN-C009-CON039-W0194","Dandu","dandu","ward","electoral","4ce4ca04-a64d-5e05-8342-97d41053a36b","9","39","194","2012-03-09","","KDA-TRANSCRIPTION-LN14-2012","false","provisional"
"a90c79e6-a82e-5f70-b525-bcbbb0eb2772","KEN-C009-CON039-W0195","Gither","gither","ward","electoral","4ce4ca04-a64d-5e05-8342-97d41053a36b","9","39","195","2012-03-09","","KDA-TRANSCRIPTION-LN14-2012","false","provisional"
"d3e62bc7-c3e5-55fd-b146-f3da481b216d","KEN-C009-CON040-W0196","Banissa","banissa","ward","electoral","09c9c0b8-08d2-5a85-82b8-025ebbc40a51","9","40","196","2012-03-09","","KDA-TRANSCRIPTION-LN14-2012","false","provisional"
"55eac320-753e-5fca-93d9-08a85de731ba","KEN-C009-CON040-W0197","Derkhale","derkhale","ward","electoral","09c9c0b8-08d2-5a85-82b8-025ebbc40a51","9","40","197","2012-03-09","","KDA-TRANSCRIPTION-LN14-2012","false","provisional"
"121c54e5-295d-50fa-a6c8-5679b3887eb8","KEN-C009-CON040-W0198","Guba","guba","ward","electoral","09c9c0b8-08d2-5a85-82b8-025ebbc40a51","9","40","198","2012-03-09","","KDA-TRANSCRIPTION-LN14-2012","false","provisional"
"5e400582-6847-5b8a-a215-4e32490308a0","KEN-C009-CON040-W0199","Malkamari","malkamari","ward","electoral","09c9c0b8-08d2-5a85-82b8-025ebbc40a51","9","40","199","2012-03-09","","KDA-TRANSCRIPTION-LN14-2012","false","provisional"
"d8a13650-f258-5d86-a7ce-e87313d26048","KEN-C009-CON040-W0200","Kiliwehiri","kiliwehiri","ward","electoral","09c9c0b8-08d2-5a85-82b8-025ebbc40a51","9","40","200","2012-03-09","","KDA-TRANSCRIPTION-LN14-2012","false","provisional"
"f4c03b76-0c0e-55d2-807c-960e62c53c02","KEN-C009-CON041-W0201","Ashabito","ashabito","ward","electoral","b729cbca-1575-5708-96ca-a816106d22b9","9","41","201","2012-03-09","","KDA-TRANSCRIPTION-LN14-2012","false","provisional"
"76abbb22-c600-5bac-839c-94f8342afbc8","KEN-C009-CON041-W0202","Guticha","guticha","ward","electoral","b729cbca-1575-5708-96ca-a816106d22b9","9","41","202","2012-03-09","","KDA-TRANSCRIPTION-LN14-2012","false","provisional"
"19331771-5def-5a63-bf75-2947fdc58bf3","KEN-C009-CON041-W0203","Morothile","morothile","ward","electoral","b729cbca-1575-5708-96ca-a816106d22b9","9","41","203","2012-03-09","","KDA-TRANSCRIPTION-LN14-2012","false","provisional"
"c6418de8-2652-5ef8-8bcd-b348af7c0f4b","KEN-C009-CON041-W0204","Rhamu","rhamu","ward","electoral","b729cbca-1575-5708-96ca-a816106d22b9","9","41","204","2012-03-09","","KDA-TRANSCRIPTION-LN14-2012","false","provisional"
"926e8763-ba7a-5cd1-98d4-a764fface7bb","KEN-C009-CON041-W0205","Rhamu-Dimtu","rhamu-dimtu","ward","electoral","b729cbca-1575-5708-96ca-a816106d22b9","9","41","205","2012-03-09","","KDA-TRANSCRIPTION-LN14-2012","false","provisional"
"ae060bc0-3003-5da4-9a17-0d3ba0b70492","KEN-C009-CON042-W0206","Wargudud","wargudud","ward","electoral","35d25741-ebee-59a6-8a1b-2e2ff90d3358","9","42","206","2012-03-09","","KDA-TRANSCRIPTION-LN14-2012","false","provisional"
"e25e7f3f-04fd-5db9-a2dd-06b82e0323e3","KEN-C009-CON042-W0207","Kutulo","kutulo","ward","electoral","35d25741-ebee-59a6-8a1b-2e2ff90d3358","9","42","207","2012-03-09","","KDA-TRANSCRIPTION-LN14-2012","false","provisional"
"85a21d2e-6ed0-5f81-b745-7e0f3997b830","KEN-C009-CON042-W0208","Elwak South","elwak-south","ward","electoral","35d25741-ebee-59a6-8a1b-2e2ff90d3358","9","42","208","2012-03-09","","KDA-TRANSCRIPTION-LN14-2012","false","provisional"
"4fc5e8dc-4242-5872-8ff3-64f66eb73a26","KEN-C009-CON042-W0209","Elwak North","elwak-north","ward","electoral","35d25741-ebee-59a6-8a1b-2e2ff90d3358","9","42","209","2012-03-09","","KDA-TRANSCRIPTION-LN14-2012","false","provisional"
"2264ee6b-56de-52ed-a18d-429101e882e7","KEN-C009-CON042-W0210","Shimbir Fatuma","shimbir-fatuma","ward","electoral","35d25741-ebee-59a6-8a1b-2e2ff90d3358","9","42","210","2012-03-09","","KDA-TRANSCRIPTION-LN14-2012","false","provisional"
"5c1d6dc0-1c9e-54e3-b089-437b8b165b26","KEN-C009-CON043-W0211","Arabia","arabia","ward","electoral","43e8c510-d5a9-5c4e-8418-56fdb960524f","9","43","211","2012-03-09","","KDA-TRANSCRIPTION-LN14-2012","false","provisional"
"7a99021e-0f4c-5049-be57-cb9d9ee4e07a","KEN-C009-CON043-W0212","Bulla Mpya","bulla-mpya","ward","electoral","43e8c510-d5a9-5c4e-8418-56fdb960524f","9","43","212","2012-03-09","","KDA-TRANSCRIPTION-LN14-2012","false","provisional"
"3c5a18cb-1b99-5614-b68c-fbf1dd9f94b0","KEN-C009-CON043-W0213","Khalalio","khalalio","ward","electoral","43e8c510-d5a9-5c4e-8418-56fdb960524f","9","43","213","2012-03-09","","KDA-TRANSCRIPTION-LN14-2012","false","provisional"
"47c159b4-9c49-5041-a379-537bc713acf5","KEN-C009-CON043-W0214","Neboi","neboi","ward","electoral","43e8c510-d5a9-5c4e-8418-56fdb960524f","9","43","214","2012-03-09","","KDA-TRANSCRIPTION-LN14-2012","false","provisional"
"0463e5a7-88c2-539d-9c9c-ee04b0495551","KEN-C009-CON043-W0215","Township","township","ward","electoral","43e8c510-d5a9-5c4e-8418-56fdb960524f","9","43","215","2012-03-09","","KDA-TRANSCRIPTION-LN14-2012","false","provisional"
"465bfee6-bbed-5d66-a57e-7409e94f8284","KEN-C009-CON044-W0216","Libehia","libehia","ward","electoral","3c1ee231-21e8-5e79-bae9-af8f295fc22e","9","44","216","2012-03-09","","KDA-TRANSCRIPTION-LN14-2012","false","provisional"
"cf87f312-4e6e-5fb0-9615-270048e3827f","KEN-C009-CON044-W0217","Fino","fino","ward","electoral","3c1ee231-21e8-5e79-bae9-af8f295fc22e","9","44","217","2012-03-09","","KDA-TRANSCRIPTION-LN14-2012","false","provisional"
"36984ed0-6240-58ae-abc2-41b371314962","KEN-C009-CON044-W0218","Lafey","lafey","ward","electoral","3c1ee231-21e8-5e79-bae9-af8f295fc22e","9","44","218","2012-03-09","","KDA-TRANSCRIPTION-LN14-2012","false","provisional"
"b986aece-594a-5ab5-a801-88959e3c19f0","KEN-C009-CON044-W0219","Warankara","warankara","ward","electoral","3c1ee231-21e8-5e79-bae9-af8f295fc22e","9","44","219","2012-03-09","","KDA-TRANSCRIPTION-LN14-2012","false","provisional"
"eac79b61-6963-5eae-86dc-b9d02c42ad4d","KEN-C009-CON044-W0220","Alungo Gof","alungo-gof","ward","electoral","3c1ee231-21e8-5e79-bae9-af8f295fc22e","9","44","220","2012-03-09","","KDA-TRANSCRIPTION-LN14-2012","false","provisional"
"a0093471-dba2-5802-ab02-e7ca5ae5a41e","KEN-C010-CON045-W0221","Butiye","butiye","ward","electoral","9a6efbf8-6a9e-5a5e-b3ea-ff9f29c5a8f6","10","45","221","2012-03-09","","KDA-TRANSCRIPTION-LN14-2012","false","provisional"
"2ac97b8f-4e17-5718-9d6b-001cf9c42dba","KEN-C010-CON045-W0222","Sololo","sololo","ward","electoral","9a6efbf8-6a9e-5a5e-b3ea-ff9f29c5a8f6","10","45","222","2012-03-09","","KDA-TRANSCRIPTION-LN14-2012","false","provisional"
"78b861bd-f480-5af5-ae3c-6513ff29bac1","KEN-C010-CON045-W0223","Heilu-Manyatta","heilu-manyatta","ward","electoral","9a6efbf8-6a9e-5a5e-b3ea-ff9f29c5a8f6","10","45","223","2012-03-09","","KDA-TRANSCRIPTION-LN14-2012","false","provisional"
"4fa47de4-70c9-5b80-8469-4c0570c35cea","KEN-C010-CON045-W0224","Golbo","golbo","ward","electoral","9a6efbf8-6a9e-5a5e-b3ea-ff9f29c5a8f6","10","45","224","2012-03-09","","KDA-TRANSCRIPTION-LN14-2012","false","provisional"
"cda856b1-6d27-5594-b156-fd4b6eb4c237","KEN-C010-CON045-W0225","Moyale Township","moyale-township","ward","electoral","9a6efbf8-6a9e-5a5e-b3ea-ff9f29c5a8f6","10","45","225","2012-03-09","","KDA-TRANSCRIPTION-LN14-2012","false","provisional"
"0e8d83a9-3ad9-5330-b74e-5c4344e15ee2","KEN-C010-CON045-W0226","Uran","uran","ward","electoral","9a6efbf8-6a9e-5a5e-b3ea-ff9f29c5a8f6","10","45","226","2012-03-09","","KDA-TRANSCRIPTION-LN14-2012","false","provisional"
"9b1cbb3b-19ea-566c-9d20-a626da3ac62d","KEN-C010-CON045-W0227","Obbu","obbu","ward","electoral","9a6efbf8-6a9e-5a5e-b3ea-ff9f29c5a8f6","10","45","227","2012-03-09","","KDA-TRANSCRIPTION-LN14-2012","false","provisional"
"675aab50-2a29-5ccc-81ab-260bd1a4ce5c","KEN-C010-CON046-W0228","Illeret","illeret","ward","electoral","5b9cf2e1-f7e3-5e23-8a0e-6322cba4a203","10","46","228","2012-03-09","","KDA-TRANSCRIPTION-LN14-2012","false","provisional"
"0c8ec117-b0d0-5a8b-a1e7-32c3a9af0d0d","KEN-C010-CON046-W0229","North Horr","north-horr","ward","electoral","5b9cf2e1-f7e3-5e23-8a0e-6322cba4a203","10","46","229","2012-03-09","","KDA-TRANSCRIPTION-LN14-2012","false","provisional"
"b27d2504-6244-5de3-a2e6-e5f494a2cf75","KEN-C010-CON046-W0230","Dukana","dukana","ward","electoral","5b9cf2e1-f7e3-5e23-8a0e-6322cba4a203","10","46","230","2012-03-09","","KDA-TRANSCRIPTION-LN14-2012","false","provisional"
"a05f9c2e-66f4-59bb-b4f8-0a4b1d2acfd3","KEN-C010-CON046-W0231","Maikona","maikona","ward","electoral","5b9cf2e1-f7e3-5e23-8a0e-6322cba4a203","10","46","231","2012-03-09","","KDA-TRANSCRIPTION-LN14-2012","false","provisional"
"e792893d-8a05-5ac2-a793-c5d7a8e240fe","KEN-C010-CON046-W0232","Turbi","turbi","ward","electoral","5b9cf2e1-f7e3-5e23-8a0e-6322cba4a203","10","46","232","2012-03-09","","KDA-TRANSCRIPTION-LN14-2012","false","provisional"
"24af9d9f-1b18-5e7e-92be-83cbcffe60d0","KEN-C010-CON047-W0233","Sagante/Jaldesa","sagante-jaldesa","ward","electoral","38e7813e-529e-51ef-80f6-428f5478c825","10","47","233","2012-03-09","","KDA-TRANSCRIPTION-LN14-2012","false","provisional"
"1197dcc1-a3c1-53e4-9d23-0385bfd22038","KEN-C010-CON047-W0234","Karare","karare","ward","electoral","38e7813e-529e-51ef-80f6-428f5478c825","10","47","234","2012-03-09","","KDA-TRANSCRIPTION-LN14-2012","false","provisional"
"956228a2-75e3-5d5f-9c47-b757c7ab0e50","KEN-C010-CON047-W0235","Marsabit Central","marsabit-central","ward","electoral","38e7813e-529e-51ef-80f6-428f5478c825","10","47","235","2012-03-09","","KDA-TRANSCRIPTION-LN14-2012","false","provisional"
"7fa46083-d09c-58f1-abed-c127723f7c63","KEN-C010-CON048-W0236","Loiyangalani","loiyangalani","ward","electoral","fbd7da2b-0197-5504-a66c-1a0333f5c8e5","10","48","236","2012-03-09","","KDA-TRANSCRIPTION-LN14-2012","false","provisional"
"c35c52d8-60b5-5a0d-a843-3e66fd78694e","KEN-C010-CON048-W0237","Kargi/South Horr","kargi-south-horr","ward","electoral","fbd7da2b-0197-5504-a66c-1a0333f5c8e5","10","48","237","2012-03-09","","KDA-TRANSCRIPTION-LN14-2012","false","provisional"
"b3c5ad30-b8d3-53b5-abe2-b423b63b8612","KEN-C010-CON048-W0238","Korr/Ngurunit","korr-ngurunit","ward","electoral","fbd7da2b-0197-5504-a66c-1a0333f5c8e5","10","48","238","2012-03-09","","KDA-TRANSCRIPTION-LN14-2012","false","provisional"
"088efcf4-a4be-5e53-90c1-a05046753107","KEN-C010-CON048-W0239","Log Logo","log-logo","ward","electoral","fbd7da2b-0197-5504-a66c-1a0333f5c8e5","10","48","239","2012-03-09","","KDA-TRANSCRIPTION-LN14-2012","false","provisional"
"e017929e-7f45-5b41-924e-fbe8e81f16b5","KEN-C010-CON048-W0240","Laisamis","laisamis","ward","electoral","fbd7da2b-0197-5504-a66c-1a0333f5c8e5","10","48","240","2012-03-09","","KDA-TRANSCRIPTION-LN14-2012","false","provisional"
"fda9b297-3768-5a36-afea-0bc2e2cc23a2","KEN-C011-CON049-W0241","Wabera","wabera","ward","electoral","f1ed2f51-8c4d-5cea-b1b0-0778855ed1fb","11","49","241","2012-03-09","","KDA-TRANSCRIPTION-LN14-2012","false","provisional"
"9ae3f6a0-8cf9-5742-8d4c-3ec146d0d7f0","KEN-C011-CON049-W0242","Bulla Pesa","bulla-pesa","ward","electoral","f1ed2f51-8c4d-5cea-b1b0-0778855ed1fb","11","49","242","2012-03-09","","KDA-TRANSCRIPTION-LN14-2012","false","provisional"
"570619bb-3d4a-5b3b-93f8-b71734a7588a","KEN-C011-CON049-W0243","Chari","chari","ward","electoral","f1ed2f51-8c4d-5cea-b1b0-0778855ed1fb","11","49","243","2012-03-09","","KDA-TRANSCRIPTION-LN14-2012","false","provisional"
"0f9b5304-2c45-536a-bad7-7f6be63337b2","KEN-C011-CON049-W0244","Cherab","cherab","ward","electoral","f1ed2f51-8c4d-5cea-b1b0-0778855ed1fb","11","49","244","2012-03-09","","KDA-TRANSCRIPTION-LN14-2012","false","provisional"
"521be53b-4f64-53b8-b4d3-c4a139705949","KEN-C011-CON049-W0245","Ngare Mara","ngare-mara","ward","electoral","f1ed2f51-8c4d-5cea-b1b0-0778855ed1fb","11","49","245","2012-03-09","","KDA-TRANSCRIPTION-LN14-2012","false","provisional"
"4fe3624e-e7fd-5a50-a66c-ea9949aee092","KEN-C011-CON049-W0246","Burat","burat","ward","electoral","f1ed2f51-8c4d-5cea-b1b0-0778855ed1fb","11","49","246","2012-03-09","","KDA-TRANSCRIPTION-LN14-2012","false","provisional"
"df1b8c22-6f1f-51ec-8ea8-9fff3d2ae20c","KEN-C011-CON049-W0247","Oldonyiro","oldonyiro","ward","electoral","f1ed2f51-8c4d-5cea-b1b0-0778855ed1fb","11","49","247","2012-03-09","","KDA-TRANSCRIPTION-LN14-2012","false","provisional"
"f46ca082-0828-57e5-b8f4-00d2c8b45484","KEN-C011-CON050-W0248","Garbatulla","garbatulla","ward","electoral","b9cf5765-79fb-58e3-a6e1-fa419874bb9b","11","50","248","2012-03-09","","KDA-TRANSCRIPTION-LN14-2012","false","provisional"
"ba8f81bb-0248-5506-96e5-ec79ce5a5c60","KEN-C011-CON050-W0249","Kinna","kinna","ward","electoral","b9cf5765-79fb-58e3-a6e1-fa419874bb9b","11","50","249","2012-03-09","","KDA-TRANSCRIPTION-LN14-2012","false","provisional"
"70cc6860-64dd-5848-abab-9239ff443c54","KEN-C011-CON050-W0250","Sericho","sericho","ward","electoral","b9cf5765-79fb-58e3-a6e1-fa419874bb9b","11","50","250","2012-03-09","","KDA-TRANSCRIPTION-LN14-2012","false","provisional"
"9d4109c0-9b28-50a0-bcde-5e89b3db1b7b","KEN-C012-CON051-W0251","Maua","maua","ward","electoral","59f520e4-65fc-5a75-a362-0481682d7e71","12","51","251","2012-03-09","","KDA-TRANSCRIPTION-LN14-2012","false","provisional"
"d747986e-a05b-5d20-9a7a-1a798195adfc","KEN-C012-CON051-W0252","Kiegoi/Antubochiu","kiegoi-antubochiu","ward","electoral","59f520e4-65fc-5a75-a362-0481682d7e71","12","51","252","2012-03-09","","KDA-TRANSCRIPTION-LN14-2012","false","provisional"
"ae97ba8a-4823-58e1-b046-fe4d4321ed6d","KEN-C012-CON051-W0253","Athiru Gaiti","athiru-gaiti","ward","electoral","59f520e4-65fc-5a75-a362-0481682d7e71","12","51","253","2012-03-09","","KDA-TRANSCRIPTION-LN14-2012","false","provisional"
"90bfb4e0-245e-52e3-958d-24de0306f41d","KEN-C012-CON051-W0254","Akachiu","akachiu","ward","electoral","59f520e4-65fc-5a75-a362-0481682d7e71","12","51","254","2012-03-09","","KDA-TRANSCRIPTION-LN14-2012","false","provisional"
"5abf08c4-7168-5f7c-89b0-f68ea6ee5816","KEN-C012-CON051-W0255","Kanuni","kanuni","ward","electoral","59f520e4-65fc-5a75-a362-0481682d7e71","12","51","255","2012-03-09","","KDA-TRANSCRIPTION-LN14-2012","false","provisional"
"305627a2-13e3-5839-84ab-77f9645787ff","KEN-C012-CON052-W0256","Akirang'ondu","akirangondu","ward","electoral","5e1e86a0-578b-5c85-94a0-9eba937512a2","12","52","256","2012-03-09","","KDA-TRANSCRIPTION-LN14-2012","false","provisional"
"53711a02-354c-59c2-9f09-bdb8d1a2987b","KEN-C012-CON052-W0257","Athiru Ruujine","athiru-ruujine","ward","electoral","5e1e86a0-578b-5c85-94a0-9eba937512a2","12","52","257","2012-03-09","","KDA-TRANSCRIPTION-LN14-2012","false","provisional"
"cb4a1e52-59c7-5d58-9127-82c8105a0149","KEN-C012-CON052-W0258","Igembe East","igembe-east","ward","electoral","5e1e86a0-578b-5c85-94a0-9eba937512a2","12","52","258","2012-03-09","","KDA-TRANSCRIPTION-LN14-2012","false","provisional"
"0eab0f0f-6294-5145-9417-c038ada3cdf8","KEN-C012-CON052-W0259","Njia","njia","ward","electoral","5e1e86a0-578b-5c85-94a0-9eba937512a2","12","52","259","2012-03-09","","KDA-TRANSCRIPTION-LN14-2012","false","provisional"
"58cb5dc2-67de-5b6f-933f-9067bed3070f","KEN-C012-CON052-W0260","Kangeta","kangeta","ward","electoral","5e1e86a0-578b-5c85-94a0-9eba937512a2","12","52","260","2012-03-09","","KDA-TRANSCRIPTION-LN14-2012","false","provisional"
"f4bb8832-1bd9-5f92-8dc2-f44e96118210","KEN-C012-CON053-W0261","Antuambui","antuambui","ward","electoral","6e46329e-8e61-51ab-b381-287d65682c43","12","53","261","2012-03-09","","KDA-TRANSCRIPTION-LN14-2012","false","provisional"
"c34f244a-c5c7-54a1-8ed3-415a3eb3bd12","KEN-C012-CON053-W0262","Ntunene","ntunene","ward","electoral","6e46329e-8e61-51ab-b381-287d65682c43","12","53","262","2012-03-09","","KDA-TRANSCRIPTION-LN14-2012","false","provisional"
"012e8130-8300-5345-a943-319f1c8f20dd","KEN-C012-CON053-W0263","Antubetwe Kiongo","antubetwe-kiongo","ward","electoral","6e46329e-8e61-51ab-b381-287d65682c43","12","53","263","2012-03-09","","KDA-TRANSCRIPTION-LN14-2012","false","provisional"
"47d9670e-624e-5dfc-bfba-2f394f8e4f5f","KEN-C012-CON053-W0264","Naathu","naathu","ward","electoral","6e46329e-8e61-51ab-b381-287d65682c43","12","53","264","2012-03-09","","KDA-TRANSCRIPTION-LN14-2012","false","provisional"
"317d89bc-6974-5598-99e6-751ee43261b8","KEN-C012-CON053-W0265","Amwathi","amwathi","ward","electoral","6e46329e-8e61-51ab-b381-287d65682c43","12","53","265","2012-03-09","","KDA-TRANSCRIPTION-LN14-2012","false","provisional"
"b32736ad-610c-5ed7-8bc2-8c36f1a333ea","KEN-C012-CON054-W0266","Athwana","athwana","ward","electoral","e4451399-9b0b-5898-b16f-94e0ff92910e","12","54","266","2012-03-09","","KDA-TRANSCRIPTION-LN14-2012","false","provisional"
"548f79b0-a09c-5c70-adde-a3b737fbce0d","KEN-C012-CON054-W0267","Akithii","akithii","ward","electoral","e4451399-9b0b-5898-b16f-94e0ff92910e","12","54","267","2012-03-09","","KDA-TRANSCRIPTION-LN14-2012","false","provisional"
"0dfacd50-540d-54a6-9fb0-6d73ca6553f7","KEN-C012-CON054-W0268","Kianjai","kianjai","ward","electoral","e4451399-9b0b-5898-b16f-94e0ff92910e","12","54","268","2012-03-09","","KDA-TRANSCRIPTION-LN14-2012","false","provisional"
"53c3994b-8520-52ee-8012-6bf407865539","KEN-C012-CON054-W0269","Nkomo","nkomo","ward","electoral","e4451399-9b0b-5898-b16f-94e0ff92910e","12","54","269","2012-03-09","","KDA-TRANSCRIPTION-LN14-2012","false","provisional"
"7fa5d1dd-8f31-55d7-b380-f92efeff2e5b","KEN-C012-CON054-W0270","Mbeu","mbeu","ward","electoral","e4451399-9b0b-5898-b16f-94e0ff92910e","12","54","270","2012-03-09","","KDA-TRANSCRIPTION-LN14-2012","false","provisional"
"535c933d-c6fd-5572-bbbe-7192ce027b90","KEN-C012-CON055-W0271","Thangatha","thangatha","ward","electoral","ae0efaa5-cfaa-54b5-8f9c-feb87ba278df","12","55","271","2012-03-09","","KDA-TRANSCRIPTION-LN14-2012","false","provisional"
"38a0a054-36e8-54bb-b396-c231cc6db00a","KEN-C012-CON055-W0272","Mikinduri","mikinduri","ward","electoral","ae0efaa5-cfaa-54b5-8f9c-feb87ba278df","12","55","272","2012-03-09","","KDA-TRANSCRIPTION-LN14-2012","false","provisional"
"b3f4bedf-94b9-5365-9934-c3678bb93219","KEN-C012-CON055-W0273","Kiguchwa","kiguchwa","ward","electoral","ae0efaa5-cfaa-54b5-8f9c-feb87ba278df","12","55","273","2012-03-09","","KDA-TRANSCRIPTION-LN14-2012","false","provisional"
"e764b4eb-1623-5d52-b90b-ace1756b9198","KEN-C012-CON055-W0274","Muthara","muthara","ward","electoral","ae0efaa5-cfaa-54b5-8f9c-feb87ba278df","12","55","274","2012-03-09","","KDA-TRANSCRIPTION-LN14-2012","false","provisional"
"55493060-75e4-52bd-b3bd-7e2a787cd6a9","KEN-C012-CON055-W0275","Karama","karama","ward","electoral","ae0efaa5-cfaa-54b5-8f9c-feb87ba278df","12","55","275","2012-03-09","","KDA-TRANSCRIPTION-LN14-2012","false","provisional"
"e8fca19f-c7a1-5735-9e1d-d6cf44acfabc","KEN-C012-CON056-W0276","Municipality","municipality","ward","electoral","56012725-34d5-5519-9ac2-bd07ec040da0","12","56","276","2012-03-09","","KDA-TRANSCRIPTION-LN14-2012","false","provisional"
"65d71585-853c-5da7-94ff-8a86ff17e6fe","KEN-C012-CON056-W0277","Ntima East","ntima-east","ward","electoral","56012725-34d5-5519-9ac2-bd07ec040da0","12","56","277","2012-03-09","","KDA-TRANSCRIPTION-LN14-2012","false","provisional"
"b3d2cbb6-59b6-55c7-842c-db5acc0b59f4","KEN-C012-CON056-W0278","Ntima West","ntima-west","ward","electoral","56012725-34d5-5519-9ac2-bd07ec040da0","12","56","278","2012-03-09","","KDA-TRANSCRIPTION-LN14-2012","false","provisional"
"b8520e77-36de-5fc9-9945-b62c50b8317f","KEN-C012-CON056-W0279","Nyaki West","nyaki-west","ward","electoral","56012725-34d5-5519-9ac2-bd07ec040da0","12","56","279","2012-03-09","","KDA-TRANSCRIPTION-LN14-2012","false","provisional"
"979de6dd-4c5b-5e87-8dab-6d3e58880d4d","KEN-C012-CON056-W0280","Nyaki East","nyaki-east","ward","electoral","56012725-34d5-5519-9ac2-bd07ec040da0","12","56","280","2012-03-09","","KDA-TRANSCRIPTION-LN14-2012","false","provisional"
"c2cd14b0-adab-56c5-be87-93f9eaa206f7","KEN-C012-CON057-W0281","Timau","timau","ward","electoral","edd7aedb-37fe-5661-9fef-52c08cbd8f6a","12","57","281","2012-03-09","","KDA-TRANSCRIPTION-LN14-2012","false","provisional"
"4db6116d-ae94-538a-8a4f-3edc936d34e5","KEN-C012-CON057-W0282","Kisima","kisima","ward","electoral","edd7aedb-37fe-5661-9fef-52c08cbd8f6a","12","57","282","2012-03-09","","KDA-TRANSCRIPTION-LN14-2012","false","provisional"
"1904577f-9b6b-5c21-9c10-fffe450d4fa3","KEN-C012-CON057-W0283","Kiirua/Naari","kiirua-naari","ward","electoral","edd7aedb-37fe-5661-9fef-52c08cbd8f6a","12","57","283","2012-03-09","","KDA-TRANSCRIPTION-LN14-2012","false","provisional"
"03ff5a09-d6a3-5dc3-bef1-1e84ae087db0","KEN-C012-CON057-W0284","Ruiri/Rwarera","ruiri-rwarera","ward","electoral","edd7aedb-37fe-5661-9fef-52c08cbd8f6a","12","57","284","2012-03-09","","KDA-TRANSCRIPTION-LN14-2012","false","provisional"
"701ce1ef-97d6-54eb-b799-5eb5d583e027","KEN-C012-CON057-W0285","Kibirichia","kibirichia","ward","electoral","edd7aedb-37fe-5661-9fef-52c08cbd8f6a","12","57","285","2012-03-09","","KDA-TRANSCRIPTION-LN14-2012","false","provisional"
"f646c6fc-50d2-52a3-9430-008778e92808","KEN-C012-CON058-W0286","Mwanganthia","mwanganthia","ward","electoral","6e222a80-99a0-5c83-91ef-0cc3d91738a5","12","58","286","2012-03-09","","KDA-TRANSCRIPTION-LN14-2012","false","provisional"
"d8dc27ed-144d-55bb-80b4-fe8293fbf66d","KEN-C012-CON058-W0287","Abothuguchi Central","abothuguchi-central","ward","electoral","6e222a80-99a0-5c83-91ef-0cc3d91738a5","12","58","287","2012-03-09","","KDA-TRANSCRIPTION-LN14-2012","false","provisional"
"47afe396-5370-514e-853d-a842cc72dba2","KEN-C012-CON058-W0288","Abothuguchi West","abothuguchi-west","ward","electoral","6e222a80-99a0-5c83-91ef-0cc3d91738a5","12","58","288","2012-03-09","","KDA-TRANSCRIPTION-LN14-2012","false","provisional"
"6858e3fc-ba0a-5ed4-872a-a7fcf287f49d","KEN-C012-CON058-W0289","Kiagu","kiagu","ward","electoral","6e222a80-99a0-5c83-91ef-0cc3d91738a5","12","58","289","2012-03-09","","KDA-TRANSCRIPTION-LN14-2012","false","provisional"
"cda51c7b-5e25-546c-b0ee-5704b0e05f17","KEN-C012-CON059-W0290","Mitunguu","mitunguu","ward","electoral","46f243db-e7f2-54b1-abc3-42bfcff2498b","12","59","290","2012-03-09","","KDA-TRANSCRIPTION-LN14-2012","false","provisional"
"1bbe2fc3-c6d0-5f8a-ab16-8a7dc50dd851","KEN-C012-CON059-W0291","Igoji East","igoji-east","ward","electoral","46f243db-e7f2-54b1-abc3-42bfcff2498b","12","59","291","2012-03-09","","KDA-TRANSCRIPTION-LN14-2012","false","provisional"
"2837686b-d0ca-57b8-b1bf-1eabfac0fe36","KEN-C012-CON059-W0292","Igoji West","igoji-west","ward","electoral","46f243db-e7f2-54b1-abc3-42bfcff2498b","12","59","292","2012-03-09","","KDA-TRANSCRIPTION-LN14-2012","false","provisional"
"870d3e25-18d6-5b8a-abb4-47c4101718fe","KEN-C012-CON059-W0293","Abogeta East","abogeta-east","ward","electoral","46f243db-e7f2-54b1-abc3-42bfcff2498b","12","59","293","2012-03-09","","KDA-TRANSCRIPTION-LN14-2012","false","provisional"
"1d509de0-580e-5633-ac9a-d23546b81cb4","KEN-C012-CON059-W0294","Abogeta West","abogeta-west","ward","electoral","46f243db-e7f2-54b1-abc3-42bfcff2498b","12","59","294","2012-03-09","","KDA-TRANSCRIPTION-LN14-2012","false","provisional"
"f2a93ffa-45c4-5efe-87ee-b5382bcc6cb7","KEN-C012-CON059-W0295","Nkuene","nkuene","ward","electoral","46f243db-e7f2-54b1-abc3-42bfcff2498b","12","59","295","2012-03-09","","KDA-TRANSCRIPTION-LN14-2012","false","provisional"
"b9232f9f-d8a1-561f-a99d-6919ba181e2e","KEN-C013-CON060-W0296","Mitheru","mitheru","ward","electoral","3b75bb60-db7f-5a11-ab38-0b7dc35f2f2e","13","60","296","2012-03-09","","KDA-TRANSCRIPTION-LN14-2012","false","provisional"
"f87032e5-e965-51f7-9ae9-ba9e3705c875","KEN-C013-CON060-W0297","Muthambi","muthambi","ward","electoral","3b75bb60-db7f-5a11-ab38-0b7dc35f2f2e","13","60","297","2012-03-09","","KDA-TRANSCRIPTION-LN14-2012","false","provisional"
"22237ec6-be76-5d2c-910c-b9e4074fbaa7","KEN-C013-CON060-W0298","Mwimbi","mwimbi","ward","electoral","3b75bb60-db7f-5a11-ab38-0b7dc35f2f2e","13","60","298","2012-03-09","","KDA-TRANSCRIPTION-LN14-2012","false","provisional"
"dd62a3c7-ec38-5fc9-930a-b4ecf4d80bd1","KEN-C013-CON060-W0299","Ganga","ganga","ward","electoral","3b75bb60-db7f-5a11-ab38-0b7dc35f2f2e","13","60","299","2012-03-09","","KDA-TRANSCRIPTION-LN14-2012","false","provisional"
"dc739ca7-2625-5e97-b9a9-adfdf3b266ac","KEN-C013-CON060-W0300","Chogoria","chogoria","ward","electoral","3b75bb60-db7f-5a11-ab38-0b7dc35f2f2e","13","60","300","2012-03-09","","KDA-TRANSCRIPTION-LN14-2012","false","provisional"
"bad9dc01-374d-558b-8990-d9b00558013b","KEN-C013-CON061-W0301","Mariani","mariani","ward","electoral","d6c946c3-9a0f-50db-a973-d811695a2546","13","61","301","2012-03-09","","KDA-TRANSCRIPTION-LN14-2012","false","provisional"
"b45c7a54-926a-5f35-affc-4de42678ae3d","KEN-C013-CON061-W0302","Karingani","karingani","ward","electoral","d6c946c3-9a0f-50db-a973-d811695a2546","13","61","302","2012-03-09","","KDA-TRANSCRIPTION-LN14-2012","false","provisional"
"65ad00cb-940e-5e6c-bc1b-a00466595f6f","KEN-C013-CON061-W0303","Magumoni","magumoni","ward","electoral","d6c946c3-9a0f-50db-a973-d811695a2546","13","61","303","2012-03-09","","KDA-TRANSCRIPTION-LN14-2012","false","provisional"
"c7c9455c-ca25-5e84-a349-498d47b92c72","KEN-C013-CON061-W0304","Mugwe","mugwe","ward","electoral","d6c946c3-9a0f-50db-a973-d811695a2546","13","61","304","2012-03-09","","KDA-TRANSCRIPTION-LN14-2012","false","provisional"
"bddfa363-2483-5334-a88a-778d0f66f9d3","KEN-C013-CON061-W0305","Igambang'ombe","igambangombe","ward","electoral","d6c946c3-9a0f-50db-a973-d811695a2546","13","61","305","2012-03-09","","KDA-TRANSCRIPTION-LN14-2012","false","provisional"
"2d51561e-e009-562c-91e6-8b09217b8f66","KEN-C013-CON062-W0306","Gatunga","gatunga","ward","electoral","ff0f205e-8046-5dc6-bb10-7c78c8b5fe06","13","62","306","2012-03-09","","KDA-TRANSCRIPTION-LN14-2012","false","provisional"
"5bf94ab4-daf9-5ef4-a098-4cc6f4db7bd2","KEN-C013-CON062-W0307","Mukothima","mukothima","ward","electoral","ff0f205e-8046-5dc6-bb10-7c78c8b5fe06","13","62","307","2012-03-09","","KDA-TRANSCRIPTION-LN14-2012","false","provisional"
"ad97eb89-19dd-52f6-82b7-7cf31a15829a","KEN-C013-CON062-W0308","Nkondi","nkondi","ward","electoral","ff0f205e-8046-5dc6-bb10-7c78c8b5fe06","13","62","308","2012-03-09","","KDA-TRANSCRIPTION-LN14-2012","false","provisional"
"5e1b2568-ccda-57c9-9c04-47ec0de57863","KEN-C013-CON062-W0309","Chiakariga","chiakariga","ward","electoral","ff0f205e-8046-5dc6-bb10-7c78c8b5fe06","13","62","309","2012-03-09","","KDA-TRANSCRIPTION-LN14-2012","false","provisional"
"94926a61-e7b9-53fb-ae76-4f9aa5e85048","KEN-C013-CON062-W0310","Marimanti","marimanti","ward","electoral","ff0f205e-8046-5dc6-bb10-7c78c8b5fe06","13","62","310","2012-03-09","","KDA-TRANSCRIPTION-LN14-2012","false","provisional"
"9bec2a04-64fb-5115-ab79-6b9b621198fe","KEN-C014-CON063-W0311","Ruguru/Ngandori","ruguru-ngandori","ward","electoral","d5273b88-f5cf-5dc9-b81e-b723a30f1bbd","14","63","311","2012-03-09","","KDA-TRANSCRIPTION-LN14-2012","false","provisional"
"ee786c49-86fd-511e-9403-6eb9274c6138","KEN-C014-CON063-W0312","Kithimu","kithimu","ward","electoral","d5273b88-f5cf-5dc9-b81e-b723a30f1bbd","14","63","312","2012-03-09","","KDA-TRANSCRIPTION-LN14-2012","false","provisional"
"32e414c8-cbe5-58f1-92e1-7d89158ce8c3","KEN-C014-CON063-W0313","Nginda","nginda","ward","electoral","d5273b88-f5cf-5dc9-b81e-b723a30f1bbd","14","63","313","2012-03-09","","KDA-TRANSCRIPTION-LN14-2012","false","provisional"
"5f79a25d-f50e-59cb-8063-b21fbe78bbe9","KEN-C014-CON063-W0314","Mbeti North","mbeti-north","ward","electoral","d5273b88-f5cf-5dc9-b81e-b723a30f1bbd","14","63","314","2012-03-09","","KDA-TRANSCRIPTION-LN14-2012","false","provisional"
"d5d4af33-7834-5651-8028-f77a487d01d1","KEN-C014-CON063-W0315","Kirimari","kirimari","ward","electoral","d5273b88-f5cf-5dc9-b81e-b723a30f1bbd","14","63","315","2012-03-09","","KDA-TRANSCRIPTION-LN14-2012","false","provisional"
"ba11a5eb-9b7c-53b7-a26d-6a0b072026c6","KEN-C014-CON063-W0316","Gaturi South","gaturi-south","ward","electoral","d5273b88-f5cf-5dc9-b81e-b723a30f1bbd","14","63","316","2012-03-09","","KDA-TRANSCRIPTION-LN14-2012","false","provisional"
"64d1388a-e157-5259-8083-d4f5ca8864b8","KEN-C014-CON064-W0317","Gaturi North","gaturi-north","ward","electoral","1b3c5bda-be99-5f4d-97b7-ee916f6bfe4c","14","64","317","2012-03-09","","KDA-TRANSCRIPTION-LN14-2012","false","provisional"
"a0dfd5c0-02d3-5b48-90a1-a6df54377739","KEN-C014-CON064-W0318","Kagaari South","kagaari-south","ward","electoral","1b3c5bda-be99-5f4d-97b7-ee916f6bfe4c","14","64","318","2012-03-09","","KDA-TRANSCRIPTION-LN14-2012","false","provisional"
"37e62cc6-b8cd-5a52-8b4b-62cb1bac5dee","KEN-C014-CON064-W0319","Central  Ward","central-ward","ward","electoral","1b3c5bda-be99-5f4d-97b7-ee916f6bfe4c","14","64","319","2012-03-09","","KDA-TRANSCRIPTION-LN14-2012","false","provisional"
"f3de9ae6-d57a-5f55-be24-e1dbdddcad68","KEN-C014-CON064-W0320","Kagaari North","kagaari-north","ward","electoral","1b3c5bda-be99-5f4d-97b7-ee916f6bfe4c","14","64","320","2012-03-09","","KDA-TRANSCRIPTION-LN14-2012","false","provisional"
"e5054a2a-90ee-5582-9c75-cf709bd96916","KEN-C014-CON064-W0321","Kyeni North","kyeni-north","ward","electoral","1b3c5bda-be99-5f4d-97b7-ee916f6bfe4c","14","64","321","2012-03-09","","KDA-TRANSCRIPTION-LN14-2012","false","provisional"
"4a06d4d3-366c-5a71-949a-daf4b4ae1a0b","KEN-C014-CON064-W0322","Kyeni South","kyeni-south","ward","electoral","1b3c5bda-be99-5f4d-97b7-ee916f6bfe4c","14","64","322","2012-03-09","","KDA-TRANSCRIPTION-LN14-2012","false","provisional"
"b0ce2a3b-cd02-54b4-a081-e342531042a6","KEN-C014-CON065-W0323","Mwea","mwea","ward","electoral","ad5a1b54-cb3f-58d0-acde-d9cb1f93492c","14","65","323","2012-03-09","","KDA-TRANSCRIPTION-LN14-2012","false","provisional"
"09533600-c0c2-5c2b-95b9-e4c40d7503f0","KEN-C014-CON065-W0324","Makima","makima","ward","electoral","ad5a1b54-cb3f-58d0-acde-d9cb1f93492c","14","65","324","2012-03-09","","KDA-TRANSCRIPTION-LN14-2012","false","provisional"
"c8dfdac6-c1f4-53f7-b08c-4b0b3ac490cb","KEN-C014-CON065-W0325","Mbeti South","mbeti-south","ward","electoral","ad5a1b54-cb3f-58d0-acde-d9cb1f93492c","14","65","325","2012-03-09","","KDA-TRANSCRIPTION-LN14-2012","false","provisional"
"a5224e22-03bb-5127-83c1-56b7400a5f25","KEN-C014-CON065-W0326","Mavuria","mavuria","ward","electoral","ad5a1b54-cb3f-58d0-acde-d9cb1f93492c","14","65","326","2012-03-09","","KDA-TRANSCRIPTION-LN14-2012","false","provisional"
"e3c0631d-745e-5814-9fff-454347971a93","KEN-C014-CON065-W0327","Kiambere","kiambere","ward","electoral","ad5a1b54-cb3f-58d0-acde-d9cb1f93492c","14","65","327","2012-03-09","","KDA-TRANSCRIPTION-LN14-2012","false","provisional"
"d106779b-6b87-509e-9147-eb7e48542e0b","KEN-C014-CON066-W0328","Nthawa","nthawa","ward","electoral","04b9daca-a4da-58dc-868d-2c785653c8ce","14","66","328","2012-03-09","","KDA-TRANSCRIPTION-LN14-2012","false","provisional"
"6c060fd7-aeb9-5cfd-8350-cae3daaf4b42","KEN-C014-CON066-W0329","Muminji","muminji","ward","electoral","04b9daca-a4da-58dc-868d-2c785653c8ce","14","66","329","2012-03-09","","KDA-TRANSCRIPTION-LN14-2012","false","provisional"
"0b51c701-829e-56b8-b008-9379a18f20d3","KEN-C014-CON066-W0330","Evurore","evurore","ward","electoral","04b9daca-a4da-58dc-868d-2c785653c8ce","14","66","330","2012-03-09","","KDA-TRANSCRIPTION-LN14-2012","false","provisional"
"a2a3ba8d-d0a9-52ff-bace-1c84b96573ac","KEN-C015-CON067-W0331","Ngomeni","ngomeni","ward","electoral","027c8dd3-1a56-5d69-9f2a-1b610f9eee04","15","67","331","2012-03-09","","KDA-TRANSCRIPTION-LN14-2012","false","provisional"
"a3b6948d-b965-52d4-9b49-31daa750aadc","KEN-C015-CON067-W0332","Kyuso","kyuso","ward","electoral","027c8dd3-1a56-5d69-9f2a-1b610f9eee04","15","67","332","2012-03-09","","KDA-TRANSCRIPTION-LN14-2012","false","provisional"
"bc9c535a-87dd-5189-9318-b996f1ad27cc","KEN-C015-CON067-W0333","Mumoni","mumoni","ward","electoral","027c8dd3-1a56-5d69-9f2a-1b610f9eee04","15","67","333","2012-03-09","","KDA-TRANSCRIPTION-LN14-2012","false","provisional"
"18e2dcb0-4066-53f4-96bc-f42a9b58318c","KEN-C015-CON067-W0334","Tseikuru","tseikuru","ward","electoral","027c8dd3-1a56-5d69-9f2a-1b610f9eee04","15","67","334","2012-03-09","","KDA-TRANSCRIPTION-LN14-2012","false","provisional"
"4b4d444e-3b98-5124-b11c-67da0b1bb5ea","KEN-C015-CON067-W0335","Tharaka","tharaka","ward","electoral","027c8dd3-1a56-5d69-9f2a-1b610f9eee04","15","67","335","2012-03-09","","KDA-TRANSCRIPTION-LN14-2012","false","provisional"
"f0e28ab4-2cce-5c58-aea6-668a23462313","KEN-C015-CON068-W0336","Kyome/Thaana","kyome-thaana","ward","electoral","074b6e16-ae88-5f98-b65a-da4f204f79e1","15","68","336","2012-03-09","","KDA-TRANSCRIPTION-LN14-2012","false","provisional"
"78b06159-7010-58a0-a712-35a477f96446","KEN-C015-CON068-W0337","Nguutani","nguutani","ward","electoral","074b6e16-ae88-5f98-b65a-da4f204f79e1","15","68","337","2012-03-09","","KDA-TRANSCRIPTION-LN14-2012","false","provisional"
"f44cc775-9f32-5dac-aa19-1e6f29d7d7bc","KEN-C015-CON068-W0338","Migwani","migwani","ward","electoral","074b6e16-ae88-5f98-b65a-da4f204f79e1","15","68","338","2012-03-09","","KDA-TRANSCRIPTION-LN14-2012","false","provisional"
"54340cf0-f307-598d-85d5-166304b4d34a","KEN-C015-CON068-W0339","Kiomo/Kyethani","kiomo-kyethani","ward","electoral","074b6e16-ae88-5f98-b65a-da4f204f79e1","15","68","339","2012-03-09","","KDA-TRANSCRIPTION-LN14-2012","false","provisional"
"92f8cbab-8a82-549e-b169-1aec4d70443e","KEN-C015-CON069-W0340","Central","central","ward","electoral","566dfdda-4d18-586f-8c5d-2f38b1c97e5b","15","69","340","2012-03-09","","KDA-TRANSCRIPTION-LN14-2012","false","provisional"
"05050949-09cd-5861-b616-fe97aee67899","KEN-C015-CON069-W0341","Kivou","kivou","ward","electoral","566dfdda-4d18-586f-8c5d-2f38b1c97e5b","15","69","341","2012-03-09","","KDA-TRANSCRIPTION-LN14-2012","false","provisional"
"f9d5b3b2-139e-525a-8866-c721931fbd4b","KEN-C015-CON069-W0342","Nguni","nguni","ward","electoral","566dfdda-4d18-586f-8c5d-2f38b1c97e5b","15","69","342","2012-03-09","","KDA-TRANSCRIPTION-LN14-2012","false","provisional"
"35b8492e-070c-50a2-a46b-6b8db7a88387","KEN-C015-CON069-W0343","Nuu","nuu","ward","electoral","566dfdda-4d18-586f-8c5d-2f38b1c97e5b","15","69","343","2012-03-09","","KDA-TRANSCRIPTION-LN14-2012","false","provisional"
"ca4fefaf-7c82-5900-aad1-d22666fe8c9c","KEN-C015-CON069-W0344","Mui","mui","ward","electoral","566dfdda-4d18-586f-8c5d-2f38b1c97e5b","15","69","344","2012-03-09","","KDA-TRANSCRIPTION-LN14-2012","false","provisional"
"43c95e0a-3544-59f7-991c-73d1431632f6","KEN-C015-CON069-W0345","Waita","waita","ward","electoral","566dfdda-4d18-586f-8c5d-2f38b1c97e5b","15","69","345","2012-03-09","","KDA-TRANSCRIPTION-LN14-2012","false","provisional"
"613fd9ff-032c-5acc-a827-6e46db693034","KEN-C015-CON070-W0346","Mutonguni","mutonguni","ward","electoral","6572b744-7cce-5ca4-9d70-a8dfafd16fcc","15","70","346","2012-03-09","","KDA-TRANSCRIPTION-LN14-2012","false","provisional"
"d637b839-3182-5ed7-999f-bdf41d26790b","KEN-C015-CON070-W0347","Kauwi","kauwi","ward","electoral","6572b744-7cce-5ca4-9d70-a8dfafd16fcc","15","70","347","2012-03-09","","KDA-TRANSCRIPTION-LN14-2012","false","provisional"
"909c9f0e-edd5-50e3-8d59-6083ae872acd","KEN-C015-CON070-W0348","Matinyani","matinyani","ward","electoral","6572b744-7cce-5ca4-9d70-a8dfafd16fcc","15","70","348","2012-03-09","","KDA-TRANSCRIPTION-LN14-2012","false","provisional"
"74d699ae-411a-5d6c-8d4c-9a450355ac4d","KEN-C015-CON070-W0349","Kwa Mutonga/Kithumula","kwa-mutonga-kithumula","ward","electoral","6572b744-7cce-5ca4-9d70-a8dfafd16fcc","15","70","349","2012-03-09","","KDA-TRANSCRIPTION-LN14-2012","false","provisional"
"16a0f2c5-720a-52bc-84da-ec6ce40a31e6","KEN-C015-CON071-W0350","Kisasi","kisasi","ward","electoral","f8f474af-cf02-5858-a220-9930e7598a38","15","71","350","2012-03-09","","KDA-TRANSCRIPTION-LN14-2012","false","provisional"
"08d8cb77-6e6f-5133-8ec6-bc2e74799e81","KEN-C015-CON071-W0351","Mbitini","mbitini","ward","electoral","f8f474af-cf02-5858-a220-9930e7598a38","15","71","351","2012-03-09","","KDA-TRANSCRIPTION-LN14-2012","false","provisional"
"b4375bd8-576d-5759-8320-c5ac42920e49","KEN-C015-CON071-W0352","Kwavonza/Yatta","kwavonza-yatta","ward","electoral","f8f474af-cf02-5858-a220-9930e7598a38","15","71","352","2012-03-09","","KDA-TRANSCRIPTION-LN14-2012","false","provisional"
"5da36258-0d33-50f5-99e1-0d3cd0062cfd","KEN-C015-CON071-W0353","Kanyangi","kanyangi","ward","electoral","f8f474af-cf02-5858-a220-9930e7598a38","15","71","353","2012-03-09","","KDA-TRANSCRIPTION-LN14-2012","false","provisional"
"e1283696-c739-5280-bf95-80fb31742944","KEN-C015-CON072-W0354","Miambani","miambani","ward","electoral","bf575b9a-bd43-55e5-ad37-019ec53c403e","15","72","354","2012-03-09","","KDA-TRANSCRIPTION-LN14-2012","false","provisional"
"4c32d4b7-31e5-54f2-b632-0ff2c61bc7ea","KEN-C015-CON072-W0355","Township","township","ward","electoral","bf575b9a-bd43-55e5-ad37-019ec53c403e","15","72","355","2012-03-09","","KDA-TRANSCRIPTION-LN14-2012","false","provisional"
"e3da7548-4da4-5c2f-89eb-40efcc1f2a2a","KEN-C015-CON072-W0356","Kyangwithya West","kyangwithya-west","ward","electoral","bf575b9a-bd43-55e5-ad37-019ec53c403e","15","72","356","2012-03-09","","KDA-TRANSCRIPTION-LN14-2012","false","provisional"
"bdeb1ecc-85ec-513b-a3ad-ba482981f997","KEN-C015-CON072-W0357","Mulango","mulango","ward","electoral","bf575b9a-bd43-55e5-ad37-019ec53c403e","15","72","357","2012-03-09","","KDA-TRANSCRIPTION-LN14-2012","false","provisional"
"76a09d4e-5638-5c1e-a613-3938c7da2923","KEN-C015-CON072-W0358","Kyangwithya East","kyangwithya-east","ward","electoral","bf575b9a-bd43-55e5-ad37-019ec53c403e","15","72","358","2012-03-09","","KDA-TRANSCRIPTION-LN14-2012","false","provisional"
"8dac3b7d-07c5-5dc9-a651-513f71615528","KEN-C015-CON073-W0359","Zombe/Mwitika","zombe-mwitika","ward","electoral","8353c485-9f28-5760-91f1-ed6b6ef05286","15","73","359","2012-03-09","","KDA-TRANSCRIPTION-LN14-2012","false","provisional"
"02829bf3-fa82-50a3-874c-697b4b0d213c","KEN-C015-CON073-W0360","Chuluni","chuluni","ward","electoral","8353c485-9f28-5760-91f1-ed6b6ef05286","15","73","360","2012-03-09","","KDA-TRANSCRIPTION-LN14-2012","false","provisional"
"bae3a256-4c21-5f47-b0b1-8195770d189c","KEN-C015-CON073-W0361","Nzambani","nzambani","ward","electoral","8353c485-9f28-5760-91f1-ed6b6ef05286","15","73","361","2012-03-09","","KDA-TRANSCRIPTION-LN14-2012","false","provisional"
"f332a43d-b547-5cf3-af25-5d02087315db","KEN-C015-CON073-W0362","Voo/Kyamatu","voo-kyamatu","ward","electoral","8353c485-9f28-5760-91f1-ed6b6ef05286","15","73","362","2012-03-09","","KDA-TRANSCRIPTION-LN14-2012","false","provisional"
"75d62070-2772-578f-867c-daea27460d83","KEN-C015-CON073-W0363","Endau/Malalani","endau-malalani","ward","electoral","8353c485-9f28-5760-91f1-ed6b6ef05286","15","73","363","2012-03-09","","KDA-TRANSCRIPTION-LN14-2012","false","provisional"
"d82d64dd-8706-5290-b32d-945929e92c9e","KEN-C015-CON073-W0364","Mutito/Kaliku","mutito-kaliku","ward","electoral","8353c485-9f28-5760-91f1-ed6b6ef05286","15","73","364","2012-03-09","","KDA-TRANSCRIPTION-LN14-2012","false","provisional"
"437e32ce-bfdb-51b4-b75f-a0da6aad2f15","KEN-C015-CON074-W0365","Ikanga/Kyatune","ikanga-kyatune","ward","electoral","7f9e2d72-f726-59db-82f8-29c4c21d416f","15","74","365","2012-03-09","","KDA-TRANSCRIPTION-LN14-2012","false","provisional"
"fbe92394-faa2-59e5-a265-ecc0da707d60","KEN-C015-CON074-W0366","Mutomo","mutomo","ward","electoral","7f9e2d72-f726-59db-82f8-29c4c21d416f","15","74","366","2012-03-09","","KDA-TRANSCRIPTION-LN14-2012","false","provisional"
"83881b94-490f-5f71-83bf-d4856fe93c1f","KEN-C015-CON074-W0367","Mutha","mutha","ward","electoral","7f9e2d72-f726-59db-82f8-29c4c21d416f","15","74","367","2012-03-09","","KDA-TRANSCRIPTION-LN14-2012","false","provisional"
"cc9e262e-749f-523e-8cb7-51a9168b8812","KEN-C015-CON074-W0368","Ikutha","ikutha","ward","electoral","7f9e2d72-f726-59db-82f8-29c4c21d416f","15","74","368","2012-03-09","","KDA-TRANSCRIPTION-LN14-2012","false","provisional"
"53f2b1f2-7ac2-5a76-a39b-bfe5c182f7b5","KEN-C015-CON074-W0369","Kanziko","kanziko","ward","electoral","7f9e2d72-f726-59db-82f8-29c4c21d416f","15","74","369","2012-03-09","","KDA-TRANSCRIPTION-LN14-2012","false","provisional"
"c8c3775d-0458-529c-b347-1d30b99b6984","KEN-C015-CON074-W0370","Athi","athi","ward","electoral","7f9e2d72-f726-59db-82f8-29c4c21d416f","15","74","370","2012-03-09","","KDA-TRANSCRIPTION-LN14-2012","false","provisional"
"8fba00b8-4ff7-53c4-b1fa-c7930ce5d7fa","KEN-C016-CON075-W0371","Kivaa","kivaa","ward","electoral","9b837daf-e68c-548a-8b71-93da3f808718","16","75","371","2012-03-09","","KDA-TRANSCRIPTION-LN14-2012","false","provisional"
"9c859a9e-d2c5-5190-b985-7982ccef76b2","KEN-C016-CON075-W0372","Masinga Central","masinga-central","ward","electoral","9b837daf-e68c-548a-8b71-93da3f808718","16","75","372","2012-03-09","","KDA-TRANSCRIPTION-LN14-2012","false","provisional"
"fc0707e1-b330-5b70-a509-f28c254774e3","KEN-C016-CON075-W0373","Ekalakala","ekalakala","ward","electoral","9b837daf-e68c-548a-8b71-93da3f808718","16","75","373","2012-03-09","","KDA-TRANSCRIPTION-LN14-2012","false","provisional"
"d1027da7-0c1e-578d-8225-fecb619348b4","KEN-C016-CON075-W0374","Muthesya","muthesya","ward","electoral","9b837daf-e68c-548a-8b71-93da3f808718","16","75","374","2012-03-09","","KDA-TRANSCRIPTION-LN14-2012","false","provisional"
"1598c3b8-8ca3-5875-a7ac-46a2420b363b","KEN-C016-CON075-W0375","Ndithini","ndithini","ward","electoral","9b837daf-e68c-548a-8b71-93da3f808718","16","75","375","2012-03-09","","KDA-TRANSCRIPTION-LN14-2012","false","provisional"
"59bddde9-c8a1-5155-a5da-c69077b4a0e2","KEN-C016-CON076-W0376","Ndalani","ndalani","ward","electoral","113afd48-eb33-581e-b225-f2d5f1ebce72","16","76","376","2012-03-09","","KDA-TRANSCRIPTION-LN14-2012","false","provisional"
"dd12670b-7ef4-5b4f-b1aa-0aa6c1539f93","KEN-C016-CON076-W0377","Matuu","matuu","ward","electoral","113afd48-eb33-581e-b225-f2d5f1ebce72","16","76","377","2012-03-09","","KDA-TRANSCRIPTION-LN14-2012","false","provisional"
"3da57f0a-575a-542d-b302-1b0d98f1356d","KEN-C016-CON076-W0378","Kithimani","kithimani","ward","electoral","113afd48-eb33-581e-b225-f2d5f1ebce72","16","76","378","2012-03-09","","KDA-TRANSCRIPTION-LN14-2012","false","provisional"
"1334d104-d315-5d75-874b-de44483fe12c","KEN-C016-CON076-W0379","Ikombe","ikombe","ward","electoral","113afd48-eb33-581e-b225-f2d5f1ebce72","16","76","379","2012-03-09","","KDA-TRANSCRIPTION-LN14-2012","false","provisional"
"573d01b8-5572-575a-a0c2-cd76606e5160","KEN-C016-CON076-W0380","Katangi","katangi","ward","electoral","113afd48-eb33-581e-b225-f2d5f1ebce72","16","76","380","2012-03-09","","KDA-TRANSCRIPTION-LN14-2012","false","provisional"
"898dd524-5f21-5fba-8b8c-9d9e65e5ed43","KEN-C016-CON077-W0381","Kangundo North","kangundo-north","ward","electoral","3e410b30-9bad-5a64-b929-709444c77d62","16","77","381","2012-03-09","","KDA-TRANSCRIPTION-LN14-2012","false","provisional"
"4c05c41c-4cb5-5bcc-b83a-e915d38613f9","KEN-C016-CON077-W0382","Kangundo Central","kangundo-central","ward","electoral","3e410b30-9bad-5a64-b929-709444c77d62","16","77","382","2012-03-09","","KDA-TRANSCRIPTION-LN14-2012","false","provisional"
"cfc1e36f-b5aa-5da2-90d4-43d996b69279","KEN-C016-CON077-W0383","Kangundo East","kangundo-east","ward","electoral","3e410b30-9bad-5a64-b929-709444c77d62","16","77","383","2012-03-09","","KDA-TRANSCRIPTION-LN14-2012","false","provisional"
"f8a45b51-4005-5a3e-9efd-876f3996394e","KEN-C016-CON077-W0384","Kangundo West","kangundo-west","ward","electoral","3e410b30-9bad-5a64-b929-709444c77d62","16","77","384","2012-03-09","","KDA-TRANSCRIPTION-LN14-2012","false","provisional"
"f778e249-8501-51c8-aa9f-6ce776f1fa85","KEN-C016-CON078-W0385","Tala","tala","ward","electoral","c221fad5-2ec5-570e-bf6a-7667fc4922ae","16","78","385","2012-03-09","","KDA-TRANSCRIPTION-LN14-2012","false","provisional"
"5baba020-5436-5067-98d9-13350e87f594","KEN-C016-CON078-W0386","Matungulu North","matungulu-north","ward","electoral","c221fad5-2ec5-570e-bf6a-7667fc4922ae","16","78","386","2012-03-09","","KDA-TRANSCRIPTION-LN14-2012","false","provisional"
"da5a5e7e-3929-588c-a9ee-2b2fb8dec673","KEN-C016-CON078-W0387","Matungulu East","matungulu-east","ward","electoral","c221fad5-2ec5-570e-bf6a-7667fc4922ae","16","78","387","2012-03-09","","KDA-TRANSCRIPTION-LN14-2012","false","provisional"
"f48df194-269e-5bc5-8796-a8420b86cbc4","KEN-C016-CON078-W0388","Matungulu West","matungulu-west","ward","electoral","c221fad5-2ec5-570e-bf6a-7667fc4922ae","16","78","388","2012-03-09","","KDA-TRANSCRIPTION-LN14-2012","false","provisional"
"96899165-978e-5dc5-9e13-563fd55abc2f","KEN-C016-CON078-W0389","Kyeleni","kyeleni","ward","electoral","c221fad5-2ec5-570e-bf6a-7667fc4922ae","16","78","389","2012-03-09","","KDA-TRANSCRIPTION-LN14-2012","false","provisional"
"fe54909d-dca7-5f19-8ecd-75105d823d54","KEN-C016-CON079-W0390","Mitaboni","mitaboni","ward","electoral","e2ba7831-aaee-536c-b10d-0ab4f1a3a043","16","79","390","2012-03-09","","KDA-TRANSCRIPTION-LN14-2012","false","provisional"
"ab4d3386-d299-5845-a084-9a3f2aa0adce","KEN-C016-CON079-W0391","Kathiani Central","kathiani-central","ward","electoral","e2ba7831-aaee-536c-b10d-0ab4f1a3a043","16","79","391","2012-03-09","","KDA-TRANSCRIPTION-LN14-2012","false","provisional"
"fdd54cfa-0ea6-50d3-815d-07757474021e","KEN-C016-CON079-W0392","Upper Kaewa/Iveti","upper-kaewa-iveti","ward","electoral","e2ba7831-aaee-536c-b10d-0ab4f1a3a043","16","79","392","2012-03-09","","KDA-TRANSCRIPTION-LN14-2012","false","provisional"
"fc0efec3-4ade-5cc4-9d4c-0e10b4aa905a","KEN-C016-CON079-W0393","Lower Kaewa/Kaani","lower-kaewa-kaani","ward","electoral","e2ba7831-aaee-536c-b10d-0ab4f1a3a043","16","79","393","2012-03-09","","KDA-TRANSCRIPTION-LN14-2012","false","provisional"
"25c4199b-66e1-54cb-8fcd-a8edbcaa0ee0","KEN-C016-CON080-W0394","Athi River","athi-river","ward","electoral","f4528eeb-59db-5a8c-8372-c837a7fa6ab5","16","80","394","2012-03-09","","KDA-TRANSCRIPTION-LN14-2012","false","provisional"
"be5944db-90bf-5b65-b230-ffd66e6b4c72","KEN-C016-CON080-W0395","Kinanie","kinanie","ward","electoral","f4528eeb-59db-5a8c-8372-c837a7fa6ab5","16","80","395","2012-03-09","","KDA-TRANSCRIPTION-LN14-2012","false","provisional"
"d51457cc-8845-541e-bdcb-04481d095e77","KEN-C016-CON080-W0396","Muthwani","muthwani","ward","electoral","f4528eeb-59db-5a8c-8372-c837a7fa6ab5","16","80","396","2012-03-09","","KDA-TRANSCRIPTION-LN14-2012","false","provisional"
"36eefe74-7cea-57c0-843a-ea42b45a15cd","KEN-C016-CON080-W0397","Syokimau/Mulolongo","syokimau-mulolongo","ward","electoral","f4528eeb-59db-5a8c-8372-c837a7fa6ab5","16","80","397","2012-03-09","","KDA-TRANSCRIPTION-LN14-2012","false","provisional"
"baf73f53-d590-5409-8656-7f7d2fa00aac","KEN-C016-CON081-W0398","Kalama","kalama","ward","electoral","ee994bd4-19ab-54d0-bde6-09905091d472","16","81","398","2012-03-09","","KDA-TRANSCRIPTION-LN14-2012","false","provisional"
"d63bf11b-f870-5c5f-a5f8-0c07d9dae0a4","KEN-C016-CON081-W0399","Mua","mua","ward","electoral","ee994bd4-19ab-54d0-bde6-09905091d472","16","81","399","2012-03-09","","KDA-TRANSCRIPTION-LN14-2012","false","provisional"
"15babf6d-1c43-5024-9ae0-59cafaa4cfb9","KEN-C016-CON081-W0400","Mutituni","mutituni","ward","electoral","ee994bd4-19ab-54d0-bde6-09905091d472","16","81","400","2012-03-09","","KDA-TRANSCRIPTION-LN14-2012","false","provisional"
"c393071c-fdbf-5fbc-ad27-3e9ac4929bb1","KEN-C016-CON081-W0401","Machakos Central","machakos-central","ward","electoral","ee994bd4-19ab-54d0-bde6-09905091d472","16","81","401","2012-03-09","","KDA-TRANSCRIPTION-LN14-2012","false","provisional"
"e8d5edb4-b141-55c5-82ff-b5fab2a3fb37","KEN-C016-CON081-W0402","Mumbuni North","mumbuni-north","ward","electoral","ee994bd4-19ab-54d0-bde6-09905091d472","16","81","402","2012-03-09","","KDA-TRANSCRIPTION-LN14-2012","false","provisional"
"087cab96-6bb0-5a21-a952-d16128a0d7c4","KEN-C016-CON081-W0403","Muvuti/Kiima-Kimwe","muvuti-kiima-kimwe","ward","electoral","ee994bd4-19ab-54d0-bde6-09905091d472","16","81","403","2012-03-09","","KDA-TRANSCRIPTION-LN14-2012","false","provisional"
"eb1009b9-a2f5-54e1-9c55-f6cf2d6e8d4f","KEN-C016-CON081-W0404","Kola","kola","ward","electoral","ee994bd4-19ab-54d0-bde6-09905091d472","16","81","404","2012-03-09","","KDA-TRANSCRIPTION-LN14-2012","false","provisional"
"cb4c14cf-a6a3-5539-88b0-f5e1b01c1645","KEN-C016-CON082-W0405","Mbiuni","mbiuni","ward","electoral","683c128b-adca-57ed-9641-bfad75bf9abd","16","82","405","2012-03-09","","KDA-TRANSCRIPTION-LN14-2012","false","provisional"
"ade21a3d-858b-547b-8745-7b5d2e4568ac","KEN-C016-CON082-W0406","Makutano/ Mwala","makutano-mwala","ward","electoral","683c128b-adca-57ed-9641-bfad75bf9abd","16","82","406","2012-03-09","","KDA-TRANSCRIPTION-LN14-2012","false","provisional"
"24723f62-d3ca-5132-8be1-be55220a58d7","KEN-C016-CON082-W0407","Masii","masii","ward","electoral","683c128b-adca-57ed-9641-bfad75bf9abd","16","82","407","2012-03-09","","KDA-TRANSCRIPTION-LN14-2012","false","provisional"
"85e8dc71-3ce1-51e5-bddb-9a76adfdc8f5","KEN-C016-CON082-W0408","Muthetheni","muthetheni","ward","electoral","683c128b-adca-57ed-9641-bfad75bf9abd","16","82","408","2012-03-09","","KDA-TRANSCRIPTION-LN14-2012","false","provisional"
"f30e90c4-63d4-5bc9-8d22-2c52430acaf0","KEN-C016-CON082-W0409","Wamunyu","wamunyu","ward","electoral","683c128b-adca-57ed-9641-bfad75bf9abd","16","82","409","2012-03-09","","KDA-TRANSCRIPTION-LN14-2012","false","provisional"
"c4aa03f3-439f-5cc5-aefa-980be7778437","KEN-C016-CON082-W0410","Kibauni","kibauni","ward","electoral","683c128b-adca-57ed-9641-bfad75bf9abd","16","82","410","2012-03-09","","KDA-TRANSCRIPTION-LN14-2012","false","provisional"
"a2ac0106-cbca-56d9-85f3-fb21fe9bf63f","KEN-C017-CON083-W0411","Tulimani","tulimani","ward","electoral","23e84501-c742-58f0-aec4-e508c2a9aba9","17","83","411","2012-03-09","","KDA-TRANSCRIPTION-LN14-2012","false","provisional"
"1bedce60-9448-5cd5-8c68-cf9513da986d","KEN-C017-CON083-W0412","Mbooni","mbooni","ward","electoral","23e84501-c742-58f0-aec4-e508c2a9aba9","17","83","412","2012-03-09","","KDA-TRANSCRIPTION-LN14-2012","false","provisional"
"893a7350-698d-5a59-ad9f-2ae248ffeba8","KEN-C017-CON083-W0413","Kithungo/Kitundu","kithungo-kitundu","ward","electoral","23e84501-c742-58f0-aec4-e508c2a9aba9","17","83","413","2012-03-09","","KDA-TRANSCRIPTION-LN14-2012","false","provisional"
"11c9368e-4b8a-5417-a4ea-e5d3cae27166","KEN-C017-CON083-W0414","Kisau/Kiteta","kisau-kiteta","ward","electoral","23e84501-c742-58f0-aec4-e508c2a9aba9","17","83","414","2012-03-09","","KDA-TRANSCRIPTION-LN14-2012","false","provisional"
"1e23f421-1e4f-58a7-96bf-632524d3502d","KEN-C017-CON083-W0415","Waia/Kako","waia-kako","ward","electoral","23e84501-c742-58f0-aec4-e508c2a9aba9","17","83","415","2012-03-09","","KDA-TRANSCRIPTION-LN14-2012","false","provisional"
"88aa19fa-3ef4-53c5-9bd1-c6161427ad3a","KEN-C017-CON083-W0416","Kalawa","kalawa","ward","electoral","23e84501-c742-58f0-aec4-e508c2a9aba9","17","83","416","2012-03-09","","KDA-TRANSCRIPTION-LN14-2012","false","provisional"
"e686f691-9cf3-5f9b-b4bd-088da5b65db3","KEN-C017-CON084-W0417","Kasikeu","kasikeu","ward","electoral","086613cf-dc5a-57a4-8412-f25757b631da","17","84","417","2012-03-09","","KDA-TRANSCRIPTION-LN14-2012","false","provisional"
"21b2c9ce-7dcd-50fd-9236-211ee7964b75","KEN-C017-CON084-W0418","Mukaa","mukaa","ward","electoral","086613cf-dc5a-57a4-8412-f25757b631da","17","84","418","2012-03-09","","KDA-TRANSCRIPTION-LN14-2012","false","provisional"
"a50c54b7-7b29-5b60-95a2-85edf7ac0c7b","KEN-C017-CON084-W0419","Kiima Kiu/Kalanzoni","kiima-kiu-kalanzoni","ward","electoral","086613cf-dc5a-57a4-8412-f25757b631da","17","84","419","2012-03-09","","KDA-TRANSCRIPTION-LN14-2012","false","provisional"
"4d82fc0e-2450-516e-aa4c-e7e03ea2d67e","KEN-C017-CON085-W0420","Ukia","ukia","ward","electoral","8e731344-f117-50a0-95a2-a408f2ba476e","17","85","420","2012-03-09","","KDA-TRANSCRIPTION-LN14-2012","false","provisional"
"e7e4043e-5e38-59b2-b70a-72be4a41392c","KEN-C017-CON085-W0421","Kee","kee","ward","electoral","8e731344-f117-50a0-95a2-a408f2ba476e","17","85","421","2012-03-09","","KDA-TRANSCRIPTION-LN14-2012","false","provisional"
"1c66e304-3ba8-5559-af8c-8ed166362bd8","KEN-C017-CON085-W0422","Kilungu","kilungu","ward","electoral","8e731344-f117-50a0-95a2-a408f2ba476e","17","85","422","2012-03-09","","KDA-TRANSCRIPTION-LN14-2012","false","provisional"
"9d91ef23-cb15-5b8e-b2bf-1ff8e2cc08e2","KEN-C017-CON085-W0423","Ilima","ilima","ward","electoral","8e731344-f117-50a0-95a2-a408f2ba476e","17","85","423","2012-03-09","","KDA-TRANSCRIPTION-LN14-2012","false","provisional"
"72c457ff-3d62-54ec-8e88-0465aad6cf7a","KEN-C017-CON086-W0424","Wote","wote","ward","electoral","7f801c8d-f450-5f2c-bb97-aa954d96b32b","17","86","424","2012-03-09","","KDA-TRANSCRIPTION-LN14-2012","false","provisional"
"9affa358-609d-51ca-b662-8f043067837d","KEN-C017-CON086-W0425","Muvau/Kikuumini","muvau-kikuumini","ward","electoral","7f801c8d-f450-5f2c-bb97-aa954d96b32b","17","86","425","2012-03-09","","KDA-TRANSCRIPTION-LN14-2012","false","provisional"
"568b3878-1910-5251-ae16-c2f63d1f24e7","KEN-C017-CON086-W0426","Mavindini","mavindini","ward","electoral","7f801c8d-f450-5f2c-bb97-aa954d96b32b","17","86","426","2012-03-09","","KDA-TRANSCRIPTION-LN14-2012","false","provisional"
"0846b5dc-61b1-5854-9ce3-ff78ffaa5ccf","KEN-C017-CON086-W0427","Kitise/Kithuki","kitise-kithuki","ward","electoral","7f801c8d-f450-5f2c-bb97-aa954d96b32b","17","86","427","2012-03-09","","KDA-TRANSCRIPTION-LN14-2012","false","provisional"
"f69d54dc-459f-5250-902c-61ecd8469583","KEN-C017-CON086-W0428","Kathonzweni","kathonzweni","ward","electoral","7f801c8d-f450-5f2c-bb97-aa954d96b32b","17","86","428","2012-03-09","","KDA-TRANSCRIPTION-LN14-2012","false","provisional"
"80194935-7a0b-5783-93c1-593421749f3a","KEN-C017-CON086-W0429","Nzaui/Kilili/Kalamba","nzaui-kilili-kalamba","ward","electoral","7f801c8d-f450-5f2c-bb97-aa954d96b32b","17","86","429","2012-03-09","","KDA-TRANSCRIPTION-LN14-2012","false","provisional"
"9eaabb39-7b9c-5fb5-80f5-809e2fc5b040","KEN-C017-CON086-W0430","Mbitini","mbitini","ward","electoral","7f801c8d-f450-5f2c-bb97-aa954d96b32b","17","86","430","2012-03-09","","KDA-TRANSCRIPTION-LN14-2012","false","provisional"
"9231efd8-98e2-530a-ad78-0387187f2c32","KEN-C017-CON087-W0431","Makindu","makindu","ward","electoral","3d4c3a7d-c89d-5485-87b3-9eaf63e2cf25","17","87","431","2012-03-09","","KDA-TRANSCRIPTION-LN14-2012","false","provisional"
"4574e52c-774f-518a-98a2-0ac95845d5ce","KEN-C017-CON087-W0432","Nguumo","nguumo","ward","electoral","3d4c3a7d-c89d-5485-87b3-9eaf63e2cf25","17","87","432","2012-03-09","","KDA-TRANSCRIPTION-LN14-2012","false","provisional"
"1aa3922e-e89f-55b3-829c-44ab74c45bac","KEN-C017-CON087-W0433","Kikumbulyu North","kikumbulyu-north","ward","electoral","3d4c3a7d-c89d-5485-87b3-9eaf63e2cf25","17","87","433","2012-03-09","","KDA-TRANSCRIPTION-LN14-2012","false","provisional"
"67f393db-22ba-58f9-824c-63470cb84f01","KEN-C017-CON087-W0434","Kikumbulyu South","kikumbulyu-south","ward","electoral","3d4c3a7d-c89d-5485-87b3-9eaf63e2cf25","17","87","434","2012-03-09","","KDA-TRANSCRIPTION-LN14-2012","false","provisional"
"00a9905c-f26f-5908-be2f-7ad05faa28c5","KEN-C017-CON087-W0435","Nguu/Masumba","nguu-masumba","ward","electoral","3d4c3a7d-c89d-5485-87b3-9eaf63e2cf25","17","87","435","2012-03-09","","KDA-TRANSCRIPTION-LN14-2012","false","provisional"
"8762a688-49f5-5a26-aef1-aee28090fbdb","KEN-C017-CON087-W0436","Emali/Mulala","emali-mulala","ward","electoral","3d4c3a7d-c89d-5485-87b3-9eaf63e2cf25","17","87","436","2012-03-09","","KDA-TRANSCRIPTION-LN14-2012","false","provisional"
"7fc3a4c7-e352-5bf0-beb6-3e8d1cf0c533","KEN-C017-CON088-W0437","Masongaleni","masongaleni","ward","electoral","76688ca1-8771-5028-b381-360e8855adf7","17","88","437","2012-03-09","","KDA-TRANSCRIPTION-LN14-2012","false","provisional"
"ac795b0a-9b6c-5b9a-91b9-af6032bc86ef","KEN-C017-CON088-W0438","Mtito Andei","mtito-andei","ward","electoral","76688ca1-8771-5028-b381-360e8855adf7","17","88","438","2012-03-09","","KDA-TRANSCRIPTION-LN14-2012","false","provisional"
"fd1a3839-9f19-51a6-aeae-a9da72271b29","KEN-C017-CON088-W0439","Thange","thange","ward","electoral","76688ca1-8771-5028-b381-360e8855adf7","17","88","439","2012-03-09","","KDA-TRANSCRIPTION-LN14-2012","false","provisional"
"4146cbd0-3bd4-513b-8e75-33f2d9c79677","KEN-C017-CON088-W0440","Ivingoni/Nzambani","ivingoni-nzambani","ward","electoral","76688ca1-8771-5028-b381-360e8855adf7","17","88","440","2012-03-09","","KDA-TRANSCRIPTION-LN14-2012","false","provisional"
"f0fba172-9fd4-5330-9866-5e8d81560b04","KEN-C018-CON089-W0441","Engineer","engineer","ward","electoral","3e76fbdd-f883-5e80-ac5d-e12f619bc840","18","89","441","2012-03-09","","KDA-TRANSCRIPTION-LN14-2012","false","provisional"
"b4083abe-9784-509c-8056-70c3b0295ed3","KEN-C018-CON089-W0442","Gathara","gathara","ward","electoral","3e76fbdd-f883-5e80-ac5d-e12f619bc840","18","89","442","2012-03-09","","KDA-TRANSCRIPTION-LN14-2012","false","provisional"
"5dd6100d-1147-52f6-af83-03b056fcb043","KEN-C018-CON089-W0443","North Kinangop","north-kinangop","ward","electoral","3e76fbdd-f883-5e80-ac5d-e12f619bc840","18","89","443","2012-03-09","","KDA-TRANSCRIPTION-LN14-2012","false","provisional"
"ebe84f33-4673-5684-9d1d-f60c21c1a94e","KEN-C018-CON089-W0444","Murungaru","murungaru","ward","electoral","3e76fbdd-f883-5e80-ac5d-e12f619bc840","18","89","444","2012-03-09","","KDA-TRANSCRIPTION-LN14-2012","false","provisional"
"37886885-747d-5f8c-aa89-1c2557c951cd","KEN-C018-CON089-W0445","Njabini\kiburu","njabini-kiburu","ward","electoral","3e76fbdd-f883-5e80-ac5d-e12f619bc840","18","89","445","2012-03-09","","KDA-TRANSCRIPTION-LN14-2012","false","provisional"
"9a24a47f-4128-5f0d-ad74-8eb98691d904","KEN-C018-CON089-W0446","Nyakio","nyakio","ward","electoral","3e76fbdd-f883-5e80-ac5d-e12f619bc840","18","89","446","2012-03-09","","KDA-TRANSCRIPTION-LN14-2012","false","provisional"
"28e004f7-4546-5ca2-9efd-0ad77341d879","KEN-C018-CON089-W0447","Githabai","githabai","ward","electoral","3e76fbdd-f883-5e80-ac5d-e12f619bc840","18","89","447","2012-03-09","","KDA-TRANSCRIPTION-LN14-2012","false","provisional"
"1a07cb07-ba4f-5448-a04b-a19840969361","KEN-C018-CON089-W0448","Magumu","magumu","ward","electoral","3e76fbdd-f883-5e80-ac5d-e12f619bc840","18","89","448","2012-03-09","","KDA-TRANSCRIPTION-LN14-2012","false","provisional"
"dc6b8315-7b7b-5e62-8dd3-1976f6a67374","KEN-C018-CON090-W0449","Wanjohi","wanjohi","ward","electoral","ac6a69dc-cc34-526a-80e6-42641cd1c394","18","90","449","2012-03-09","","KDA-TRANSCRIPTION-LN14-2012","false","provisional"
"042a5fe1-cec7-5e84-ad75-a84e5c2328ab","KEN-C018-CON090-W0450","Kipipiri","kipipiri","ward","electoral","ac6a69dc-cc34-526a-80e6-42641cd1c394","18","90","450","2012-03-09","","KDA-TRANSCRIPTION-LN14-2012","false","provisional"
"1e81f0c8-62d3-56d5-9074-eea9279d7737","KEN-C018-CON090-W0451","Geta","geta","ward","electoral","ac6a69dc-cc34-526a-80e6-42641cd1c394","18","90","451","2012-03-09","","KDA-TRANSCRIPTION-LN14-2012","false","provisional"
"a59a81bf-7b27-5808-ad4b-76bf31bcf0b4","KEN-C018-CON090-W0452","Githioro","githioro","ward","electoral","ac6a69dc-cc34-526a-80e6-42641cd1c394","18","90","452","2012-03-09","","KDA-TRANSCRIPTION-LN14-2012","false","provisional"
"0de10c7b-686f-55a9-9199-a76d2ef7cb84","KEN-C018-CON091-W0453","Karau","karau","ward","electoral","61df211d-b1f1-5856-bcc7-826049a93c66","18","91","453","2012-03-09","","KDA-TRANSCRIPTION-LN14-2012","false","provisional"
"1ec5ae96-d991-5e09-a817-a0d88c939dd8","KEN-C018-CON091-W0454","Kanjuiri Ridge","kanjuiri-ridge","ward","electoral","61df211d-b1f1-5856-bcc7-826049a93c66","18","91","454","2012-03-09","","KDA-TRANSCRIPTION-LN14-2012","false","provisional"
"8f349670-451c-5288-a9b0-72aa24709064","KEN-C018-CON091-W0455","Mirangine","mirangine","ward","electoral","61df211d-b1f1-5856-bcc7-826049a93c66","18","91","455","2012-03-09","","KDA-TRANSCRIPTION-LN14-2012","false","provisional"
"3af685d6-47d4-5fd9-988f-49f8369af879","KEN-C018-CON091-W0456","Kaimbaga","kaimbaga","ward","electoral","61df211d-b1f1-5856-bcc7-826049a93c66","18","91","456","2012-03-09","","KDA-TRANSCRIPTION-LN14-2012","false","provisional"
"abf00d26-b8ca-55d8-851e-f0b94267db82","KEN-C018-CON091-W0457","Rurii","rurii","ward","electoral","61df211d-b1f1-5856-bcc7-826049a93c66","18","91","457","2012-03-09","","KDA-TRANSCRIPTION-LN14-2012","false","provisional"
"0ecfbc8c-7de5-501b-b2ed-f59bdde9877d","KEN-C018-CON092-W0458","Gathanji","gathanji","ward","electoral","634aa4c7-5fc9-596e-974a-e111e82533d0","18","92","458","2012-03-09","","KDA-TRANSCRIPTION-LN14-2012","false","provisional"
"47ef51a7-8679-59e1-b925-1c2ab88412ab","KEN-C018-CON092-W0459","Gatimu","gatimu","ward","electoral","634aa4c7-5fc9-596e-974a-e111e82533d0","18","92","459","2012-03-09","","KDA-TRANSCRIPTION-LN14-2012","false","provisional"
"f8a9f68a-bb3f-5340-9d17-c783c06515f0","KEN-C018-CON092-W0460","Weru","weru","ward","electoral","634aa4c7-5fc9-596e-974a-e111e82533d0","18","92","460","2012-03-09","","KDA-TRANSCRIPTION-LN14-2012","false","provisional"
"d1edd675-bfa0-5eb1-aa8e-c81868599395","KEN-C018-CON092-W0461","Charagita","charagita","ward","electoral","634aa4c7-5fc9-596e-974a-e111e82533d0","18","92","461","2012-03-09","","KDA-TRANSCRIPTION-LN14-2012","false","provisional"
"227a7f92-57b5-5bf0-96cf-23c603e9536e","KEN-C018-CON093-W0462","Leshau Pondo","leshau-pondo","ward","electoral","34d37caf-f364-51ba-b7d7-f97970d2dce9","18","93","462","2012-03-09","","KDA-TRANSCRIPTION-LN14-2012","false","provisional"
"8b47ff5d-cb6d-53d5-b8ca-f5154a9b0ee3","KEN-C018-CON093-W0463","Kiriita","kiriita","ward","electoral","34d37caf-f364-51ba-b7d7-f97970d2dce9","18","93","463","2012-03-09","","KDA-TRANSCRIPTION-LN14-2012","false","provisional"
"edd3054d-d9c9-502b-aeae-d3ea8c90d4f4","KEN-C018-CON093-W0464","Central","central","ward","electoral","34d37caf-f364-51ba-b7d7-f97970d2dce9","18","93","464","2012-03-09","","KDA-TRANSCRIPTION-LN14-2012","false","provisional"
"53a9bf8e-da5f-5e45-a930-011feb1dbeca","KEN-C018-CON093-W0465","Shamata","shamata","ward","electoral","34d37caf-f364-51ba-b7d7-f97970d2dce9","18","93","465","2012-03-09","","KDA-TRANSCRIPTION-LN14-2012","false","provisional"
"a04bb7b6-aeb2-5205-8920-0277caa19257","KEN-C019-CON094-W0466","Dedan Kimanthi","dedan-kimanthi","ward","electoral","04206d49-d92c-514f-87c8-36d08e837261","19","94","466","2012-03-09","","KDA-TRANSCRIPTION-LN14-2012","false","provisional"
"7b72147c-57c3-54d0-a411-f5fdd40d5c9a","KEN-C019-CON094-W0467","Wamagana","wamagana","ward","electoral","04206d49-d92c-514f-87c8-36d08e837261","19","94","467","2012-03-09","","KDA-TRANSCRIPTION-LN14-2012","false","provisional"
"d2267fbd-3ba0-5355-a6d1-331c52e85a34","KEN-C019-CON094-W0468","Aguthi/Gaaki","aguthi-gaaki","ward","electoral","04206d49-d92c-514f-87c8-36d08e837261","19","94","468","2012-03-09","","KDA-TRANSCRIPTION-LN14-2012","false","provisional"
"5ebd9e14-8495-5c09-963a-8e8b0b24ff04","KEN-C019-CON095-W0469","Mweiga","mweiga","ward","electoral","fb8c41f7-2a91-50ff-b726-74459bccf562","19","95","469","2012-03-09","","KDA-TRANSCRIPTION-LN14-2012","false","provisional"
"a47fb0d0-e009-5f17-ac2c-41a429165cf4","KEN-C019-CON095-W0470","Naromoru Kiamathaga","naromoru-kiamathaga","ward","electoral","fb8c41f7-2a91-50ff-b726-74459bccf562","19","95","470","2012-03-09","","KDA-TRANSCRIPTION-LN14-2012","false","provisional"
"d34f4738-cb29-5500-89e3-2407ef75a3c9","KEN-C019-CON095-W0471","Mwiyogo/Endarasha","mwiyogo-endarasha","ward","electoral","fb8c41f7-2a91-50ff-b726-74459bccf562","19","95","471","2012-03-09","","KDA-TRANSCRIPTION-LN14-2012","false","provisional"
"b42d12a5-d601-55c1-825e-4b12a10c0454","KEN-C019-CON095-W0472","Mugunda","mugunda","ward","electoral","fb8c41f7-2a91-50ff-b726-74459bccf562","19","95","472","2012-03-09","","KDA-TRANSCRIPTION-LN14-2012","false","provisional"
"035f7720-d5df-5df3-9a98-337b2a5f41c5","KEN-C019-CON095-W0473","Gatarakwa","gatarakwa","ward","electoral","fb8c41f7-2a91-50ff-b726-74459bccf562","19","95","473","2012-03-09","","KDA-TRANSCRIPTION-LN14-2012","false","provisional"
"5bd17cec-cf5c-56b7-a771-234b0a47b37e","KEN-C019-CON095-W0474","Thegu River","thegu-river","ward","electoral","fb8c41f7-2a91-50ff-b726-74459bccf562","19","95","474","2012-03-09","","KDA-TRANSCRIPTION-LN14-2012","false","provisional"
"82cfb3a8-2253-5bf3-a066-944c5b496bdc","KEN-C019-CON095-W0475","Kabaru","kabaru","ward","electoral","fb8c41f7-2a91-50ff-b726-74459bccf562","19","95","475","2012-03-09","","KDA-TRANSCRIPTION-LN14-2012","false","provisional"
"a1f03d59-eaab-5026-aaa5-16eda71bdc0a","KEN-C019-CON095-W0476","Gakawa","gakawa","ward","electoral","fb8c41f7-2a91-50ff-b726-74459bccf562","19","95","476","2012-03-09","","KDA-TRANSCRIPTION-LN14-2012","false","provisional"
"a42f9742-040a-571c-99bd-0b7800a2749d","KEN-C019-CON096-W0477","Ruguru","ruguru","ward","electoral","083a989a-1902-5b1d-825d-8c1eff6d1094","19","96","477","2012-03-09","","KDA-TRANSCRIPTION-LN14-2012","false","provisional"
"66633c8d-64a9-564f-af11-5b37635adec8","KEN-C019-CON096-W0478","Magutu","magutu","ward","electoral","083a989a-1902-5b1d-825d-8c1eff6d1094","19","96","478","2012-03-09","","KDA-TRANSCRIPTION-LN14-2012","false","provisional"
"5ec4556f-0c65-593c-b58b-a17b1f08ba10","KEN-C019-CON096-W0479","Iriaini","iriaini","ward","electoral","083a989a-1902-5b1d-825d-8c1eff6d1094","19","96","479","2012-03-09","","KDA-TRANSCRIPTION-LN14-2012","false","provisional"
"0367fb6c-6b24-5592-a3dc-e83f2b47014a","KEN-C019-CON096-W0480","Konyu","konyu","ward","electoral","083a989a-1902-5b1d-825d-8c1eff6d1094","19","96","480","2012-03-09","","KDA-TRANSCRIPTION-LN14-2012","false","provisional"
"e46ad16b-572f-5773-8a6f-089a7d1079ba","KEN-C019-CON096-W0481","Kirimukuyu","kirimukuyu","ward","electoral","083a989a-1902-5b1d-825d-8c1eff6d1094","19","96","481","2012-03-09","","KDA-TRANSCRIPTION-LN14-2012","false","provisional"
"66a76513-0196-52ce-bc39-db125b1cbc55","KEN-C019-CON096-W0482","Karatina Town","karatina-town","ward","electoral","083a989a-1902-5b1d-825d-8c1eff6d1094","19","96","482","2012-03-09","","KDA-TRANSCRIPTION-LN14-2012","false","provisional"
"60ccda4d-453a-5ad7-8da1-edda1ab7537e","KEN-C019-CON097-W0483","Mahiga","mahiga","ward","electoral","9da3a11f-b5b5-5a44-b47b-d87b75ac8963","19","97","483","2012-03-09","","KDA-TRANSCRIPTION-LN14-2012","false","provisional"
"a07cb7bf-ce0e-58b8-affa-da9a9db653d0","KEN-C019-CON097-W0484","Iria-Ini","iria-ini","ward","electoral","9da3a11f-b5b5-5a44-b47b-d87b75ac8963","19","97","484","2012-03-09","","KDA-TRANSCRIPTION-LN14-2012","false","provisional"
"6df52416-2269-58b0-8230-b16c7538ebfd","KEN-C019-CON097-W0485","Chinga","chinga","ward","electoral","9da3a11f-b5b5-5a44-b47b-d87b75ac8963","19","97","485","2012-03-09","","KDA-TRANSCRIPTION-LN14-2012","false","provisional"
"da809517-b9de-5f12-86f5-0fd751019715","KEN-C019-CON097-W0486","Karima","karima","ward","electoral","9da3a11f-b5b5-5a44-b47b-d87b75ac8963","19","97","486","2012-03-09","","KDA-TRANSCRIPTION-LN14-2012","false","provisional"
"b3a9a73a-f8e4-59b1-ae55-67f2effa39cf","KEN-C019-CON098-W0487","Gikondi","gikondi","ward","electoral","55dd04a8-f179-5eb7-95ad-3241430d03fe","19","98","487","2012-03-09","","KDA-TRANSCRIPTION-LN14-2012","false","provisional"
"ac5041f0-c7e6-50a1-8794-bcf8e1d9fab1","KEN-C019-CON098-W0488","Rugi","rugi","ward","electoral","55dd04a8-f179-5eb7-95ad-3241430d03fe","19","98","488","2012-03-09","","KDA-TRANSCRIPTION-LN14-2012","false","provisional"
"c953657c-5416-5886-8f58-465921c5751b","KEN-C019-CON098-W0489","Mukurwe-Ini West","mukurwe-ini-west","ward","electoral","55dd04a8-f179-5eb7-95ad-3241430d03fe","19","98","489","2012-03-09","","KDA-TRANSCRIPTION-LN14-2012","false","provisional"
"203de5db-0919-57aa-83d5-e448bfc89c35","KEN-C019-CON098-W0490","Mukurwe-Ini Central","mukurwe-ini-central","ward","electoral","55dd04a8-f179-5eb7-95ad-3241430d03fe","19","98","490","2012-03-09","","KDA-TRANSCRIPTION-LN14-2012","false","provisional"
"e6531225-9d5b-5117-b0e5-4aed823907b9","KEN-C019-CON099-W0491","Kiganjo/Mathari","kiganjo-mathari","ward","electoral","e99e5763-f8ac-50e6-bacd-b2c01afa5c0f","19","99","491","2012-03-09","","KDA-TRANSCRIPTION-LN14-2012","false","provisional"
"d5b02981-9d87-5ea9-bb32-282821d5c1a8","KEN-C019-CON099-W0492","Rware","rware","ward","electoral","e99e5763-f8ac-50e6-bacd-b2c01afa5c0f","19","99","492","2012-03-09","","KDA-TRANSCRIPTION-LN14-2012","false","provisional"
"6055cad4-f39b-5b2d-9732-d5d8d5ef06ee","KEN-C019-CON099-W0493","Gatitu/Muruguru","gatitu-muruguru","ward","electoral","e99e5763-f8ac-50e6-bacd-b2c01afa5c0f","19","99","493","2012-03-09","","KDA-TRANSCRIPTION-LN14-2012","false","provisional"
"92fa4d59-6884-5c19-b229-2b90c4317002","KEN-C019-CON099-W0494","Ruring'u","ruringu","ward","electoral","e99e5763-f8ac-50e6-bacd-b2c01afa5c0f","19","99","494","2012-03-09","","KDA-TRANSCRIPTION-LN14-2012","false","provisional"
"625e4f0f-68f0-5c34-ac04-b8e796872def","KEN-C019-CON099-W0495","Kamakwa/Mukaro","kamakwa-mukaro","ward","electoral","e99e5763-f8ac-50e6-bacd-b2c01afa5c0f","19","99","495","2012-03-09","","KDA-TRANSCRIPTION-LN14-2012","false","provisional"
"ff719278-32f8-5f19-ba07-2c0b55c2b798","KEN-C020-CON100-W0496","Mutithi","mutithi","ward","electoral","e1444f53-c417-5985-ab26-c8bfa86e1bd7","20","100","496","2012-03-09","","KDA-TRANSCRIPTION-LN14-2012","false","provisional"
"96cd9e92-89fe-5406-9482-f181d0a09cf9","KEN-C020-CON100-W0497","Kangai","kangai","ward","electoral","e1444f53-c417-5985-ab26-c8bfa86e1bd7","20","100","497","2012-03-09","","KDA-TRANSCRIPTION-LN14-2012","false","provisional"
"0a07dda3-b5b4-5530-9aed-f4c037547d55","KEN-C020-CON100-W0498","Thiba","thiba","ward","electoral","e1444f53-c417-5985-ab26-c8bfa86e1bd7","20","100","498","2012-03-09","","KDA-TRANSCRIPTION-LN14-2012","false","provisional"
"48d5a28d-e67e-586a-9050-ec0ee301596c","KEN-C020-CON100-W0499","Wamumu","wamumu","ward","electoral","e1444f53-c417-5985-ab26-c8bfa86e1bd7","20","100","499","2012-03-09","","KDA-TRANSCRIPTION-LN14-2012","false","provisional"
"c1ba405f-efc5-56b1-b529-b674d29ff306","KEN-C020-CON100-W0500","Nyangati","nyangati","ward","electoral","e1444f53-c417-5985-ab26-c8bfa86e1bd7","20","100","500","2012-03-09","","KDA-TRANSCRIPTION-LN14-2012","false","provisional"
"d29f3d39-bb57-5c92-a5f8-02d05e16589c","KEN-C020-CON100-W0501","Murinduko","murinduko","ward","electoral","e1444f53-c417-5985-ab26-c8bfa86e1bd7","20","100","501","2012-03-09","","KDA-TRANSCRIPTION-LN14-2012","false","provisional"
"888845ee-b315-5392-9f88-f869ccb7f1be","KEN-C020-CON100-W0502","Gathigiriri","gathigiriri","ward","electoral","e1444f53-c417-5985-ab26-c8bfa86e1bd7","20","100","502","2012-03-09","","KDA-TRANSCRIPTION-LN14-2012","false","provisional"
"2ecd29b8-41a2-571e-9265-235f93cfadb9","KEN-C020-CON100-W0503","Tebere","tebere","ward","electoral","e1444f53-c417-5985-ab26-c8bfa86e1bd7","20","100","503","2012-03-09","","KDA-TRANSCRIPTION-LN14-2012","false","provisional"
"9daa35db-0c8f-5202-a0b0-2ac76b065425","KEN-C020-CON101-W0504","Kabare","kabare","ward","electoral","d23de25e-75fc-54cd-a104-ac116ba00b35","20","101","504","2012-03-09","","KDA-TRANSCRIPTION-LN14-2012","false","provisional"
"77161df4-1252-57f7-ad7c-30c7a5b2f7c5","KEN-C020-CON101-W0505","Baragwi","baragwi","ward","electoral","d23de25e-75fc-54cd-a104-ac116ba00b35","20","101","505","2012-03-09","","KDA-TRANSCRIPTION-LN14-2012","false","provisional"
"8843c16c-241d-5158-8971-d371fb1c8e7c","KEN-C020-CON101-W0506","Njukiini","njukiini","ward","electoral","d23de25e-75fc-54cd-a104-ac116ba00b35","20","101","506","2012-03-09","","KDA-TRANSCRIPTION-LN14-2012","false","provisional"
"2e49f3da-952c-5430-bd8f-bedd13e2a268","KEN-C020-CON101-W0507","Ngariama","ngariama","ward","electoral","d23de25e-75fc-54cd-a104-ac116ba00b35","20","101","507","2012-03-09","","KDA-TRANSCRIPTION-LN14-2012","false","provisional"
"1d51158a-58f9-5764-b35b-496219c5b6f3","KEN-C020-CON101-W0508","Karumandi","karumandi","ward","electoral","d23de25e-75fc-54cd-a104-ac116ba00b35","20","101","508","2012-03-09","","KDA-TRANSCRIPTION-LN14-2012","false","provisional"
"18b38b9f-780a-5519-b2fb-b8d1478371b2","KEN-C020-CON102-W0509","Mukure","mukure","ward","electoral","68ab84fe-eba4-5993-89e9-d4f37390d641","20","102","509","2012-03-09","","KDA-TRANSCRIPTION-LN14-2012","false","provisional"
"7c46050e-0141-59d6-bbde-be083b0f2892","KEN-C020-CON102-W0510","Kiine","kiine","ward","electoral","68ab84fe-eba4-5993-89e9-d4f37390d641","20","102","510","2012-03-09","","KDA-TRANSCRIPTION-LN14-2012","false","provisional"
"d5b3bdeb-fc26-5f6d-b5ca-cf0be5665ffe","KEN-C020-CON102-W0511","Kariti","kariti","ward","electoral","68ab84fe-eba4-5993-89e9-d4f37390d641","20","102","511","2012-03-09","","KDA-TRANSCRIPTION-LN14-2012","false","provisional"
"0e5bab52-c1b9-5596-8aa9-c31e890d637c","KEN-C020-CON103-W0512","Mutira","mutira","ward","electoral","f366b1e1-fe03-5f74-9842-0dd3befb08a2","20","103","512","2012-03-09","","KDA-TRANSCRIPTION-LN14-2012","false","provisional"
"a88d747e-8844-590d-b03d-a1d63e53d1f1","KEN-C020-CON103-W0513","Kanyeki-Ini","kanyeki-ini","ward","electoral","f366b1e1-fe03-5f74-9842-0dd3befb08a2","20","103","513","2012-03-09","","KDA-TRANSCRIPTION-LN14-2012","false","provisional"
"0245e385-8e1f-5361-be95-4181e323cd0e","KEN-C020-CON103-W0514","Kerugoya","kerugoya","ward","electoral","f366b1e1-fe03-5f74-9842-0dd3befb08a2","20","103","514","2012-03-09","","KDA-TRANSCRIPTION-LN14-2012","false","provisional"
"4e3b2f50-4154-5e18-9c91-be4144cf006b","KEN-C020-CON103-W0515","Inoi","inoi","ward","electoral","f366b1e1-fe03-5f74-9842-0dd3befb08a2","20","103","515","2012-03-09","","KDA-TRANSCRIPTION-LN14-2012","false","provisional"
"622eb925-a6be-5c8e-8378-9ebd4895d531","KEN-C021-CON104-W0516","Kanyenyaini","kanyenyaini","ward","electoral","045f2131-dfb9-5bc6-a9af-d9b0bf59bc57","21","104","516","2012-03-09","","KDA-TRANSCRIPTION-LN14-2012","false","provisional"
"95baca33-4b84-5f6d-b597-b5a395d1af90","KEN-C021-CON104-W0517","Muguru","muguru","ward","electoral","045f2131-dfb9-5bc6-a9af-d9b0bf59bc57","21","104","517","2012-03-09","","KDA-TRANSCRIPTION-LN14-2012","false","provisional"
"c8fcbfaa-e009-50ad-8a48-561f40b2df9e","KEN-C021-CON104-W0518","Rwathia","rwathia","ward","electoral","045f2131-dfb9-5bc6-a9af-d9b0bf59bc57","21","104","518","2012-03-09","","KDA-TRANSCRIPTION-LN14-2012","false","provisional"
"1992c3d9-8fae-5e6e-9e50-3b5b11a2b379","KEN-C021-CON105-W0519","Gitugi","gitugi","ward","electoral","86bca1b8-71fa-53bb-a808-8db7733b9b42","21","105","519","2012-03-09","","KDA-TRANSCRIPTION-LN14-2012","false","provisional"
"625499f7-5dc4-5ca6-9360-d73223f8ecce","KEN-C021-CON105-W0520","Kiru","kiru","ward","electoral","86bca1b8-71fa-53bb-a808-8db7733b9b42","21","105","520","2012-03-09","","KDA-TRANSCRIPTION-LN14-2012","false","provisional"
"0086fe47-b692-5461-ab53-254d67a48ce5","KEN-C021-CON105-W0521","Kamacharia","kamacharia","ward","electoral","86bca1b8-71fa-53bb-a808-8db7733b9b42","21","105","521","2012-03-09","","KDA-TRANSCRIPTION-LN14-2012","false","provisional"
"669c2d7f-6d4a-57a5-bc32-2590f82d9d10","KEN-C021-CON106-W0522","Wangu","wangu","ward","electoral","62597324-4de1-5e39-878c-a2a0b97d3f37","21","106","522","2012-03-09","","KDA-TRANSCRIPTION-LN14-2012","false","provisional"
"ef2305e4-90cc-5bfb-b5ca-562c4f7bee5e","KEN-C021-CON106-W0523","Mugoiri","mugoiri","ward","electoral","62597324-4de1-5e39-878c-a2a0b97d3f37","21","106","523","2012-03-09","","KDA-TRANSCRIPTION-LN14-2012","false","provisional"
"7517aa5a-505a-5539-83c3-40258d959b36","KEN-C021-CON106-W0524","Mbiri","mbiri","ward","electoral","62597324-4de1-5e39-878c-a2a0b97d3f37","21","106","524","2012-03-09","","KDA-TRANSCRIPTION-LN14-2012","false","provisional"
"cba13575-66ee-54c2-9906-c60e7c5b779b","KEN-C021-CON106-W0525","Township","township","ward","electoral","62597324-4de1-5e39-878c-a2a0b97d3f37","21","106","525","2012-03-09","","KDA-TRANSCRIPTION-LN14-2012","false","provisional"
"09b46523-2fb5-55c5-bd8e-ed16b605ce7f","KEN-C021-CON106-W0526","Murarandia","murarandia","ward","electoral","62597324-4de1-5e39-878c-a2a0b97d3f37","21","106","526","2012-03-09","","KDA-TRANSCRIPTION-LN14-2012","false","provisional"
"a7cc8f7d-238c-5469-8cdf-a6a85a189737","KEN-C021-CON106-W0527","Gaturi","gaturi","ward","electoral","62597324-4de1-5e39-878c-a2a0b97d3f37","21","106","527","2012-03-09","","KDA-TRANSCRIPTION-LN14-2012","false","provisional"
"1d168f9e-a89b-5f2f-bad4-09196fe68fec","KEN-C021-CON107-W0528","Kahumbu","kahumbu","ward","electoral","8d14e29a-f48f-58a5-8872-ecb65c3220fd","21","107","528","2012-03-09","","KDA-TRANSCRIPTION-LN14-2012","false","provisional"
"0ad1b566-9705-5aac-a485-ccdf391d63a0","KEN-C021-CON107-W0529","Muthithi","muthithi","ward","electoral","8d14e29a-f48f-58a5-8872-ecb65c3220fd","21","107","529","2012-03-09","","KDA-TRANSCRIPTION-LN14-2012","false","provisional"
"538ebd36-1cd7-5263-ac55-7db409052194","KEN-C021-CON107-W0530","Kigumo","kigumo","ward","electoral","8d14e29a-f48f-58a5-8872-ecb65c3220fd","21","107","530","2012-03-09","","KDA-TRANSCRIPTION-LN14-2012","false","provisional"
"136c00a3-5a0d-5c48-8b81-c99afb372b95","KEN-C021-CON107-W0531","Kangari","kangari","ward","electoral","8d14e29a-f48f-58a5-8872-ecb65c3220fd","21","107","531","2012-03-09","","KDA-TRANSCRIPTION-LN14-2012","false","provisional"
"9521e2ac-6a45-5f24-bcf7-7a33c9d54996","KEN-C021-CON107-W0532","Kinyona","kinyona","ward","electoral","8d14e29a-f48f-58a5-8872-ecb65c3220fd","21","107","532","2012-03-09","","KDA-TRANSCRIPTION-LN14-2012","false","provisional"
"4c5c61c6-cb18-56fa-a214-d267e394f02d","KEN-C021-CON108-W0533","Kimorori/Wempa","kimorori-wempa","ward","electoral","fd2be618-b445-5a2b-95b8-6110402ef4d6","21","108","533","2012-03-09","","KDA-TRANSCRIPTION-LN14-2012","false","provisional"
"37fa7cba-3611-5f1d-899d-95aefe6c622d","KEN-C021-CON108-W0534","Makuyu","makuyu","ward","electoral","fd2be618-b445-5a2b-95b8-6110402ef4d6","21","108","534","2012-03-09","","KDA-TRANSCRIPTION-LN14-2012","false","provisional"
"3359bba9-a182-5106-a3f6-61d17b773e2b","KEN-C021-CON108-W0535","Kambiti","kambiti","ward","electoral","fd2be618-b445-5a2b-95b8-6110402ef4d6","21","108","535","2012-03-09","","KDA-TRANSCRIPTION-LN14-2012","false","provisional"
"c9943452-aea6-5297-a0c8-0795e5c0c102","KEN-C021-CON108-W0536","Kamahuha","kamahuha","ward","electoral","fd2be618-b445-5a2b-95b8-6110402ef4d6","21","108","536","2012-03-09","","KDA-TRANSCRIPTION-LN14-2012","false","provisional"
"1719f46f-9872-5ce5-940a-a43f7c8b9ae4","KEN-C021-CON108-W0537","Ichagaki","ichagaki","ward","electoral","fd2be618-b445-5a2b-95b8-6110402ef4d6","21","108","537","2012-03-09","","KDA-TRANSCRIPTION-LN14-2012","false","provisional"
"4120e243-cf08-5344-9b41-23aee8ae477a","KEN-C021-CON108-W0538","Nginda","nginda","ward","electoral","fd2be618-b445-5a2b-95b8-6110402ef4d6","21","108","538","2012-03-09","","KDA-TRANSCRIPTION-LN14-2012","false","provisional"
"8b5ffb2e-fde0-5dda-9bc2-72209dcaf20d","KEN-C021-CON109-W0539","Ng'araria","ngararia","ward","electoral","2a55bf8b-3f90-5949-833f-9432d8e57db8","21","109","539","2012-03-09","","KDA-TRANSCRIPTION-LN14-2012","false","provisional"
"ed2abe4a-897e-5336-bef7-e11becff0f0a","KEN-C021-CON109-W0540","Muruka","muruka","ward","electoral","2a55bf8b-3f90-5949-833f-9432d8e57db8","21","109","540","2012-03-09","","KDA-TRANSCRIPTION-LN14-2012","false","provisional"
"c5a5d0bc-3a9f-5fa6-ba3e-c5b9abd29eb3","KEN-C021-CON109-W0541","Kagundu-Ini","kagundu-ini","ward","electoral","2a55bf8b-3f90-5949-833f-9432d8e57db8","21","109","541","2012-03-09","","KDA-TRANSCRIPTION-LN14-2012","false","provisional"
"280e1e16-109c-571b-b3e0-82dfc3dae992","KEN-C021-CON109-W0542","Gaichanjiru","gaichanjiru","ward","electoral","2a55bf8b-3f90-5949-833f-9432d8e57db8","21","109","542","2012-03-09","","KDA-TRANSCRIPTION-LN14-2012","false","provisional"
"778cccb7-bed2-56c3-a543-09f81b13d859","KEN-C021-CON109-W0543","Ithiru","ithiru","ward","electoral","2a55bf8b-3f90-5949-833f-9432d8e57db8","21","109","543","2012-03-09","","KDA-TRANSCRIPTION-LN14-2012","false","provisional"
"9292d11b-20fa-5195-af67-9601977b8bac","KEN-C021-CON109-W0544","Ruchu","ruchu","ward","electoral","2a55bf8b-3f90-5949-833f-9432d8e57db8","21","109","544","2012-03-09","","KDA-TRANSCRIPTION-LN14-2012","false","provisional"
"195a1862-65f9-5308-88c1-bc6552a0f471","KEN-C021-CON110-W0545","Ithanga","ithanga","ward","electoral","0c8dc1a1-8e1e-5371-9ad6-9f232264dea8","21","110","545","2012-03-09","","KDA-TRANSCRIPTION-LN14-2012","false","provisional"
"6cd7ba86-5d80-5523-84b4-a918dc7afee1","KEN-C021-CON110-W0546","Kakuzi/Mitubiri","kakuzi-mitubiri","ward","electoral","0c8dc1a1-8e1e-5371-9ad6-9f232264dea8","21","110","546","2012-03-09","","KDA-TRANSCRIPTION-LN14-2012","false","provisional"
"ac1ae088-fb8b-5b50-abb6-f7ef6af38209","KEN-C021-CON110-W0547","Mugumo-Ini","mugumo-ini","ward","electoral","0c8dc1a1-8e1e-5371-9ad6-9f232264dea8","21","110","547","2012-03-09","","KDA-TRANSCRIPTION-LN14-2012","false","provisional"
"df900e23-25cf-5932-9671-6b39be047929","KEN-C021-CON110-W0548","Kihumbu-Ini","kihumbu-ini","ward","electoral","0c8dc1a1-8e1e-5371-9ad6-9f232264dea8","21","110","548","2012-03-09","","KDA-TRANSCRIPTION-LN14-2012","false","provisional"
"a8e55479-1b81-5778-891e-458f094b393f","KEN-C021-CON110-W0549","Gatanga","gatanga","ward","electoral","0c8dc1a1-8e1e-5371-9ad6-9f232264dea8","21","110","549","2012-03-09","","KDA-TRANSCRIPTION-LN14-2012","false","provisional"
"8dcea636-b7b3-5756-98ee-2d01f9c20911","KEN-C021-CON110-W0550","Kariara","kariara","ward","electoral","0c8dc1a1-8e1e-5371-9ad6-9f232264dea8","21","110","550","2012-03-09","","KDA-TRANSCRIPTION-LN14-2012","false","provisional"
"409e34eb-dbf7-5188-af18-34481bb2c8b4","KEN-C022-CON111-W0551","Kiamwangi","kiamwangi","ward","electoral","94b5401d-c318-5b51-b861-735edb327bb3","22","111","551","2012-03-09","","KDA-TRANSCRIPTION-LN14-2012","false","provisional"
"3a60f103-ebfd-5807-b9bb-2554398983b3","KEN-C022-CON111-W0552","Kiganjo","kiganjo","ward","electoral","94b5401d-c318-5b51-b861-735edb327bb3","22","111","552","2012-03-09","","KDA-TRANSCRIPTION-LN14-2012","false","provisional"
"d11f7c61-70af-58ae-b2bf-6d6f1f233917","KEN-C022-CON111-W0553","Ndarugu","ndarugu","ward","electoral","94b5401d-c318-5b51-b861-735edb327bb3","22","111","553","2012-03-09","","KDA-TRANSCRIPTION-LN14-2012","false","provisional"
"2913bcc7-bb8b-5fef-99a2-fdee2f5798f5","KEN-C022-CON111-W0554","Ngenda","ngenda","ward","electoral","94b5401d-c318-5b51-b861-735edb327bb3","22","111","554","2012-03-09","","KDA-TRANSCRIPTION-LN14-2012","false","provisional"
"5ac43a0a-7524-55bd-8f24-42d96e003fff","KEN-C022-CON112-W0555","Gituamba","gituamba","ward","electoral","29c77098-397d-5f55-85db-6a1e6d7a952c","22","112","555","2012-03-09","","KDA-TRANSCRIPTION-LN14-2012","false","provisional"
"b809bb68-1ae5-5ae2-b0d7-57b8c33beeda","KEN-C022-CON112-W0556","Githobokoni","githobokoni","ward","electoral","29c77098-397d-5f55-85db-6a1e6d7a952c","22","112","556","2012-03-09","","KDA-TRANSCRIPTION-LN14-2012","false","provisional"
"f4dc6a18-b474-5f76-a64f-f59c927f1d20","KEN-C022-CON112-W0557","Chania","chania","ward","electoral","29c77098-397d-5f55-85db-6a1e6d7a952c","22","112","557","2012-03-09","","KDA-TRANSCRIPTION-LN14-2012","false","provisional"
"9a1761c5-4a4a-599b-b606-077b64436021","KEN-C022-CON112-W0558","Mang'u","mangu","ward","electoral","29c77098-397d-5f55-85db-6a1e6d7a952c","22","112","558","2012-03-09","","KDA-TRANSCRIPTION-LN14-2012","false","provisional"
"10582ad2-5cd0-54b1-a538-331af49812d3","KEN-C022-CON113-W0559","Murera","murera","ward","electoral","b3c53127-1095-5d77-aff6-3a737a6b2133","22","113","559","2012-03-09","","KDA-TRANSCRIPTION-LN14-2012","false","provisional"
"f3a5b656-66f0-53db-af93-c1b4e73ff23f","KEN-C022-CON113-W0560","Theta","theta","ward","electoral","b3c53127-1095-5d77-aff6-3a737a6b2133","22","113","560","2012-03-09","","KDA-TRANSCRIPTION-LN14-2012","false","provisional"
"ca3e8db8-e595-56fa-a009-407b07578732","KEN-C022-CON113-W0561","Juja","juja","ward","electoral","b3c53127-1095-5d77-aff6-3a737a6b2133","22","113","561","2012-03-09","","KDA-TRANSCRIPTION-LN14-2012","false","provisional"
"72c3b5cd-ece5-504b-8a9d-87452cbd7601","KEN-C022-CON113-W0562","Witeithie","witeithie","ward","electoral","b3c53127-1095-5d77-aff6-3a737a6b2133","22","113","562","2012-03-09","","KDA-TRANSCRIPTION-LN14-2012","false","provisional"
"168eeca0-af07-5cc5-9cfd-6658b23c54b6","KEN-C022-CON113-W0563","Kalimoni","kalimoni","ward","electoral","b3c53127-1095-5d77-aff6-3a737a6b2133","22","113","563","2012-03-09","","KDA-TRANSCRIPTION-LN14-2012","false","provisional"
"93526b8e-8b3c-5a1c-9ad7-4dc1587c899e","KEN-C022-CON114-W0564","Township","township","ward","electoral","ff5df43f-d1c5-51c6-8aca-f2bd019a4b3a","22","114","564","2012-03-09","","KDA-TRANSCRIPTION-LN14-2012","false","provisional"
"d2b922e2-45d1-58b8-a30d-7364aebb41ca","KEN-C022-CON114-W0565","Kamenu","kamenu","ward","electoral","ff5df43f-d1c5-51c6-8aca-f2bd019a4b3a","22","114","565","2012-03-09","","KDA-TRANSCRIPTION-LN14-2012","false","provisional"
"ed8a8528-ce95-58bb-bcd3-1beecb233810","KEN-C022-CON114-W0566","Hospital","hospital","ward","electoral","ff5df43f-d1c5-51c6-8aca-f2bd019a4b3a","22","114","566","2012-03-09","","KDA-TRANSCRIPTION-LN14-2012","false","provisional"
"06657c29-fe32-50b3-b37e-bc87ecdc3580","KEN-C022-CON114-W0567","Gatuanyaga","gatuanyaga","ward","electoral","ff5df43f-d1c5-51c6-8aca-f2bd019a4b3a","22","114","567","2012-03-09","","KDA-TRANSCRIPTION-LN14-2012","false","provisional"
"bf82544d-f32a-5b14-bef5-8d9be8e1a05c","KEN-C022-CON114-W0568","Ngoliba","ngoliba","ward","electoral","ff5df43f-d1c5-51c6-8aca-f2bd019a4b3a","22","114","568","2012-03-09","","KDA-TRANSCRIPTION-LN14-2012","false","provisional"
"fab5726b-0cb3-582a-8c3a-d6a036a9403a","KEN-C022-CON115-W0569","Gitothua","gitothua","ward","electoral","96cd8267-f805-5893-a2e9-b8bc23f34889","22","115","569","2012-03-09","","KDA-TRANSCRIPTION-LN14-2012","false","provisional"
"61b6f60e-c3c1-5e73-9b6c-04ca3e66efa1","KEN-C022-CON115-W0570","Biashara","biashara","ward","electoral","96cd8267-f805-5893-a2e9-b8bc23f34889","22","115","570","2012-03-09","","KDA-TRANSCRIPTION-LN14-2012","false","provisional"
"4e88749e-4329-58b6-916f-7e2f9c0b869c","KEN-C022-CON115-W0571","Gatongora","gatongora","ward","electoral","96cd8267-f805-5893-a2e9-b8bc23f34889","22","115","571","2012-03-09","","KDA-TRANSCRIPTION-LN14-2012","false","provisional"
"1cc90820-14dd-564e-9cb3-2d71b83a89c6","KEN-C022-CON115-W0572","Kahawa Sukari","kahawa-sukari","ward","electoral","96cd8267-f805-5893-a2e9-b8bc23f34889","22","115","572","2012-03-09","","KDA-TRANSCRIPTION-LN14-2012","false","provisional"
"910c5634-b9d5-5b0a-be64-852ea58901aa","KEN-C022-CON115-W0573","Kahawa Wendani","kahawa-wendani","ward","electoral","96cd8267-f805-5893-a2e9-b8bc23f34889","22","115","573","2012-03-09","","KDA-TRANSCRIPTION-LN14-2012","false","provisional"
"c21848ef-a309-515c-b42c-cf91d022f932","KEN-C022-CON115-W0574","Kiuu","kiuu","ward","electoral","96cd8267-f805-5893-a2e9-b8bc23f34889","22","115","574","2012-03-09","","KDA-TRANSCRIPTION-LN14-2012","false","provisional"
"3d6915d1-cac9-5be8-9628-162b6ac437f5","KEN-C022-CON115-W0575","Mwiki","mwiki","ward","electoral","96cd8267-f805-5893-a2e9-b8bc23f34889","22","115","575","2012-03-09","","KDA-TRANSCRIPTION-LN14-2012","false","provisional"
"36680ac5-1afb-574f-af73-712fc2c101c6","KEN-C022-CON115-W0576","Mwihoko","mwihoko","ward","electoral","96cd8267-f805-5893-a2e9-b8bc23f34889","22","115","576","2012-03-09","","KDA-TRANSCRIPTION-LN14-2012","false","provisional"
"7d092348-01bb-5f73-8bb8-b47df9589ed7","KEN-C022-CON116-W0577","Githunguri","githunguri","ward","electoral","2e0396fc-f643-560b-a481-d4ca6ff840a3","22","116","577","2012-03-09","","KDA-TRANSCRIPTION-LN14-2012","false","provisional"
"bd2d34a8-6109-56af-8392-aa2a15f08f22","KEN-C022-CON116-W0578","Githiga","githiga","ward","electoral","2e0396fc-f643-560b-a481-d4ca6ff840a3","22","116","578","2012-03-09","","KDA-TRANSCRIPTION-LN14-2012","false","provisional"
"90301b6e-6eb0-58db-b1a1-68e7109c0de8","KEN-C022-CON116-W0579","Ikinu","ikinu","ward","electoral","2e0396fc-f643-560b-a481-d4ca6ff840a3","22","116","579","2012-03-09","","KDA-TRANSCRIPTION-LN14-2012","false","provisional"
"33df1d69-2189-532c-b394-06431ec38b6d","KEN-C022-CON116-W0580","Ngewa","ngewa","ward","electoral","2e0396fc-f643-560b-a481-d4ca6ff840a3","22","116","580","2012-03-09","","KDA-TRANSCRIPTION-LN14-2012","false","provisional"
"74c5a239-905d-5304-be5e-50439deff581","KEN-C022-CON116-W0581","Komothai","komothai","ward","electoral","2e0396fc-f643-560b-a481-d4ca6ff840a3","22","116","581","2012-03-09","","KDA-TRANSCRIPTION-LN14-2012","false","provisional"
"e3c9e34e-2e8c-5274-8d60-4a6b4b9cf7ff","KEN-C022-CON117-W0582","Ting'ang'a","tinganga","ward","electoral","2aece105-cb1f-51af-8c82-82d715824f79","22","117","582","2012-03-09","","KDA-TRANSCRIPTION-LN14-2012","false","provisional"
"7aaa0585-fa69-5e3a-80f2-8eebd38ac542","KEN-C022-CON117-W0583","Ndumberi","ndumberi","ward","electoral","2aece105-cb1f-51af-8c82-82d715824f79","22","117","583","2012-03-09","","KDA-TRANSCRIPTION-LN14-2012","false","provisional"
"7b588c65-ac80-5a5e-88fb-76339a7c04df","KEN-C022-CON117-W0584","Riabai","riabai","ward","electoral","2aece105-cb1f-51af-8c82-82d715824f79","22","117","584","2012-03-09","","KDA-TRANSCRIPTION-LN14-2012","false","provisional"
"3ac795a4-4a47-5c71-8f46-53cfe84f1087","KEN-C022-CON117-W0585","Township","township","ward","electoral","2aece105-cb1f-51af-8c82-82d715824f79","22","117","585","2012-03-09","","KDA-TRANSCRIPTION-LN14-2012","false","provisional"
"0a07d101-3108-51b0-a47d-807f29f8120c","KEN-C022-CON118-W0586","Cianda","cianda","ward","electoral","34c4b95d-ce3d-52cf-adef-04d85fae78d8","22","118","586","2012-03-09","","KDA-TRANSCRIPTION-LN14-2012","false","provisional"
"33d05cc4-c40f-51c5-acd9-8bb6de1d07f8","KEN-C022-CON118-W0587","Karuri","karuri","ward","electoral","34c4b95d-ce3d-52cf-adef-04d85fae78d8","22","118","587","2012-03-09","","KDA-TRANSCRIPTION-LN14-2012","false","provisional"
"e8fc928f-fd15-5520-80b1-c25e30a5a8f0","KEN-C022-CON118-W0588","Ndenderu","ndenderu","ward","electoral","34c4b95d-ce3d-52cf-adef-04d85fae78d8","22","118","588","2012-03-09","","KDA-TRANSCRIPTION-LN14-2012","false","provisional"
"f1152f7e-52ad-5ae9-af96-2f01ccd072a4","KEN-C022-CON118-W0589","Muchatha","muchatha","ward","electoral","34c4b95d-ce3d-52cf-adef-04d85fae78d8","22","118","589","2012-03-09","","KDA-TRANSCRIPTION-LN14-2012","false","provisional"
"1a4b28b4-fa61-5687-b518-3575a533e32b","KEN-C022-CON118-W0590","Kihara","kihara","ward","electoral","34c4b95d-ce3d-52cf-adef-04d85fae78d8","22","118","590","2012-03-09","","KDA-TRANSCRIPTION-LN14-2012","false","provisional"
"5ef2216a-5740-5bd2-b227-691cca41c77c","KEN-C022-CON119-W0591","Gitaru","gitaru","ward","electoral","101426ef-fdd9-5293-9130-9e89e0c62418","22","119","591","2012-03-09","","KDA-TRANSCRIPTION-LN14-2012","false","provisional"
"a01228a3-704a-5659-9e81-ff216fc9e9c1","KEN-C022-CON119-W0592","Muguga","muguga","ward","electoral","101426ef-fdd9-5293-9130-9e89e0c62418","22","119","592","2012-03-09","","KDA-TRANSCRIPTION-LN14-2012","false","provisional"
"2454c959-938c-5196-a1e2-5bccff4957ad","KEN-C022-CON119-W0593","Nyadhuna","nyadhuna","ward","electoral","101426ef-fdd9-5293-9130-9e89e0c62418","22","119","593","2012-03-09","","KDA-TRANSCRIPTION-LN14-2012","false","provisional"
"2b5a5016-2642-54b7-8f32-2ef1cc1a5871","KEN-C022-CON119-W0594","Kabete","kabete","ward","electoral","101426ef-fdd9-5293-9130-9e89e0c62418","22","119","594","2012-03-09","","KDA-TRANSCRIPTION-LN14-2012","false","provisional"
"3aac112a-d194-571b-bf23-e2c30ab5b9ab","KEN-C022-CON119-W0595","Uthiru","uthiru","ward","electoral","101426ef-fdd9-5293-9130-9e89e0c62418","22","119","595","2012-03-09","","KDA-TRANSCRIPTION-LN14-2012","false","provisional"
"6bbc9a44-0938-54b1-87e4-217f80e38616","KEN-C022-CON120-W0596","Karai","karai","ward","electoral","ff9bf439-2d9f-5e66-a9ee-28357ffc3a2c","22","120","596","2012-03-09","","KDA-TRANSCRIPTION-LN14-2012","false","provisional"
"a5438db4-23bc-5717-a3f6-fee49036e20f","KEN-C022-CON120-W0597","Nachu","nachu","ward","electoral","ff9bf439-2d9f-5e66-a9ee-28357ffc3a2c","22","120","597","2012-03-09","","KDA-TRANSCRIPTION-LN14-2012","false","provisional"
"aa0caea0-a3bc-53a2-920e-f740ddece5a6","KEN-C022-CON120-W0598","Sigona","sigona","ward","electoral","ff9bf439-2d9f-5e66-a9ee-28357ffc3a2c","22","120","598","2012-03-09","","KDA-TRANSCRIPTION-LN14-2012","false","provisional"
"574d4d76-b07e-5078-b5ed-d9d4bc737d1d","KEN-C022-CON120-W0599","Kikuyu","kikuyu","ward","electoral","ff9bf439-2d9f-5e66-a9ee-28357ffc3a2c","22","120","599","2012-03-09","","KDA-TRANSCRIPTION-LN14-2012","false","provisional"
"24d029c9-a51b-5134-8ac4-980ece0a4d81","KEN-C022-CON120-W0600","Kinoo","kinoo","ward","electoral","ff9bf439-2d9f-5e66-a9ee-28357ffc3a2c","22","120","600","2012-03-09","","KDA-TRANSCRIPTION-LN14-2012","false","provisional"
"d3bb994b-5233-574d-95b5-1095fa5ebfcd","KEN-C022-CON121-W0601","Bibirioni","bibirioni","ward","electoral","e2e81514-e5f2-54d4-b72c-3aca37b43ea3","22","121","601","2012-03-09","","KDA-TRANSCRIPTION-LN14-2012","false","provisional"
"9c7cf939-8deb-536b-a76c-aac0cd8e9984","KEN-C022-CON121-W0602","Limuru Central","limuru-central","ward","electoral","e2e81514-e5f2-54d4-b72c-3aca37b43ea3","22","121","602","2012-03-09","","KDA-TRANSCRIPTION-LN14-2012","false","provisional"
"8a6ff3d4-33b9-5b85-9b73-55d8a405de7d","KEN-C022-CON121-W0603","Ndeiya","ndeiya","ward","electoral","e2e81514-e5f2-54d4-b72c-3aca37b43ea3","22","121","603","2012-03-09","","KDA-TRANSCRIPTION-LN14-2012","false","provisional"
"54e54e54-70f8-548b-b1c8-64a0e0f1b5a1","KEN-C022-CON121-W0604","Limuru East","limuru-east","ward","electoral","e2e81514-e5f2-54d4-b72c-3aca37b43ea3","22","121","604","2012-03-09","","KDA-TRANSCRIPTION-LN14-2012","false","provisional"
"4f53ec59-db6a-566e-8c3d-b7e45fb96f10","KEN-C022-CON121-W0605","Ngecha Tigoni","ngecha-tigoni","ward","electoral","e2e81514-e5f2-54d4-b72c-3aca37b43ea3","22","121","605","2012-03-09","","KDA-TRANSCRIPTION-LN14-2012","false","provisional"
"9b7f88ee-7b51-5dd0-9fa9-f8623c5a40fa","KEN-C022-CON122-W0606","Kinale","kinale","ward","electoral","d488ffeb-9aef-5e50-8767-e076614e2940","22","122","606","2012-03-09","","KDA-TRANSCRIPTION-LN14-2012","false","provisional"
"45db7b54-721a-599e-9c97-5ba593fe8241","KEN-C022-CON122-W0607","Kijabe","kijabe","ward","electoral","d488ffeb-9aef-5e50-8767-e076614e2940","22","122","607","2012-03-09","","KDA-TRANSCRIPTION-LN14-2012","false","provisional"
"c5b9c816-256e-53f0-a649-49c09badea88","KEN-C022-CON122-W0608","Nyanduma","nyanduma","ward","electoral","d488ffeb-9aef-5e50-8767-e076614e2940","22","122","608","2012-03-09","","KDA-TRANSCRIPTION-LN14-2012","false","provisional"
"eff295b2-512b-5faf-b3dc-8f4b328c5cfa","KEN-C022-CON122-W0609","Kamburu","kamburu","ward","electoral","d488ffeb-9aef-5e50-8767-e076614e2940","22","122","609","2012-03-09","","KDA-TRANSCRIPTION-LN14-2012","false","provisional"
"40523adc-6848-5aac-b3d6-39f1fdb6b9ed","KEN-C022-CON122-W0610","Lari/Kirenga","lari-kirenga","ward","electoral","d488ffeb-9aef-5e50-8767-e076614e2940","22","122","610","2012-03-09","","KDA-TRANSCRIPTION-LN14-2012","false","provisional"
"2cb11569-ea94-54c2-b244-d8b472c7967e","KEN-C023-CON123-W0611","Kaeris","kaeris","ward","electoral","ce127f61-29a3-5ed1-b7a4-932bfa8c05fc","23","123","611","2012-03-09","","KDA-TRANSCRIPTION-LN14-2012","false","provisional"
"319a0629-e354-57c3-91b0-f66c1615f1c3","KEN-C023-CON123-W0612","Lake Zone","lake-zone","ward","electoral","ce127f61-29a3-5ed1-b7a4-932bfa8c05fc","23","123","612","2012-03-09","","KDA-TRANSCRIPTION-LN14-2012","false","provisional"
"04eaf587-ef92-50a3-9734-0a1a38e276ca","KEN-C023-CON123-W0613","Lapur","lapur","ward","electoral","ce127f61-29a3-5ed1-b7a4-932bfa8c05fc","23","123","613","2012-03-09","","KDA-TRANSCRIPTION-LN14-2012","false","provisional"
"0bd1ea44-a540-584f-9da2-a67d8ca8d57a","KEN-C023-CON123-W0614","Kaaleng/Kaikor","kaaleng-kaikor","ward","electoral","ce127f61-29a3-5ed1-b7a4-932bfa8c05fc","23","123","614","2012-03-09","","KDA-TRANSCRIPTION-LN14-2012","false","provisional"
"cceebc2f-ff47-5be9-869e-67ef2d680d4a","KEN-C023-CON123-W0615","Kibish","kibish","ward","electoral","ce127f61-29a3-5ed1-b7a4-932bfa8c05fc","23","123","615","2012-03-09","","KDA-TRANSCRIPTION-LN14-2012","false","provisional"
"3ddfb630-72aa-5d83-8e0f-26d9d94e9544","KEN-C023-CON123-W0616","Nakalale","nakalale","ward","electoral","ce127f61-29a3-5ed1-b7a4-932bfa8c05fc","23","123","616","2012-03-09","","KDA-TRANSCRIPTION-LN14-2012","false","provisional"
"5dbf02a2-30ac-591e-8f83-5132f8182b9a","KEN-C023-CON124-W0617","Kakuma","kakuma","ward","electoral","e54b90d5-e58b-5213-99ad-b0b8a85827d0","23","124","617","2012-03-09","","KDA-TRANSCRIPTION-LN14-2012","false","provisional"
"ca304b9d-4609-562f-b653-4d6cdaea905d","KEN-C023-CON124-W0618","Lopur","lopur","ward","electoral","e54b90d5-e58b-5213-99ad-b0b8a85827d0","23","124","618","2012-03-09","","KDA-TRANSCRIPTION-LN14-2012","false","provisional"
"123afce4-fdc4-5b20-8d9c-448edb04a4ab","KEN-C023-CON124-W0619","Letea","letea","ward","electoral","e54b90d5-e58b-5213-99ad-b0b8a85827d0","23","124","619","2012-03-09","","KDA-TRANSCRIPTION-LN14-2012","false","provisional"
"84f6825f-ef73-5f7a-af58-d49accefb092","KEN-C023-CON124-W0620","Songot","songot","ward","electoral","e54b90d5-e58b-5213-99ad-b0b8a85827d0","23","124","620","2012-03-09","","KDA-TRANSCRIPTION-LN14-2012","false","provisional"
"55632580-622d-5a4a-bf60-f3324414b0c5","KEN-C023-CON124-W0621","Kalobeyei","kalobeyei","ward","electoral","e54b90d5-e58b-5213-99ad-b0b8a85827d0","23","124","621","2012-03-09","","KDA-TRANSCRIPTION-LN14-2012","false","provisional"
"9ba576cc-af4c-56eb-ab25-177d22778d35","KEN-C023-CON124-W0622","Lokichoggio","lokichoggio","ward","electoral","e54b90d5-e58b-5213-99ad-b0b8a85827d0","23","124","622","2012-03-09","","KDA-TRANSCRIPTION-LN14-2012","false","provisional"
"e945773a-f122-5625-b88c-d1631796bcf3","KEN-C023-CON124-W0623","Nanaam","nanaam","ward","electoral","e54b90d5-e58b-5213-99ad-b0b8a85827d0","23","124","623","2012-03-09","","KDA-TRANSCRIPTION-LN14-2012","false","provisional"
"0d5b554e-5ae4-5f44-843a-6f0cdf973469","KEN-C023-CON125-W0624","Kerio Delta","kerio-delta","ward","electoral","e735a3f8-efdb-5a9b-92d4-9c7108377c9a","23","125","624","2012-03-09","","KDA-TRANSCRIPTION-LN14-2012","false","provisional"
"b441785e-f998-54f1-804f-1002598b7619","KEN-C023-CON125-W0625","Kang'atotha","kangatotha","ward","electoral","e735a3f8-efdb-5a9b-92d4-9c7108377c9a","23","125","625","2012-03-09","","KDA-TRANSCRIPTION-LN14-2012","false","provisional"
"618cd45c-ad21-55ad-94b4-6ced0ab79eeb","KEN-C023-CON125-W0626","Kalokol","kalokol","ward","electoral","e735a3f8-efdb-5a9b-92d4-9c7108377c9a","23","125","626","2012-03-09","","KDA-TRANSCRIPTION-LN14-2012","false","provisional"
"dbc175fd-b773-591d-a133-a29e1faa2757","KEN-C023-CON125-W0627","Lodwar Township","lodwar-township","ward","electoral","e735a3f8-efdb-5a9b-92d4-9c7108377c9a","23","125","627","2012-03-09","","KDA-TRANSCRIPTION-LN14-2012","false","provisional"
"8be40247-a306-5119-8de2-cff2bcd6b254","KEN-C023-CON125-W0628","Kanamkemer","kanamkemer","ward","electoral","e735a3f8-efdb-5a9b-92d4-9c7108377c9a","23","125","628","2012-03-09","","KDA-TRANSCRIPTION-LN14-2012","false","provisional"
"1d961b1f-837b-53ea-a64b-b48854290510","KEN-C023-CON126-W0629","Kotaruk/Lobei","kotaruk-lobei","ward","electoral","dc7682f9-41ce-54ff-a629-550681a2c9c8","23","126","629","2012-03-09","","KDA-TRANSCRIPTION-LN14-2012","false","provisional"
"1e78947f-2e4a-5eeb-8922-7aeccfcd89a4","KEN-C023-CON126-W0630","Turkwel","turkwel","ward","electoral","dc7682f9-41ce-54ff-a629-550681a2c9c8","23","126","630","2012-03-09","","KDA-TRANSCRIPTION-LN14-2012","false","provisional"
"3b39a803-ce18-5294-ab2d-1a5b9344a79a","KEN-C023-CON126-W0631","Loima","loima","ward","electoral","dc7682f9-41ce-54ff-a629-550681a2c9c8","23","126","631","2012-03-09","","KDA-TRANSCRIPTION-LN14-2012","false","provisional"
"7e90788a-94d9-55fe-9a99-72bf63335c0d","KEN-C023-CON126-W0632","Lokiriama/Lorengippi","lokiriama-lorengippi","ward","electoral","dc7682f9-41ce-54ff-a629-550681a2c9c8","23","126","632","2012-03-09","","KDA-TRANSCRIPTION-LN14-2012","false","provisional"
"10fb0cd8-94ec-56d8-a6df-c9a8c1ae4e9d","KEN-C023-CON127-W0633","Kaputir","kaputir","ward","electoral","0d453bee-da7c-58d2-ad5b-fd388b983737","23","127","633","2012-03-09","","KDA-TRANSCRIPTION-LN14-2012","false","provisional"
"081f48b2-a854-5ed8-bd30-fcedc115d49a","KEN-C023-CON127-W0634","Katilu","katilu","ward","electoral","0d453bee-da7c-58d2-ad5b-fd388b983737","23","127","634","2012-03-09","","KDA-TRANSCRIPTION-LN14-2012","false","provisional"
"21050223-7ec5-5f14-8cc8-27eff584e4fa","KEN-C023-CON127-W0635","Lobokat","lobokat","ward","electoral","0d453bee-da7c-58d2-ad5b-fd388b983737","23","127","635","2012-03-09","","KDA-TRANSCRIPTION-LN14-2012","false","provisional"
"4da4baf7-0af2-5a97-9126-3d311293defb","KEN-C023-CON127-W0636","Kalapata","kalapata","ward","electoral","0d453bee-da7c-58d2-ad5b-fd388b983737","23","127","636","2012-03-09","","KDA-TRANSCRIPTION-LN14-2012","false","provisional"
"9b7c2884-bdc4-57c5-ad3e-0e9a46f4911a","KEN-C023-CON127-W0637","Lokichar","lokichar","ward","electoral","0d453bee-da7c-58d2-ad5b-fd388b983737","23","127","637","2012-03-09","","KDA-TRANSCRIPTION-LN14-2012","false","provisional"
"6c92492f-777c-5880-a98a-576e5ba8f90e","KEN-C023-CON128-W0638","Kapedo/Napeitom","kapedo-napeitom","ward","electoral","da6f88d8-14ee-54c8-afd3-0415c34d661e","23","128","638","2012-03-09","","KDA-TRANSCRIPTION-LN14-2012","false","provisional"
"3d624c0e-682c-554b-88ae-299183890a88","KEN-C023-CON128-W0639","Katilia","katilia","ward","electoral","da6f88d8-14ee-54c8-afd3-0415c34d661e","23","128","639","2012-03-09","","KDA-TRANSCRIPTION-LN14-2012","false","provisional"
"1b75b3e5-ca8e-53ce-8887-6bebcc4c8cc5","KEN-C023-CON128-W0640","Lokori/Kochodin","lokori-kochodin","ward","electoral","da6f88d8-14ee-54c8-afd3-0415c34d661e","23","128","640","2012-03-09","","KDA-TRANSCRIPTION-LN14-2012","false","provisional"
"89c1a6e3-be34-576d-81f5-76f9366dc830","KEN-C024-CON129-W0641","Riwo","riwo","ward","electoral","b5eab659-981c-5f04-aed6-ac9dbf336d03","24","129","641","2012-03-09","","KDA-TRANSCRIPTION-LN14-2012","false","provisional"
"1b9d2073-7f35-55fc-b7e3-a63f867350d2","KEN-C024-CON129-W0642","Kapenguria","kapenguria","ward","electoral","b5eab659-981c-5f04-aed6-ac9dbf336d03","24","129","642","2012-03-09","","KDA-TRANSCRIPTION-LN14-2012","false","provisional"
"310fa137-133d-50a7-9866-a944efe0e41e","KEN-C024-CON129-W0643","Mnagei","mnagei","ward","electoral","b5eab659-981c-5f04-aed6-ac9dbf336d03","24","129","643","2012-03-09","","KDA-TRANSCRIPTION-LN14-2012","false","provisional"
"72fbec84-1803-57c2-a7bf-58e7e12cbc4f","KEN-C024-CON129-W0644","Siyoi","siyoi","ward","electoral","b5eab659-981c-5f04-aed6-ac9dbf336d03","24","129","644","2012-03-09","","KDA-TRANSCRIPTION-LN14-2012","false","provisional"
"6bf232a3-5e45-59d0-836e-fd4e3e2694ad","KEN-C024-CON129-W0645","Endugh","endugh","ward","electoral","b5eab659-981c-5f04-aed6-ac9dbf336d03","24","129","645","2012-03-09","","KDA-TRANSCRIPTION-LN14-2012","false","provisional"
"dcb53816-17ff-5b82-879f-873074158a27","KEN-C024-CON129-W0646","Sook","sook","ward","electoral","b5eab659-981c-5f04-aed6-ac9dbf336d03","24","129","646","2012-03-09","","KDA-TRANSCRIPTION-LN14-2012","false","provisional"
"caa76556-3256-52c4-a0d8-7f024a4e2b96","KEN-C024-CON130-W0647","Sekerr","sekerr","ward","electoral","b04518b3-1200-58b3-a9dd-ba0e2b17858b","24","130","647","2012-03-09","","KDA-TRANSCRIPTION-LN14-2012","false","provisional"
"01d2f04d-5141-5c24-ad5a-8590c6c0427a","KEN-C024-CON130-W0648","Masool","masool","ward","electoral","b04518b3-1200-58b3-a9dd-ba0e2b17858b","24","130","648","2012-03-09","","KDA-TRANSCRIPTION-LN14-2012","false","provisional"
"87ad9e52-438e-58d6-be76-fcce0caa5646","KEN-C024-CON130-W0649","Lomut","lomut","ward","electoral","b04518b3-1200-58b3-a9dd-ba0e2b17858b","24","130","649","2012-03-09","","KDA-TRANSCRIPTION-LN14-2012","false","provisional"
"d31b5eb4-df87-5ee0-8b37-f6b1b719e2f7","KEN-C024-CON130-W0650","Weiwei","weiwei","ward","electoral","b04518b3-1200-58b3-a9dd-ba0e2b17858b","24","130","650","2012-03-09","","KDA-TRANSCRIPTION-LN14-2012","false","provisional"
"cec86685-bfa1-5015-a389-89f5e9af5321","KEN-C024-CON131-W0651","Suam","suam","ward","electoral","6880e8c3-d8fe-5038-b81a-745650a81978","24","131","651","2012-03-09","","KDA-TRANSCRIPTION-LN14-2012","false","provisional"
"3576865a-cdc7-5b3e-8f0f-f34f3133047e","KEN-C024-CON131-W0652","Kodich","kodich","ward","electoral","6880e8c3-d8fe-5038-b81a-745650a81978","24","131","652","2012-03-09","","KDA-TRANSCRIPTION-LN14-2012","false","provisional"
"702274c6-1d94-5c23-89a2-34cadcc1a295","KEN-C024-CON131-W0653","Kapckok","kapckok","ward","electoral","6880e8c3-d8fe-5038-b81a-745650a81978","24","131","653","2012-03-09","","KDA-TRANSCRIPTION-LN14-2012","false","provisional"
"8d7221fd-d47a-5577-8b4f-4d9898e204d6","KEN-C024-CON131-W0654","Kasei","kasei","ward","electoral","6880e8c3-d8fe-5038-b81a-745650a81978","24","131","654","2012-03-09","","KDA-TRANSCRIPTION-LN14-2012","false","provisional"
"db37a855-ba5c-57ea-96ab-18d2d977f571","KEN-C024-CON131-W0655","Kiwawa","kiwawa","ward","electoral","6880e8c3-d8fe-5038-b81a-745650a81978","24","131","655","2012-03-09","","KDA-TRANSCRIPTION-LN14-2012","false","provisional"
"9d5ac2f8-10cd-538e-8cb8-dff2b67689d6","KEN-C024-CON131-W0656","Alale","alale","ward","electoral","6880e8c3-d8fe-5038-b81a-745650a81978","24","131","656","2012-03-09","","KDA-TRANSCRIPTION-LN14-2012","false","provisional"
"1bf64a47-ac9d-5c0d-bb14-eee772951f0c","KEN-C024-CON132-W0657","Chepareria","chepareria","ward","electoral","aa03ab11-46a0-5ece-8ba6-4af0aaf270d2","24","132","657","2012-03-09","","KDA-TRANSCRIPTION-LN14-2012","false","provisional"
"081fd295-f9bc-55b7-a1b2-29d3af145e9e","KEN-C024-CON132-W0658","Batei","batei","ward","electoral","aa03ab11-46a0-5ece-8ba6-4af0aaf270d2","24","132","658","2012-03-09","","KDA-TRANSCRIPTION-LN14-2012","false","provisional"
"4f5b8bde-7332-5500-b129-ed3655d86aa1","KEN-C024-CON132-W0659","Lelan","lelan","ward","electoral","aa03ab11-46a0-5ece-8ba6-4af0aaf270d2","24","132","659","2012-03-09","","KDA-TRANSCRIPTION-LN14-2012","false","provisional"
"c196d5f4-fb3d-5ff5-b4a0-129303ccfaca","KEN-C024-CON132-W0660","Tapach","tapach","ward","electoral","aa03ab11-46a0-5ece-8ba6-4af0aaf270d2","24","132","660","2012-03-09","","KDA-TRANSCRIPTION-LN14-2012","false","provisional"
"34896f0a-e432-5b03-b6f2-00d52c5b4861","KEN-C025-CON133-W0661","Lodokejek","lodokejek","ward","electoral","ec21a242-9d14-5030-b095-57b9b8a05371","25","133","661","2012-03-09","","KDA-TRANSCRIPTION-LN14-2012","false","provisional"
"0ac893ad-cd6e-5e23-908b-43b89bc3e16e","KEN-C025-CON133-W0662","Suguta Marmar","suguta-marmar","ward","electoral","ec21a242-9d14-5030-b095-57b9b8a05371","25","133","662","2012-03-09","","KDA-TRANSCRIPTION-LN14-2012","false","provisional"
"d383470b-fe78-5a15-b2f7-0109d6b51a37","KEN-C025-CON133-W0663","Maralal","maralal","ward","electoral","ec21a242-9d14-5030-b095-57b9b8a05371","25","133","663","2012-03-09","","KDA-TRANSCRIPTION-LN14-2012","false","provisional"
"2bb33dc7-0089-5458-98c2-f5f0c06f0964","KEN-C025-CON133-W0664","Loosuk","loosuk","ward","electoral","ec21a242-9d14-5030-b095-57b9b8a05371","25","133","664","2012-03-09","","KDA-TRANSCRIPTION-LN14-2012","false","provisional"
"fac8df3e-a0e5-5e06-be49-f299a10e15e1","KEN-C025-CON133-W0665","Poro","poro","ward","electoral","ec21a242-9d14-5030-b095-57b9b8a05371","25","133","665","2012-03-09","","KDA-TRANSCRIPTION-LN14-2012","false","provisional"
"40e11619-a153-569d-be61-039648071c6c","KEN-C025-CON134-W0666","El-Barta","el-barta","ward","electoral","40a8b102-dcf5-5dc4-951b-2f1444751f89","25","134","666","2012-03-09","","KDA-TRANSCRIPTION-LN14-2012","false","provisional"
"2071ff9f-ae9e-5b6b-9d05-52b390dfb703","KEN-C025-CON134-W0667","Nachola","nachola","ward","electoral","40a8b102-dcf5-5dc4-951b-2f1444751f89","25","134","667","2012-03-09","","KDA-TRANSCRIPTION-LN14-2012","false","provisional"
"1d641a1f-591b-54e6-b243-e08e33c88631","KEN-C025-CON134-W0668","Ndoto","ndoto","ward","electoral","40a8b102-dcf5-5dc4-951b-2f1444751f89","25","134","668","2012-03-09","","KDA-TRANSCRIPTION-LN14-2012","false","provisional"
"34bebfef-8d19-5224-a640-91dfe8e0de18","KEN-C025-CON134-W0669","Nyiro","nyiro","ward","electoral","40a8b102-dcf5-5dc4-951b-2f1444751f89","25","134","669","2012-03-09","","KDA-TRANSCRIPTION-LN14-2012","false","provisional"
"259ccce4-0255-5eeb-9e94-6c4949d2dfbb","KEN-C025-CON134-W0670","Angata Nanyokie","angata-nanyokie","ward","electoral","40a8b102-dcf5-5dc4-951b-2f1444751f89","25","134","670","2012-03-09","","KDA-TRANSCRIPTION-LN14-2012","false","provisional"
"1d7d4965-a553-5041-9249-5eb1f8cb381c","KEN-C025-CON134-W0671","Baawa","baawa","ward","electoral","40a8b102-dcf5-5dc4-951b-2f1444751f89","25","134","671","2012-03-09","","KDA-TRANSCRIPTION-LN14-2012","false","provisional"
"b2d98b87-f08b-5131-aef4-acdca49b98fc","KEN-C025-CON135-W0672","Waso","waso","ward","electoral","4ac80221-a23e-5de8-b482-ddafa59f6334","25","135","672","2012-03-09","","KDA-TRANSCRIPTION-LN14-2012","false","provisional"
"b20053b9-657a-5924-b782-136d08bc89a3","KEN-C025-CON135-W0673","Wamba West","wamba-west","ward","electoral","4ac80221-a23e-5de8-b482-ddafa59f6334","25","135","673","2012-03-09","","KDA-TRANSCRIPTION-LN14-2012","false","provisional"
"d512ce1f-4e09-525c-8626-9f69f7c148c1","KEN-C025-CON135-W0674","Wamba East","wamba-east","ward","electoral","4ac80221-a23e-5de8-b482-ddafa59f6334","25","135","674","2012-03-09","","KDA-TRANSCRIPTION-LN14-2012","false","provisional"
"8fd8fcbb-1941-5cef-a965-4051b0ba2e12","KEN-C025-CON135-W0675","Wamba North","wamba-north","ward","electoral","4ac80221-a23e-5de8-b482-ddafa59f6334","25","135","675","2012-03-09","","KDA-TRANSCRIPTION-LN14-2012","false","provisional"
"43d5a403-e704-58f0-ad55-a3e31c3135b7","KEN-C026-CON136-W0676","Kapomboi","kapomboi","ward","electoral","92ca0fe6-097f-5c7f-9254-6fbfc372cb8d","26","136","676","2012-03-09","","KDA-TRANSCRIPTION-LN14-2012","false","provisional"
"1982fdae-656e-536c-949a-9df95fb50584","KEN-C026-CON136-W0677","Kwanza","kwanza","ward","electoral","92ca0fe6-097f-5c7f-9254-6fbfc372cb8d","26","136","677","2012-03-09","","KDA-TRANSCRIPTION-LN14-2012","false","provisional"
"6c4579d2-c195-56f0-97b5-e038306fed5e","KEN-C026-CON136-W0678","Keiyo","keiyo","ward","electoral","92ca0fe6-097f-5c7f-9254-6fbfc372cb8d","26","136","678","2012-03-09","","KDA-TRANSCRIPTION-LN14-2012","false","provisional"
"d710916c-3a32-5815-a93d-0728f3c3f2d1","KEN-C026-CON136-W0679","Bidii","bidii","ward","electoral","92ca0fe6-097f-5c7f-9254-6fbfc372cb8d","26","136","679","2012-03-09","","KDA-TRANSCRIPTION-LN14-2012","false","provisional"
"d91f7730-187f-54ea-99dc-72bf645f3bb3","KEN-C026-CON137-W0680","Chepchoina","chepchoina","ward","electoral","32002f5f-d5c8-501e-a463-5d047c43d842","26","137","680","2012-03-09","","KDA-TRANSCRIPTION-LN14-2012","false","provisional"
"5da2b8f2-dc97-5e14-bb35-f4485b832311","KEN-C026-CON137-W0681","Endebess","endebess","ward","electoral","32002f5f-d5c8-501e-a463-5d047c43d842","26","137","681","2012-03-09","","KDA-TRANSCRIPTION-LN14-2012","false","provisional"
"335178a9-aaee-572e-b6f0-d2e000102c5a","KEN-C026-CON137-W0682","Matumbei","matumbei","ward","electoral","32002f5f-d5c8-501e-a463-5d047c43d842","26","137","682","2012-03-09","","KDA-TRANSCRIPTION-LN14-2012","false","provisional"
"4c26c661-4740-5569-a0ba-a4fc5f7b6356","KEN-C026-CON138-W0683","Kinyoro","kinyoro","ward","electoral","7ef4b7e9-7558-5093-a923-f39f0e74853d","26","138","683","2012-03-09","","KDA-TRANSCRIPTION-LN14-2012","false","provisional"
"7eb3d7ff-d6e8-55cf-a23b-dd60c04306a9","KEN-C026-CON138-W0684","Matisi","matisi","ward","electoral","7ef4b7e9-7558-5093-a923-f39f0e74853d","26","138","684","2012-03-09","","KDA-TRANSCRIPTION-LN14-2012","false","provisional"
"ac04431b-31ba-5022-bb2b-0e47fccc6ea8","KEN-C026-CON138-W0685","Tuwani","tuwani","ward","electoral","7ef4b7e9-7558-5093-a923-f39f0e74853d","26","138","685","2012-03-09","","KDA-TRANSCRIPTION-LN14-2012","false","provisional"
"01039267-a336-5461-ac38-3885c309cc3b","KEN-C026-CON138-W0686","Saboti","saboti","ward","electoral","7ef4b7e9-7558-5093-a923-f39f0e74853d","26","138","686","2012-03-09","","KDA-TRANSCRIPTION-LN14-2012","false","provisional"
"4233ef85-57dc-59e0-ba5b-6f451dd5063d","KEN-C026-CON138-W0687","Machewa","machewa","ward","electoral","7ef4b7e9-7558-5093-a923-f39f0e74853d","26","138","687","2012-03-09","","KDA-TRANSCRIPTION-LN14-2012","false","provisional"
"c7e017d8-4622-5b7b-b49b-63851ca6c844","KEN-C026-CON139-W0688","Kiminini","kiminini","ward","electoral","0f5b69c4-9fa6-57ea-8fab-b3ef9a9355f7","26","139","688","2012-03-09","","KDA-TRANSCRIPTION-LN14-2012","false","provisional"
"501c2472-bf5a-554d-8a5e-04daefede651","KEN-C026-CON139-W0689","Waitaluk","waitaluk","ward","electoral","0f5b69c4-9fa6-57ea-8fab-b3ef9a9355f7","26","139","689","2012-03-09","","KDA-TRANSCRIPTION-LN14-2012","false","provisional"
"581bbaea-42b2-51e5-a696-9e1d73f7f9f1","KEN-C026-CON139-W0690","Sirende","sirende","ward","electoral","0f5b69c4-9fa6-57ea-8fab-b3ef9a9355f7","26","139","690","2012-03-09","","KDA-TRANSCRIPTION-LN14-2012","false","provisional"
"8cf4b7f5-c01e-5707-beaf-20d2814778df","KEN-C026-CON139-W0691","Hospital","hospital","ward","electoral","0f5b69c4-9fa6-57ea-8fab-b3ef9a9355f7","26","139","691","2012-03-09","","KDA-TRANSCRIPTION-LN14-2012","false","provisional"
"ceb66230-e32d-505a-8783-6ac942c02e0e","KEN-C026-CON139-W0692","Sikhendu","sikhendu","ward","electoral","0f5b69c4-9fa6-57ea-8fab-b3ef9a9355f7","26","139","692","2012-03-09","","KDA-TRANSCRIPTION-LN14-2012","false","provisional"
"7d3d76a4-3391-5b73-b301-3fce754669ba","KEN-C026-CON139-W0693","Nabiswa","nabiswa","ward","electoral","0f5b69c4-9fa6-57ea-8fab-b3ef9a9355f7","26","139","693","2012-03-09","","KDA-TRANSCRIPTION-LN14-2012","false","provisional"
"cdb9c883-093d-5c5a-a596-c76a3545395c","KEN-C026-CON140-W0694","Sinyerere","sinyerere","ward","electoral","193c93e6-c6ee-5605-847f-17791158d369","26","140","694","2012-03-09","","KDA-TRANSCRIPTION-LN14-2012","false","provisional"
"4ccb076e-4731-51a1-9f90-167314959c98","KEN-C026-CON140-W0695","Makutano","makutano","ward","electoral","193c93e6-c6ee-5605-847f-17791158d369","26","140","695","2012-03-09","","KDA-TRANSCRIPTION-LN14-2012","false","provisional"
"b1680afd-eab1-5857-8306-8a8ed49349b9","KEN-C026-CON140-W0696","Kaplamai","kaplamai","ward","electoral","193c93e6-c6ee-5605-847f-17791158d369","26","140","696","2012-03-09","","KDA-TRANSCRIPTION-LN14-2012","false","provisional"
"83a3d291-a040-500e-931d-3deb8c5bd8d8","KEN-C026-CON140-W0697","Motosiet","motosiet","ward","electoral","193c93e6-c6ee-5605-847f-17791158d369","26","140","697","2012-03-09","","KDA-TRANSCRIPTION-LN14-2012","false","provisional"
"381f942e-60f8-5126-8cd0-a3b9362664c3","KEN-C026-CON140-W0698","Cherangany/Suwerwa","cherangany-suwerwa","ward","electoral","193c93e6-c6ee-5605-847f-17791158d369","26","140","698","2012-03-09","","KDA-TRANSCRIPTION-LN14-2012","false","provisional"
"00ffc6ac-0f86-575c-96f1-4bb2f19d4938","KEN-C026-CON140-W0699","Chepsiro/Kiptoror","chepsiro-kiptoror","ward","electoral","193c93e6-c6ee-5605-847f-17791158d369","26","140","699","2012-03-09","","KDA-TRANSCRIPTION-LN14-2012","false","provisional"
"32bfb12b-403e-5610-9a97-26de9d832977","KEN-C026-CON140-W0700","Sitatunga","sitatunga","ward","electoral","193c93e6-c6ee-5605-847f-17791158d369","26","140","700","2012-03-09","","KDA-TRANSCRIPTION-LN14-2012","false","provisional"
"1d4241ab-9112-563e-9cb4-5737b833f903","KEN-C027-CON141-W0701","Moi's Bridge","mois-bridge","ward","electoral","5aa4db28-6788-5803-98cf-978c00e88b41","27","141","701","2012-03-09","","KDA-TRANSCRIPTION-LN14-2012","false","provisional"
"82c0f84f-6739-5c41-8e55-cd42e1c0007c","KEN-C027-CON141-W0702","Kapkures","kapkures","ward","electoral","5aa4db28-6788-5803-98cf-978c00e88b41","27","141","702","2012-03-09","","KDA-TRANSCRIPTION-LN14-2012","false","provisional"
"12bd775f-aba9-506e-bc50-e71cb3bc023d","KEN-C027-CON141-W0703","Ziwa","ziwa","ward","electoral","5aa4db28-6788-5803-98cf-978c00e88b41","27","141","703","2012-03-09","","KDA-TRANSCRIPTION-LN14-2012","false","provisional"
"3e615ed4-4c7c-50d9-ae32-8fa323ce25d3","KEN-C027-CON141-W0704","Segero/Barsombe","segero-barsombe","ward","electoral","5aa4db28-6788-5803-98cf-978c00e88b41","27","141","704","2012-03-09","","KDA-TRANSCRIPTION-LN14-2012","false","provisional"
"2c679b58-ca1a-5c73-a38e-bd4448a818e0","KEN-C027-CON141-W0705","Kipsomba","kipsomba","ward","electoral","5aa4db28-6788-5803-98cf-978c00e88b41","27","141","705","2012-03-09","","KDA-TRANSCRIPTION-LN14-2012","false","provisional"
"931a7ffb-2f11-5d25-808b-313b56721090","KEN-C027-CON141-W0706","Soy","soy","ward","electoral","5aa4db28-6788-5803-98cf-978c00e88b41","27","141","706","2012-03-09","","KDA-TRANSCRIPTION-LN14-2012","false","provisional"
"8ae2de40-29da-5cce-bb78-c7a4c591ff66","KEN-C027-CON141-W0707","Kuinet/Kapsuswa","kuinet-kapsuswa","ward","electoral","5aa4db28-6788-5803-98cf-978c00e88b41","27","141","707","2012-03-09","","KDA-TRANSCRIPTION-LN14-2012","false","provisional"
"1319dabb-c650-5166-b4ca-78d06a2ca95b","KEN-C027-CON142-W0708","Ngenyilel","ngenyilel","ward","electoral","b0a1ea1a-9982-547a-9a2b-59ceed9d2643","27","142","708","2012-03-09","","KDA-TRANSCRIPTION-LN14-2012","false","provisional"
"167c2713-bdf5-5e93-9176-2bd5a44f6a69","KEN-C027-CON142-W0709","Tapsagoi","tapsagoi","ward","electoral","b0a1ea1a-9982-547a-9a2b-59ceed9d2643","27","142","709","2012-03-09","","KDA-TRANSCRIPTION-LN14-2012","false","provisional"
"765680c3-1ee2-52c1-81c5-5195914f5115","KEN-C027-CON142-W0710","Kamagut","kamagut","ward","electoral","b0a1ea1a-9982-547a-9a2b-59ceed9d2643","27","142","710","2012-03-09","","KDA-TRANSCRIPTION-LN14-2012","false","provisional"
"90be15a5-2634-5bc0-b658-a83a96ea96d7","KEN-C027-CON142-W0711","Kiplombe","kiplombe","ward","electoral","b0a1ea1a-9982-547a-9a2b-59ceed9d2643","27","142","711","2012-03-09","","KDA-TRANSCRIPTION-LN14-2012","false","provisional"
"2eee4e3b-27e4-581a-ba44-f212212455b8","KEN-C027-CON142-W0712","Kapsaos","kapsaos","ward","electoral","b0a1ea1a-9982-547a-9a2b-59ceed9d2643","27","142","712","2012-03-09","","KDA-TRANSCRIPTION-LN14-2012","false","provisional"
"d988fc1a-25db-57b0-90f8-5feef3c4f8b9","KEN-C027-CON142-W0713","Huruma","huruma","ward","electoral","b0a1ea1a-9982-547a-9a2b-59ceed9d2643","27","142","713","2012-03-09","","KDA-TRANSCRIPTION-LN14-2012","false","provisional"
"cb088e83-dc07-5ddf-94ea-88f061bd8c72","KEN-C027-CON143-W0714","Tembelio","tembelio","ward","electoral","8f81683c-bd66-5ba7-97c3-b1b830b008e2","27","143","714","2012-03-09","","KDA-TRANSCRIPTION-LN14-2012","false","provisional"
"7f1a7569-0b18-56b0-9630-b4de89c6f0af","KEN-C027-CON143-W0715","Sergoit","sergoit","ward","electoral","8f81683c-bd66-5ba7-97c3-b1b830b008e2","27","143","715","2012-03-09","","KDA-TRANSCRIPTION-LN14-2012","false","provisional"
"eb7c6ae7-f9de-5fea-b13a-c641a31e04e1","KEN-C027-CON143-W0716","Karuna/Meibeki","karuna-meibeki","ward","electoral","8f81683c-bd66-5ba7-97c3-b1b830b008e2","27","143","716","2012-03-09","","KDA-TRANSCRIPTION-LN14-2012","false","provisional"
"e3c15ee5-ddca-529f-a71f-172c45d49c61","KEN-C027-CON143-W0717","Moiben","moiben","ward","electoral","8f81683c-bd66-5ba7-97c3-b1b830b008e2","27","143","717","2012-03-09","","KDA-TRANSCRIPTION-LN14-2012","false","provisional"
"e26fece9-abfa-5d8a-ba0f-c6c1a3c8305b","KEN-C027-CON143-W0718","Kimumu","kimumu","ward","electoral","8f81683c-bd66-5ba7-97c3-b1b830b008e2","27","143","718","2012-03-09","","KDA-TRANSCRIPTION-LN14-2012","false","provisional"
"b97eb211-0cf3-5c60-a1bd-9ad8203c66d5","KEN-C027-CON144-W0719","Kapsoya","kapsoya","ward","electoral","bb99fab3-ef4b-587a-94f2-6a1bd153e880","27","144","719","2012-03-09","","KDA-TRANSCRIPTION-LN14-2012","false","provisional"
"0e04b8f2-ac93-5de1-8112-ad1380459da0","KEN-C027-CON144-W0720","Kaptagat","kaptagat","ward","electoral","bb99fab3-ef4b-587a-94f2-6a1bd153e880","27","144","720","2012-03-09","","KDA-TRANSCRIPTION-LN14-2012","false","provisional"
"34d69dff-8607-5153-b956-013306567e22","KEN-C027-CON144-W0721","Ainabkoi/Olare","ainabkoi-olare","ward","electoral","bb99fab3-ef4b-587a-94f2-6a1bd153e880","27","144","721","2012-03-09","","KDA-TRANSCRIPTION-LN14-2012","false","provisional"
"05161d67-3977-5604-9e5a-6716d075cb3b","KEN-C027-CON145-W0722","Simat/Kapseret","simat-kapseret","ward","electoral","f2575466-2eee-58ed-b2c0-8c63ff1315d8","27","145","722","2012-03-09","","KDA-TRANSCRIPTION-LN14-2012","false","provisional"
"a6461500-fecd-51fc-8066-bd5fca66c5d3","KEN-C027-CON145-W0723","Kipkenyo","kipkenyo","ward","electoral","f2575466-2eee-58ed-b2c0-8c63ff1315d8","27","145","723","2012-03-09","","KDA-TRANSCRIPTION-LN14-2012","false","provisional"
"1db75654-afbe-5175-bcdf-d41667a233f9","KEN-C027-CON145-W0724","Ngeria","ngeria","ward","electoral","f2575466-2eee-58ed-b2c0-8c63ff1315d8","27","145","724","2012-03-09","","KDA-TRANSCRIPTION-LN14-2012","false","provisional"
"aafb9012-25ea-5544-96d5-1db839bac77b","KEN-C027-CON145-W0725","Megun","megun","ward","electoral","f2575466-2eee-58ed-b2c0-8c63ff1315d8","27","145","725","2012-03-09","","KDA-TRANSCRIPTION-LN14-2012","false","provisional"
"19d843f3-25c1-5501-9e7d-e3271efe0b1e","KEN-C027-CON145-W0726","Langas","langas","ward","electoral","f2575466-2eee-58ed-b2c0-8c63ff1315d8","27","145","726","2012-03-09","","KDA-TRANSCRIPTION-LN14-2012","false","provisional"
"d5629212-c33d-5a3c-bc23-4659bdaeda34","KEN-C027-CON146-W0727","Racecourse","racecourse","ward","electoral","ce1dbfbc-c985-5b2e-8dc0-bc8659f74f4a","27","146","727","2012-03-09","","KDA-TRANSCRIPTION-LN14-2012","false","provisional"
"c16422de-5262-5efa-8c23-c238123bedd0","KEN-C027-CON146-W0728","Cheptiret/Kipchamo","cheptiret-kipchamo","ward","electoral","ce1dbfbc-c985-5b2e-8dc0-bc8659f74f4a","27","146","728","2012-03-09","","KDA-TRANSCRIPTION-LN14-2012","false","provisional"
"8fd68e06-257b-5afc-9c89-0a53ed30ce3b","KEN-C027-CON146-W0729","Tulwet/Chuiyat","tulwet-chuiyat","ward","electoral","ce1dbfbc-c985-5b2e-8dc0-bc8659f74f4a","27","146","729","2012-03-09","","KDA-TRANSCRIPTION-LN14-2012","false","provisional"
"98e2220d-94a2-55bc-af4b-a934ac685468","KEN-C027-CON146-W0730","Tarakwa","tarakwa","ward","electoral","ce1dbfbc-c985-5b2e-8dc0-bc8659f74f4a","27","146","730","2012-03-09","","KDA-TRANSCRIPTION-LN14-2012","false","provisional"
"4ff2bc48-10ea-564c-a8a6-805b40c79fdb","KEN-C028-CON147-W0731","Kapyego","kapyego","ward","electoral","987e0c6e-4d05-5e6a-89cb-667cb753840e","28","147","731","2012-03-09","","KDA-TRANSCRIPTION-LN14-2012","false","provisional"
"423e8df1-5316-5583-8e9f-63d48e2f0626","KEN-C028-CON147-W0732","Sambirir","sambirir","ward","electoral","987e0c6e-4d05-5e6a-89cb-667cb753840e","28","147","732","2012-03-09","","KDA-TRANSCRIPTION-LN14-2012","false","provisional"
"a6440159-7d32-5000-8acd-fdf9b51c2a5b","KEN-C028-CON147-W0733","Endo","endo","ward","electoral","987e0c6e-4d05-5e6a-89cb-667cb753840e","28","147","733","2012-03-09","","KDA-TRANSCRIPTION-LN14-2012","false","provisional"
"4183b4aa-8df1-5022-a5df-339b46248609","KEN-C028-CON147-W0734","Embobut / Embulot","embobut-embulot","ward","electoral","987e0c6e-4d05-5e6a-89cb-667cb753840e","28","147","734","2012-03-09","","KDA-TRANSCRIPTION-LN14-2012","false","provisional"
"44b030f5-0b07-5fee-9ea2-a082e494896f","KEN-C028-CON148-W0735","Lelan","lelan","ward","electoral","319d9fbb-54d1-54fd-910d-f576447a08c1","28","148","735","2012-03-09","","KDA-TRANSCRIPTION-LN14-2012","false","provisional"
"96e0c0ee-dcb0-5c50-9c42-a9e12078fdbb","KEN-C028-CON148-W0736","Sengwer","sengwer","ward","electoral","319d9fbb-54d1-54fd-910d-f576447a08c1","28","148","736","2012-03-09","","KDA-TRANSCRIPTION-LN14-2012","false","provisional"
"59178a94-8b79-5053-bb7e-4c3cc3689531","KEN-C028-CON148-W0737","Cherang'any/Chebororwa","cherangany-chebororwa","ward","electoral","319d9fbb-54d1-54fd-910d-f576447a08c1","28","148","737","2012-03-09","","KDA-TRANSCRIPTION-LN14-2012","false","provisional"
"1fae7dd2-ca2d-5abf-93b3-03b904ae3974","KEN-C028-CON148-W0738","Moiben/Kuserwo","moiben-kuserwo","ward","electoral","319d9fbb-54d1-54fd-910d-f576447a08c1","28","148","738","2012-03-09","","KDA-TRANSCRIPTION-LN14-2012","false","provisional"
"515f49cf-6719-572f-8d50-f7f692252fb0","KEN-C028-CON148-W0739","Kapsowar","kapsowar","ward","electoral","319d9fbb-54d1-54fd-910d-f576447a08c1","28","148","739","2012-03-09","","KDA-TRANSCRIPTION-LN14-2012","false","provisional"
"8ed1239d-75aa-5342-a4c5-94cdca9eb80c","KEN-C028-CON148-W0740","Arror","arror","ward","electoral","319d9fbb-54d1-54fd-910d-f576447a08c1","28","148","740","2012-03-09","","KDA-TRANSCRIPTION-LN14-2012","false","provisional"
"27614586-9543-5a9a-9f5f-f4ea5a29f560","KEN-C028-CON149-W0741","Emsoo","emsoo","ward","electoral","be0a8b63-5b40-55e3-a0ef-49a692da8dfe","28","149","741","2012-03-09","","KDA-TRANSCRIPTION-LN14-2012","false","provisional"
"d9d6e0dc-64ac-574b-8dab-4929a6060fbb","KEN-C028-CON149-W0742","Kamariny","kamariny","ward","electoral","be0a8b63-5b40-55e3-a0ef-49a692da8dfe","28","149","742","2012-03-09","","KDA-TRANSCRIPTION-LN14-2012","false","provisional"
"9418abc4-a13e-5cb8-a160-47d028381932","KEN-C028-CON149-W0743","Kapchemutwa","kapchemutwa","ward","electoral","be0a8b63-5b40-55e3-a0ef-49a692da8dfe","28","149","743","2012-03-09","","KDA-TRANSCRIPTION-LN14-2012","false","provisional"
"bde86d59-a59f-5b87-9e31-50e5c664b1d6","KEN-C028-CON149-W0744","Tambach","tambach","ward","electoral","be0a8b63-5b40-55e3-a0ef-49a692da8dfe","28","149","744","2012-03-09","","KDA-TRANSCRIPTION-LN14-2012","false","provisional"
"776480b9-f3a5-508c-b54a-e74b8359e531","KEN-C028-CON150-W0745","Kaptarakwa","kaptarakwa","ward","electoral","59447c59-5c21-5668-97be-40e8f8adc4c7","28","150","745","2012-03-09","","KDA-TRANSCRIPTION-LN14-2012","false","provisional"
"c3dbb9fb-925b-58d5-bbc2-a66bf8a61993","KEN-C028-CON150-W0746","Chepkorio","chepkorio","ward","electoral","59447c59-5c21-5668-97be-40e8f8adc4c7","28","150","746","2012-03-09","","KDA-TRANSCRIPTION-LN14-2012","false","provisional"
"6c8f5b50-60e2-5b33-ab94-176d01652435","KEN-C028-CON150-W0747","Soy North","soy-north","ward","electoral","59447c59-5c21-5668-97be-40e8f8adc4c7","28","150","747","2012-03-09","","KDA-TRANSCRIPTION-LN14-2012","false","provisional"
"614350b7-8eb7-5149-80c0-bc19d04a7ebd","KEN-C028-CON150-W0748","Soy South","soy-south","ward","electoral","59447c59-5c21-5668-97be-40e8f8adc4c7","28","150","748","2012-03-09","","KDA-TRANSCRIPTION-LN14-2012","false","provisional"
"d0ecfa60-4ad6-5afa-b62c-32690d139275","KEN-C028-CON150-W0749","Kabiemit","kabiemit","ward","electoral","59447c59-5c21-5668-97be-40e8f8adc4c7","28","150","749","2012-03-09","","KDA-TRANSCRIPTION-LN14-2012","false","provisional"
"abfc99e6-9f0b-5f31-ad4d-f14828291be8","KEN-C028-CON150-W0750","Metkei","metkei","ward","electoral","59447c59-5c21-5668-97be-40e8f8adc4c7","28","150","750","2012-03-09","","KDA-TRANSCRIPTION-LN14-2012","false","provisional"
"9ae1edb2-553e-599e-ad97-af9234c596fa","KEN-C029-CON151-W0751","Songhor/Soba","songhor-soba","ward","electoral","1cecb857-6384-5869-9d3d-ce8862de83cc","29","151","751","2012-03-09","","KDA-TRANSCRIPTION-LN14-2012","false","provisional"
"b1ef16f3-05c9-5394-a507-d05e7fcd32ba","KEN-C029-CON151-W0752","Tindiret","tindiret","ward","electoral","1cecb857-6384-5869-9d3d-ce8862de83cc","29","151","752","2012-03-09","","KDA-TRANSCRIPTION-LN14-2012","false","provisional"
"e7c5c8a0-9fff-54f7-bde0-d88ac0be446b","KEN-C029-CON151-W0753","Chemelil/Chemase","chemelil-chemase","ward","electoral","1cecb857-6384-5869-9d3d-ce8862de83cc","29","151","753","2012-03-09","","KDA-TRANSCRIPTION-LN14-2012","false","provisional"
"ba5bcd57-11c9-5a4a-b0e6-8b9c0a9d0ef9","KEN-C029-CON151-W0754","Kapsimotwo","kapsimotwo","ward","electoral","1cecb857-6384-5869-9d3d-ce8862de83cc","29","151","754","2012-03-09","","KDA-TRANSCRIPTION-LN14-2012","false","provisional"
"21b1fab0-4bcf-56b9-8107-ac73c1c48893","KEN-C029-CON152-W0755","Kabwareng","kabwareng","ward","electoral","4f606e63-710d-54e4-ba6d-aa08cdcbb765","29","152","755","2012-03-09","","KDA-TRANSCRIPTION-LN14-2012","false","provisional"
"0838b92e-18bf-5225-9648-6263fc56d5ae","KEN-C029-CON152-W0756","Terik","terik","ward","electoral","4f606e63-710d-54e4-ba6d-aa08cdcbb765","29","152","756","2012-03-09","","KDA-TRANSCRIPTION-LN14-2012","false","provisional"
"2b0d1e52-aea0-5c01-960c-2237f93c8776","KEN-C029-CON152-W0757","Kemeloi-Maraba","kemeloi-maraba","ward","electoral","4f606e63-710d-54e4-ba6d-aa08cdcbb765","29","152","757","2012-03-09","","KDA-TRANSCRIPTION-LN14-2012","false","provisional"
"d6d11c6b-ab9e-52dc-beed-42437f210421","KEN-C029-CON152-W0758","Kobujoi","kobujoi","ward","electoral","4f606e63-710d-54e4-ba6d-aa08cdcbb765","29","152","758","2012-03-09","","KDA-TRANSCRIPTION-LN14-2012","false","provisional"
"fee88ed2-0688-532a-b291-610792faa273","KEN-C029-CON152-W0759","Kaptumo-Kaboi","kaptumo-kaboi","ward","electoral","4f606e63-710d-54e4-ba6d-aa08cdcbb765","29","152","759","2012-03-09","","KDA-TRANSCRIPTION-LN14-2012","false","provisional"
"e6af4d0e-f80b-53d3-af27-6ed751d25271","KEN-C029-CON152-W0760","Koyo-Ndurio","koyo-ndurio","ward","electoral","4f606e63-710d-54e4-ba6d-aa08cdcbb765","29","152","760","2012-03-09","","KDA-TRANSCRIPTION-LN14-2012","false","provisional"
"6c5bdcad-8c95-5948-ae3e-07b748eff107","KEN-C029-CON153-W0761","Nandi Hills","nandi-hills","ward","electoral","572c627c-944f-5f53-be23-1dd070e8b40b","29","153","761","2012-03-09","","KDA-TRANSCRIPTION-LN14-2012","false","provisional"
"45d0320a-1a19-586b-a3d0-94a69206aff0","KEN-C029-CON153-W0762","Chepkunyuk","chepkunyuk","ward","electoral","572c627c-944f-5f53-be23-1dd070e8b40b","29","153","762","2012-03-09","","KDA-TRANSCRIPTION-LN14-2012","false","provisional"
"267ab6b2-283a-5cc9-b280-6e5d0d6b8a67","KEN-C029-CON153-W0763","Ol'lessos","ollessos","ward","electoral","572c627c-944f-5f53-be23-1dd070e8b40b","29","153","763","2012-03-09","","KDA-TRANSCRIPTION-LN14-2012","false","provisional"
"37496cd9-a87a-57d7-88d6-e85c73841bd6","KEN-C029-CON153-W0764","Kapchorua","kapchorua","ward","electoral","572c627c-944f-5f53-be23-1dd070e8b40b","29","153","764","2012-03-09","","KDA-TRANSCRIPTION-LN14-2012","false","provisional"
"eb0cede5-1d03-5fb0-8872-131239d12c61","KEN-C029-CON154-W0765","Chemundu/Kapng'etuny","chemundu-kapngetuny","ward","electoral","cf838d55-73e6-594d-b6dd-6f25ef80a69d","29","154","765","2012-03-09","","KDA-TRANSCRIPTION-LN14-2012","false","provisional"
"1d6b4eb1-5412-54dc-90ad-32c940799745","KEN-C029-CON154-W0766","Kosirai","kosirai","ward","electoral","cf838d55-73e6-594d-b6dd-6f25ef80a69d","29","154","766","2012-03-09","","KDA-TRANSCRIPTION-LN14-2012","false","provisional"
"b08791d9-fbe0-5cf9-a368-8f5d545a3fdf","KEN-C029-CON154-W0767","Lelmokwo/Ngechek","lelmokwo-ngechek","ward","electoral","cf838d55-73e6-594d-b6dd-6f25ef80a69d","29","154","767","2012-03-09","","KDA-TRANSCRIPTION-LN14-2012","false","provisional"
"15cf51ef-b7a6-5131-befa-d0e400bc9c3b","KEN-C029-CON154-W0768","Kaptel/Kamoiywo","kaptel-kamoiywo","ward","electoral","cf838d55-73e6-594d-b6dd-6f25ef80a69d","29","154","768","2012-03-09","","KDA-TRANSCRIPTION-LN14-2012","false","provisional"
"c6a36774-d218-5402-80fe-e04949436502","KEN-C029-CON154-W0769","Kiptuya","kiptuya","ward","electoral","cf838d55-73e6-594d-b6dd-6f25ef80a69d","29","154","769","2012-03-09","","KDA-TRANSCRIPTION-LN14-2012","false","provisional"
"0c072163-608e-5417-a3fc-8e092dc9c7c2","KEN-C029-CON155-W0770","Chepkumia","chepkumia","ward","electoral","05249cd9-aa71-5617-8a0b-e2d37588a02c","29","155","770","2012-03-09","","KDA-TRANSCRIPTION-LN14-2012","false","provisional"
"41aa7b01-1d2d-5374-91b1-874540695f90","KEN-C029-CON155-W0771","Kapkangani","kapkangani","ward","electoral","05249cd9-aa71-5617-8a0b-e2d37588a02c","29","155","771","2012-03-09","","KDA-TRANSCRIPTION-LN14-2012","false","provisional"
"f2631aaf-ac2b-5bd8-8cba-193bd9f9b835","KEN-C029-CON155-W0772","Kapsabet","kapsabet","ward","electoral","05249cd9-aa71-5617-8a0b-e2d37588a02c","29","155","772","2012-03-09","","KDA-TRANSCRIPTION-LN14-2012","false","provisional"
"7ddd61f5-e6b9-504d-8b53-5ee1b2d680f4","KEN-C029-CON155-W0773","Kilibwoni","kilibwoni","ward","electoral","05249cd9-aa71-5617-8a0b-e2d37588a02c","29","155","773","2012-03-09","","KDA-TRANSCRIPTION-LN14-2012","false","provisional"
"55be01ef-1d64-54ec-9efb-75ac14c954e6","KEN-C029-CON156-W0774","Chepterwai","chepterwai","ward","electoral","f6ead134-c5fd-5514-bbd0-1be18d7fb2c7","29","156","774","2012-03-09","","KDA-TRANSCRIPTION-LN14-2012","false","provisional"
"6212a6f9-18db-5f25-b644-a8cf33fdadac","KEN-C029-CON156-W0775","Kipkaren","kipkaren","ward","electoral","f6ead134-c5fd-5514-bbd0-1be18d7fb2c7","29","156","775","2012-03-09","","KDA-TRANSCRIPTION-LN14-2012","false","provisional"
"5f537447-e8c2-5e57-993e-ee549973d032","KEN-C029-CON156-W0776","Kurgung/Surungai","kurgung-surungai","ward","electoral","f6ead134-c5fd-5514-bbd0-1be18d7fb2c7","29","156","776","2012-03-09","","KDA-TRANSCRIPTION-LN14-2012","false","provisional"
"4b2d6e52-5ad1-51ec-b4e6-eaf8fb145ca7","KEN-C029-CON156-W0777","Kabiyet","kabiyet","ward","electoral","f6ead134-c5fd-5514-bbd0-1be18d7fb2c7","29","156","777","2012-03-09","","KDA-TRANSCRIPTION-LN14-2012","false","provisional"
"3a8bfeca-e916-5291-a63d-16782984db66","KEN-C029-CON156-W0778","Ndalat","ndalat","ward","electoral","f6ead134-c5fd-5514-bbd0-1be18d7fb2c7","29","156","778","2012-03-09","","KDA-TRANSCRIPTION-LN14-2012","false","provisional"
"c09b1fc8-ec13-522a-9ac1-108df70eb233","KEN-C029-CON156-W0779","Kabisaga","kabisaga","ward","electoral","f6ead134-c5fd-5514-bbd0-1be18d7fb2c7","29","156","779","2012-03-09","","KDA-TRANSCRIPTION-LN14-2012","false","provisional"
"e5d05a59-7dda-5aa4-bc87-8c0997cada8b","KEN-C029-CON156-W0780","Sangalo/Kebulonik","sangalo-kebulonik","ward","electoral","f6ead134-c5fd-5514-bbd0-1be18d7fb2c7","29","156","780","2012-03-09","","KDA-TRANSCRIPTION-LN14-2012","false","provisional"
"13741a18-076b-54e8-9ba9-f7ff3cc7a554","KEN-C030-CON157-W0781","Tirioko","tirioko","ward","electoral","05406fbc-c7b1-5307-82e4-e106c0ed5a30","30","157","781","2012-03-09","","KDA-TRANSCRIPTION-LN14-2012","false","provisional"
"ef704308-9268-58c1-8013-9c79c7f89d8e","KEN-C030-CON157-W0782","Kolowa","kolowa","ward","electoral","05406fbc-c7b1-5307-82e4-e106c0ed5a30","30","157","782","2012-03-09","","KDA-TRANSCRIPTION-LN14-2012","false","provisional"
"3187fb82-7eaf-5d40-a101-d7ae17b34302","KEN-C030-CON157-W0783","Ribkwo","ribkwo","ward","electoral","05406fbc-c7b1-5307-82e4-e106c0ed5a30","30","157","783","2012-03-09","","KDA-TRANSCRIPTION-LN14-2012","false","provisional"
"91ae9df0-d3d8-5498-9f41-bf82a003797f","KEN-C030-CON157-W0784","Silale","silale","ward","electoral","05406fbc-c7b1-5307-82e4-e106c0ed5a30","30","157","784","2012-03-09","","KDA-TRANSCRIPTION-LN14-2012","false","provisional"
"da66f446-7e6e-5268-87ae-4f2b3bb82b91","KEN-C030-CON157-W0785","Loiyamorock","loiyamorock","ward","electoral","05406fbc-c7b1-5307-82e4-e106c0ed5a30","30","157","785","2012-03-09","","KDA-TRANSCRIPTION-LN14-2012","false","provisional"
"1e987c13-6293-5d65-bef8-b1b4658992d9","KEN-C030-CON157-W0786","Tangulbei/Korossi","tangulbei-korossi","ward","electoral","05406fbc-c7b1-5307-82e4-e106c0ed5a30","30","157","786","2012-03-09","","KDA-TRANSCRIPTION-LN14-2012","false","provisional"
"a6a4126d-b584-5fda-bda8-0b2565b9e128","KEN-C030-CON157-W0787","Churo/Amaya","churo-amaya","ward","electoral","05406fbc-c7b1-5307-82e4-e106c0ed5a30","30","157","787","2012-03-09","","KDA-TRANSCRIPTION-LN14-2012","false","provisional"
"60b81648-cf7d-55ca-93fb-a4b9e46b6514","KEN-C030-CONNaN-W0788","Barwessa","barwessa","ward","electoral","8a20fc79-c0ef-501c-8c25-4aecfc084e45","30","NaN","788","2012-03-09","","KDA-TRANSCRIPTION-LN14-2012","false","provisional"
"e6f18a00-000c-5298-93f8-09646febba5c","KEN-C030-CONNaN-W0789","Kabartonjo","kabartonjo","ward","electoral","8a20fc79-c0ef-501c-8c25-4aecfc084e45","30","NaN","789","2012-03-09","","KDA-TRANSCRIPTION-LN14-2012","false","provisional"
"d171ad7d-ec4e-54a3-b3dc-78642e706027","KEN-C030-CONNaN-W0790","Saimo/Kipsaraman","saimo-kipsaraman","ward","electoral","8a20fc79-c0ef-501c-8c25-4aecfc084e45","30","NaN","790","2012-03-09","","KDA-TRANSCRIPTION-LN14-2012","false","provisional"
"9ff72920-15f9-5f67-8337-365f949b9ec1","KEN-C030-CONNaN-W0791","Saimo/Soi","saimo-soi","ward","electoral","8a20fc79-c0ef-501c-8c25-4aecfc084e45","30","NaN","791","2012-03-09","","KDA-TRANSCRIPTION-LN14-2012","false","provisional"
"363bc1be-245c-5d85-ac53-511fa29b4de2","KEN-C030-CONNaN-W0792","Bartabwa","bartabwa","ward","electoral","8a20fc79-c0ef-501c-8c25-4aecfc084e45","30","NaN","792","2012-03-09","","KDA-TRANSCRIPTION-LN14-2012","false","provisional"
"02239875-4e9b-56ac-8c55-551f3c891be5","KEN-C030-CON159-W0793","Kabarnet","kabarnet","ward","electoral","529d8896-fcd3-5e70-bd31-3953bc257ab9","30","159","793","2012-03-09","","KDA-TRANSCRIPTION-LN14-2012","false","provisional"
"049183f8-18c7-57bc-b519-72b95971a7e1","KEN-C030-CON159-W0794","Sacho","sacho","ward","electoral","529d8896-fcd3-5e70-bd31-3953bc257ab9","30","159","794","2012-03-09","","KDA-TRANSCRIPTION-LN14-2012","false","provisional"
"879bdd7c-c8f8-583d-a0bf-89562c235c8b","KEN-C030-CON159-W0795","Tenges","tenges","ward","electoral","529d8896-fcd3-5e70-bd31-3953bc257ab9","30","159","795","2012-03-09","","KDA-TRANSCRIPTION-LN14-2012","false","provisional"
"2aa689e5-9f7b-563c-ab3d-eaf2a8140ce6","KEN-C030-CON159-W0796","Ewalel Chapchap","ewalel-chapchap","ward","electoral","529d8896-fcd3-5e70-bd31-3953bc257ab9","30","159","796","2012-03-09","","KDA-TRANSCRIPTION-LN14-2012","false","provisional"
"daaade63-e22a-59d2-a2cb-7e9e4b567e1f","KEN-C030-CON159-W0797","Kapropita","kapropita","ward","electoral","529d8896-fcd3-5e70-bd31-3953bc257ab9","30","159","797","2012-03-09","","KDA-TRANSCRIPTION-LN14-2012","false","provisional"
"4f1a718f-363f-5229-a184-01e947d6f914","KEN-C030-CON160-W0798","Marigat","marigat","ward","electoral","eab7e42b-3862-5e96-834a-e91ad7823aa2","30","160","798","2012-03-09","","KDA-TRANSCRIPTION-LN14-2012","false","provisional"
"66fc548b-94d9-5248-872d-b9c3e4f7b78c","KEN-C030-CON160-W0799","Ilchamus","ilchamus","ward","electoral","eab7e42b-3862-5e96-834a-e91ad7823aa2","30","160","799","2012-03-09","","KDA-TRANSCRIPTION-LN14-2012","false","provisional"
"52271d9e-42ae-560c-9737-a1a0bf1265ab","KEN-C030-CON160-W0800","Mochongoi","mochongoi","ward","electoral","eab7e42b-3862-5e96-834a-e91ad7823aa2","30","160","800","2012-03-09","","KDA-TRANSCRIPTION-LN14-2012","false","provisional"
"1094351a-3349-5f46-996d-2e6176fe394d","KEN-C030-CON160-W0801","Mukutani","mukutani","ward","electoral","eab7e42b-3862-5e96-834a-e91ad7823aa2","30","160","801","2012-03-09","","KDA-TRANSCRIPTION-LN14-2012","false","provisional"
"504a7f01-b83c-5a03-a738-c4c0291d460f","KEN-C030-CON161-W0802","Mogotio","mogotio","ward","electoral","36cf6911-ac5e-5c88-8558-45532a5fc5bc","30","161","802","2012-03-09","","KDA-TRANSCRIPTION-LN14-2012","false","provisional"
"acc5bf7f-f292-508d-bc66-ffc9617ab353","KEN-C030-CON161-W0803","Emining","emining","ward","electoral","36cf6911-ac5e-5c88-8558-45532a5fc5bc","30","161","803","2012-03-09","","KDA-TRANSCRIPTION-LN14-2012","false","provisional"
"312c2afa-6ebf-597e-9408-bade50deecdc","KEN-C030-CON161-W0804","Kisanana","kisanana","ward","electoral","36cf6911-ac5e-5c88-8558-45532a5fc5bc","30","161","804","2012-03-09","","KDA-TRANSCRIPTION-LN14-2012","false","provisional"
"9e8ead57-b1d3-5781-bb03-fb454049bebb","KEN-C030-CON162-W0805","Lembus","lembus","ward","electoral","307cc7b2-fdd1-5f09-ba0b-6cea26296521","30","162","805","2012-03-09","","KDA-TRANSCRIPTION-LN14-2012","false","provisional"
"ffc8ed32-5c9b-59dd-b6d3-d99b791c481a","KEN-C030-CON162-W0806","Lembus Kwen","lembus-kwen","ward","electoral","307cc7b2-fdd1-5f09-ba0b-6cea26296521","30","162","806","2012-03-09","","KDA-TRANSCRIPTION-LN14-2012","false","provisional"
"2bd81f93-14f5-5d91-bd02-5462573d9949","KEN-C030-CON162-W0807","Ravine","ravine","ward","electoral","307cc7b2-fdd1-5f09-ba0b-6cea26296521","30","162","807","2012-03-09","","KDA-TRANSCRIPTION-LN14-2012","false","provisional"
"d219f571-b54d-5b0c-8f93-91f25cd1a56a","KEN-C030-CON162-W0808","Mumberes/Maji Mazuri","mumberes-maji-mazuri","ward","electoral","307cc7b2-fdd1-5f09-ba0b-6cea26296521","30","162","808","2012-03-09","","KDA-TRANSCRIPTION-LN14-2012","false","provisional"
"05cd9d65-0484-552e-ad73-106d0afd5804","KEN-C030-CON162-W0809","Lembus/Perkerra","lembus-perkerra","ward","electoral","307cc7b2-fdd1-5f09-ba0b-6cea26296521","30","162","809","2012-03-09","","KDA-TRANSCRIPTION-LN14-2012","false","provisional"
"93773962-c573-5d0d-baed-56a29bb09144","KEN-C030-CON162-W0810","Koibatek","koibatek","ward","electoral","307cc7b2-fdd1-5f09-ba0b-6cea26296521","30","162","810","2012-03-09","","KDA-TRANSCRIPTION-LN14-2012","false","provisional"
"8795e1a0-cd34-57f5-9947-d94cdfab7788","KEN-C031-CON163-W0811","Olmoran","olmoran","ward","electoral","fb01c5e3-9fad-5cbb-a4a4-e569943438ba","31","163","811","2012-03-09","","KDA-TRANSCRIPTION-LN14-2012","false","provisional"
"97949b5f-430c-52fc-ab56-fda686096428","KEN-C031-CON163-W0812","Rumuruti Township","rumuruti-township","ward","electoral","fb01c5e3-9fad-5cbb-a4a4-e569943438ba","31","163","812","2012-03-09","","KDA-TRANSCRIPTION-LN14-2012","false","provisional"
"2a6a44ca-a3e5-58d5-86e5-0351a4076e97","KEN-C031-CON163-W0813","Kinamba","kinamba","ward","electoral","fb01c5e3-9fad-5cbb-a4a4-e569943438ba","31","163","813","2012-03-09","","KDA-TRANSCRIPTION-LN14-2012","false","provisional"
"cc88ba76-88f3-5289-89d5-2fa2bc1e02ff","KEN-C031-CON163-W0814","Marmanet","marmanet","ward","electoral","fb01c5e3-9fad-5cbb-a4a4-e569943438ba","31","163","814","2012-03-09","","KDA-TRANSCRIPTION-LN14-2012","false","provisional"
"0afea870-26a3-5723-8431-4f1233bffd27","KEN-C031-CON163-W0815","Igwamiti","igwamiti","ward","electoral","fb01c5e3-9fad-5cbb-a4a4-e569943438ba","31","163","815","2012-03-09","","KDA-TRANSCRIPTION-LN14-2012","false","provisional"
"2d0b24be-fe93-5007-9c2f-f58c7a594d90","KEN-C031-CON163-W0816","Salama","salama","ward","electoral","fb01c5e3-9fad-5cbb-a4a4-e569943438ba","31","163","816","2012-03-09","","KDA-TRANSCRIPTION-LN14-2012","false","provisional"
"380c31c7-b394-5e93-b2e4-72da935ffdf3","KEN-C031-CON164-W0817","Ngobit","ngobit","ward","electoral","52abede0-4cdf-5522-b498-3f6f2b4d9352","31","164","817","2012-03-09","","KDA-TRANSCRIPTION-LN14-2012","false","provisional"
"e50e8f58-79cc-5172-9e84-56b7123f4d8e","KEN-C031-CON164-W0818","Tigithi","tigithi","ward","electoral","52abede0-4cdf-5522-b498-3f6f2b4d9352","31","164","818","2012-03-09","","KDA-TRANSCRIPTION-LN14-2012","false","provisional"
"08524d9e-b252-5929-b922-707703d7057b","KEN-C031-CON164-W0819","Thingithu","thingithu","ward","electoral","52abede0-4cdf-5522-b498-3f6f2b4d9352","31","164","819","2012-03-09","","KDA-TRANSCRIPTION-LN14-2012","false","provisional"
"bb375caf-0bd6-54fb-98b1-91ecd202edd1","KEN-C031-CON164-W0820","Nanyuki","nanyuki","ward","electoral","52abede0-4cdf-5522-b498-3f6f2b4d9352","31","164","820","2012-03-09","","KDA-TRANSCRIPTION-LN14-2012","false","provisional"
"37154bd7-3e23-5d7d-9588-9a733618ab22","KEN-C031-CON164-W0821","Umande","umande","ward","electoral","52abede0-4cdf-5522-b498-3f6f2b4d9352","31","164","821","2012-03-09","","KDA-TRANSCRIPTION-LN14-2012","false","provisional"
"0db6efb1-c20e-574d-a521-e55eac1c2282","KEN-C031-CON165-W0822","Sosian","sosian","ward","electoral","e8e5b59b-89f6-52f0-8d40-3554604892a2","31","165","822","2012-03-09","","KDA-TRANSCRIPTION-LN14-2012","false","provisional"
"05eb238b-f043-5236-b1a9-5972686b9b8f","KEN-C031-CON165-W0823","Segera","segera","ward","electoral","e8e5b59b-89f6-52f0-8d40-3554604892a2","31","165","823","2012-03-09","","KDA-TRANSCRIPTION-LN14-2012","false","provisional"
"93d0677f-b139-569d-9640-f4926ec4f67d","KEN-C031-CON165-W0824","Mukogondo West","mukogondo-west","ward","electoral","e8e5b59b-89f6-52f0-8d40-3554604892a2","31","165","824","2012-03-09","","KDA-TRANSCRIPTION-LN14-2012","false","provisional"
"c93e4b88-bab3-5d91-b2f9-69407e690038","KEN-C031-CON165-W0825","Mukogondo East","mukogondo-east","ward","electoral","e8e5b59b-89f6-52f0-8d40-3554604892a2","31","165","825","2012-03-09","","KDA-TRANSCRIPTION-LN14-2012","false","provisional"
"29c930e8-718c-5966-b770-9ca0dc4e5807","KEN-C032-CON166-W0826","Mariashoni","mariashoni","ward","electoral","320fdfc2-ecd1-549f-8993-99d46cf203ec","32","166","826","2012-03-09","","KDA-TRANSCRIPTION-LN14-2012","false","provisional"
"4f165195-1e6c-54f0-8e4c-55ec21f5ce12","KEN-C032-CON166-W0827","Elburgon","elburgon","ward","electoral","320fdfc2-ecd1-549f-8993-99d46cf203ec","32","166","827","2012-03-09","","KDA-TRANSCRIPTION-LN14-2012","false","provisional"
"d923a0b8-61ca-5a08-94f1-8bff4355dd0b","KEN-C032-CON166-W0828","Turi","turi","ward","electoral","320fdfc2-ecd1-549f-8993-99d46cf203ec","32","166","828","2012-03-09","","KDA-TRANSCRIPTION-LN14-2012","false","provisional"
"71c6cd71-6322-53e1-a76e-a9da40671447","KEN-C032-CON166-W0829","Molo","molo","ward","electoral","320fdfc2-ecd1-549f-8993-99d46cf203ec","32","166","829","2012-03-09","","KDA-TRANSCRIPTION-LN14-2012","false","provisional"
"8537d6eb-c78b-509f-8871-e5bdf91353f1","KEN-C032-CON167-W0830","Maunarok","maunarok","ward","electoral","ee2a45b9-c2f3-57f3-8975-2385c78bfcfb","32","167","830","2012-03-09","","KDA-TRANSCRIPTION-LN14-2012","false","provisional"
"f2b06d4f-5bfd-55fc-82e6-c83e6a3881de","KEN-C032-CON167-W0831","Mauche","mauche","ward","electoral","ee2a45b9-c2f3-57f3-8975-2385c78bfcfb","32","167","831","2012-03-09","","KDA-TRANSCRIPTION-LN14-2012","false","provisional"
"4f09c1d5-f070-5e45-9afb-8d1a822df49c","KEN-C032-CON167-W0832","Kihingo","kihingo","ward","electoral","ee2a45b9-c2f3-57f3-8975-2385c78bfcfb","32","167","832","2012-03-09","","KDA-TRANSCRIPTION-LN14-2012","false","provisional"
"36157e51-161d-511c-8c4e-25925f045397","KEN-C032-CON167-W0833","Nessuit","nessuit","ward","electoral","ee2a45b9-c2f3-57f3-8975-2385c78bfcfb","32","167","833","2012-03-09","","KDA-TRANSCRIPTION-LN14-2012","false","provisional"
"8d4e6dfc-8a95-5405-b495-d3eb3b6cf471","KEN-C032-CON167-W0834","Lare","lare","ward","electoral","ee2a45b9-c2f3-57f3-8975-2385c78bfcfb","32","167","834","2012-03-09","","KDA-TRANSCRIPTION-LN14-2012","false","provisional"
"839755f6-77a0-5e51-ad5f-8827c875505a","KEN-C032-CON167-W0835","Njoro","njoro","ward","electoral","ee2a45b9-c2f3-57f3-8975-2385c78bfcfb","32","167","835","2012-03-09","","KDA-TRANSCRIPTION-LN14-2012","false","provisional"
"75368005-8ee3-5bc1-85f0-ddae0a4220fe","KEN-C032-CON168-W0836","Biashara","biashara","ward","electoral","5ea9116c-5d87-5b1e-8573-028232a75867","32","168","836","2012-03-09","","KDA-TRANSCRIPTION-LN14-2012","false","provisional"
"4de46729-04b1-5fc3-88e3-9cf3e122f336","KEN-C032-CON168-W0837","Hells Gate","hells-gate","ward","electoral","5ea9116c-5d87-5b1e-8573-028232a75867","32","168","837","2012-03-09","","KDA-TRANSCRIPTION-LN14-2012","false","provisional"
"89000eee-f937-560a-b76f-73734afe3e48","KEN-C032-CON168-W0838","Lakeview","lakeview","ward","electoral","5ea9116c-5d87-5b1e-8573-028232a75867","32","168","838","2012-03-09","","KDA-TRANSCRIPTION-LN14-2012","false","provisional"
"0dbb9d23-7901-5de5-b2e9-0f3d6ad8fd14","KEN-C032-CON168-W0839","Maai-Mahiu","maai-mahiu","ward","electoral","5ea9116c-5d87-5b1e-8573-028232a75867","32","168","839","2012-03-09","","KDA-TRANSCRIPTION-LN14-2012","false","provisional"
"e4e71972-ffa6-5e8e-a590-cf038425b12a","KEN-C032-CON168-W0840","Maiella","maiella","ward","electoral","5ea9116c-5d87-5b1e-8573-028232a75867","32","168","840","2012-03-09","","KDA-TRANSCRIPTION-LN14-2012","false","provisional"
"b726cdfb-145e-594f-92ea-dc67f04e146e","KEN-C032-CON168-W0841","Olkaria","olkaria","ward","electoral","5ea9116c-5d87-5b1e-8573-028232a75867","32","168","841","2012-03-09","","KDA-TRANSCRIPTION-LN14-2012","false","provisional"
"72c0ffa4-8bd0-5e0b-9a66-1bd68e50726d","KEN-C032-CON168-W0842","Naivasha East","naivasha-east","ward","electoral","5ea9116c-5d87-5b1e-8573-028232a75867","32","168","842","2012-03-09","","KDA-TRANSCRIPTION-LN14-2012","false","provisional"
"4ecd6d4d-58d6-555c-ba83-52fa6ca35b3b","KEN-C032-CON168-W0843","Viwandani","viwandani","ward","electoral","5ea9116c-5d87-5b1e-8573-028232a75867","32","168","843","2012-03-09","","KDA-TRANSCRIPTION-LN14-2012","false","provisional"
"dfee79e5-8717-54cf-954c-d82aa418363a","KEN-C032-CON169-W0844","Gilgil","gilgil","ward","electoral","541b9caa-847c-56b9-9ea4-924f63d592ef","32","169","844","2012-03-09","","KDA-TRANSCRIPTION-LN14-2012","false","provisional"
"37d007a3-2607-5602-bdbe-05cc32429a14","KEN-C032-CON169-W0845","Elementaita","elementaita","ward","electoral","541b9caa-847c-56b9-9ea4-924f63d592ef","32","169","845","2012-03-09","","KDA-TRANSCRIPTION-LN14-2012","false","provisional"
"8bd366c3-cc1e-5b4a-9d72-bf0bb0fea0ad","KEN-C032-CON169-W0846","Mbaruk/Eburu","mbaruk-eburu","ward","electoral","541b9caa-847c-56b9-9ea4-924f63d592ef","32","169","846","2012-03-09","","KDA-TRANSCRIPTION-LN14-2012","false","provisional"
"f184ab2f-516a-5853-ac14-191ac02baa72","KEN-C032-CON169-W0847","Malewa West","malewa-west","ward","electoral","541b9caa-847c-56b9-9ea4-924f63d592ef","32","169","847","2012-03-09","","KDA-TRANSCRIPTION-LN14-2012","false","provisional"
"1c4a77fa-f396-5b04-adca-5406c69c2afc","KEN-C032-CON169-W0848","Murindati","murindati","ward","electoral","541b9caa-847c-56b9-9ea4-924f63d592ef","32","169","848","2012-03-09","","KDA-TRANSCRIPTION-LN14-2012","false","provisional"
"939756f4-f529-5e04-b80e-af956429c5c2","KEN-C032-CON170-W0849","Amalo","amalo","ward","electoral","4d7c8656-70eb-57f8-8086-9e82b8de66e2","32","170","849","2012-03-09","","KDA-TRANSCRIPTION-LN14-2012","false","provisional"
"5d357fcc-5b3f-5b00-9390-0e14cc8806ab","KEN-C032-CON170-W0850","Keringet","keringet","ward","electoral","4d7c8656-70eb-57f8-8086-9e82b8de66e2","32","170","850","2012-03-09","","KDA-TRANSCRIPTION-LN14-2012","false","provisional"
"72f89257-9b90-5e93-b5a7-f765a8f2415f","KEN-C032-CON170-W0851","Kiptagich","kiptagich","ward","electoral","4d7c8656-70eb-57f8-8086-9e82b8de66e2","32","170","851","2012-03-09","","KDA-TRANSCRIPTION-LN14-2012","false","provisional"
"4edec943-0d1d-5bc1-bb31-fbf8406c9f49","KEN-C032-CON170-W0852","Tinet","tinet","ward","electoral","4d7c8656-70eb-57f8-8086-9e82b8de66e2","32","170","852","2012-03-09","","KDA-TRANSCRIPTION-LN14-2012","false","provisional"
"d6aefe6e-8041-5ea3-8930-2aa36eb5c2ec","KEN-C032-CON171-W0853","Kiptororo","kiptororo","ward","electoral","ab6b4c25-0826-5f71-bb4f-5fdaa61c4c77","32","171","853","2012-03-09","","KDA-TRANSCRIPTION-LN14-2012","false","provisional"
"5525128b-01dc-56d7-8c1e-a3568efb9943","KEN-C032-CON171-W0854","Nyota","nyota","ward","electoral","ab6b4c25-0826-5f71-bb4f-5fdaa61c4c77","32","171","854","2012-03-09","","KDA-TRANSCRIPTION-LN14-2012","false","provisional"
"3c3f247b-7e13-5ea0-89c2-29d2c34b3ee3","KEN-C032-CON171-W0855","Sirikwa","sirikwa","ward","electoral","ab6b4c25-0826-5f71-bb4f-5fdaa61c4c77","32","171","855","2012-03-09","","KDA-TRANSCRIPTION-LN14-2012","false","provisional"
"1f8d6d2e-c85a-52b3-b2fa-649ac7a1fe07","KEN-C032-CON171-W0856","Kamara","kamara","ward","electoral","ab6b4c25-0826-5f71-bb4f-5fdaa61c4c77","32","171","856","2012-03-09","","KDA-TRANSCRIPTION-LN14-2012","false","provisional"
"5b38bb75-889e-5c94-9180-e32d5b2bc876","KEN-C032-CON172-W0857","Subukia","subukia","ward","electoral","dd8ba10d-ca53-5b39-ba67-26f0f692dce7","32","172","857","2012-03-09","","KDA-TRANSCRIPTION-LN14-2012","false","provisional"
"ef43dfd0-1456-52c3-8535-071e79cf4b1d","KEN-C032-CON172-W0858","Waseges","waseges","ward","electoral","dd8ba10d-ca53-5b39-ba67-26f0f692dce7","32","172","858","2012-03-09","","KDA-TRANSCRIPTION-LN14-2012","false","provisional"
"5cf9d0fd-5c67-5936-9b4f-1679b163861b","KEN-C032-CON172-W0859","Kabazi","kabazi","ward","electoral","dd8ba10d-ca53-5b39-ba67-26f0f692dce7","32","172","859","2012-03-09","","KDA-TRANSCRIPTION-LN14-2012","false","provisional"
"9cbe8b61-f136-50ef-a4cb-1d846363ba80","KEN-C032-CON173-W0860","Menengai West","menengai-west","ward","electoral","6791a841-45dc-5330-a088-a3583b28ccb1","32","173","860","2012-03-09","","KDA-TRANSCRIPTION-LN14-2012","false","provisional"
"fb1d4ea3-08c2-5d36-9897-9b19a44d7c88","KEN-C032-CON173-W0861","Soin","soin","ward","electoral","6791a841-45dc-5330-a088-a3583b28ccb1","32","173","861","2012-03-09","","KDA-TRANSCRIPTION-LN14-2012","false","provisional"
"2cd59abd-bce3-50b3-a2ec-2e9fcd685874","KEN-C032-CON173-W0862","Visoi","visoi","ward","electoral","6791a841-45dc-5330-a088-a3583b28ccb1","32","173","862","2012-03-09","","KDA-TRANSCRIPTION-LN14-2012","false","provisional"
"320a54a1-175f-597e-bbce-94134b2d9d2c","KEN-C032-CON173-W0863","Mosop","mosop","ward","electoral","6791a841-45dc-5330-a088-a3583b28ccb1","32","173","863","2012-03-09","","KDA-TRANSCRIPTION-LN14-2012","false","provisional"
"d05597b5-babf-5ec2-bf4d-e21cc321a0c2","KEN-C032-CON173-W0864","Solai","solai","ward","electoral","6791a841-45dc-5330-a088-a3583b28ccb1","32","173","864","2012-03-09","","KDA-TRANSCRIPTION-LN14-2012","false","provisional"
"775b8594-aaf7-5519-b0f0-ec46c5007073","KEN-C032-CON174-W0865","Dundori","dundori","ward","electoral","ca1d3900-4222-5521-8865-dc8a177a2fda","32","174","865","2012-03-09","","KDA-TRANSCRIPTION-LN14-2012","false","provisional"
"b6ccbd98-d008-5b50-9519-dc7725e4fe71","KEN-C032-CON174-W0866","Kabatini","kabatini","ward","electoral","ca1d3900-4222-5521-8865-dc8a177a2fda","32","174","866","2012-03-09","","KDA-TRANSCRIPTION-LN14-2012","false","provisional"
"d073dafd-36b1-5e83-8461-513efb845b7a","KEN-C032-CON174-W0867","Kiamaina","kiamaina","ward","electoral","ca1d3900-4222-5521-8865-dc8a177a2fda","32","174","867","2012-03-09","","KDA-TRANSCRIPTION-LN14-2012","false","provisional"
"3e041b19-160a-5cd4-bd9d-7418c20efb5c","KEN-C032-CON174-W0868","Lanet/Umoja","lanet-umoja","ward","electoral","ca1d3900-4222-5521-8865-dc8a177a2fda","32","174","868","2012-03-09","","KDA-TRANSCRIPTION-LN14-2012","false","provisional"
"97e35064-2f0f-5efa-b247-709d8d5130f0","KEN-C032-CON174-W0869","Bahati","bahati","ward","electoral","ca1d3900-4222-5521-8865-dc8a177a2fda","32","174","869","2012-03-09","","KDA-TRANSCRIPTION-LN14-2012","false","provisional"
"e985ef20-7ad5-5ba5-816c-0434f26d1999","KEN-C032-CON175-W0870","Barut","barut","ward","electoral","cdbea74a-27d7-5abb-a6ad-ef1406b8c18e","32","175","870","2012-03-09","","KDA-TRANSCRIPTION-LN14-2012","false","provisional"
"a0bf0897-b64d-51f7-ac08-28d3dfe7c059","KEN-C032-CON175-W0871","London","london","ward","electoral","cdbea74a-27d7-5abb-a6ad-ef1406b8c18e","32","175","871","2012-03-09","","KDA-TRANSCRIPTION-LN14-2012","false","provisional"
"f0c01755-fb3c-565c-8e53-ed4b62712b65","KEN-C032-CON175-W0872","Kaptembwo","kaptembwo","ward","electoral","cdbea74a-27d7-5abb-a6ad-ef1406b8c18e","32","175","872","2012-03-09","","KDA-TRANSCRIPTION-LN14-2012","false","provisional"
"706e0668-5733-52b8-a69a-e53ac5878613","KEN-C032-CON175-W0873","Kapkures","kapkures","ward","electoral","cdbea74a-27d7-5abb-a6ad-ef1406b8c18e","32","175","873","2012-03-09","","KDA-TRANSCRIPTION-LN14-2012","false","provisional"
"63e9f3ee-4de6-5b7e-9660-fa4ccae8cccf","KEN-C032-CON175-W0874","Rhoda","rhoda","ward","electoral","cdbea74a-27d7-5abb-a6ad-ef1406b8c18e","32","175","874","2012-03-09","","KDA-TRANSCRIPTION-LN14-2012","false","provisional"
"5e55575e-32f1-5ee8-8753-31afa4eb9894","KEN-C032-CON175-W0875","Shaabab","shaabab","ward","electoral","cdbea74a-27d7-5abb-a6ad-ef1406b8c18e","32","175","875","2012-03-09","","KDA-TRANSCRIPTION-LN14-2012","false","provisional"
"da8a0c65-9f3c-52d0-8e11-028255649201","KEN-C032-CON176-W0876","Biashara","biashara","ward","electoral","050cc898-a354-56f6-ad69-3b63be695f51","32","176","876","2012-03-09","","KDA-TRANSCRIPTION-LN14-2012","false","provisional"
"2c5f8ce4-30dc-5e4b-89ba-4aa22c6d8db1","KEN-C032-CON176-W0877","Kivumbini","kivumbini","ward","electoral","050cc898-a354-56f6-ad69-3b63be695f51","32","176","877","2012-03-09","","KDA-TRANSCRIPTION-LN14-2012","false","provisional"
"09775b1d-88b9-51aa-986e-0431eda6b330","KEN-C032-CON176-W0878","Flamingo","flamingo","ward","electoral","050cc898-a354-56f6-ad69-3b63be695f51","32","176","878","2012-03-09","","KDA-TRANSCRIPTION-LN14-2012","false","provisional"
"0ce88011-ca34-5322-b835-f4abff2c9cba","KEN-C032-CON176-W0879","Menengai","menengai","ward","electoral","050cc898-a354-56f6-ad69-3b63be695f51","32","176","879","2012-03-09","","KDA-TRANSCRIPTION-LN14-2012","false","provisional"
"8a40a56b-dac4-51b6-9423-1ec5cb22b907","KEN-C032-CON176-W0880","Nakuru East","nakuru-east","ward","electoral","050cc898-a354-56f6-ad69-3b63be695f51","32","176","880","2012-03-09","","KDA-TRANSCRIPTION-LN14-2012","false","provisional"
"c047f130-7d3a-5b95-ba1a-9048be700951","KEN-C033-CON177-W0881","Kilgoris Central","kilgoris-central","ward","electoral","3d1d08a0-46a6-533a-9d59-55350814c995","33","177","881","2012-03-09","","KDA-TRANSCRIPTION-LN14-2012","false","provisional"
"67625560-6cb2-5878-ba5b-108c8e80704c","KEN-C033-CON177-W0882","Keyian","keyian","ward","electoral","3d1d08a0-46a6-533a-9d59-55350814c995","33","177","882","2012-03-09","","KDA-TRANSCRIPTION-LN14-2012","false","provisional"
"20366d0c-a3a4-5027-80ea-262195b416c7","KEN-C033-CON177-W0883","Angata Barikoi","angata-barikoi","ward","electoral","3d1d08a0-46a6-533a-9d59-55350814c995","33","177","883","2012-03-09","","KDA-TRANSCRIPTION-LN14-2012","false","provisional"
"1067c641-e8ba-58e9-adf3-009a73663658","KEN-C033-CON177-W0884","Shankoe","shankoe","ward","electoral","3d1d08a0-46a6-533a-9d59-55350814c995","33","177","884","2012-03-09","","KDA-TRANSCRIPTION-LN14-2012","false","provisional"
"dc6df351-d64a-5895-a76e-ff34a3c119ec","KEN-C033-CON177-W0885","Kimintet","kimintet","ward","electoral","3d1d08a0-46a6-533a-9d59-55350814c995","33","177","885","2012-03-09","","KDA-TRANSCRIPTION-LN14-2012","false","provisional"
"6330fe6b-abf6-59ee-bf1c-692a60511755","KEN-C033-CON177-W0886","Lolgorian","lolgorian","ward","electoral","3d1d08a0-46a6-533a-9d59-55350814c995","33","177","886","2012-03-09","","KDA-TRANSCRIPTION-LN14-2012","false","provisional"
"e2b5dbd5-a291-5ecc-bb70-14073ea93663","KEN-C033-CON178-W0887","Ilkerin","ilkerin","ward","electoral","3c37071b-793c-52c7-9b4b-fbbc575a118f","33","178","887","2012-03-09","","KDA-TRANSCRIPTION-LN14-2012","false","provisional"
"18860d72-0b6d-5427-b7fd-c003c2fdb939","KEN-C033-CON178-W0888","Ololmasani","ololmasani","ward","electoral","3c37071b-793c-52c7-9b4b-fbbc575a118f","33","178","888","2012-03-09","","KDA-TRANSCRIPTION-LN14-2012","false","provisional"
"cadb7db1-5b26-5a03-a999-6d96532a730e","KEN-C033-CON178-W0889","Mogondo","mogondo","ward","electoral","3c37071b-793c-52c7-9b4b-fbbc575a118f","33","178","889","2012-03-09","","KDA-TRANSCRIPTION-LN14-2012","false","provisional"
"d9dd58f7-85ac-53d7-8461-04db2836cb19","KEN-C033-CON178-W0890","Kapsasian","kapsasian","ward","electoral","3c37071b-793c-52c7-9b4b-fbbc575a118f","33","178","890","2012-03-09","","KDA-TRANSCRIPTION-LN14-2012","false","provisional"
"86248de5-5a96-5498-8d8c-f78769eea7c1","KEN-C033-CON179-W0891","Olpusimoru","olpusimoru","ward","electoral","692557e8-f09e-55fb-8d6a-bacc051031c7","33","179","891","2012-03-09","","KDA-TRANSCRIPTION-LN14-2012","false","provisional"
"b3227a0a-8d23-59ad-9564-505bf10520e0","KEN-C033-CON179-W0892","Olokurto","olokurto","ward","electoral","692557e8-f09e-55fb-8d6a-bacc051031c7","33","179","892","2012-03-09","","KDA-TRANSCRIPTION-LN14-2012","false","provisional"
"ba6eac18-b450-52fa-b80c-0454d3597687","KEN-C033-CON179-W0893","Narok Town","narok-town","ward","electoral","692557e8-f09e-55fb-8d6a-bacc051031c7","33","179","893","2012-03-09","","KDA-TRANSCRIPTION-LN14-2012","false","provisional"
"db93e8f3-ca09-5728-8bac-c59aa0d425cc","KEN-C033-CON179-W0894","Nkareta","nkareta","ward","electoral","692557e8-f09e-55fb-8d6a-bacc051031c7","33","179","894","2012-03-09","","KDA-TRANSCRIPTION-LN14-2012","false","provisional"
"9d514d69-258e-52d3-a6fd-04ccce880781","KEN-C033-CON179-W0895","Olorropil","olorropil","ward","electoral","692557e8-f09e-55fb-8d6a-bacc051031c7","33","179","895","2012-03-09","","KDA-TRANSCRIPTION-LN14-2012","false","provisional"
"9f9a1f6a-0a2f-5b13-a726-13e4793fc5db","KEN-C033-CON179-W0896","Melili","melili","ward","electoral","692557e8-f09e-55fb-8d6a-bacc051031c7","33","179","896","2012-03-09","","KDA-TRANSCRIPTION-LN14-2012","false","provisional"
"730d17ca-a148-5d37-b34a-2ecf37189209","KEN-C033-CON180-W0897","Mosiro","mosiro","ward","electoral","f192c08e-aa29-524c-b71e-806701772c55","33","180","897","2012-03-09","","KDA-TRANSCRIPTION-LN14-2012","false","provisional"
"4fbf1b9f-0a6b-52cd-9df4-c8abab02180e","KEN-C033-CON180-W0898","Ildamat","ildamat","ward","electoral","f192c08e-aa29-524c-b71e-806701772c55","33","180","898","2012-03-09","","KDA-TRANSCRIPTION-LN14-2012","false","provisional"
"f235b4d6-6c0e-5927-acaf-2a36b56d41fb","KEN-C033-CON180-W0899","Keekonyokie","keekonyokie","ward","electoral","f192c08e-aa29-524c-b71e-806701772c55","33","180","899","2012-03-09","","KDA-TRANSCRIPTION-LN14-2012","false","provisional"
"321c0b9e-08b9-5746-b784-d19cc71eb518","KEN-C033-CON180-W0900","Suswa","suswa","ward","electoral","f192c08e-aa29-524c-b71e-806701772c55","33","180","900","2012-03-09","","KDA-TRANSCRIPTION-LN14-2012","false","provisional"
"75731714-e665-512a-bf30-2985094c240f","KEN-C033-CON181-W0901","Majimoto/Naroosura","majimoto-naroosura","ward","electoral","1d093764-8ed6-59d4-8ee9-c6e6d142fb3e","33","181","901","2012-03-09","","KDA-TRANSCRIPTION-LN14-2012","false","provisional"
"82cb4801-8bc8-5dd0-a289-a6d8c34f9d83","KEN-C033-CON181-W0902","Ololulung'a","ololulunga","ward","electoral","1d093764-8ed6-59d4-8ee9-c6e6d142fb3e","33","181","902","2012-03-09","","KDA-TRANSCRIPTION-LN14-2012","false","provisional"
"0be4399b-1e81-5fad-831b-50e75e567d3e","KEN-C033-CON181-W0903","Melelo","melelo","ward","electoral","1d093764-8ed6-59d4-8ee9-c6e6d142fb3e","33","181","903","2012-03-09","","KDA-TRANSCRIPTION-LN14-2012","false","provisional"
"97fad844-64c5-5071-9a06-86e71fdefb83","KEN-C033-CON181-W0904","Loita","loita","ward","electoral","1d093764-8ed6-59d4-8ee9-c6e6d142fb3e","33","181","904","2012-03-09","","KDA-TRANSCRIPTION-LN14-2012","false","provisional"
"33b9d1cd-d80f-5822-b7b5-2205b6c84f22","KEN-C033-CON181-W0905","Sogoo","sogoo","ward","electoral","1d093764-8ed6-59d4-8ee9-c6e6d142fb3e","33","181","905","2012-03-09","","KDA-TRANSCRIPTION-LN14-2012","false","provisional"
"323503d6-3cbf-59ce-a60c-c91c80f01c89","KEN-C033-CON181-W0906","Sagamian","sagamian","ward","electoral","1d093764-8ed6-59d4-8ee9-c6e6d142fb3e","33","181","906","2012-03-09","","KDA-TRANSCRIPTION-LN14-2012","false","provisional"
"00fdd31c-c67e-5374-8fa3-fbba8407c7a9","KEN-C033-CON182-W0907","Ilmotiok","ilmotiok","ward","electoral","c6476f66-c160-5ba9-be85-44d3be0390cc","33","182","907","2012-03-09","","KDA-TRANSCRIPTION-LN14-2012","false","provisional"
"5b56488e-43bf-542e-9903-8efdbe71fc01","KEN-C033-CON182-W0908","Mara","mara","ward","electoral","c6476f66-c160-5ba9-be85-44d3be0390cc","33","182","908","2012-03-09","","KDA-TRANSCRIPTION-LN14-2012","false","provisional"
"accf07a4-ef0e-5006-a8ca-7797582420a9","KEN-C033-CON182-W0909","Siana","siana","ward","electoral","c6476f66-c160-5ba9-be85-44d3be0390cc","33","182","909","2012-03-09","","KDA-TRANSCRIPTION-LN14-2012","false","provisional"
"2fd5a689-6e9b-57ea-930d-cbcb956939f5","KEN-C033-CON182-W0910","Naikarra","naikarra","ward","electoral","c6476f66-c160-5ba9-be85-44d3be0390cc","33","182","910","2012-03-09","","KDA-TRANSCRIPTION-LN14-2012","false","provisional"
"6653a38c-734f-5a57-a849-f118761f7f03","KEN-C034-CON183-W0911","Olkeri","olkeri","ward","electoral","29b738d0-8e94-551c-afd9-399462c52d18","34","183","911","2012-03-09","","KDA-TRANSCRIPTION-LN14-2012","false","provisional"
"92006ae0-191c-5520-9240-abccbbe7c791","KEN-C034-CON183-W0912","Ongata Rongai","ongata-rongai","ward","electoral","29b738d0-8e94-551c-afd9-399462c52d18","34","183","912","2012-03-09","","KDA-TRANSCRIPTION-LN14-2012","false","provisional"
"17d9362b-8cd5-5ddd-8814-46d151f52d6e","KEN-C034-CON183-W0913","Nkaimurunya","nkaimurunya","ward","electoral","29b738d0-8e94-551c-afd9-399462c52d18","34","183","913","2012-03-09","","KDA-TRANSCRIPTION-LN14-2012","false","provisional"
"479d1b8e-aae3-52ba-adc1-b687f4e69fa9","KEN-C034-CON183-W0914","Oloolua","oloolua","ward","electoral","29b738d0-8e94-551c-afd9-399462c52d18","34","183","914","2012-03-09","","KDA-TRANSCRIPTION-LN14-2012","false","provisional"
"97bd515e-0960-55c6-bc68-b2be0965e537","KEN-C034-CON183-W0915","Ngong","ngong","ward","electoral","29b738d0-8e94-551c-afd9-399462c52d18","34","183","915","2012-03-09","","KDA-TRANSCRIPTION-LN14-2012","false","provisional"
"ec80da91-7bb0-5fb4-9a39-764aabf280b1","KEN-C034-CON184-W0916","Purko","purko","ward","electoral","58b947e4-e6db-53dc-9976-1aea8309126a","34","184","916","2012-03-09","","KDA-TRANSCRIPTION-LN14-2012","false","provisional"
"e0359e72-401f-59b5-a4d9-038ff151fe63","KEN-C034-CON184-W0917","Ildamat","ildamat","ward","electoral","58b947e4-e6db-53dc-9976-1aea8309126a","34","184","917","2012-03-09","","KDA-TRANSCRIPTION-LN14-2012","false","provisional"
"ab598963-6c62-5ba4-a415-e994442cdc18","KEN-C034-CON184-W0918","Dalalekutuk","dalalekutuk","ward","electoral","58b947e4-e6db-53dc-9976-1aea8309126a","34","184","918","2012-03-09","","KDA-TRANSCRIPTION-LN14-2012","false","provisional"
"0f8bbbee-1093-5a2a-9a89-db4af79bc5d8","KEN-C034-CON184-W0919","Matapato North","matapato-north","ward","electoral","58b947e4-e6db-53dc-9976-1aea8309126a","34","184","919","2012-03-09","","KDA-TRANSCRIPTION-LN14-2012","false","provisional"
"5513d8a4-e04b-5a59-9699-5185ef99e4c6","KEN-C034-CON184-W0920","Matapato South","matapato-south","ward","electoral","58b947e4-e6db-53dc-9976-1aea8309126a","34","184","920","2012-03-09","","KDA-TRANSCRIPTION-LN14-2012","false","provisional"
"1d17395a-1ef0-53cb-90c1-47048cad35fd","KEN-C034-CON185-W0921","Kaputiei North","kaputiei-north","ward","electoral","2bc81767-b5f1-5107-ba3b-e3b4206a5ba1","34","185","921","2012-03-09","","KDA-TRANSCRIPTION-LN14-2012","false","provisional"
"0d87caa3-1b54-5224-b2be-2f7f832f665b","KEN-C034-CON185-W0922","Kitengela","kitengela","ward","electoral","2bc81767-b5f1-5107-ba3b-e3b4206a5ba1","34","185","922","2012-03-09","","KDA-TRANSCRIPTION-LN14-2012","false","provisional"
"cfb496a0-0530-555d-918b-869ab5887de5","KEN-C034-CON185-W0923","Oloosirkon/Sholinke","oloosirkon-sholinke","ward","electoral","2bc81767-b5f1-5107-ba3b-e3b4206a5ba1","34","185","923","2012-03-09","","KDA-TRANSCRIPTION-LN14-2012","false","provisional"
"6ce2dc8c-083d-554d-b2bd-ce9286aec25f","KEN-C034-CON185-W0924","Kenyawa-Poka","kenyawa-poka","ward","electoral","2bc81767-b5f1-5107-ba3b-e3b4206a5ba1","34","185","924","2012-03-09","","KDA-TRANSCRIPTION-LN14-2012","false","provisional"
"ce40a1f6-9479-5915-9480-f2bbb571a6aa","KEN-C034-CON185-W0925","Imaroro","imaroro","ward","electoral","2bc81767-b5f1-5107-ba3b-e3b4206a5ba1","34","185","925","2012-03-09","","KDA-TRANSCRIPTION-LN14-2012","false","provisional"
"e0ea5d82-504d-5389-b6e2-1597d32d7fa0","KEN-C034-CON186-W0926","Keekonyokie","keekonyokie","ward","electoral","d055ade7-dfc5-5af8-88f2-bace0e0b5a53","34","186","926","2012-03-09","","KDA-TRANSCRIPTION-LN14-2012","false","provisional"
"44190e90-f00b-55c1-b8dc-5d9e4bdffe17","KEN-C034-CON186-W0927","Iloodokilani","iloodokilani","ward","electoral","d055ade7-dfc5-5af8-88f2-bace0e0b5a53","34","186","927","2012-03-09","","KDA-TRANSCRIPTION-LN14-2012","false","provisional"
"53903353-beef-5d31-a501-440afe10ab1c","KEN-C034-CON186-W0928","Magadi","magadi","ward","electoral","d055ade7-dfc5-5af8-88f2-bace0e0b5a53","34","186","928","2012-03-09","","KDA-TRANSCRIPTION-LN14-2012","false","provisional"
"a53ccfdf-80ad-5e67-9464-ee42d84169ea","KEN-C034-CON186-W0929","Ewuaso Oonkidong'i","ewuaso-oonkidongi","ward","electoral","d055ade7-dfc5-5af8-88f2-bace0e0b5a53","34","186","929","2012-03-09","","KDA-TRANSCRIPTION-LN14-2012","false","provisional"
"d8305e29-2d05-5e35-8a86-9cd3a10c6e49","KEN-C034-CON186-W0930","Mosiro","mosiro","ward","electoral","d055ade7-dfc5-5af8-88f2-bace0e0b5a53","34","186","930","2012-03-09","","KDA-TRANSCRIPTION-LN14-2012","false","provisional"
"4ffda508-f27e-59fb-bbb7-6881d3d084d7","KEN-C034-CON187-W0931","Entonet/Lenkisim","entonet-lenkisim","ward","electoral","10da4b27-206f-564d-9049-fe1606f01381","34","187","931","2012-03-09","","KDA-TRANSCRIPTION-LN14-2012","false","provisional"
"f1013a64-751a-58d5-83d2-e3e713b31c02","KEN-C034-CON187-W0932","Mbirikani/Eselenkei","mbirikani-eselenkei","ward","electoral","10da4b27-206f-564d-9049-fe1606f01381","34","187","932","2012-03-09","","KDA-TRANSCRIPTION-LN14-2012","false","provisional"
"dd8e42fc-14df-5a97-a388-182c5f434cd7","KEN-C034-CON187-W0933","Kuku","kuku","ward","electoral","10da4b27-206f-564d-9049-fe1606f01381","34","187","933","2012-03-09","","KDA-TRANSCRIPTION-LN14-2012","false","provisional"
"4873aa79-5c41-5e13-8368-5fd174e9328c","KEN-C034-CON187-W0934","Rombo","rombo","ward","electoral","10da4b27-206f-564d-9049-fe1606f01381","34","187","934","2012-03-09","","KDA-TRANSCRIPTION-LN14-2012","false","provisional"
"2fa56000-647e-5d03-806f-2ac9fae57ff4","KEN-C034-CON187-W0935","Kimana","kimana","ward","electoral","10da4b27-206f-564d-9049-fe1606f01381","34","187","935","2012-03-09","","KDA-TRANSCRIPTION-LN14-2012","false","provisional"
"56b31b72-854b-5363-aa50-0505e9b7f867","KEN-C035-CON188-W0936","Londiani","londiani","ward","electoral","80d97109-9f47-5271-b9cf-10862f77f080","35","188","936","2012-03-09","","KDA-TRANSCRIPTION-LN14-2012","false","provisional"
"8ed528bb-0cff-5ca5-8536-738c3b0c8c3f","KEN-C035-CON188-W0937","Kedowa/Kimugul","kedowa-kimugul","ward","electoral","80d97109-9f47-5271-b9cf-10862f77f080","35","188","937","2012-03-09","","KDA-TRANSCRIPTION-LN14-2012","false","provisional"
"d36f128a-65bb-5a33-ae10-71642e79bb4a","KEN-C035-CON188-W0938","Chepseon","chepseon","ward","electoral","80d97109-9f47-5271-b9cf-10862f77f080","35","188","938","2012-03-09","","KDA-TRANSCRIPTION-LN14-2012","false","provisional"
"93031437-2fe6-534b-b192-57bf454aecfa","KEN-C035-CON188-W0939","Tendeno/Sorget","tendeno-sorget","ward","electoral","80d97109-9f47-5271-b9cf-10862f77f080","35","188","939","2012-03-09","","KDA-TRANSCRIPTION-LN14-2012","false","provisional"
"ea7bbe41-a045-573f-802f-313af3a879c6","KEN-C035-CON189-W0940","Kunyak","kunyak","ward","electoral","6a7d9a1f-866a-5054-a742-5dd46a853be8","35","189","940","2012-03-09","","KDA-TRANSCRIPTION-LN14-2012","false","provisional"
"155c3d24-c171-5a52-8c6b-bcc5a7f5646d","KEN-C035-CON189-W0941","Kamasian","kamasian","ward","electoral","6a7d9a1f-866a-5054-a742-5dd46a853be8","35","189","941","2012-03-09","","KDA-TRANSCRIPTION-LN14-2012","false","provisional"
"c0365bd4-18e4-5343-a8d2-37c856d862eb","KEN-C035-CON189-W0942","Kipkelion","kipkelion","ward","electoral","6a7d9a1f-866a-5054-a742-5dd46a853be8","35","189","942","2012-03-09","","KDA-TRANSCRIPTION-LN14-2012","false","provisional"
"22d65520-0fa2-55cf-9181-4c2653dd0d74","KEN-C035-CON189-W0943","Chilchila","chilchila","ward","electoral","6a7d9a1f-866a-5054-a742-5dd46a853be8","35","189","943","2012-03-09","","KDA-TRANSCRIPTION-LN14-2012","false","provisional"
"b3c1e94c-a850-52d1-ae33-e0bf7f16c2c2","KEN-C035-CON190-W0944","Kapsoit","kapsoit","ward","electoral","c1ad580e-96d2-53d0-889a-8c6a8ef46b0e","35","190","944","2012-03-09","","KDA-TRANSCRIPTION-LN14-2012","false","provisional"
"bb44c441-87a1-5784-bcbe-80e804b63720","KEN-C035-CON190-W0945","Ainamoi","ainamoi","ward","electoral","c1ad580e-96d2-53d0-889a-8c6a8ef46b0e","35","190","945","2012-03-09","","KDA-TRANSCRIPTION-LN14-2012","false","provisional"
"7cf28e7d-9d3c-5973-9636-e523132f68d1","KEN-C035-CON190-W0946","Kapkugerwet","kapkugerwet","ward","electoral","c1ad580e-96d2-53d0-889a-8c6a8ef46b0e","35","190","946","2012-03-09","","KDA-TRANSCRIPTION-LN14-2012","false","provisional"
"e48d6a79-4dd1-58e4-abca-73971043ce3c","KEN-C035-CON190-W0947","Kipchebor","kipchebor","ward","electoral","c1ad580e-96d2-53d0-889a-8c6a8ef46b0e","35","190","947","2012-03-09","","KDA-TRANSCRIPTION-LN14-2012","false","provisional"
"48249e68-88ab-58eb-b64c-a1413099e8b3","KEN-C035-CON190-W0948","Kipchimchim","kipchimchim","ward","electoral","c1ad580e-96d2-53d0-889a-8c6a8ef46b0e","35","190","948","2012-03-09","","KDA-TRANSCRIPTION-LN14-2012","false","provisional"
"50a59a81-07dd-54a2-a824-386cfcc28c11","KEN-C035-CON190-W0949","Kapsaos","kapsaos","ward","electoral","c1ad580e-96d2-53d0-889a-8c6a8ef46b0e","35","190","949","2012-03-09","","KDA-TRANSCRIPTION-LN14-2012","false","provisional"
"79c37e3a-0886-5fbe-9333-029f26a63a62","KEN-C035-CON191-W0950","Kisiara","kisiara","ward","electoral","bf346659-5d4e-54db-b59c-7e1f47411dea","35","191","950","2012-03-09","","KDA-TRANSCRIPTION-LN14-2012","false","provisional"
"6d2a1ccd-f493-5d24-ae8a-a54d88c3ebcd","KEN-C035-CON191-W0951","Tebesonik","tebesonik","ward","electoral","bf346659-5d4e-54db-b59c-7e1f47411dea","35","191","951","2012-03-09","","KDA-TRANSCRIPTION-LN14-2012","false","provisional"
"403ee4e4-3cf7-5449-810d-7aa349511a2c","KEN-C035-CON191-W0952","Cheboin","cheboin","ward","electoral","bf346659-5d4e-54db-b59c-7e1f47411dea","35","191","952","2012-03-09","","KDA-TRANSCRIPTION-LN14-2012","false","provisional"
"0167757f-328e-55ea-96ef-7b0d4e415bc4","KEN-C035-CON191-W0953","Chemosot","chemosot","ward","electoral","bf346659-5d4e-54db-b59c-7e1f47411dea","35","191","953","2012-03-09","","KDA-TRANSCRIPTION-LN14-2012","false","provisional"
"a277b205-40fb-5dfd-af65-d90631aab30a","KEN-C035-CON191-W0954","Litein","litein","ward","electoral","bf346659-5d4e-54db-b59c-7e1f47411dea","35","191","954","2012-03-09","","KDA-TRANSCRIPTION-LN14-2012","false","provisional"
"7c7d8d76-13a3-5ed5-8b28-cdc001f3af0d","KEN-C035-CON191-W0955","Cheplanget","cheplanget","ward","electoral","bf346659-5d4e-54db-b59c-7e1f47411dea","35","191","955","2012-03-09","","KDA-TRANSCRIPTION-LN14-2012","false","provisional"
"95782537-eb57-5a8a-ad5e-29fcb17c9faf","KEN-C035-CON191-W0956","Kapkatet","kapkatet","ward","electoral","bf346659-5d4e-54db-b59c-7e1f47411dea","35","191","956","2012-03-09","","KDA-TRANSCRIPTION-LN14-2012","false","provisional"
"a9d500be-6ce7-585e-9714-5bae2680cae5","KEN-C035-CON192-W0957","Waldai","waldai","ward","electoral","f68f6db6-8235-5773-ab33-03e26a185f3f","35","192","957","2012-03-09","","KDA-TRANSCRIPTION-LN14-2012","false","provisional"
"bc86506d-5ac9-54b0-85e1-dca6c48fe6b9","KEN-C035-CON192-W0958","Kabianga","kabianga","ward","electoral","f68f6db6-8235-5773-ab33-03e26a185f3f","35","192","958","2012-03-09","","KDA-TRANSCRIPTION-LN14-2012","false","provisional"
"4a79972d-c5b7-56a7-bfa4-0256ccc970b5","KEN-C035-CON192-W0959","Cheptororiet/Seretut","cheptororiet-seretut","ward","electoral","f68f6db6-8235-5773-ab33-03e26a185f3f","35","192","959","2012-03-09","","KDA-TRANSCRIPTION-LN14-2012","false","provisional"
"cb1913d0-804e-5c6f-9462-e178f6a91fad","KEN-C035-CON192-W0960","Chaik","chaik","ward","electoral","f68f6db6-8235-5773-ab33-03e26a185f3f","35","192","960","2012-03-09","","KDA-TRANSCRIPTION-LN14-2012","false","provisional"
"f84b0e4b-20b9-510f-b9c0-241318b22628","KEN-C035-CON192-W0961","Kapsuser","kapsuser","ward","electoral","f68f6db6-8235-5773-ab33-03e26a185f3f","35","192","961","2012-03-09","","KDA-TRANSCRIPTION-LN14-2012","false","provisional"
"1954437f-c86a-5650-a18f-08834ab3e875","KEN-C035-CON193-W0962","Sigowet","sigowet","ward","electoral","8d52b59b-d1c0-5091-9001-b2d9a459c7f3","35","193","962","2012-03-09","","KDA-TRANSCRIPTION-LN14-2012","false","provisional"
"383c925b-547d-5db6-a035-4fef5cdf9565","KEN-C035-CON193-W0963","Kaplelartet","kaplelartet","ward","electoral","8d52b59b-d1c0-5091-9001-b2d9a459c7f3","35","193","963","2012-03-09","","KDA-TRANSCRIPTION-LN14-2012","false","provisional"
"862fd879-d30c-5a33-84c4-ae1f056f7673","KEN-C035-CON193-W0964","Soliat","soliat","ward","electoral","8d52b59b-d1c0-5091-9001-b2d9a459c7f3","35","193","964","2012-03-09","","KDA-TRANSCRIPTION-LN14-2012","false","provisional"
"84f66174-1017-5486-81df-b4d2b4e15bb4","KEN-C035-CON193-W0965","Soin","soin","ward","electoral","8d52b59b-d1c0-5091-9001-b2d9a459c7f3","35","193","965","2012-03-09","","KDA-TRANSCRIPTION-LN14-2012","false","provisional"
"90ef8a46-b9a3-5fe1-b66d-a052207a6445","KEN-C036-CON194-W0966","Ndanai/Abosi","ndanai-abosi","ward","electoral","75cb3ef6-dd84-5fda-8f1c-1b8f0bab2156","36","194","966","2012-03-09","","KDA-TRANSCRIPTION-LN14-2012","false","provisional"
"2b7a2daa-9c02-5981-a91f-047014e6670e","KEN-C036-CON194-W0967","Chemagel","chemagel","ward","electoral","75cb3ef6-dd84-5fda-8f1c-1b8f0bab2156","36","194","967","2012-03-09","","KDA-TRANSCRIPTION-LN14-2012","false","provisional"
"2ecc2d66-b746-5fb0-ab7d-ec56f6d12c86","KEN-C036-CON194-W0968","Kipsonoi","kipsonoi","ward","electoral","75cb3ef6-dd84-5fda-8f1c-1b8f0bab2156","36","194","968","2012-03-09","","KDA-TRANSCRIPTION-LN14-2012","false","provisional"
"abee459f-405e-5c24-a034-da2263704b31","KEN-C036-CON194-W0969","Kapletundo","kapletundo","ward","electoral","75cb3ef6-dd84-5fda-8f1c-1b8f0bab2156","36","194","969","2012-03-09","","KDA-TRANSCRIPTION-LN14-2012","false","provisional"
"35a36201-daec-5f28-b9b6-ba4aad6e5d30","KEN-C036-CON194-W0970","Rongena/Manaret","rongena-manaret","ward","electoral","75cb3ef6-dd84-5fda-8f1c-1b8f0bab2156","36","194","970","2012-03-09","","KDA-TRANSCRIPTION-LN14-2012","false","provisional"
"b6301c30-a726-5bd5-931c-587a332f0672","KEN-C036-CON195-W0971","Kong'asis","kongasis","ward","electoral","b0859999-4757-51f4-b9a8-dd8709eaa499","36","195","971","2012-03-09","","KDA-TRANSCRIPTION-LN14-2012","false","provisional"
"c146ee21-e57a-5bdf-982c-6d8313a0eba5","KEN-C036-CON195-W0972","Nyangores","nyangores","ward","electoral","b0859999-4757-51f4-b9a8-dd8709eaa499","36","195","972","2012-03-09","","KDA-TRANSCRIPTION-LN14-2012","false","provisional"
"2318f8e3-5c2e-5804-8ac8-7c12d1241dc0","KEN-C036-CON195-W0973","Sigor","sigor","ward","electoral","b0859999-4757-51f4-b9a8-dd8709eaa499","36","195","973","2012-03-09","","KDA-TRANSCRIPTION-LN14-2012","false","provisional"
"4cf3f4b0-7c38-5574-9384-972b6a6d1d34","KEN-C036-CON195-W0974","Chebunyo","chebunyo","ward","electoral","b0859999-4757-51f4-b9a8-dd8709eaa499","36","195","974","2012-03-09","","KDA-TRANSCRIPTION-LN14-2012","false","provisional"
"98522d74-78a9-5e07-abf3-3d43c0fc903c","KEN-C036-CON195-W0975","Siongiroi","siongiroi","ward","electoral","b0859999-4757-51f4-b9a8-dd8709eaa499","36","195","975","2012-03-09","","KDA-TRANSCRIPTION-LN14-2012","false","provisional"
"815b134a-2988-5a40-9d49-e4ac1d247960","KEN-C036-CON196-W0976","Merigi","merigi","ward","electoral","2fa1e295-3385-550b-9502-188971b1ba48","36","196","976","2012-03-09","","KDA-TRANSCRIPTION-LN14-2012","false","provisional"
"1b06cb2e-febb-5e93-a3a2-e6fa7a737931","KEN-C036-CON196-W0977","Kembu","kembu","ward","electoral","2fa1e295-3385-550b-9502-188971b1ba48","36","196","977","2012-03-09","","KDA-TRANSCRIPTION-LN14-2012","false","provisional"
"9cac94d6-4e1d-5ee2-8bb4-844e3a13a3d2","KEN-C036-CON196-W0978","Longisa","longisa","ward","electoral","2fa1e295-3385-550b-9502-188971b1ba48","36","196","978","2012-03-09","","KDA-TRANSCRIPTION-LN14-2012","false","provisional"
"ee1a273a-c3fd-55bc-b221-fc788cdafa4a","KEN-C036-CON196-W0979","Kipreres","kipreres","ward","electoral","2fa1e295-3385-550b-9502-188971b1ba48","36","196","979","2012-03-09","","KDA-TRANSCRIPTION-LN14-2012","false","provisional"
"93e7fe55-dc1c-5b35-bb1c-95b153a5dac4","KEN-C036-CON196-W0980","Chemaner","chemaner","ward","electoral","2fa1e295-3385-550b-9502-188971b1ba48","36","196","980","2012-03-09","","KDA-TRANSCRIPTION-LN14-2012","false","provisional"
"4160ac94-8333-535d-8183-3dfb3b7f40dc","KEN-C036-CON197-W0981","Silibwet Township","silibwet-township","ward","electoral","f4b00450-98b5-5ace-b98f-9e0ca922a8d9","36","197","981","2012-03-09","","KDA-TRANSCRIPTION-LN14-2012","false","provisional"
"ead465a9-abff-51eb-9797-cbe6127b0241","KEN-C036-CON197-W0982","Ndaraweta","ndaraweta","ward","electoral","f4b00450-98b5-5ace-b98f-9e0ca922a8d9","36","197","982","2012-03-09","","KDA-TRANSCRIPTION-LN14-2012","false","provisional"
"412ee5af-3708-5975-ac55-797e348e7496","KEN-C036-CON197-W0983","Singorwet","singorwet","ward","electoral","f4b00450-98b5-5ace-b98f-9e0ca922a8d9","36","197","983","2012-03-09","","KDA-TRANSCRIPTION-LN14-2012","false","provisional"
"1db13deb-5e6b-5ecb-a22b-ca3c15a79d52","KEN-C036-CON197-W0984","Chesoen","chesoen","ward","electoral","f4b00450-98b5-5ace-b98f-9e0ca922a8d9","36","197","984","2012-03-09","","KDA-TRANSCRIPTION-LN14-2012","false","provisional"
"d07b7c79-0829-5161-b062-13bd2516f347","KEN-C036-CON197-W0985","Mutarakwa","mutarakwa","ward","electoral","f4b00450-98b5-5ace-b98f-9e0ca922a8d9","36","197","985","2012-03-09","","KDA-TRANSCRIPTION-LN14-2012","false","provisional"
"12b54b09-5e79-55cc-b244-e196e26a7e88","KEN-C036-CON198-W0986","Chepchabas","chepchabas","ward","electoral","aeb1e7cc-80cb-52b7-8e5a-df66b2809d6b","36","198","986","2012-03-09","","KDA-TRANSCRIPTION-LN14-2012","false","provisional"
"574534e9-144e-51b0-9578-9c0e50ba855d","KEN-C036-CON198-W0987","Kimulot","kimulot","ward","electoral","aeb1e7cc-80cb-52b7-8e5a-df66b2809d6b","36","198","987","2012-03-09","","KDA-TRANSCRIPTION-LN14-2012","false","provisional"
"bca730b7-3472-5753-b6fa-11cbe03f77fa","KEN-C036-CON198-W0988","Mogogosiek","mogogosiek","ward","electoral","aeb1e7cc-80cb-52b7-8e5a-df66b2809d6b","36","198","988","2012-03-09","","KDA-TRANSCRIPTION-LN14-2012","false","provisional"
"1266d67c-99a7-56c4-a036-bff4e83fe249","KEN-C036-CON198-W0989","Boito","boito","ward","electoral","aeb1e7cc-80cb-52b7-8e5a-df66b2809d6b","36","198","989","2012-03-09","","KDA-TRANSCRIPTION-LN14-2012","false","provisional"
"4193729a-7b87-5f66-ab74-2c6247d5d2fc","KEN-C036-CON198-W0990","Embomos","embomos","ward","electoral","aeb1e7cc-80cb-52b7-8e5a-df66b2809d6b","36","198","990","2012-03-09","","KDA-TRANSCRIPTION-LN14-2012","false","provisional"
"bd9a8b05-6b82-594e-8887-09d31d9ea5a5","KEN-C037-CON199-W0991","Mautuma","mautuma","ward","electoral","4f107d58-6828-55c3-8b2d-d9d6d26ef673","37","199","991","2012-03-09","","KDA-TRANSCRIPTION-LN14-2012","false","provisional"
"1757f078-96e5-5422-bc4a-3c9089b26fa0","KEN-C037-CON199-W0992","Lugari","lugari","ward","electoral","4f107d58-6828-55c3-8b2d-d9d6d26ef673","37","199","992","2012-03-09","","KDA-TRANSCRIPTION-LN14-2012","false","provisional"
"0f919a2d-d1e6-56d9-94cf-73f17ce26a71","KEN-C037-CON199-W0993","Lumakanda","lumakanda","ward","electoral","4f107d58-6828-55c3-8b2d-d9d6d26ef673","37","199","993","2012-03-09","","KDA-TRANSCRIPTION-LN14-2012","false","provisional"
"b24819d2-16e7-555e-86ea-3e06861876fb","KEN-C037-CON199-W0994","Chekalini","chekalini","ward","electoral","4f107d58-6828-55c3-8b2d-d9d6d26ef673","37","199","994","2012-03-09","","KDA-TRANSCRIPTION-LN14-2012","false","provisional"
"03162d2c-f158-58e9-b21a-e073ece41f0f","KEN-C037-CON199-W0995","Chevaywa","chevaywa","ward","electoral","4f107d58-6828-55c3-8b2d-d9d6d26ef673","37","199","995","2012-03-09","","KDA-TRANSCRIPTION-LN14-2012","false","provisional"
"b02ea31d-7f24-5855-b0a5-c30672168b66","KEN-C037-CON199-W0996","Lwandeti","lwandeti","ward","electoral","4f107d58-6828-55c3-8b2d-d9d6d26ef673","37","199","996","2012-03-09","","KDA-TRANSCRIPTION-LN14-2012","false","provisional"
"bc4238d5-7eda-5a63-ad41-22ff5ac3bde3","KEN-C037-CON200-W0997","Likuyani","likuyani","ward","electoral","86eaf8a3-d1f3-5bdb-a482-ee282c883814","37","200","997","2012-03-09","","KDA-TRANSCRIPTION-LN14-2012","false","provisional"
"1b19ed56-b36f-5a8f-ba8a-417490ffa1f3","KEN-C037-CON200-W0998","Sango","sango","ward","electoral","86eaf8a3-d1f3-5bdb-a482-ee282c883814","37","200","998","2012-03-09","","KDA-TRANSCRIPTION-LN14-2012","false","provisional"
"3c86024f-89b4-59bc-a6f1-7a0bb00c9b77","KEN-C037-CON200-W0999","Kongoni","kongoni","ward","electoral","86eaf8a3-d1f3-5bdb-a482-ee282c883814","37","200","999","2012-03-09","","KDA-TRANSCRIPTION-LN14-2012","false","provisional"
"10403f5c-19cb-5678-ba5d-5042c5c0cf3f","KEN-C037-CON200-W1000","Nzoia","nzoia","ward","electoral","86eaf8a3-d1f3-5bdb-a482-ee282c883814","37","200","1000","2012-03-09","","KDA-TRANSCRIPTION-LN14-2012","false","provisional"
"bc37e32d-1cd4-5599-b0e2-bb2756bb5e0d","KEN-C037-CON200-W1001","Sinoko","sinoko","ward","electoral","86eaf8a3-d1f3-5bdb-a482-ee282c883814","37","200","1001","2012-03-09","","KDA-TRANSCRIPTION-LN14-2012","false","provisional"
"0d613bd8-0a67-5360-9ea5-e41790396f8b","KEN-C037-CON201-W1002","West Kabras","west-kabras","ward","electoral","d59cca26-880e-50cb-a13c-791c44aa12d9","37","201","1002","2012-03-09","","KDA-TRANSCRIPTION-LN14-2012","false","provisional"
"64f2a905-a6c0-511a-ada2-113146c9b214","KEN-C037-CON201-W1003","Chemuche","chemuche","ward","electoral","d59cca26-880e-50cb-a13c-791c44aa12d9","37","201","1003","2012-03-09","","KDA-TRANSCRIPTION-LN14-2012","false","provisional"
"ec047fc4-cff4-50d3-93ed-6cebf1ae1ee7","KEN-C037-CON201-W1004","East Kabras","east-kabras","ward","electoral","d59cca26-880e-50cb-a13c-791c44aa12d9","37","201","1004","2012-03-09","","KDA-TRANSCRIPTION-LN14-2012","false","provisional"
"0c905c24-1a44-5537-a679-4f94ad0ecdc4","KEN-C037-CON201-W1005","Butali/Chegulo","butali-chegulo","ward","electoral","d59cca26-880e-50cb-a13c-791c44aa12d9","37","201","1005","2012-03-09","","KDA-TRANSCRIPTION-LN14-2012","false","provisional"
"1d9df2e5-cae3-5306-ae7a-83db8ca11204","KEN-C037-CON201-W1006","Manda-Shivanga","manda-shivanga","ward","electoral","d59cca26-880e-50cb-a13c-791c44aa12d9","37","201","1006","2012-03-09","","KDA-TRANSCRIPTION-LN14-2012","false","provisional"
"57aa7ae8-bcca-5c09-b472-1283578504e4","KEN-C037-CON201-W1007","Shirugu-Mugai","shirugu-mugai","ward","electoral","d59cca26-880e-50cb-a13c-791c44aa12d9","37","201","1007","2012-03-09","","KDA-TRANSCRIPTION-LN14-2012","false","provisional"
"7dfb8f8e-036d-51cf-a7ae-0555d161bda7","KEN-C037-CON201-W1008","South Kabras","south-kabras","ward","electoral","d59cca26-880e-50cb-a13c-791c44aa12d9","37","201","1008","2012-03-09","","KDA-TRANSCRIPTION-LN14-2012","false","provisional"
"261b7773-a643-5c80-a0de-11abf80d63c3","KEN-C037-CON202-W1009","Butsotso East","butsotso-east","ward","electoral","96485e2b-cfc0-5157-bcc0-4b24c525766a","37","202","1009","2012-03-09","","KDA-TRANSCRIPTION-LN14-2012","false","provisional"
"ca6e758d-9c10-5362-9340-bff6f43c0d24","KEN-C037-CON202-W1010","Butsotso South","butsotso-south","ward","electoral","96485e2b-cfc0-5157-bcc0-4b24c525766a","37","202","1010","2012-03-09","","KDA-TRANSCRIPTION-LN14-2012","false","provisional"
"91b22b2c-58b7-58a2-aae5-8121e4b084e6","KEN-C037-CON202-W1011","Butsotso Central","butsotso-central","ward","electoral","96485e2b-cfc0-5157-bcc0-4b24c525766a","37","202","1011","2012-03-09","","KDA-TRANSCRIPTION-LN14-2012","false","provisional"
"e930a06a-7ecf-57e6-b4f0-ee142a4708e5","KEN-C037-CON202-W1012","Sheywe","sheywe","ward","electoral","96485e2b-cfc0-5157-bcc0-4b24c525766a","37","202","1012","2012-03-09","","KDA-TRANSCRIPTION-LN14-2012","false","provisional"
"ed86454e-8e35-558a-827b-67a4cbf4f1f5","KEN-C037-CON202-W1013","Mahiakalo","mahiakalo","ward","electoral","96485e2b-cfc0-5157-bcc0-4b24c525766a","37","202","1013","2012-03-09","","KDA-TRANSCRIPTION-LN14-2012","false","provisional"
"5dd9d58d-b7a1-5064-8fbb-269e95b8f038","KEN-C037-CON202-W1014","Shirere","shirere","ward","electoral","96485e2b-cfc0-5157-bcc0-4b24c525766a","37","202","1014","2012-03-09","","KDA-TRANSCRIPTION-LN14-2012","false","provisional"
"1730bb83-4ebc-5dda-852e-15370b6431a3","KEN-C037-CON203-W1015","Ingostse-Mathia","ingostse-mathia","ward","electoral","69ebdb76-2969-5a65-babd-a79db9466a20","37","203","1015","2012-03-09","","KDA-TRANSCRIPTION-LN14-2012","false","provisional"
"b2656421-f5dd-5017-b815-fed93374ac4e","KEN-C037-CON203-W1016","Shinoyi-Shikomari-","shinoyi-shikomari","ward","electoral","69ebdb76-2969-5a65-babd-a79db9466a20","37","203","1016","2012-03-09","","KDA-TRANSCRIPTION-LN14-2012","false","provisional"
"64b93ecc-a8af-5b7f-85cb-8117a76401d1","KEN-C037-CON203-W1017","Bunyala West","bunyala-west","ward","electoral","69ebdb76-2969-5a65-babd-a79db9466a20","37","203","1017","2012-03-09","","KDA-TRANSCRIPTION-LN14-2012","false","provisional"
"d6dbcdf3-bd42-5343-8410-e96c9fae71f6","KEN-C037-CON203-W1018","Bunyala East","bunyala-east","ward","electoral","69ebdb76-2969-5a65-babd-a79db9466a20","37","203","1018","2012-03-09","","KDA-TRANSCRIPTION-LN14-2012","false","provisional"
"5957d6b4-460c-5602-a7a3-7b48c1a9fb23","KEN-C037-CON203-W1019","Bunyala Central","bunyala-central","ward","electoral","69ebdb76-2969-5a65-babd-a79db9466a20","37","203","1019","2012-03-09","","KDA-TRANSCRIPTION-LN14-2012","false","provisional"
"a3ed7b7d-9ecf-5e3e-8e5b-9d34b8743ea9","KEN-C037-CON204-W1020","Mumias Central","mumias-central","ward","electoral","07429db9-8173-5908-b1d1-1beea111afd2","37","204","1020","2012-03-09","","KDA-TRANSCRIPTION-LN14-2012","false","provisional"
"bb37a257-498f-5f33-bd45-60bda76257be","KEN-C037-CON204-W1021","Mumias North","mumias-north","ward","electoral","07429db9-8173-5908-b1d1-1beea111afd2","37","204","1021","2012-03-09","","KDA-TRANSCRIPTION-LN14-2012","false","provisional"
"efd93329-2298-5c1c-b612-155d8b59e612","KEN-C037-CON204-W1022","Etenje","etenje","ward","electoral","07429db9-8173-5908-b1d1-1beea111afd2","37","204","1022","2012-03-09","","KDA-TRANSCRIPTION-LN14-2012","false","provisional"
"235f37f3-6f01-5507-b8c7-c21327274038","KEN-C037-CON204-W1023","Musanda","musanda","ward","electoral","07429db9-8173-5908-b1d1-1beea111afd2","37","204","1023","2012-03-09","","KDA-TRANSCRIPTION-LN14-2012","false","provisional"
"1f57e97a-c8b0-543d-941e-0629b3f71ea7","KEN-C037-CON205-W1024","Lubinu/Lusheya","lubinu-lusheya","ward","electoral","a71ae52b-942e-533b-8496-c93db1fe2e33","37","205","1024","2012-03-09","","KDA-TRANSCRIPTION-LN14-2012","false","provisional"
"312da177-4e8d-5d53-af1e-a6381f90db13","KEN-C037-CON205-W1025","Isongo/Makunga/Malaha","isongo-makunga-malaha","ward","electoral","a71ae52b-942e-533b-8496-c93db1fe2e33","37","205","1025","2012-03-09","","KDA-TRANSCRIPTION-LN14-2012","false","provisional"
"17d33a1e-bae0-54c8-ac79-5c053ecb2454","KEN-C037-CON205-W1026","East Wanga","east-wanga","ward","electoral","a71ae52b-942e-533b-8496-c93db1fe2e33","37","205","1026","2012-03-09","","KDA-TRANSCRIPTION-LN14-2012","false","provisional"
"35585b65-3ed0-5635-bf5a-c77ec0d2d6ab","KEN-C037-CON206-W1027","Koyonzo","koyonzo","ward","electoral","23ef3c66-a0f3-562e-aefe-03141b74fc97","37","206","1027","2012-03-09","","KDA-TRANSCRIPTION-LN14-2012","false","provisional"
"f1be565b-e82d-5c4d-b89d-4ea582772535","KEN-C037-CON206-W1028","Kholera","kholera","ward","electoral","23ef3c66-a0f3-562e-aefe-03141b74fc97","37","206","1028","2012-03-09","","KDA-TRANSCRIPTION-LN14-2012","false","provisional"
"4ea7bdfd-aa38-50ce-8c35-a6e1a393bccd","KEN-C037-CON206-W1029","Khalaba","khalaba","ward","electoral","23ef3c66-a0f3-562e-aefe-03141b74fc97","37","206","1029","2012-03-09","","KDA-TRANSCRIPTION-LN14-2012","false","provisional"
"3539e7ee-c0d5-512f-b3a4-c896692cda76","KEN-C037-CON206-W1030","Mayoni","mayoni","ward","electoral","23ef3c66-a0f3-562e-aefe-03141b74fc97","37","206","1030","2012-03-09","","KDA-TRANSCRIPTION-LN14-2012","false","provisional"
"b9c1e848-3fb6-5db5-aece-15a8f6801b0d","KEN-C037-CON206-W1031","Namamali","namamali","ward","electoral","23ef3c66-a0f3-562e-aefe-03141b74fc97","37","206","1031","2012-03-09","","KDA-TRANSCRIPTION-LN14-2012","false","provisional"
"0101d978-265b-5c6b-b3fb-96f7cd51b984","KEN-C037-CON207-W1032","Marama West","marama-west","ward","electoral","7c5634ad-3ec4-5c97-ac1d-b37c753e600a","37","207","1032","2012-03-09","","KDA-TRANSCRIPTION-LN14-2012","false","provisional"
"232e6a30-64e8-53f9-be55-d56ea6027530","KEN-C037-CON207-W1033","Marama Central","marama-central","ward","electoral","7c5634ad-3ec4-5c97-ac1d-b37c753e600a","37","207","1033","2012-03-09","","KDA-TRANSCRIPTION-LN14-2012","false","provisional"
"2a3943a5-db9e-5af7-9ca8-abec061333d4","KEN-C037-CON207-W1034","Marenyo - Shianda","marenyo-shianda","ward","electoral","7c5634ad-3ec4-5c97-ac1d-b37c753e600a","37","207","1034","2012-03-09","","KDA-TRANSCRIPTION-LN14-2012","false","provisional"
"f7aebc7f-6ee3-5435-833e-f4ff52ddc6d3","KEN-C037-CON207-W1035","Marama North","marama-north","ward","electoral","7c5634ad-3ec4-5c97-ac1d-b37c753e600a","37","207","1035","2012-03-09","","KDA-TRANSCRIPTION-LN14-2012","false","provisional"
"30a65559-53fd-5802-9de0-10f08f2e04c1","KEN-C037-CON207-W1036","Marama South","marama-south","ward","electoral","7c5634ad-3ec4-5c97-ac1d-b37c753e600a","37","207","1036","2012-03-09","","KDA-TRANSCRIPTION-LN14-2012","false","provisional"
"b195555a-32bb-5e69-b834-5b80d3533e25","KEN-C037-CON208-W1037","Kisa North","kisa-north","ward","electoral","18dc2665-7af6-5bb1-907b-172b906aeb7f","37","208","1037","2012-03-09","","KDA-TRANSCRIPTION-LN14-2012","false","provisional"
"5271d321-0c69-5a38-b1bb-e56d7d15bd89","KEN-C037-CON208-W1038","Kisa East","kisa-east","ward","electoral","18dc2665-7af6-5bb1-907b-172b906aeb7f","37","208","1038","2012-03-09","","KDA-TRANSCRIPTION-LN14-2012","false","provisional"
"52c98aa9-2105-5055-bc42-1db9ca5e403b","KEN-C037-CON208-W1039","Kisa West","kisa-west","ward","electoral","18dc2665-7af6-5bb1-907b-172b906aeb7f","37","208","1039","2012-03-09","","KDA-TRANSCRIPTION-LN14-2012","false","provisional"
"3179074a-347a-55cc-9c6f-8ba4407ef301","KEN-C037-CON208-W1040","Kisa Central","kisa-central","ward","electoral","18dc2665-7af6-5bb1-907b-172b906aeb7f","37","208","1040","2012-03-09","","KDA-TRANSCRIPTION-LN14-2012","false","provisional"
"673f84f3-3193-5260-ae11-e0e58ccb68ae","KEN-C037-CON209-W1041","Isukha North","isukha-north","ward","electoral","155dc141-be0a-5413-954c-2ee1d3b0fe96","37","209","1041","2012-03-09","","KDA-TRANSCRIPTION-LN14-2012","false","provisional"
"c5229c1c-becc-5d31-938a-9dd936ab0dd4","KEN-C037-CON209-W1042","Murhanda","murhanda","ward","electoral","155dc141-be0a-5413-954c-2ee1d3b0fe96","37","209","1042","2012-03-09","","KDA-TRANSCRIPTION-LN14-2012","false","provisional"
"3f3d4c00-8b96-5270-b75d-5a10680f2879","KEN-C037-CON209-W1043","Isukha Central","isukha-central","ward","electoral","155dc141-be0a-5413-954c-2ee1d3b0fe96","37","209","1043","2012-03-09","","KDA-TRANSCRIPTION-LN14-2012","false","provisional"
"fef9e357-7318-506c-86b5-c2e084cb84de","KEN-C037-CON209-W1044","Isukha South","isukha-south","ward","electoral","155dc141-be0a-5413-954c-2ee1d3b0fe96","37","209","1044","2012-03-09","","KDA-TRANSCRIPTION-LN14-2012","false","provisional"
"6eed4ace-c134-535d-8042-ef2aad1623df","KEN-C037-CON209-W1045","Isukha East","isukha-east","ward","electoral","155dc141-be0a-5413-954c-2ee1d3b0fe96","37","209","1045","2012-03-09","","KDA-TRANSCRIPTION-LN14-2012","false","provisional"
"e771e654-543b-54c5-ac78-1fa1c03dd0d6","KEN-C037-CON209-W1046","Isukha West","isukha-west","ward","electoral","155dc141-be0a-5413-954c-2ee1d3b0fe96","37","209","1046","2012-03-09","","KDA-TRANSCRIPTION-LN14-2012","false","provisional"
"a3493188-2cca-56d9-a539-e9314c46522e","KEN-C037-CON210-W1047","Idakho South","idakho-south","ward","electoral","3f5826b8-f174-5c87-ad59-4112dbff0a1e","37","210","1047","2012-03-09","","KDA-TRANSCRIPTION-LN14-2012","false","provisional"
"29ad2fa9-6ac6-55ed-b55a-786c4ca1a534","KEN-C037-CON210-W1048","Idakho East","idakho-east","ward","electoral","3f5826b8-f174-5c87-ad59-4112dbff0a1e","37","210","1048","2012-03-09","","KDA-TRANSCRIPTION-LN14-2012","false","provisional"
"b7eab238-a824-5914-93c9-f0e666516676","KEN-C037-CON210-W1049","Idakho North","idakho-north","ward","electoral","3f5826b8-f174-5c87-ad59-4112dbff0a1e","37","210","1049","2012-03-09","","KDA-TRANSCRIPTION-LN14-2012","false","provisional"
"0fee4fec-1ce2-5ef0-b76e-c6323e216fa7","KEN-C037-CON210-W1050","Idakho Central","idakho-central","ward","electoral","3f5826b8-f174-5c87-ad59-4112dbff0a1e","37","210","1050","2012-03-09","","KDA-TRANSCRIPTION-LN14-2012","false","provisional"
"97e52e0a-df0b-5847-ad0e-35f5c77f2d1c","KEN-C038-CON211-W1051","Lugaga-Wamuluma","lugaga-wamuluma","ward","electoral","693f89ff-36f2-5f39-b29c-da4cd48e361e","38","211","1051","2012-03-09","","KDA-TRANSCRIPTION-LN14-2012","false","provisional"
"e89fff92-99b3-575e-b6ba-fba195818a07","KEN-C038-CON211-W1052","South Maragoli","south-maragoli","ward","electoral","693f89ff-36f2-5f39-b29c-da4cd48e361e","38","211","1052","2012-03-09","","KDA-TRANSCRIPTION-LN14-2012","false","provisional"
"807ef8e2-80ad-59e8-8805-3cdadfe76a0a","KEN-C038-CON211-W1053","Central Maragoli","central-maragoli","ward","electoral","693f89ff-36f2-5f39-b29c-da4cd48e361e","38","211","1053","2012-03-09","","KDA-TRANSCRIPTION-LN14-2012","false","provisional"
"03dc29ab-1509-5bde-93aa-d7a689d4cf0a","KEN-C038-CON211-W1054","Mungoma","mungoma","ward","electoral","693f89ff-36f2-5f39-b29c-da4cd48e361e","38","211","1054","2012-03-09","","KDA-TRANSCRIPTION-LN14-2012","false","provisional"
"2aa14752-e25c-534e-bde4-aea7c5fd2271","KEN-C038-CON212-W1055","Lyaduywa/Izava","lyaduywa-izava","ward","electoral","dc866b68-1128-548e-8bfe-52cdcdd8835e","38","212","1055","2012-03-09","","KDA-TRANSCRIPTION-LN14-2012","false","provisional"
"117943cf-0663-5780-8b99-36b0a29dfa4a","KEN-C038-CON212-W1056","West Sabatia","west-sabatia","ward","electoral","dc866b68-1128-548e-8bfe-52cdcdd8835e","38","212","1056","2012-03-09","","KDA-TRANSCRIPTION-LN14-2012","false","provisional"
"a8716122-2932-5941-bff4-1e1297b3d92d","KEN-C038-CON212-W1057","Chavakali","chavakali","ward","electoral","dc866b68-1128-548e-8bfe-52cdcdd8835e","38","212","1057","2012-03-09","","KDA-TRANSCRIPTION-LN14-2012","false","provisional"
"d7cd4c81-8d56-5ac6-8249-2c4c189b3c3f","KEN-C038-CON212-W1058","North Maragoli","north-maragoli","ward","electoral","dc866b68-1128-548e-8bfe-52cdcdd8835e","38","212","1058","2012-03-09","","KDA-TRANSCRIPTION-LN14-2012","false","provisional"
"c8630260-ccc2-5c52-af17-91f7b05431cb","KEN-C038-CON212-W1059","Wodanga","wodanga","ward","electoral","dc866b68-1128-548e-8bfe-52cdcdd8835e","38","212","1059","2012-03-09","","KDA-TRANSCRIPTION-LN14-2012","false","provisional"
"7f9e8863-8a49-5203-91fe-0de1a237e075","KEN-C038-CON212-W1060","Busali","busali","ward","electoral","dc866b68-1128-548e-8bfe-52cdcdd8835e","38","212","1060","2012-03-09","","KDA-TRANSCRIPTION-LN14-2012","false","provisional"
"03dfae6c-ae8f-5a67-9f2a-38ee0f5841af","KEN-C038-CON213-W1061","Shiru","shiru","ward","electoral","d1bd3e85-9ba5-5952-bf03-9a08a39aa38f","38","213","1061","2012-03-09","","KDA-TRANSCRIPTION-LN14-2012","false","provisional"
"6a799359-3bb9-5267-bb5f-2a6ef3be14e5","KEN-C038-CON213-W1062","Muhudu","muhudu","ward","electoral","d1bd3e85-9ba5-5952-bf03-9a08a39aa38f","38","213","1062","2012-03-09","","KDA-TRANSCRIPTION-LN14-2012","false","provisional"
"340d7ef8-e1ac-513b-a769-911327abb8db","KEN-C038-CON213-W1063","Shamakhokho","shamakhokho","ward","electoral","d1bd3e85-9ba5-5952-bf03-9a08a39aa38f","38","213","1063","2012-03-09","","KDA-TRANSCRIPTION-LN14-2012","false","provisional"
"3572d3ef-94a4-56c6-85f8-fdfc12a0d16b","KEN-C038-CON213-W1064","Gisambai","gisambai","ward","electoral","d1bd3e85-9ba5-5952-bf03-9a08a39aa38f","38","213","1064","2012-03-09","","KDA-TRANSCRIPTION-LN14-2012","false","provisional"
"c165db8f-7055-5e94-8027-e9502424e2d9","KEN-C038-CON213-W1065","Banja","banja","ward","electoral","d1bd3e85-9ba5-5952-bf03-9a08a39aa38f","38","213","1065","2012-03-09","","KDA-TRANSCRIPTION-LN14-2012","false","provisional"
"84c5d806-86fe-5c69-870e-4597d7ee9cc5","KEN-C038-CON213-W1066","Tambua","tambua","ward","electoral","d1bd3e85-9ba5-5952-bf03-9a08a39aa38f","38","213","1066","2012-03-09","","KDA-TRANSCRIPTION-LN14-2012","false","provisional"
"a155ff97-6cc7-5df2-84bb-b5257d007a11","KEN-C038-CON213-W1067","Jepkoyai","jepkoyai","ward","electoral","d1bd3e85-9ba5-5952-bf03-9a08a39aa38f","38","213","1067","2012-03-09","","KDA-TRANSCRIPTION-LN14-2012","false","provisional"
"68697e19-3429-5c90-b039-aa161d68666c","KEN-C038-CON214-W1068","Luanda Township","luanda-township","ward","electoral","f2f6218a-04d6-5bcd-95ac-71cd1a13c3c0","38","214","1068","2012-03-09","","KDA-TRANSCRIPTION-LN14-2012","false","provisional"
"541ab005-40c1-5b19-94cb-db6d06db6280","KEN-C038-CON214-W1069","Wemilabi","wemilabi","ward","electoral","f2f6218a-04d6-5bcd-95ac-71cd1a13c3c0","38","214","1069","2012-03-09","","KDA-TRANSCRIPTION-LN14-2012","false","provisional"
"795bc4af-fc9d-58b0-b621-0a49f7ec6199","KEN-C038-CON214-W1070","Mwibona","mwibona","ward","electoral","f2f6218a-04d6-5bcd-95ac-71cd1a13c3c0","38","214","1070","2012-03-09","","KDA-TRANSCRIPTION-LN14-2012","false","provisional"
"7cbf7221-2ddf-5dc3-94ca-9ff4f4180cd9","KEN-C038-CON214-W1071","Luanda South","luanda-south","ward","electoral","f2f6218a-04d6-5bcd-95ac-71cd1a13c3c0","38","214","1071","2012-03-09","","KDA-TRANSCRIPTION-LN14-2012","false","provisional"
"98944b72-128e-5d9b-b6a8-aa4daaa2ec38","KEN-C038-CON214-W1072","Emabungo","emabungo","ward","electoral","f2f6218a-04d6-5bcd-95ac-71cd1a13c3c0","38","214","1072","2012-03-09","","KDA-TRANSCRIPTION-LN14-2012","false","provisional"
"5469c9c1-00ca-551a-8b72-21e84f8f288f","KEN-C038-CON215-W1073","North East Bunyore","north-east-bunyore","ward","electoral","22548d17-894b-59de-b144-5677df9d836b","38","215","1073","2012-03-09","","KDA-TRANSCRIPTION-LN14-2012","false","provisional"
"cbcebc68-6b24-56e4-9b7f-754f078e31d2","KEN-C038-CON215-W1074","Central Bunyore","central-bunyore","ward","electoral","22548d17-894b-59de-b144-5677df9d836b","38","215","1074","2012-03-09","","KDA-TRANSCRIPTION-LN14-2012","false","provisional"
"e4a7b90e-3cfc-500f-84bd-9af8aa27557c","KEN-C038-CON215-W1075","West Bunyore","west-bunyore","ward","electoral","22548d17-894b-59de-b144-5677df9d836b","38","215","1075","2012-03-09","","KDA-TRANSCRIPTION-LN14-2012","false","provisional"
"d17e8894-abe2-5e1f-9841-033f7749e8f2","KEN-C039-CON216-W1076","Cheptais","cheptais","ward","electoral","a7877050-79ff-5e51-a6a8-5df4269a4b61","39","216","1076","2012-03-09","","KDA-TRANSCRIPTION-LN14-2012","false","provisional"
"7df22cd3-069f-5aa0-942d-34fa287acdb6","KEN-C039-CON216-W1077","Chesikaki","chesikaki","ward","electoral","a7877050-79ff-5e51-a6a8-5df4269a4b61","39","216","1077","2012-03-09","","KDA-TRANSCRIPTION-LN14-2012","false","provisional"
"71b2c3f5-3bea-5326-83cf-bc05c9d3c5dd","KEN-C039-CON216-W1078","Chepyuk","chepyuk","ward","electoral","a7877050-79ff-5e51-a6a8-5df4269a4b61","39","216","1078","2012-03-09","","KDA-TRANSCRIPTION-LN14-2012","false","provisional"
"819b350c-be6d-561a-9f14-37ab73fa5af0","KEN-C039-CON216-W1079","Kapkateny","kapkateny","ward","electoral","a7877050-79ff-5e51-a6a8-5df4269a4b61","39","216","1079","2012-03-09","","KDA-TRANSCRIPTION-LN14-2012","false","provisional"
"fd74a872-a06f-569e-b69d-399c0d7edd87","KEN-C039-CON216-W1080","Kaptama","kaptama","ward","electoral","a7877050-79ff-5e51-a6a8-5df4269a4b61","39","216","1080","2012-03-09","","KDA-TRANSCRIPTION-LN14-2012","false","provisional"
"6add09bb-3ffe-553d-a588-19a1ad406b59","KEN-C039-CON216-W1081","Elgon","elgon","ward","electoral","a7877050-79ff-5e51-a6a8-5df4269a4b61","39","216","1081","2012-03-09","","KDA-TRANSCRIPTION-LN14-2012","false","provisional"
"e7c5233d-d78d-542e-aa3e-cc03997e4f44","KEN-C039-CON217-W1082","Namwela","namwela","ward","electoral","a2e9653a-8f69-5a03-b851-aa79873b83da","39","217","1082","2012-03-09","","KDA-TRANSCRIPTION-LN14-2012","false","provisional"
"e47afdbb-0578-5c16-b5b4-c1fd77c4d433","KEN-C039-CON217-W1083","Malakisi/South Kulisiru","malakisi-south-kulisiru","ward","electoral","a2e9653a-8f69-5a03-b851-aa79873b83da","39","217","1083","2012-03-09","","KDA-TRANSCRIPTION-LN14-2012","false","provisional"
"ca5da8e3-2fed-50a9-8aaf-5f518c0852c5","KEN-C039-CON217-W1084","Lwandanyi","lwandanyi","ward","electoral","a2e9653a-8f69-5a03-b851-aa79873b83da","39","217","1084","2012-03-09","","KDA-TRANSCRIPTION-LN14-2012","false","provisional"
"697c22d2-7328-599e-bd26-4f5048d9243b","KEN-C039-CON218-W1085","Kabuchai/Chwele","kabuchai-chwele","ward","electoral","126ceae3-6e01-5f72-b050-9fa0d466a188","39","218","1085","2012-03-09","","KDA-TRANSCRIPTION-LN14-2012","false","provisional"
"9371b95f-b69a-53fb-b756-6acafbda8e37","KEN-C039-CON218-W1086","West Nalondo","west-nalondo","ward","electoral","126ceae3-6e01-5f72-b050-9fa0d466a188","39","218","1086","2012-03-09","","KDA-TRANSCRIPTION-LN14-2012","false","provisional"
"1bc53921-396b-5690-88d6-7758856349c0","KEN-C039-CON218-W1087","Bwake/Luuya","bwake-luuya","ward","electoral","126ceae3-6e01-5f72-b050-9fa0d466a188","39","218","1087","2012-03-09","","KDA-TRANSCRIPTION-LN14-2012","false","provisional"
"6d3f606c-7b9c-5122-9e5a-9e1b6f7926fb","KEN-C039-CON218-W1088","Mukuyuni","mukuyuni","ward","electoral","126ceae3-6e01-5f72-b050-9fa0d466a188","39","218","1088","2012-03-09","","KDA-TRANSCRIPTION-LN14-2012","false","provisional"
"c46ea34a-87cd-5553-92b3-b5c664f2899e","KEN-C039-CON219-W1089","South Bukusu","south-bukusu","ward","electoral","224a38f5-1a66-5034-bab3-660c43c2cb01","39","219","1089","2012-03-09","","KDA-TRANSCRIPTION-LN14-2012","false","provisional"
"9586a0a7-6ff9-5ea8-a451-e46e72093af9","KEN-C039-CON219-W1090","Bumula","bumula","ward","electoral","224a38f5-1a66-5034-bab3-660c43c2cb01","39","219","1090","2012-03-09","","KDA-TRANSCRIPTION-LN14-2012","false","provisional"
"071b0d3f-427c-5ede-908f-69a1fecbed21","KEN-C039-CON219-W1091","Khasoko","khasoko","ward","electoral","224a38f5-1a66-5034-bab3-660c43c2cb01","39","219","1091","2012-03-09","","KDA-TRANSCRIPTION-LN14-2012","false","provisional"
"1f5479af-ce64-51d1-a75c-f464d7890168","KEN-C039-CON219-W1092","Kabula","kabula","ward","electoral","224a38f5-1a66-5034-bab3-660c43c2cb01","39","219","1092","2012-03-09","","KDA-TRANSCRIPTION-LN14-2012","false","provisional"
"bd6ed12f-4a9f-5da2-aa8b-1ff99e627628","KEN-C039-CON219-W1093","Kimaeti","kimaeti","ward","electoral","224a38f5-1a66-5034-bab3-660c43c2cb01","39","219","1093","2012-03-09","","KDA-TRANSCRIPTION-LN14-2012","false","provisional"
"07e919bc-1648-5749-a460-48ee62227b64","KEN-C039-CON219-W1094","West Bukusu","west-bukusu","ward","electoral","224a38f5-1a66-5034-bab3-660c43c2cb01","39","219","1094","2012-03-09","","KDA-TRANSCRIPTION-LN14-2012","false","provisional"
"52b45ec9-0672-509e-9554-aaff4b40e5fc","KEN-C039-CON219-W1095","Siboti","siboti","ward","electoral","224a38f5-1a66-5034-bab3-660c43c2cb01","39","219","1095","2012-03-09","","KDA-TRANSCRIPTION-LN14-2012","false","provisional"
"810869ab-3b45-5b60-b166-579ecec571b9","KEN-C039-CON220-W1096","Bukembe West","bukembe-west","ward","electoral","619cbdd4-cce9-5caf-a562-0764d6d4895d","39","220","1096","2012-03-09","","KDA-TRANSCRIPTION-LN14-2012","false","provisional"
"3bb59b71-7e32-5d8d-8973-4254685dc3f8","KEN-C039-CON220-W1097","Bukembe East","bukembe-east","ward","electoral","619cbdd4-cce9-5caf-a562-0764d6d4895d","39","220","1097","2012-03-09","","KDA-TRANSCRIPTION-LN14-2012","false","provisional"
"14725d1d-2cd5-542a-a63e-1fe5246d057f","KEN-C039-CON220-W1098","Township","township","ward","electoral","619cbdd4-cce9-5caf-a562-0764d6d4895d","39","220","1098","2012-03-09","","KDA-TRANSCRIPTION-LN14-2012","false","provisional"
"88b6380b-1632-57dc-96a6-c9f092d06f64","KEN-C039-CON220-W1099","Khalaba","khalaba","ward","electoral","619cbdd4-cce9-5caf-a562-0764d6d4895d","39","220","1099","2012-03-09","","KDA-TRANSCRIPTION-LN14-2012","false","provisional"
"ac9e851f-72bf-5bfc-a908-432f184f605b","KEN-C039-CON220-W1100","Musikoma","musikoma","ward","electoral","619cbdd4-cce9-5caf-a562-0764d6d4895d","39","220","1100","2012-03-09","","KDA-TRANSCRIPTION-LN14-2012","false","provisional"
"eac40bb9-7e3e-5b67-83f4-a56ae6acc0e0","KEN-C039-CON220-W1101","East Sang'alo","east-sangalo","ward","electoral","619cbdd4-cce9-5caf-a562-0764d6d4895d","39","220","1101","2012-03-09","","KDA-TRANSCRIPTION-LN14-2012","false","provisional"
"43e6c62d-1ae0-5879-9841-224deed727f3","KEN-C039-CON220-W1102","Marakaru/Tuuti","marakaru-tuuti","ward","electoral","619cbdd4-cce9-5caf-a562-0764d6d4895d","39","220","1102","2012-03-09","","KDA-TRANSCRIPTION-LN14-2012","false","provisional"
"48ee9052-ebd0-5d23-8ce6-7c8d89d08705","KEN-C039-CON220-W1103","Sang'alo West","sangalo-west","ward","electoral","619cbdd4-cce9-5caf-a562-0764d6d4895d","39","220","1103","2012-03-09","","KDA-TRANSCRIPTION-LN14-2012","false","provisional"
"5b9a37c1-eadb-5521-82c4-cf5aecc84277","KEN-C039-CON221-W1104","Mihuu","mihuu","ward","electoral","1ef45277-a384-55c3-945b-5caa38778083","39","221","1104","2012-03-09","","KDA-TRANSCRIPTION-LN14-2012","false","provisional"
"a58c9a58-323e-5351-828f-bdf7564aa853","KEN-C039-CON221-W1105","Ndivisi","ndivisi","ward","electoral","1ef45277-a384-55c3-945b-5caa38778083","39","221","1105","2012-03-09","","KDA-TRANSCRIPTION-LN14-2012","false","provisional"
"9e7db914-c82e-5e7d-aa14-066f3e852e81","KEN-C039-CON221-W1106","Maraka","maraka","ward","electoral","1ef45277-a384-55c3-945b-5caa38778083","39","221","1106","2012-03-09","","KDA-TRANSCRIPTION-LN14-2012","false","provisional"
"d8c4a248-9b5e-5367-bbc4-8443bbba75e4","KEN-C039-CON222-W1107","Misikhu","misikhu","ward","electoral","d0f52550-2ce0-52bc-a70c-15bbf96425c2","39","222","1107","2012-03-09","","KDA-TRANSCRIPTION-LN14-2012","false","provisional"
"981d3869-7210-5582-9b3d-f86809222b2b","KEN-C039-CON222-W1108","Sitikho","sitikho","ward","electoral","d0f52550-2ce0-52bc-a70c-15bbf96425c2","39","222","1108","2012-03-09","","KDA-TRANSCRIPTION-LN14-2012","false","provisional"
"4c26e3d0-6627-5111-8e4c-f90456aa3e10","KEN-C039-CON222-W1109","Matulo","matulo","ward","electoral","d0f52550-2ce0-52bc-a70c-15bbf96425c2","39","222","1109","2012-03-09","","KDA-TRANSCRIPTION-LN14-2012","false","provisional"
"8b230d38-9a96-51d3-840a-11606f5bd03b","KEN-C039-CON222-W1110","Bokoli","bokoli","ward","electoral","d0f52550-2ce0-52bc-a70c-15bbf96425c2","39","222","1110","2012-03-09","","KDA-TRANSCRIPTION-LN14-2012","false","provisional"
"676cc20d-e6f5-5e3a-be75-8b2d1f37add9","KEN-C039-CON223-W1111","Kimilili","kimilili","ward","electoral","a2a7a9e4-20b8-523f-8f14-3ea794315157","39","223","1111","2012-03-09","","KDA-TRANSCRIPTION-LN14-2012","false","provisional"
"0083db6d-8912-5bd5-bd66-9652177a449b","KEN-C039-CON223-W1112","Kibingei","kibingei","ward","electoral","a2a7a9e4-20b8-523f-8f14-3ea794315157","39","223","1112","2012-03-09","","KDA-TRANSCRIPTION-LN14-2012","false","provisional"
"cf7ae16b-cb9e-589b-ad0e-c51f0dd7ba21","KEN-C039-CON223-W1113","Maeni","maeni","ward","electoral","a2a7a9e4-20b8-523f-8f14-3ea794315157","39","223","1113","2012-03-09","","KDA-TRANSCRIPTION-LN14-2012","false","provisional"
"2e2e74e9-0b29-5134-99fd-4f3ce50f9958","KEN-C039-CON223-W1114","Kamukuywa","kamukuywa","ward","electoral","a2a7a9e4-20b8-523f-8f14-3ea794315157","39","223","1114","2012-03-09","","KDA-TRANSCRIPTION-LN14-2012","false","provisional"
"1ad171cc-3bcd-57ef-a1bf-ffcaa83f9b69","KEN-C039-CON224-W1115","Mbakalo","mbakalo","ward","electoral","293f9f42-275a-565e-abf4-84adb051adbb","39","224","1115","2012-03-09","","KDA-TRANSCRIPTION-LN14-2012","false","provisional"
"3e698ca8-3456-5cc4-a20f-c34c2bd9ec0d","KEN-C039-CON224-W1116","Naitiri/Kabuyefwe","naitiri-kabuyefwe","ward","electoral","293f9f42-275a-565e-abf4-84adb051adbb","39","224","1116","2012-03-09","","KDA-TRANSCRIPTION-LN14-2012","false","provisional"
"1b01fbc5-2ade-5c71-a4c3-f01276d26493","KEN-C039-CON224-W1117","Milima","milima","ward","electoral","293f9f42-275a-565e-abf4-84adb051adbb","39","224","1117","2012-03-09","","KDA-TRANSCRIPTION-LN14-2012","false","provisional"
"439cee7b-a1af-5f6b-b50f-96cfaca5b970","KEN-C039-CON224-W1118","Ndalu/ Tabani","ndalu-tabani","ward","electoral","293f9f42-275a-565e-abf4-84adb051adbb","39","224","1118","2012-03-09","","KDA-TRANSCRIPTION-LN14-2012","false","provisional"
"1bb2d3b0-830e-5907-955b-3d5226547006","KEN-C039-CON224-W1119","Tongaren","tongaren","ward","electoral","293f9f42-275a-565e-abf4-84adb051adbb","39","224","1119","2012-03-09","","KDA-TRANSCRIPTION-LN14-2012","false","provisional"
"6f389574-cb45-5b22-bece-88f496ccf702","KEN-C039-CON224-W1120","Soysambu/ Mitua","soysambu-mitua","ward","electoral","293f9f42-275a-565e-abf4-84adb051adbb","39","224","1120","2012-03-09","","KDA-TRANSCRIPTION-LN14-2012","false","provisional"
"2f16b858-b364-53d0-bb94-584a66431d3a","KEN-C040-CON225-W1121","Malaba Central","malaba-central","ward","electoral","1c5717d0-9954-5bee-b53b-bf24a8621087","40","225","1121","2012-03-09","","KDA-TRANSCRIPTION-LN14-2012","false","provisional"
"a5e55035-6610-5947-b14d-35b8b6c6ba02","KEN-C040-CON225-W1122","Malaba North","malaba-north","ward","electoral","1c5717d0-9954-5bee-b53b-bf24a8621087","40","225","1122","2012-03-09","","KDA-TRANSCRIPTION-LN14-2012","false","provisional"
"fa7b7ad1-824b-5bcb-aa86-237b7ca52994","KEN-C040-CON225-W1123","Ang'urai South","angurai-south","ward","electoral","1c5717d0-9954-5bee-b53b-bf24a8621087","40","225","1123","2012-03-09","","KDA-TRANSCRIPTION-LN14-2012","false","provisional"
"6106f37f-c7a8-54f8-b43d-5a987bf8e835","KEN-C040-CON225-W1124","Ang'urai North","angurai-north","ward","electoral","1c5717d0-9954-5bee-b53b-bf24a8621087","40","225","1124","2012-03-09","","KDA-TRANSCRIPTION-LN14-2012","false","provisional"
"a718ba2c-6c62-5ef6-bf6b-13fa224feccb","KEN-C040-CON225-W1125","Ang'urai East","angurai-east","ward","electoral","1c5717d0-9954-5bee-b53b-bf24a8621087","40","225","1125","2012-03-09","","KDA-TRANSCRIPTION-LN14-2012","false","provisional"
"1f56782a-0a6c-5873-8dd8-f1a642c49823","KEN-C040-CON225-W1126","Malaba South","malaba-south","ward","electoral","1c5717d0-9954-5bee-b53b-bf24a8621087","40","225","1126","2012-03-09","","KDA-TRANSCRIPTION-LN14-2012","false","provisional"
"a000ef91-26cc-5f88-9eac-a3bc4abd9ceb","KEN-C040-CON226-W1127","Ang'orom","angorom","ward","electoral","6680b5c2-d0a0-5a65-8c3e-3677d85efc8d","40","226","1127","2012-03-09","","KDA-TRANSCRIPTION-LN14-2012","false","provisional"
"d5e7b8e0-eaaf-56bc-989d-959ad9506f56","KEN-C040-CON226-W1128","Chakol South","chakol-south","ward","electoral","6680b5c2-d0a0-5a65-8c3e-3677d85efc8d","40","226","1128","2012-03-09","","KDA-TRANSCRIPTION-LN14-2012","false","provisional"
"ed0c9c6d-db91-548d-b7d0-cb73cc07ba82","KEN-C040-CON226-W1129","Chakol North","chakol-north","ward","electoral","6680b5c2-d0a0-5a65-8c3e-3677d85efc8d","40","226","1129","2012-03-09","","KDA-TRANSCRIPTION-LN14-2012","false","provisional"
"b771d17a-35d4-56ab-ae6f-01e74710bcba","KEN-C040-CON226-W1130","Amukura West","amukura-west","ward","electoral","6680b5c2-d0a0-5a65-8c3e-3677d85efc8d","40","226","1130","2012-03-09","","KDA-TRANSCRIPTION-LN14-2012","false","provisional"
"79f510e3-ec03-5cf1-97e9-845b6fee90a1","KEN-C040-CON226-W1131","Amukura East","amukura-east","ward","electoral","6680b5c2-d0a0-5a65-8c3e-3677d85efc8d","40","226","1131","2012-03-09","","KDA-TRANSCRIPTION-LN14-2012","false","provisional"
"17206a4d-c28b-5ed4-a788-9e63ac8aa092","KEN-C040-CON226-W1132","Amukura Central","amukura-central","ward","electoral","6680b5c2-d0a0-5a65-8c3e-3677d85efc8d","40","226","1132","2012-03-09","","KDA-TRANSCRIPTION-LN14-2012","false","provisional"
"7655b482-7caa-5173-893d-7f50a929a812","KEN-C040-CON227-W1133","Nambale Township","nambale-township","ward","electoral","5eca61b4-d95b-5042-9503-793c8121e202","40","227","1133","2012-03-09","","KDA-TRANSCRIPTION-LN14-2012","false","provisional"
"468508e9-9134-5327-9bd6-4810fddc9ff3","KEN-C040-CON227-W1134","Bukhayo North/Waltsi","bukhayo-north-waltsi","ward","electoral","5eca61b4-d95b-5042-9503-793c8121e202","40","227","1134","2012-03-09","","KDA-TRANSCRIPTION-LN14-2012","false","provisional"
"97356902-093a-55d1-a011-8bcff05df2fb","KEN-C040-CON227-W1135","Bukhayo East","bukhayo-east","ward","electoral","5eca61b4-d95b-5042-9503-793c8121e202","40","227","1135","2012-03-09","","KDA-TRANSCRIPTION-LN14-2012","false","provisional"
"38f84ba1-6c4e-51cd-ac5e-a6a07418daa2","KEN-C040-CON227-W1136","Bukhayo Central","bukhayo-central","ward","electoral","5eca61b4-d95b-5042-9503-793c8121e202","40","227","1136","2012-03-09","","KDA-TRANSCRIPTION-LN14-2012","false","provisional"
"b165f1d4-37a5-5254-9a1d-166624a19a0e","KEN-C040-CON228-W1137","Bukhayo West","bukhayo-west","ward","electoral","cd5a5ec0-a0ee-5766-858e-0e99b4d02064","40","228","1137","2012-03-09","","KDA-TRANSCRIPTION-LN14-2012","false","provisional"
"6f04abab-5180-5f6d-90c2-c71f791263ec","KEN-C040-CON228-W1138","Mayenje","mayenje","ward","electoral","cd5a5ec0-a0ee-5766-858e-0e99b4d02064","40","228","1138","2012-03-09","","KDA-TRANSCRIPTION-LN14-2012","false","provisional"
"cc298205-f3d6-5205-adcd-d0492246ddf2","KEN-C040-CON228-W1139","Matayos South","matayos-south","ward","electoral","cd5a5ec0-a0ee-5766-858e-0e99b4d02064","40","228","1139","2012-03-09","","KDA-TRANSCRIPTION-LN14-2012","false","provisional"
"501b7823-619b-53b0-be77-2e06815448b3","KEN-C040-CON228-W1140","Busibwabo","busibwabo","ward","electoral","cd5a5ec0-a0ee-5766-858e-0e99b4d02064","40","228","1140","2012-03-09","","KDA-TRANSCRIPTION-LN14-2012","false","provisional"
"6694be9b-48b1-5059-8430-6ef92bb50e53","KEN-C040-CON228-W1141","Burumba","burumba","ward","electoral","cd5a5ec0-a0ee-5766-858e-0e99b4d02064","40","228","1141","2012-03-09","","KDA-TRANSCRIPTION-LN14-2012","false","provisional"
"b2e0f294-d66e-59bd-bb8b-fc74fa382bd7","KEN-C040-CON229-W1142","Marachi West","marachi-west","ward","electoral","19689ed8-2da4-5e9b-bf20-6aa161367ab2","40","229","1142","2012-03-09","","KDA-TRANSCRIPTION-LN14-2012","false","provisional"
"866f73a3-92ab-5c57-b6d3-b6cb1c5c1a01","KEN-C040-CON229-W1143","Kingandole","kingandole","ward","electoral","19689ed8-2da4-5e9b-bf20-6aa161367ab2","40","229","1143","2012-03-09","","KDA-TRANSCRIPTION-LN14-2012","false","provisional"
"caf5dc2c-b320-50fc-80e4-4398808b9511","KEN-C040-CON229-W1144","Marachi Central","marachi-central","ward","electoral","19689ed8-2da4-5e9b-bf20-6aa161367ab2","40","229","1144","2012-03-09","","KDA-TRANSCRIPTION-LN14-2012","false","provisional"
"f574ae42-b00d-5866-9df6-76e9f2521d3c","KEN-C040-CON229-W1145","Marachi East","marachi-east","ward","electoral","19689ed8-2da4-5e9b-bf20-6aa161367ab2","40","229","1145","2012-03-09","","KDA-TRANSCRIPTION-LN14-2012","false","provisional"
"ec36bb03-bf75-54b4-8bd6-d29a4b2e80e8","KEN-C040-CON229-W1146","Marachi North","marachi-north","ward","electoral","19689ed8-2da4-5e9b-bf20-6aa161367ab2","40","229","1146","2012-03-09","","KDA-TRANSCRIPTION-LN14-2012","false","provisional"
"20af0a81-5952-5e3f-8ea2-578aa28b4e71","KEN-C040-CON229-W1147","Elugulu","elugulu","ward","electoral","19689ed8-2da4-5e9b-bf20-6aa161367ab2","40","229","1147","2012-03-09","","KDA-TRANSCRIPTION-LN14-2012","false","provisional"
"84502c2b-745c-582f-9786-f301e73c1d8e","KEN-C040-CON230-W1148","Namboboto Nambuku","namboboto-nambuku","ward","electoral","ee645bfa-7523-5457-96bc-1b1ce596ff11","40","230","1148","2012-03-09","","KDA-TRANSCRIPTION-LN14-2012","false","provisional"
"d1ecf336-334f-5bbb-a47b-55ee28002966","KEN-C040-CON230-W1149","Nangina","nangina","ward","electoral","ee645bfa-7523-5457-96bc-1b1ce596ff11","40","230","1149","2012-03-09","","KDA-TRANSCRIPTION-LN14-2012","false","provisional"
"63995536-e211-556b-b07a-6fe9b8b99a32","KEN-C040-CON230-W1150","Ageng'a Nanguba","agenga-nanguba","ward","electoral","ee645bfa-7523-5457-96bc-1b1ce596ff11","40","230","1150","2012-03-09","","KDA-TRANSCRIPTION-LN14-2012","false","provisional"
"ef5ca549-c225-5def-9547-3792b53895d8","KEN-C040-CON230-W1151","Bwiri","bwiri","ward","electoral","ee645bfa-7523-5457-96bc-1b1ce596ff11","40","230","1151","2012-03-09","","KDA-TRANSCRIPTION-LN14-2012","false","provisional"
"75d185f9-b156-5b66-b98b-0fbd182a459b","KEN-C040-CON231-W1152","Bunyala Central","bunyala-central","ward","electoral","49232b5f-9f7c-5bcd-83a2-93893efc8ad3","40","231","1152","2012-03-09","","KDA-TRANSCRIPTION-LN14-2012","false","provisional"
"69fa135e-9028-5cc2-9a5c-1535b8d442a8","KEN-C040-CON231-W1153","Bunyala North","bunyala-north","ward","electoral","49232b5f-9f7c-5bcd-83a2-93893efc8ad3","40","231","1153","2012-03-09","","KDA-TRANSCRIPTION-LN14-2012","false","provisional"
"2caf1ab3-962d-5706-8bb5-4e724c4fd272","KEN-C040-CON231-W1154","Bunyala West","bunyala-west","ward","electoral","49232b5f-9f7c-5bcd-83a2-93893efc8ad3","40","231","1154","2012-03-09","","KDA-TRANSCRIPTION-LN14-2012","false","provisional"
"85a66afc-e403-5478-a794-a41cc39faeab","KEN-C040-CON231-W1155","Bunyala South","bunyala-south","ward","electoral","49232b5f-9f7c-5bcd-83a2-93893efc8ad3","40","231","1155","2012-03-09","","KDA-TRANSCRIPTION-LN14-2012","false","provisional"
"001fccbf-93bd-5237-9f1f-a73b434c3091","KEN-C041-CON232-W1156","West Ugenya","west-ugenya","ward","electoral","06a5c108-40e6-5d05-a945-7abb28613db2","41","232","1156","2012-03-09","","KDA-TRANSCRIPTION-LN14-2012","false","provisional"
"2ae51a86-b15c-57c5-9d48-d378357cc10b","KEN-C041-CON232-W1157","Ukwala","ukwala","ward","electoral","06a5c108-40e6-5d05-a945-7abb28613db2","41","232","1157","2012-03-09","","KDA-TRANSCRIPTION-LN14-2012","false","provisional"
"66f05481-584f-5997-9b93-b6d2d18074e0","KEN-C041-CON232-W1158","North Ugenya","north-ugenya","ward","electoral","06a5c108-40e6-5d05-a945-7abb28613db2","41","232","1158","2012-03-09","","KDA-TRANSCRIPTION-LN14-2012","false","provisional"
"c0530279-2543-589c-a8c8-1176b75a1db8","KEN-C041-CON232-W1159","East Ugenya","east-ugenya","ward","electoral","06a5c108-40e6-5d05-a945-7abb28613db2","41","232","1159","2012-03-09","","KDA-TRANSCRIPTION-LN14-2012","false","provisional"
"5b2f4d36-af08-5443-a901-55dbf5cbe359","KEN-C041-CON233-W1160","Sidindi","sidindi","ward","electoral","5598163b-13d1-5515-830d-a94918dc208d","41","233","1160","2012-03-09","","KDA-TRANSCRIPTION-LN14-2012","false","provisional"
"b5fe2462-ca1a-595f-b1f3-e00fc1e244ef","KEN-C041-CON233-W1161","Sigomere","sigomere","ward","electoral","5598163b-13d1-5515-830d-a94918dc208d","41","233","1161","2012-03-09","","KDA-TRANSCRIPTION-LN14-2012","false","provisional"
"855732bc-9751-5ea0-b568-1f7222fb7f7a","KEN-C041-CON233-W1162","Ugunja","ugunja","ward","electoral","5598163b-13d1-5515-830d-a94918dc208d","41","233","1162","2012-03-09","","KDA-TRANSCRIPTION-LN14-2012","false","provisional"
"0a14c041-400e-540a-a312-630c8668d90f","KEN-C041-CON234-W1163","Usonga","usonga","ward","electoral","cdbfd87a-7665-5311-aa8a-09f4186ceaa1","41","234","1163","2012-03-09","","KDA-TRANSCRIPTION-LN14-2012","false","provisional"
"1297c869-9bef-55d1-849a-2f6249d53be5","KEN-C041-CON234-W1164","West Alego","west-alego","ward","electoral","cdbfd87a-7665-5311-aa8a-09f4186ceaa1","41","234","1164","2012-03-09","","KDA-TRANSCRIPTION-LN14-2012","false","provisional"
"09b47351-4360-5d12-aabc-4a600da66277","KEN-C041-CON234-W1165","Central Alego","central-alego","ward","electoral","cdbfd87a-7665-5311-aa8a-09f4186ceaa1","41","234","1165","2012-03-09","","KDA-TRANSCRIPTION-LN14-2012","false","provisional"
"c99a5a36-99fa-5379-a58f-6c35795ab069","KEN-C041-CON234-W1166","Siaya Township","siaya-township","ward","electoral","cdbfd87a-7665-5311-aa8a-09f4186ceaa1","41","234","1166","2012-03-09","","KDA-TRANSCRIPTION-LN14-2012","false","provisional"
"dcd18776-0135-5dcb-81f6-16cba9dca039","KEN-C041-CON234-W1167","North Alego","north-alego","ward","electoral","cdbfd87a-7665-5311-aa8a-09f4186ceaa1","41","234","1167","2012-03-09","","KDA-TRANSCRIPTION-LN14-2012","false","provisional"
"e6dc515b-41d8-556d-8fc3-b8ab989e48d3","KEN-C041-CON234-W1168","South East Alego","south-east-alego","ward","electoral","cdbfd87a-7665-5311-aa8a-09f4186ceaa1","41","234","1168","2012-03-09","","KDA-TRANSCRIPTION-LN14-2012","false","provisional"
"cbcd9581-99b8-5c3e-935f-79fc5baa6ebe","KEN-C041-CON235-W1169","North Gem","north-gem","ward","electoral","cbcecfc6-592c-5db2-bced-c50f2a2ec9c2","41","235","1169","2012-03-09","","KDA-TRANSCRIPTION-LN14-2012","false","provisional"
"c608d66a-ac0a-5184-9722-12081b900048","KEN-C041-CON235-W1170","West Gem","west-gem","ward","electoral","cbcecfc6-592c-5db2-bced-c50f2a2ec9c2","41","235","1170","2012-03-09","","KDA-TRANSCRIPTION-LN14-2012","false","provisional"
"a24e928e-e77c-57ed-b255-cdfb52f349e6","KEN-C041-CON235-W1171","Central Gem","central-gem","ward","electoral","cbcecfc6-592c-5db2-bced-c50f2a2ec9c2","41","235","1171","2012-03-09","","KDA-TRANSCRIPTION-LN14-2012","false","provisional"
"c69ae7bb-2049-5d9d-b45d-3a3d6ead4a63","KEN-C041-CON235-W1172","Yala Township","yala-township","ward","electoral","cbcecfc6-592c-5db2-bced-c50f2a2ec9c2","41","235","1172","2012-03-09","","KDA-TRANSCRIPTION-LN14-2012","false","provisional"
"6ac32404-26ea-5ba5-9214-11c7745a3422","KEN-C041-CON235-W1173","East Gem","east-gem","ward","electoral","cbcecfc6-592c-5db2-bced-c50f2a2ec9c2","41","235","1173","2012-03-09","","KDA-TRANSCRIPTION-LN14-2012","false","provisional"
"1c280332-23ec-5b99-b315-832590a39d3a","KEN-C041-CON235-W1174","South Gem","south-gem","ward","electoral","cbcecfc6-592c-5db2-bced-c50f2a2ec9c2","41","235","1174","2012-03-09","","KDA-TRANSCRIPTION-LN14-2012","false","provisional"
"371e60da-2613-52c5-9c0b-4d3278b6d8b9","KEN-C041-CON236-W1175","West Yimbo","west-yimbo","ward","electoral","447a16b4-424f-5cf0-9936-0085461057d2","41","236","1175","2012-03-09","","KDA-TRANSCRIPTION-LN14-2012","false","provisional"
"4b755595-f9c7-596a-9994-23d83644b572","KEN-C041-CON236-W1176","Central Sakwa","central-sakwa","ward","electoral","447a16b4-424f-5cf0-9936-0085461057d2","41","236","1176","2012-03-09","","KDA-TRANSCRIPTION-LN14-2012","false","provisional"
"68a38788-05be-5f9b-a63d-616f861aa8ba","KEN-C041-CON236-W1177","South Sakwa","south-sakwa","ward","electoral","447a16b4-424f-5cf0-9936-0085461057d2","41","236","1177","2012-03-09","","KDA-TRANSCRIPTION-LN14-2012","false","provisional"
"5ded7ea1-22d0-5bc9-9a73-dd682cbcb52c","KEN-C041-CON236-W1178","Yimbo East","yimbo-east","ward","electoral","447a16b4-424f-5cf0-9936-0085461057d2","41","236","1178","2012-03-09","","KDA-TRANSCRIPTION-LN14-2012","false","provisional"
"597bf2c3-6f5f-5f99-898b-9fa1861f7465","KEN-C041-CON236-W1179","West Sakwa","west-sakwa","ward","electoral","447a16b4-424f-5cf0-9936-0085461057d2","41","236","1179","2012-03-09","","KDA-TRANSCRIPTION-LN14-2012","false","provisional"
"74daa306-a547-506e-a778-1b6f733f1464","KEN-C041-CON236-W1180","North Sakwa","north-sakwa","ward","electoral","447a16b4-424f-5cf0-9936-0085461057d2","41","236","1180","2012-03-09","","KDA-TRANSCRIPTION-LN14-2012","false","provisional"
"f31bd862-5951-5b3c-ae5d-5256ae4da317","KEN-C041-CON237-W1181","East Asembo","east-asembo","ward","electoral","02cd6b41-801a-5a0e-981c-f3a1e4e7696c","41","237","1181","2012-03-09","","KDA-TRANSCRIPTION-LN14-2012","false","provisional"
"cc177fda-2b3d-5c01-af56-49544bfc9fb3","KEN-C041-CON237-W1182","West Asembo","west-asembo","ward","electoral","02cd6b41-801a-5a0e-981c-f3a1e4e7696c","41","237","1182","2012-03-09","","KDA-TRANSCRIPTION-LN14-2012","false","provisional"
"5dd92213-55c0-5cc6-b149-8555096f8903","KEN-C041-CON237-W1183","North Uyoma","north-uyoma","ward","electoral","02cd6b41-801a-5a0e-981c-f3a1e4e7696c","41","237","1183","2012-03-09","","KDA-TRANSCRIPTION-LN14-2012","false","provisional"
"9d1f7614-a138-5b70-81a0-476ebe6ab0fd","KEN-C041-CON237-W1184","South Uyoma","south-uyoma","ward","electoral","02cd6b41-801a-5a0e-981c-f3a1e4e7696c","41","237","1184","2012-03-09","","KDA-TRANSCRIPTION-LN14-2012","false","provisional"
"eee1fbb3-0a10-52d5-8e64-89f687e30cf3","KEN-C041-CON237-W1185","West Uyoma","west-uyoma","ward","electoral","02cd6b41-801a-5a0e-981c-f3a1e4e7696c","41","237","1185","2012-03-09","","KDA-TRANSCRIPTION-LN14-2012","false","provisional"
"308c76be-28cb-551b-a41c-1cf72bdabbe4","KEN-C042-CON238-W1186","Kajulu","kajulu","ward","electoral","73661f18-f0b5-5e8f-b869-f58574078bfd","42","238","1186","2012-03-09","","KDA-TRANSCRIPTION-LN14-2012","false","provisional"
"955302b6-91fc-58fd-aae4-f8bf73d77fa3","KEN-C042-CON238-W1187","Kolwa East","kolwa-east","ward","electoral","73661f18-f0b5-5e8f-b869-f58574078bfd","42","238","1187","2012-03-09","","KDA-TRANSCRIPTION-LN14-2012","false","provisional"
"54573994-d1df-5c78-af87-5544c86a14e9","KEN-C042-CON238-W1188","Manyatta 'b'","manyatta-b","ward","electoral","73661f18-f0b5-5e8f-b869-f58574078bfd","42","238","1188","2012-03-09","","KDA-TRANSCRIPTION-LN14-2012","false","provisional"
"1a49e051-478f-5ba0-8c17-475254de0f1b","KEN-C042-CON238-W1189","Nyalenda 'a'","nyalenda-a","ward","electoral","73661f18-f0b5-5e8f-b869-f58574078bfd","42","238","1189","2012-03-09","","KDA-TRANSCRIPTION-LN14-2012","false","provisional"
"92687a77-db82-5ff6-8e96-960dfc25cb42","KEN-C042-CON238-W1190","Kolwa Central","kolwa-central","ward","electoral","73661f18-f0b5-5e8f-b869-f58574078bfd","42","238","1190","2012-03-09","","KDA-TRANSCRIPTION-LN14-2012","false","provisional"
"040d9bce-643d-5526-825b-cde17e1cba0c","KEN-C042-CON239-W1191","South West Kisumu","south-west-kisumu","ward","electoral","9761c578-85e0-5218-979e-1f1cfd6381a5","42","239","1191","2012-03-09","","KDA-TRANSCRIPTION-LN14-2012","false","provisional"
"08cea51b-8bb1-5959-b8da-7db28325127e","KEN-C042-CON239-W1192","Central Kisumu","central-kisumu","ward","electoral","9761c578-85e0-5218-979e-1f1cfd6381a5","42","239","1192","2012-03-09","","KDA-TRANSCRIPTION-LN14-2012","false","provisional"
"8a1a9f5d-754f-526a-b5c4-dfff819e864f","KEN-C042-CON239-W1193","Kisumu North","kisumu-north","ward","electoral","9761c578-85e0-5218-979e-1f1cfd6381a5","42","239","1193","2012-03-09","","KDA-TRANSCRIPTION-LN14-2012","false","provisional"
"29ccca50-c4b9-58ea-9af9-b0b50834ed54","KEN-C042-CON239-W1194","West Kisumu","west-kisumu","ward","electoral","9761c578-85e0-5218-979e-1f1cfd6381a5","42","239","1194","2012-03-09","","KDA-TRANSCRIPTION-LN14-2012","false","provisional"
"0621e79b-3a18-5e5a-ab17-b340e426bcae","KEN-C042-CON239-W1195","North West Kisumu","north-west-kisumu","ward","electoral","9761c578-85e0-5218-979e-1f1cfd6381a5","42","239","1195","2012-03-09","","KDA-TRANSCRIPTION-LN14-2012","false","provisional"
"c0a4db23-3ae3-5421-abfe-07580c0890cc","KEN-C042-CON240-W1196","Railways","railways","ward","electoral","ba1abc3a-2182-54a1-9cd2-a9b9658cb708","42","240","1196","2012-03-09","","KDA-TRANSCRIPTION-LN14-2012","false","provisional"
"51d261ac-6c5a-5899-b69f-23b2edbd29c3","KEN-C042-CON240-W1197","Migosi","migosi","ward","electoral","ba1abc3a-2182-54a1-9cd2-a9b9658cb708","42","240","1197","2012-03-09","","KDA-TRANSCRIPTION-LN14-2012","false","provisional"
"77d62776-7395-5392-9b41-a9518a1db795","KEN-C042-CON240-W1198","Shaurimoyo Kaloleni","shaurimoyo-kaloleni","ward","electoral","ba1abc3a-2182-54a1-9cd2-a9b9658cb708","42","240","1198","2012-03-09","","KDA-TRANSCRIPTION-LN14-2012","false","provisional"
"590370dd-8ef9-5ebc-9f79-3b32b270ce82","KEN-C042-CON240-W1199","Market Milimani","market-milimani","ward","electoral","ba1abc3a-2182-54a1-9cd2-a9b9658cb708","42","240","1199","2012-03-09","","KDA-TRANSCRIPTION-LN14-2012","false","provisional"
"0a987da8-ac3a-5c27-8043-61727e7c09c9","KEN-C042-CON240-W1200","Kondele","kondele","ward","electoral","ba1abc3a-2182-54a1-9cd2-a9b9658cb708","42","240","1200","2012-03-09","","KDA-TRANSCRIPTION-LN14-2012","false","provisional"
"d96cd94c-a404-58d9-a699-814955bbeb94","KEN-C042-CON240-W1201","Nyalenda B","nyalenda-b","ward","electoral","ba1abc3a-2182-54a1-9cd2-a9b9658cb708","42","240","1201","2012-03-09","","KDA-TRANSCRIPTION-LN14-2012","false","provisional"
"7df05a5e-0fc2-5c34-8360-2a7c98423175","KEN-C042-CON241-W1202","West Seme","west-seme","ward","electoral","e69c20d5-a8ef-54a4-8432-e200949d3504","42","241","1202","2012-03-09","","KDA-TRANSCRIPTION-LN14-2012","false","provisional"
"432f73d4-4e49-5c92-87a8-fe742d1e1b5e","KEN-C042-CON241-W1203","Central Seme","central-seme","ward","electoral","e69c20d5-a8ef-54a4-8432-e200949d3504","42","241","1203","2012-03-09","","KDA-TRANSCRIPTION-LN14-2012","false","provisional"
"4197d14a-0091-582f-b80d-37b6fe90633c","KEN-C042-CON241-W1204","East Seme","east-seme","ward","electoral","e69c20d5-a8ef-54a4-8432-e200949d3504","42","241","1204","2012-03-09","","KDA-TRANSCRIPTION-LN14-2012","false","provisional"
"364a9a70-2b05-5f8c-b43f-0012035a75ec","KEN-C042-CON241-W1205","North Seme","north-seme","ward","electoral","e69c20d5-a8ef-54a4-8432-e200949d3504","42","241","1205","2012-03-09","","KDA-TRANSCRIPTION-LN14-2012","false","provisional"
"4b6140ba-df4d-55fe-85df-0dedadf11635","KEN-C042-CON242-W1206","East Kano/Wawidhi","east-kano-wawidhi","ward","electoral","1972c59a-75aa-54c9-9d46-25d1c2b12a7a","42","242","1206","2012-03-09","","KDA-TRANSCRIPTION-LN14-2012","false","provisional"
"ca3047db-2397-5b6c-bcab-3fcac856d965","KEN-C042-CON242-W1207","Awasi/Onjiko","awasi-onjiko","ward","electoral","1972c59a-75aa-54c9-9d46-25d1c2b12a7a","42","242","1207","2012-03-09","","KDA-TRANSCRIPTION-LN14-2012","false","provisional"
"cd89abd0-fe2f-5ae7-b659-a2d15eaccbe4","KEN-C042-CON242-W1208","Ahero","ahero","ward","electoral","1972c59a-75aa-54c9-9d46-25d1c2b12a7a","42","242","1208","2012-03-09","","KDA-TRANSCRIPTION-LN14-2012","false","provisional"
"48969940-041a-588a-8520-f62bc56f32ec","KEN-C042-CON242-W1209","Kabonyo/Kanyagwal","kabonyo-kanyagwal","ward","electoral","1972c59a-75aa-54c9-9d46-25d1c2b12a7a","42","242","1209","2012-03-09","","KDA-TRANSCRIPTION-LN14-2012","false","provisional"
"4ef32578-b3d6-5cf0-8365-f0c7e29f4ae1","KEN-C042-CON242-W1210","Kobura","kobura","ward","electoral","1972c59a-75aa-54c9-9d46-25d1c2b12a7a","42","242","1210","2012-03-09","","KDA-TRANSCRIPTION-LN14-2012","false","provisional"
"35c9ace8-4986-580b-b96f-e089deb523cf","KEN-C042-CON243-W1211","Miwani","miwani","ward","electoral","190fab02-c18d-5007-b6be-005745c492dd","42","243","1211","2012-03-09","","KDA-TRANSCRIPTION-LN14-2012","false","provisional"
"59467c68-7dd4-5f22-97eb-3b1701427c1b","KEN-C042-CON243-W1212","Ombeyi","ombeyi","ward","electoral","190fab02-c18d-5007-b6be-005745c492dd","42","243","1212","2012-03-09","","KDA-TRANSCRIPTION-LN14-2012","false","provisional"
"863c3ccf-e0c1-5602-ac25-b9343587ced4","KEN-C042-CON243-W1213","Masogo/Nyang'oma","masogo-nyangoma","ward","electoral","190fab02-c18d-5007-b6be-005745c492dd","42","243","1213","2012-03-09","","KDA-TRANSCRIPTION-LN14-2012","false","provisional"
"e22f4908-a6da-587b-a5d8-be82afee653a","KEN-C042-CON243-W1214","Chemelil","chemelil","ward","electoral","190fab02-c18d-5007-b6be-005745c492dd","42","243","1214","2012-03-09","","KDA-TRANSCRIPTION-LN14-2012","false","provisional"
"da8ad8eb-9d47-58d5-a668-d2bf59ed7080","KEN-C042-CON243-W1215","Muhoroni/Koru","muhoroni-koru","ward","electoral","190fab02-c18d-5007-b6be-005745c492dd","42","243","1215","2012-03-09","","KDA-TRANSCRIPTION-LN14-2012","false","provisional"
"88e4391c-cb15-57f2-9fd8-37c99b61276d","KEN-C042-CON244-W1216","South West Nyakach","south-west-nyakach","ward","electoral","8c80eb96-7752-5c2c-9db1-a508e4065f8b","42","244","1216","2012-03-09","","KDA-TRANSCRIPTION-LN14-2012","false","provisional"
"d085b227-4bbb-526d-b50b-4387d9ab937e","KEN-C042-CON244-W1217","North Nyakach","north-nyakach","ward","electoral","8c80eb96-7752-5c2c-9db1-a508e4065f8b","42","244","1217","2012-03-09","","KDA-TRANSCRIPTION-LN14-2012","false","provisional"
"985fea5b-6f8a-567a-891c-0f6e41f43631","KEN-C042-CON244-W1218","Central Nyakach","central-nyakach","ward","electoral","8c80eb96-7752-5c2c-9db1-a508e4065f8b","42","244","1218","2012-03-09","","KDA-TRANSCRIPTION-LN14-2012","false","provisional"
"590361ba-e06e-5bea-91ac-84be32077925","KEN-C042-CON244-W1219","West Nyakach","west-nyakach","ward","electoral","8c80eb96-7752-5c2c-9db1-a508e4065f8b","42","244","1219","2012-03-09","","KDA-TRANSCRIPTION-LN14-2012","false","provisional"
"b6c0b87c-31b3-53d3-b596-0f45e399f713","KEN-C042-CON244-W1220","South East Nyakach","south-east-nyakach","ward","electoral","8c80eb96-7752-5c2c-9db1-a508e4065f8b","42","244","1220","2012-03-09","","KDA-TRANSCRIPTION-LN14-2012","false","provisional"
"877156f4-95aa-5579-ba2b-012c94dcd661","KEN-C043-CON245-W1221","West Kasipul","west-kasipul","ward","electoral","e291dfd2-93d3-58d2-ac9f-438706c35f26","43","245","1221","2012-03-09","","KDA-TRANSCRIPTION-LN14-2012","false","provisional"
"947db8de-515a-5901-bbf2-6aa31f36abe8","KEN-C043-CON245-W1222","South Kasipul","south-kasipul","ward","electoral","e291dfd2-93d3-58d2-ac9f-438706c35f26","43","245","1222","2012-03-09","","KDA-TRANSCRIPTION-LN14-2012","false","provisional"
"a8c2b00a-b6a7-5a87-978d-49f3999f3344","KEN-C043-CON245-W1223","Central Kasipul","central-kasipul","ward","electoral","e291dfd2-93d3-58d2-ac9f-438706c35f26","43","245","1223","2012-03-09","","KDA-TRANSCRIPTION-LN14-2012","false","provisional"
"e4d91ced-c3d7-5ae1-86bb-bc4af055c4b7","KEN-C043-CON245-W1224","East Kamagak","east-kamagak","ward","electoral","e291dfd2-93d3-58d2-ac9f-438706c35f26","43","245","1224","2012-03-09","","KDA-TRANSCRIPTION-LN14-2012","false","provisional"
"62ee4e87-20fa-5d83-9b8b-80766fea940f","KEN-C043-CON245-W1225","West Kamagak","west-kamagak","ward","electoral","e291dfd2-93d3-58d2-ac9f-438706c35f26","43","245","1225","2012-03-09","","KDA-TRANSCRIPTION-LN14-2012","false","provisional"
"336edd8f-016f-5a8b-91e0-aecd5283745f","KEN-C043-CON246-W1226","Kabondo East","kabondo-east","ward","electoral","d7cde90a-0383-5bee-9ce6-1e3454cbb889","43","246","1226","2012-03-09","","KDA-TRANSCRIPTION-LN14-2012","false","provisional"
"0e575221-0b96-5698-80d7-164eb25c7677","KEN-C043-CON246-W1227","Kabondo West","kabondo-west","ward","electoral","d7cde90a-0383-5bee-9ce6-1e3454cbb889","43","246","1227","2012-03-09","","KDA-TRANSCRIPTION-LN14-2012","false","provisional"
"a90c56b9-5939-520b-a9f1-778f7fc1e8d2","KEN-C043-CON246-W1228","Kokwanyo/Kakelo","kokwanyo-kakelo","ward","electoral","d7cde90a-0383-5bee-9ce6-1e3454cbb889","43","246","1228","2012-03-09","","KDA-TRANSCRIPTION-LN14-2012","false","provisional"
"6290f953-79f2-5efa-906b-8e6f9cbb6e76","KEN-C043-CON246-W1229","Kojwach","kojwach","ward","electoral","d7cde90a-0383-5bee-9ce6-1e3454cbb889","43","246","1229","2012-03-09","","KDA-TRANSCRIPTION-LN14-2012","false","provisional"
"a15a277b-201f-5c85-a067-9f6026a819a7","KEN-C043-CON247-W1230","West Karachuonyo","west-karachuonyo","ward","electoral","69b78118-6bad-5045-b68f-3a28d91d89f1","43","247","1230","2012-03-09","","KDA-TRANSCRIPTION-LN14-2012","false","provisional"
"9afd9fb6-2033-54e8-b2ef-c3b959f9c03e","KEN-C043-CON247-W1231","North Karachuonyo","north-karachuonyo","ward","electoral","69b78118-6bad-5045-b68f-3a28d91d89f1","43","247","1231","2012-03-09","","KDA-TRANSCRIPTION-LN14-2012","false","provisional"
"097f5247-7995-5588-a521-87aaf5627b65","KEN-C043-CON247-W1232","Central","central","ward","electoral","69b78118-6bad-5045-b68f-3a28d91d89f1","43","247","1232","2012-03-09","","KDA-TRANSCRIPTION-LN14-2012","false","provisional"
"3bf3a052-037b-5e55-a0a0-fb7e0c9d5145","KEN-C043-CON247-W1233","Kanyaluo","kanyaluo","ward","electoral","69b78118-6bad-5045-b68f-3a28d91d89f1","43","247","1233","2012-03-09","","KDA-TRANSCRIPTION-LN14-2012","false","provisional"
"cb592253-97e3-5c36-a0e0-e695077f9c1f","KEN-C043-CON247-W1234","Kibiri","kibiri","ward","electoral","69b78118-6bad-5045-b68f-3a28d91d89f1","43","247","1234","2012-03-09","","KDA-TRANSCRIPTION-LN14-2012","false","provisional"
"5f9c1141-bfac-57e3-9efd-637317df3b13","KEN-C043-CON247-W1235","Wangchieng","wangchieng","ward","electoral","69b78118-6bad-5045-b68f-3a28d91d89f1","43","247","1235","2012-03-09","","KDA-TRANSCRIPTION-LN14-2012","false","provisional"
"15ea1ecf-a1be-5a75-a9a8-f8c0211667ab","KEN-C043-CON247-W1236","Kendu Bay Town","kendu-bay-town","ward","electoral","69b78118-6bad-5045-b68f-3a28d91d89f1","43","247","1236","2012-03-09","","KDA-TRANSCRIPTION-LN14-2012","false","provisional"
"b9499f26-df29-518f-a7c0-afe5813fad86","KEN-C043-CON248-W1237","West Gem","west-gem","ward","electoral","502244f9-caf4-5608-b1a1-40efaf2bcf9a","43","248","1237","2012-03-09","","KDA-TRANSCRIPTION-LN14-2012","false","provisional"
"7b52d214-7205-5b3f-90d7-19386a19535f","KEN-C043-CON248-W1238","East Gem","east-gem","ward","electoral","502244f9-caf4-5608-b1a1-40efaf2bcf9a","43","248","1238","2012-03-09","","KDA-TRANSCRIPTION-LN14-2012","false","provisional"
"83a44361-ee3f-5b3b-9115-ec08d7cb071e","KEN-C043-CON248-W1239","Kagan","kagan","ward","electoral","502244f9-caf4-5608-b1a1-40efaf2bcf9a","43","248","1239","2012-03-09","","KDA-TRANSCRIPTION-LN14-2012","false","provisional"
"d9ed004a-379b-55cb-9238-e32c94c66c82","KEN-C043-CON248-W1240","Kochia","kochia","ward","electoral","502244f9-caf4-5608-b1a1-40efaf2bcf9a","43","248","1240","2012-03-09","","KDA-TRANSCRIPTION-LN14-2012","false","provisional"
"89fc3b6f-d404-57c1-a499-c80f7d5a883a","KEN-C043-CON249-W1241","Homa Bay Central","homa-bay-central","ward","electoral","cf018c03-9109-5b51-82ef-60e9c7c3788a","43","249","1241","2012-03-09","","KDA-TRANSCRIPTION-LN14-2012","false","provisional"
"60cdf736-6e7d-5fcf-976b-ccc312a387d4","KEN-C043-CON249-W1242","Homa Bay Arujo","homa-bay-arujo","ward","electoral","cf018c03-9109-5b51-82ef-60e9c7c3788a","43","249","1242","2012-03-09","","KDA-TRANSCRIPTION-LN14-2012","false","provisional"
"34a1f9da-8c23-5106-a0bc-1cfc8240812e","KEN-C043-CON249-W1243","Homa Bay West","homa-bay-west","ward","electoral","cf018c03-9109-5b51-82ef-60e9c7c3788a","43","249","1243","2012-03-09","","KDA-TRANSCRIPTION-LN14-2012","false","provisional"
"0a61253b-74df-59b3-98b8-2d20c70e8d0d","KEN-C043-CON249-W1244","Homa Bay East","homa-bay-east","ward","electoral","cf018c03-9109-5b51-82ef-60e9c7c3788a","43","249","1244","2012-03-09","","KDA-TRANSCRIPTION-LN14-2012","false","provisional"
"4202b848-616c-5647-a10e-053505f70ff9","KEN-C043-CON250-W1245","Kwabwai","kwabwai","ward","electoral","8aa8c1e0-9867-5573-becb-cba627117dda","43","250","1245","2012-03-09","","KDA-TRANSCRIPTION-LN14-2012","false","provisional"
"c03d8421-200f-5439-adbe-62b6fbc31e66","KEN-C043-CON250-W1246","Kanyadoto","kanyadoto","ward","electoral","8aa8c1e0-9867-5573-becb-cba627117dda","43","250","1246","2012-03-09","","KDA-TRANSCRIPTION-LN14-2012","false","provisional"
"24b2c708-604a-523e-a11b-84dc22b3b36d","KEN-C043-CON250-W1247","Kanyikela","kanyikela","ward","electoral","8aa8c1e0-9867-5573-becb-cba627117dda","43","250","1247","2012-03-09","","KDA-TRANSCRIPTION-LN14-2012","false","provisional"
"1f6e4b4e-74c3-5021-a3a9-84a05246a64c","KEN-C043-CON250-W1248","North Kabuoch","north-kabuoch","ward","electoral","8aa8c1e0-9867-5573-becb-cba627117dda","43","250","1248","2012-03-09","","KDA-TRANSCRIPTION-LN14-2012","false","provisional"
"ef0e0570-b611-5b37-9bfb-0a60d50ed447","KEN-C043-CON250-W1249","Kabuoch South/Pala","kabuoch-south-pala","ward","electoral","8aa8c1e0-9867-5573-becb-cba627117dda","43","250","1249","2012-03-09","","KDA-TRANSCRIPTION-LN14-2012","false","provisional"
"b9d338da-ab76-5a5a-b643-f146939f8af8","KEN-C043-CON250-W1250","Kanyamwa Kologi","kanyamwa-kologi","ward","electoral","8aa8c1e0-9867-5573-becb-cba627117dda","43","250","1250","2012-03-09","","KDA-TRANSCRIPTION-LN14-2012","false","provisional"
"d7e2d282-e65d-5582-98d2-3e2d469f856f","KEN-C043-CON250-W1251","Kanyamwa Kosewe","kanyamwa-kosewe","ward","electoral","8aa8c1e0-9867-5573-becb-cba627117dda","43","250","1251","2012-03-09","","KDA-TRANSCRIPTION-LN14-2012","false","provisional"
"f81ff805-396f-5ea0-99aa-54f8453062d5","KEN-C043-CON251-W1252","Mfangano Island","mfangano-island","ward","electoral","fd5d283a-2886-59f6-a398-40c647c2cfc7","43","251","1252","2012-03-09","","KDA-TRANSCRIPTION-LN14-2012","false","provisional"
"2c411b87-f192-53ba-afd0-6987c1f4abdc","KEN-C043-CON251-W1253","Rusinga Island","rusinga-island","ward","electoral","fd5d283a-2886-59f6-a398-40c647c2cfc7","43","251","1253","2012-03-09","","KDA-TRANSCRIPTION-LN14-2012","false","provisional"
"136545fe-ff4a-5721-a236-8986a917c05c","KEN-C043-CON251-W1254","Kasgunga","kasgunga","ward","electoral","fd5d283a-2886-59f6-a398-40c647c2cfc7","43","251","1254","2012-03-09","","KDA-TRANSCRIPTION-LN14-2012","false","provisional"
"cbe8d228-fba9-5a78-bf29-951a1816ba73","KEN-C043-CON251-W1255","Gembe","gembe","ward","electoral","fd5d283a-2886-59f6-a398-40c647c2cfc7","43","251","1255","2012-03-09","","KDA-TRANSCRIPTION-LN14-2012","false","provisional"
"b9a8a966-94ae-533a-aa90-92f3e688cb9a","KEN-C043-CON251-W1256","Lambwe","lambwe","ward","electoral","fd5d283a-2886-59f6-a398-40c647c2cfc7","43","251","1256","2012-03-09","","KDA-TRANSCRIPTION-LN14-2012","false","provisional"
"d29a111f-afc6-5b25-b4f6-2126754e9e5f","KEN-C043-CON252-W1257","Gwassi South","gwassi-south","ward","electoral","a7561949-953f-5f64-b52d-ec099af9206e","43","252","1257","2012-03-09","","KDA-TRANSCRIPTION-LN14-2012","false","provisional"
"b541e582-c094-5aa8-952f-7d9a5b60a49d","KEN-C043-CON252-W1258","Gwassi North","gwassi-north","ward","electoral","a7561949-953f-5f64-b52d-ec099af9206e","43","252","1258","2012-03-09","","KDA-TRANSCRIPTION-LN14-2012","false","provisional"
"12b51ed6-720d-51f9-8f69-0758f67b6a2f","KEN-C043-CON252-W1259","Kaksingri West","kaksingri-west","ward","electoral","a7561949-953f-5f64-b52d-ec099af9206e","43","252","1259","2012-03-09","","KDA-TRANSCRIPTION-LN14-2012","false","provisional"
"b219ae75-2903-50f6-b5b2-e3a6c9904ef3","KEN-C043-CON252-W1260","Ruma Kaksingri East","ruma-kaksingri-east","ward","electoral","a7561949-953f-5f64-b52d-ec099af9206e","43","252","1260","2012-03-09","","KDA-TRANSCRIPTION-LN14-2012","false","provisional"
"ab9ecece-0c13-57dc-b5f0-2d2798312cd7","KEN-C044-CON253-W1261","North Kamagambo","north-kamagambo","ward","electoral","f232db1d-a832-5502-afe6-75bc457d92d9","44","253","1261","2012-03-09","","KDA-TRANSCRIPTION-LN14-2012","false","provisional"
"87f0c364-2bdd-5969-8fe4-77ece56508e0","KEN-C044-CON253-W1262","Central Kamagambo","central-kamagambo","ward","electoral","f232db1d-a832-5502-afe6-75bc457d92d9","44","253","1262","2012-03-09","","KDA-TRANSCRIPTION-LN14-2012","false","provisional"
"64bba0d0-8031-5be0-99ff-1cb561ec4d25","KEN-C044-CON253-W1263","East Kamagambo","east-kamagambo","ward","electoral","f232db1d-a832-5502-afe6-75bc457d92d9","44","253","1263","2012-03-09","","KDA-TRANSCRIPTION-LN14-2012","false","provisional"
"63fe39ff-5d22-5ccd-8637-34e8a020be18","KEN-C044-CON253-W1264","South Kamagambo","south-kamagambo","ward","electoral","f232db1d-a832-5502-afe6-75bc457d92d9","44","253","1264","2012-03-09","","KDA-TRANSCRIPTION-LN14-2012","false","provisional"
"70a08d34-5228-5838-bd3f-584da1c3eb7b","KEN-C044-CON254-W1265","North Sakwa","north-sakwa","ward","electoral","2b9da437-6bad-5043-9273-c99b41fcf074","44","254","1265","2012-03-09","","KDA-TRANSCRIPTION-LN14-2012","false","provisional"
"42883810-9224-572e-9ea8-38862674f85c","KEN-C044-CON254-W1266","South Sakwa","south-sakwa","ward","electoral","2b9da437-6bad-5043-9273-c99b41fcf074","44","254","1266","2012-03-09","","KDA-TRANSCRIPTION-LN14-2012","false","provisional"
"d445985e-db2d-5b96-8e39-de30256d9b2a","KEN-C044-CON254-W1267","West Sakwa","west-sakwa","ward","electoral","2b9da437-6bad-5043-9273-c99b41fcf074","44","254","1267","2012-03-09","","KDA-TRANSCRIPTION-LN14-2012","false","provisional"
"878850e7-c44c-5320-b8e1-d571ad2da1b9","KEN-C044-CON254-W1268","Central Sakwa","central-sakwa","ward","electoral","2b9da437-6bad-5043-9273-c99b41fcf074","44","254","1268","2012-03-09","","KDA-TRANSCRIPTION-LN14-2012","false","provisional"
"553815d9-58eb-5bdc-90db-61c658857b33","KEN-C044-CON255-W1269","God Jope","god-jope","ward","electoral","5c1de55d-293b-51a7-ad78-5049e6d0cd92","44","255","1269","2012-03-09","","KDA-TRANSCRIPTION-LN14-2012","false","provisional"
"3102f4fe-a88b-52e9-b66b-29d3bf59a4c8","KEN-C044-CON255-W1270","Suna Central","suna-central","ward","electoral","5c1de55d-293b-51a7-ad78-5049e6d0cd92","44","255","1270","2012-03-09","","KDA-TRANSCRIPTION-LN14-2012","false","provisional"
"2390dbfc-5f65-5671-b210-432fa4f1a6ce","KEN-C044-CON255-W1271","Kakrao","kakrao","ward","electoral","5c1de55d-293b-51a7-ad78-5049e6d0cd92","44","255","1271","2012-03-09","","KDA-TRANSCRIPTION-LN14-2012","false","provisional"
"3b452c44-c630-5a92-b5ba-09d90c0abb57","KEN-C044-CON255-W1272","Kwa","kwa","ward","electoral","5c1de55d-293b-51a7-ad78-5049e6d0cd92","44","255","1272","2012-03-09","","KDA-TRANSCRIPTION-LN14-2012","false","provisional"
"ca716040-a52c-5a6e-a674-caa71655d05a","KEN-C044-CON256-W1273","Wiga","wiga","ward","electoral","e97ea70a-4391-53c9-829b-d612ea40bb84","44","256","1273","2012-03-09","","KDA-TRANSCRIPTION-LN14-2012","false","provisional"
"e2723e9d-1584-5b41-b802-391bb9d9af70","KEN-C044-CON256-W1274","Wasweta Ii","wasweta-ii","ward","electoral","e97ea70a-4391-53c9-829b-d612ea40bb84","44","256","1274","2012-03-09","","KDA-TRANSCRIPTION-LN14-2012","false","provisional"
"33eab2dd-f061-53b3-91c9-67d698ac67ab","KEN-C044-CON256-W1275","Ragana-Oruba","ragana-oruba","ward","electoral","e97ea70a-4391-53c9-829b-d612ea40bb84","44","256","1275","2012-03-09","","KDA-TRANSCRIPTION-LN14-2012","false","provisional"
"deedda3d-2c43-513a-8f54-aba4db80eb08","KEN-C044-CON256-W1276","Wasimbete","wasimbete","ward","electoral","e97ea70a-4391-53c9-829b-d612ea40bb84","44","256","1276","2012-03-09","","KDA-TRANSCRIPTION-LN14-2012","false","provisional"
"08ac5012-b8a9-58af-88f5-fcd0ac54d984","KEN-C044-CON257-W1277","West Kanyamkago","west-kanyamkago","ward","electoral","d08e9ad4-3279-5e2b-a6b7-12f16e67b50f","44","257","1277","2012-03-09","","KDA-TRANSCRIPTION-LN14-2012","false","provisional"
"de31d325-2ca4-5b23-b10e-45ab4c5740d2","KEN-C044-CON257-W1278","North Kanyamkago","north-kanyamkago","ward","electoral","d08e9ad4-3279-5e2b-a6b7-12f16e67b50f","44","257","1278","2012-03-09","","KDA-TRANSCRIPTION-LN14-2012","false","provisional"
"5bff5bd4-0500-5f8f-9f00-682d0c440aa6","KEN-C044-CON257-W1279","Central Kanyamkago","central-kanyamkago","ward","electoral","d08e9ad4-3279-5e2b-a6b7-12f16e67b50f","44","257","1279","2012-03-09","","KDA-TRANSCRIPTION-LN14-2012","false","provisional"
"47881c87-0bd4-5d1c-9327-87d033c7e6ae","KEN-C044-CON257-W1280","South Kanyamkago","south-kanyamkago","ward","electoral","d08e9ad4-3279-5e2b-a6b7-12f16e67b50f","44","257","1280","2012-03-09","","KDA-TRANSCRIPTION-LN14-2012","false","provisional"
"f1087b1c-19eb-5876-9b1c-8971c35c5800","KEN-C044-CON257-W1281","East Kanyamkago","east-kanyamkago","ward","electoral","d08e9ad4-3279-5e2b-a6b7-12f16e67b50f","44","257","1281","2012-03-09","","KDA-TRANSCRIPTION-LN14-2012","false","provisional"
"7826f897-e5f1-5484-b8d6-839481d56138","KEN-C044-CON258-W1282","Kachien'g","kachieng","ward","electoral","1fda31d8-68a0-50c6-bb4b-db05eaf55da5","44","258","1282","2012-03-09","","KDA-TRANSCRIPTION-LN14-2012","false","provisional"
"1a51005b-d7e5-57f7-8268-4fda47c9a268","KEN-C044-CON258-W1283","Kanyasa","kanyasa","ward","electoral","1fda31d8-68a0-50c6-bb4b-db05eaf55da5","44","258","1283","2012-03-09","","KDA-TRANSCRIPTION-LN14-2012","false","provisional"
"c7edbff5-b884-5a9e-9e70-bcb8f6a1162f","KEN-C044-CON258-W1284","North Kadem","north-kadem","ward","electoral","1fda31d8-68a0-50c6-bb4b-db05eaf55da5","44","258","1284","2012-03-09","","KDA-TRANSCRIPTION-LN14-2012","false","provisional"
"e69505a0-cf5a-5910-b9d2-133804130c2d","KEN-C044-CON258-W1285","Macalder/Kanyarwanda","macalder-kanyarwanda","ward","electoral","1fda31d8-68a0-50c6-bb4b-db05eaf55da5","44","258","1285","2012-03-09","","KDA-TRANSCRIPTION-LN14-2012","false","provisional"
"251fcd69-8a81-5586-a8f1-50ed3b80d1ad","KEN-C044-CON258-W1286","Kaler","kaler","ward","electoral","1fda31d8-68a0-50c6-bb4b-db05eaf55da5","44","258","1286","2012-03-09","","KDA-TRANSCRIPTION-LN14-2012","false","provisional"
"505ea68d-b873-524c-89bf-d265f64e2928","KEN-C044-CON258-W1287","Got Kachola","got-kachola","ward","electoral","1fda31d8-68a0-50c6-bb4b-db05eaf55da5","44","258","1287","2012-03-09","","KDA-TRANSCRIPTION-LN14-2012","false","provisional"
"861656e3-7409-5879-84d4-4fb7f8ba60c2","KEN-C044-CON258-W1288","Muhuru","muhuru","ward","electoral","1fda31d8-68a0-50c6-bb4b-db05eaf55da5","44","258","1288","2012-03-09","","KDA-TRANSCRIPTION-LN14-2012","false","provisional"
"d52929ca-4643-5c3c-8539-8d7b60048627","KEN-C044-CON259-W1289","Bukira East","bukira-east","ward","electoral","12b90fc7-f796-5c55-a829-be39ba252cb6","44","259","1289","2012-03-09","","KDA-TRANSCRIPTION-LN14-2012","false","provisional"
"210bcd9c-fa7e-5bdb-993e-9a7916bae629","KEN-C044-CON259-W1290","Bukira Centrl/Ikerege","bukira-centrl-ikerege","ward","electoral","12b90fc7-f796-5c55-a829-be39ba252cb6","44","259","1290","2012-03-09","","KDA-TRANSCRIPTION-LN14-2012","false","provisional"
"a4ad1ca5-7de1-515d-a8e1-d415f95d0515","KEN-C044-CON259-W1291","Isibania","isibania","ward","electoral","12b90fc7-f796-5c55-a829-be39ba252cb6","44","259","1291","2012-03-09","","KDA-TRANSCRIPTION-LN14-2012","false","provisional"
"ce417a97-bef2-5d03-b8ec-a632db0274eb","KEN-C044-CON259-W1292","Makerero","makerero","ward","electoral","12b90fc7-f796-5c55-a829-be39ba252cb6","44","259","1292","2012-03-09","","KDA-TRANSCRIPTION-LN14-2012","false","provisional"
"e25617e9-dddc-54e1-a5af-800ebebec0f9","KEN-C044-CON259-W1293","Masaba","masaba","ward","electoral","12b90fc7-f796-5c55-a829-be39ba252cb6","44","259","1293","2012-03-09","","KDA-TRANSCRIPTION-LN14-2012","false","provisional"
"31eba3a2-d35b-5fd0-8dce-43173e3cb5df","KEN-C044-CON259-W1294","Tagare","tagare","ward","electoral","12b90fc7-f796-5c55-a829-be39ba252cb6","44","259","1294","2012-03-09","","KDA-TRANSCRIPTION-LN14-2012","false","provisional"
"e085771a-ad1f-56cd-9f7e-fd6bf96b4a40","KEN-C044-CON259-W1295","Nyamosense/Komosoko","nyamosense-komosoko","ward","electoral","12b90fc7-f796-5c55-a829-be39ba252cb6","44","259","1295","2012-03-09","","KDA-TRANSCRIPTION-LN14-2012","false","provisional"
"e1505df3-2fac-5bd9-bb21-772f267b77cb","KEN-C044-CON260-W1296","Gokeharaka/Getambwega","gokeharaka-getambwega","ward","electoral","9b56e85f-b8d6-523d-a36f-5a846c17b696","44","260","1296","2012-03-09","","KDA-TRANSCRIPTION-LN14-2012","false","provisional"
"e24c07e7-89a4-5376-90c2-4b77ca79a446","KEN-C044-CON260-W1297","Ntimaru West","ntimaru-west","ward","electoral","9b56e85f-b8d6-523d-a36f-5a846c17b696","44","260","1297","2012-03-09","","KDA-TRANSCRIPTION-LN14-2012","false","provisional"
"d02b7ec2-edc2-52db-a846-279d2b4de877","KEN-C044-CON260-W1298","Ntimaru East","ntimaru-east","ward","electoral","9b56e85f-b8d6-523d-a36f-5a846c17b696","44","260","1298","2012-03-09","","KDA-TRANSCRIPTION-LN14-2012","false","provisional"
"ba0fa97c-20a1-5622-93c7-6c9bafad6e72","KEN-C044-CON260-W1299","Nyabasi East","nyabasi-east","ward","electoral","9b56e85f-b8d6-523d-a36f-5a846c17b696","44","260","1299","2012-03-09","","KDA-TRANSCRIPTION-LN14-2012","false","provisional"
"0383aecb-a8e8-5fdb-992a-21280849b4ef","KEN-C044-CON260-W1300","Nyabasi West","nyabasi-west","ward","electoral","9b56e85f-b8d6-523d-a36f-5a846c17b696","44","260","1300","2012-03-09","","KDA-TRANSCRIPTION-LN14-2012","false","provisional"
"e1552ab5-ff5d-57f3-b0e5-be9b78148ff7","KEN-C045-CON261-W1301","Bomariba","bomariba","ward","electoral","c4f13258-42c7-5bfa-becc-ede2caf51a21","45","261","1301","2012-03-09","","KDA-TRANSCRIPTION-LN14-2012","false","provisional"
"b22491f1-712e-54cc-8bf9-993130e76552","KEN-C045-CON261-W1302","Bogiakumu","bogiakumu","ward","electoral","c4f13258-42c7-5bfa-becc-ede2caf51a21","45","261","1302","2012-03-09","","KDA-TRANSCRIPTION-LN14-2012","false","provisional"
"81eba975-7299-52df-88bb-6d2037a15e1e","KEN-C045-CON261-W1303","Bomorenda","bomorenda","ward","electoral","c4f13258-42c7-5bfa-becc-ede2caf51a21","45","261","1303","2012-03-09","","KDA-TRANSCRIPTION-LN14-2012","false","provisional"
"b261bf19-7cfd-56fc-8c58-beb152b59c97","KEN-C045-CON261-W1304","Riana","riana","ward","electoral","c4f13258-42c7-5bfa-becc-ede2caf51a21","45","261","1304","2012-03-09","","KDA-TRANSCRIPTION-LN14-2012","false","provisional"
"52cff0c5-28a3-55a5-a49c-d7f796e6f8a1","KEN-C045-CON262-W1305","Tabaka","tabaka","ward","electoral","79c2c356-b666-538a-89af-3a208c0b9510","45","262","1305","2012-03-09","","KDA-TRANSCRIPTION-LN14-2012","false","provisional"
"57ee1180-cc15-5e2e-a38f-7a59ec6585c6","KEN-C045-CON262-W1306","Boikang'a","boikanga","ward","electoral","79c2c356-b666-538a-89af-3a208c0b9510","45","262","1306","2012-03-09","","KDA-TRANSCRIPTION-LN14-2012","false","provisional"
"7a06a11c-ff96-53e1-a334-9343e108f7c9","KEN-C045-CON262-W1307","Bogetenga","bogetenga","ward","electoral","79c2c356-b666-538a-89af-3a208c0b9510","45","262","1307","2012-03-09","","KDA-TRANSCRIPTION-LN14-2012","false","provisional"
"6c9f604f-91c5-59cc-be0e-4809f93ae73e","KEN-C045-CON262-W1308","Borabu / Chitago","borabu-chitago","ward","electoral","79c2c356-b666-538a-89af-3a208c0b9510","45","262","1308","2012-03-09","","KDA-TRANSCRIPTION-LN14-2012","false","provisional"
"36f9943b-cdf1-51c9-807d-baf058e3190c","KEN-C045-CON262-W1309","Moticho","moticho","ward","electoral","79c2c356-b666-538a-89af-3a208c0b9510","45","262","1309","2012-03-09","","KDA-TRANSCRIPTION-LN14-2012","false","provisional"
"48c767ff-d6b7-511d-823e-4c0a65e92f88","KEN-C045-CON262-W1310","Getenga","getenga","ward","electoral","79c2c356-b666-538a-89af-3a208c0b9510","45","262","1310","2012-03-09","","KDA-TRANSCRIPTION-LN14-2012","false","provisional"
"1cd9ae7a-8c34-5a10-957a-8a9c5a79ba5c","KEN-C045-CON263-W1311","Bombaba Borabu","bombaba-borabu","ward","electoral","e4efbfd3-df38-53c9-b42c-826d247a5dc6","45","263","1311","2012-03-09","","KDA-TRANSCRIPTION-LN14-2012","false","provisional"
"0b909b99-0853-5b0a-9d1b-03ecc6d46be9","KEN-C045-CON263-W1312","Boochi Borabu","boochi-borabu","ward","electoral","e4efbfd3-df38-53c9-b42c-826d247a5dc6","45","263","1312","2012-03-09","","KDA-TRANSCRIPTION-LN14-2012","false","provisional"
"3f42033d-7fa1-5f41-8394-9ddc5295e973","KEN-C045-CON263-W1313","Bokimonge","bokimonge","ward","electoral","e4efbfd3-df38-53c9-b42c-826d247a5dc6","45","263","1313","2012-03-09","","KDA-TRANSCRIPTION-LN14-2012","false","provisional"
"fa50f59d-048f-5393-9d55-8a89d9cf8e9f","KEN-C045-CON263-W1314","Magenche","magenche","ward","electoral","e4efbfd3-df38-53c9-b42c-826d247a5dc6","45","263","1314","2012-03-09","","KDA-TRANSCRIPTION-LN14-2012","false","provisional"
"a24a1236-a309-5e9b-8d72-c4cced748b13","KEN-C045-CON264-W1315","Masige West","masige-west","ward","electoral","c0a0f039-2760-5bfb-aae0-de67a791cbc0","45","264","1315","2012-03-09","","KDA-TRANSCRIPTION-LN14-2012","false","provisional"
"0aab9228-2189-51fa-8929-43cb73ff89a9","KEN-C045-CON264-W1316","Masige East","masige-east","ward","electoral","c0a0f039-2760-5bfb-aae0-de67a791cbc0","45","264","1316","2012-03-09","","KDA-TRANSCRIPTION-LN14-2012","false","provisional"
"f0a67ab5-09ff-5b8d-a2ed-b19fee9cb656","KEN-C045-CON264-W1317","Bobasi Central","bobasi-central","ward","electoral","c0a0f039-2760-5bfb-aae0-de67a791cbc0","45","264","1317","2012-03-09","","KDA-TRANSCRIPTION-LN14-2012","false","provisional"
"89970948-06a5-50d9-9218-00f86295abfe","KEN-C045-CON264-W1318","Nyacheki","nyacheki","ward","electoral","c0a0f039-2760-5bfb-aae0-de67a791cbc0","45","264","1318","2012-03-09","","KDA-TRANSCRIPTION-LN14-2012","false","provisional"
"8b9c4743-5090-560b-b1d9-66b0341d3c29","KEN-C045-CON264-W1319","Bobasi Bogetaorio","bobasi-bogetaorio","ward","electoral","c0a0f039-2760-5bfb-aae0-de67a791cbc0","45","264","1319","2012-03-09","","KDA-TRANSCRIPTION-LN14-2012","false","provisional"
"25c7ff05-6937-51a1-9dfb-68c1cac7b6c0","KEN-C045-CON264-W1320","Bobasi Chache","bobasi-chache","ward","electoral","c0a0f039-2760-5bfb-aae0-de67a791cbc0","45","264","1320","2012-03-09","","KDA-TRANSCRIPTION-LN14-2012","false","provisional"
"9e92c9dd-750a-5ac5-9041-6c70fd89fa99","KEN-C045-CON264-W1321","Sameta/Mokwerero","sameta-mokwerero","ward","electoral","c0a0f039-2760-5bfb-aae0-de67a791cbc0","45","264","1321","2012-03-09","","KDA-TRANSCRIPTION-LN14-2012","false","provisional"
"a1b92090-1789-532a-aad9-812c80084948","KEN-C045-CON264-W1322","Bobasi Boitangare","bobasi-boitangare","ward","electoral","c0a0f039-2760-5bfb-aae0-de67a791cbc0","45","264","1322","2012-03-09","","KDA-TRANSCRIPTION-LN14-2012","false","provisional"
"562f16a3-9791-5263-a096-85e835b22562","KEN-C045-CON265-W1323","Majoge","majoge","ward","electoral","15d3d29e-a31e-593e-8225-1d185ae87900","45","265","1323","2012-03-09","","KDA-TRANSCRIPTION-LN14-2012","false","provisional"
"dfe82e7a-3d4d-5588-964a-6b6d06c3a4e1","KEN-C045-CON265-W1324","Boochi/Tendere","boochi-tendere","ward","electoral","15d3d29e-a31e-593e-8225-1d185ae87900","45","265","1324","2012-03-09","","KDA-TRANSCRIPTION-LN14-2012","false","provisional"
"dd58a218-93b5-5514-9664-89a5880c4b8c","KEN-C045-CON265-W1325","Bosoti/Sengera","bosoti-sengera","ward","electoral","15d3d29e-a31e-593e-8225-1d185ae87900","45","265","1325","2012-03-09","","KDA-TRANSCRIPTION-LN14-2012","false","provisional"
"4cd43bff-f395-55d6-9bb4-fd958d6fc932","KEN-C045-CON266-W1326","Ichuni","ichuni","ward","electoral","374d482b-5706-5f4e-8bb5-2ad66d407426","45","266","1326","2012-03-09","","KDA-TRANSCRIPTION-LN14-2012","false","provisional"
"278a2cb6-efdc-518f-8eb5-bd417a534154","KEN-C045-CON266-W1327","Nyamasibi","nyamasibi","ward","electoral","374d482b-5706-5f4e-8bb5-2ad66d407426","45","266","1327","2012-03-09","","KDA-TRANSCRIPTION-LN14-2012","false","provisional"
"ea9fd5b9-d4db-5f14-a597-92c8724d6f70","KEN-C045-CON266-W1328","Masimba","masimba","ward","electoral","374d482b-5706-5f4e-8bb5-2ad66d407426","45","266","1328","2012-03-09","","KDA-TRANSCRIPTION-LN14-2012","false","provisional"
"a5addb63-db59-5a14-926c-3c37aeb00edb","KEN-C045-CON266-W1329","Gesusu","gesusu","ward","electoral","374d482b-5706-5f4e-8bb5-2ad66d407426","45","266","1329","2012-03-09","","KDA-TRANSCRIPTION-LN14-2012","false","provisional"
"11d15ddf-15e0-5eeb-a8b9-bd401a036903","KEN-C045-CON266-W1330","Kiamokama","kiamokama","ward","electoral","374d482b-5706-5f4e-8bb5-2ad66d407426","45","266","1330","2012-03-09","","KDA-TRANSCRIPTION-LN14-2012","false","provisional"
"c79e82a0-271e-55ab-97ca-e49f72f4cc67","KEN-C045-CON267-W1331","Bobaracho","bobaracho","ward","electoral","e6678ef4-ee8a-5621-a8f3-cd22a8fa19a8","45","267","1331","2012-03-09","","KDA-TRANSCRIPTION-LN14-2012","false","provisional"
"dac4fd46-e107-5775-a02e-8f40ade946e8","KEN-C045-CON267-W1332","Kisii Central","kisii-central","ward","electoral","e6678ef4-ee8a-5621-a8f3-cd22a8fa19a8","45","267","1332","2012-03-09","","KDA-TRANSCRIPTION-LN14-2012","false","provisional"
"c7e83d90-19cb-543b-bd6b-c261fdc67316","KEN-C045-CON267-W1333","Keumbu","keumbu","ward","electoral","e6678ef4-ee8a-5621-a8f3-cd22a8fa19a8","45","267","1333","2012-03-09","","KDA-TRANSCRIPTION-LN14-2012","false","provisional"
"ca46c197-d791-5f18-be8b-86bc271438da","KEN-C045-CON267-W1334","Kiogoro","kiogoro","ward","electoral","e6678ef4-ee8a-5621-a8f3-cd22a8fa19a8","45","267","1334","2012-03-09","","KDA-TRANSCRIPTION-LN14-2012","false","provisional"
"87e5fa42-2400-59ea-9775-1bfad5f0b7d3","KEN-C045-CON267-W1335","Birongo","birongo","ward","electoral","e6678ef4-ee8a-5621-a8f3-cd22a8fa19a8","45","267","1335","2012-03-09","","KDA-TRANSCRIPTION-LN14-2012","false","provisional"
"3f082198-ca0b-56a2-9db6-d1ce3f8b46be","KEN-C045-CON267-W1336","Ibeno","ibeno","ward","electoral","e6678ef4-ee8a-5621-a8f3-cd22a8fa19a8","45","267","1336","2012-03-09","","KDA-TRANSCRIPTION-LN14-2012","false","provisional"
"53f329f3-e3d2-51c9-b5a4-a0fe0d7c9df4","KEN-C045-CON268-W1337","Monyerero","monyerero","ward","electoral","90026473-26b0-5eb6-9220-203833a31d94","45","268","1337","2012-03-09","","KDA-TRANSCRIPTION-LN14-2012","false","provisional"
"3e173663-b7e6-5ca4-aad8-e74b6408a92a","KEN-C045-CON268-W1338","Sensi","sensi","ward","electoral","90026473-26b0-5eb6-9220-203833a31d94","45","268","1338","2012-03-09","","KDA-TRANSCRIPTION-LN14-2012","false","provisional"
"b6a73391-5dbc-50b2-95d2-0047b18ee62c","KEN-C045-CON268-W1339","Marani","marani","ward","electoral","90026473-26b0-5eb6-9220-203833a31d94","45","268","1339","2012-03-09","","KDA-TRANSCRIPTION-LN14-2012","false","provisional"
"0f98a2a6-e337-5211-b147-7d4580e04d57","KEN-C045-CON268-W1340","Kegogi","kegogi","ward","electoral","90026473-26b0-5eb6-9220-203833a31d94","45","268","1340","2012-03-09","","KDA-TRANSCRIPTION-LN14-2012","false","provisional"
"c338caa4-f93b-5740-a240-7511c8499b90","KEN-C045-CON269-W1341","Bogusero","bogusero","ward","electoral","457989df-9180-53e4-ba9e-555865fd1814","45","269","1341","2012-03-09","","KDA-TRANSCRIPTION-LN14-2012","false","provisional"
"84dea965-703f-5c44-875a-d12aca4a0af0","KEN-C045-CON269-W1342","Bogeka","bogeka","ward","electoral","457989df-9180-53e4-ba9e-555865fd1814","45","269","1342","2012-03-09","","KDA-TRANSCRIPTION-LN14-2012","false","provisional"
"b06b2376-06ac-5d05-a068-db2e6bc03557","KEN-C045-CON269-W1343","Nyakoe","nyakoe","ward","electoral","457989df-9180-53e4-ba9e-555865fd1814","45","269","1343","2012-03-09","","KDA-TRANSCRIPTION-LN14-2012","false","provisional"
"b3fb5aea-c4d6-5914-9fa7-95e111c94a06","KEN-C045-CON269-W1344","Kitutu   Central","kitutu-central","ward","electoral","457989df-9180-53e4-ba9e-555865fd1814","45","269","1344","2012-03-09","","KDA-TRANSCRIPTION-LN14-2012","false","provisional"
"d72138e2-ef7b-53a3-96a2-9e3d6876fc9f","KEN-C045-CON269-W1345","Nyatieko","nyatieko","ward","electoral","457989df-9180-53e4-ba9e-555865fd1814","45","269","1345","2012-03-09","","KDA-TRANSCRIPTION-LN14-2012","false","provisional"
"747e706d-fd30-540e-bdf4-40c0e5cd3409","KEN-C046-CON270-W1346","Rigoma","rigoma","ward","electoral","1d2b9e8a-5adf-5ebd-8d6f-d35fd129102b","46","270","1346","2012-03-09","","KDA-TRANSCRIPTION-LN14-2012","false","provisional"
"15507309-ef42-50c7-b281-e0d747717263","KEN-C046-CON270-W1347","Gachuba","gachuba","ward","electoral","1d2b9e8a-5adf-5ebd-8d6f-d35fd129102b","46","270","1347","2012-03-09","","KDA-TRANSCRIPTION-LN14-2012","false","provisional"
"de1fb2fc-d892-5783-a697-a3cab32295e0","KEN-C046-CON270-W1348","Kemera","kemera","ward","electoral","1d2b9e8a-5adf-5ebd-8d6f-d35fd129102b","46","270","1348","2012-03-09","","KDA-TRANSCRIPTION-LN14-2012","false","provisional"
"13892139-a04b-57ec-b3a8-89a15510a157","KEN-C046-CON270-W1349","Magombo","magombo","ward","electoral","1d2b9e8a-5adf-5ebd-8d6f-d35fd129102b","46","270","1349","2012-03-09","","KDA-TRANSCRIPTION-LN14-2012","false","provisional"
"8b3a6352-f524-58f4-9455-47c1c7531ffe","KEN-C046-CON270-W1350","Manga","manga","ward","electoral","1d2b9e8a-5adf-5ebd-8d6f-d35fd129102b","46","270","1350","2012-03-09","","KDA-TRANSCRIPTION-LN14-2012","false","provisional"
"5cbb09f6-5d92-5777-9ce6-9b1959eeff54","KEN-C046-CON270-W1351","Gesima","gesima","ward","electoral","1d2b9e8a-5adf-5ebd-8d6f-d35fd129102b","46","270","1351","2012-03-09","","KDA-TRANSCRIPTION-LN14-2012","false","provisional"
"518a9034-5c48-5de7-bfa2-a95ea88af0c8","KEN-C046-CON271-W1352","Nyamaiya","nyamaiya","ward","electoral","1f8da509-1fcd-5b24-905a-900ff1238d0d","46","271","1352","2012-03-09","","KDA-TRANSCRIPTION-LN14-2012","false","provisional"
"19233f3a-7cc1-512c-a401-2fa0590da83c","KEN-C046-CON271-W1353","Bogichora","bogichora","ward","electoral","1f8da509-1fcd-5b24-905a-900ff1238d0d","46","271","1353","2012-03-09","","KDA-TRANSCRIPTION-LN14-2012","false","provisional"
"30535ce6-f95d-52bc-b2ff-ef5d8d2e5d1d","KEN-C046-CON271-W1354","Bosamaro","bosamaro","ward","electoral","1f8da509-1fcd-5b24-905a-900ff1238d0d","46","271","1354","2012-03-09","","KDA-TRANSCRIPTION-LN14-2012","false","provisional"
"badeff33-f84f-5466-9b72-2d7ad9826149","KEN-C046-CON271-W1355","Bonyamatuta","bonyamatuta","ward","electoral","1f8da509-1fcd-5b24-905a-900ff1238d0d","46","271","1355","2012-03-09","","KDA-TRANSCRIPTION-LN14-2012","false","provisional"
"8c59f896-f9cf-593b-99d0-5a0866cbb02a","KEN-C046-CON271-W1356","Township","township","ward","electoral","1f8da509-1fcd-5b24-905a-900ff1238d0d","46","271","1356","2012-03-09","","KDA-TRANSCRIPTION-LN14-2012","false","provisional"
"2944d09e-3b6a-588f-9361-ada6669b7b64","KEN-C046-CON272-W1357","Itibo","itibo","ward","electoral","5306e0e1-5682-558b-8fe8-b1dc315b84a9","46","272","1357","2012-03-09","","KDA-TRANSCRIPTION-LN14-2012","false","provisional"
"1607db2e-51f9-5332-90e2-966fc57d3cde","KEN-C046-CON272-W1358","Bomwagamo","bomwagamo","ward","electoral","5306e0e1-5682-558b-8fe8-b1dc315b84a9","46","272","1358","2012-03-09","","KDA-TRANSCRIPTION-LN14-2012","false","provisional"
"04ee35c6-f22d-5ecd-9153-a962774a994b","KEN-C046-CON272-W1359","Bokeira","bokeira","ward","electoral","5306e0e1-5682-558b-8fe8-b1dc315b84a9","46","272","1359","2012-03-09","","KDA-TRANSCRIPTION-LN14-2012","false","provisional"
"bae1cb33-9fdd-5fc2-91df-109fb896a62b","KEN-C046-CON272-W1360","Magwagwa","magwagwa","ward","electoral","5306e0e1-5682-558b-8fe8-b1dc315b84a9","46","272","1360","2012-03-09","","KDA-TRANSCRIPTION-LN14-2012","false","provisional"
"dc96daa8-5528-5ed3-a4d3-1ce67328d363","KEN-C046-CON272-W1361","Ekerenyo","ekerenyo","ward","electoral","5306e0e1-5682-558b-8fe8-b1dc315b84a9","46","272","1361","2012-03-09","","KDA-TRANSCRIPTION-LN14-2012","false","provisional"
"7118d272-3027-59e9-b495-2c156ff2c373","KEN-C046-CON273-W1362","Mekenene","mekenene","ward","electoral","2a9093cf-d957-59df-a30c-acac552b9365","46","273","1362","2012-03-09","","KDA-TRANSCRIPTION-LN14-2012","false","provisional"
"49c02b0b-805f-58ef-a7c9-049ef97beef1","KEN-C046-CON273-W1363","Kiabonyoru","kiabonyoru","ward","electoral","2a9093cf-d957-59df-a30c-acac552b9365","46","273","1363","2012-03-09","","KDA-TRANSCRIPTION-LN14-2012","false","provisional"
"b14d0ee3-938f-593f-8f3c-f3e3566102f9","KEN-C046-CON273-W1364","Nyansiongo","nyansiongo","ward","electoral","2a9093cf-d957-59df-a30c-acac552b9365","46","273","1364","2012-03-09","","KDA-TRANSCRIPTION-LN14-2012","false","provisional"
"d5741673-c4fb-5308-abbd-eabe87be5acd","KEN-C046-CON273-W1365","Esise","esise","ward","electoral","2a9093cf-d957-59df-a30c-acac552b9365","46","273","1365","2012-03-09","","KDA-TRANSCRIPTION-LN14-2012","false","provisional"
"79dd0957-ba6c-5b74-99a4-04bb9996c7b5","KEN-C047-CON274-W1366","Kitisuru","kitisuru","ward","electoral","b21eed74-4154-5e8e-a719-5c638fd7cc2d","47","274","1366","2012-03-09","","KDA-TRANSCRIPTION-LN14-2012","false","provisional"
"acefe0f6-3deb-5f48-935e-de8d651405b9","KEN-C047-CON274-W1367","Parklands/Highridge","parklands-highridge","ward","electoral","b21eed74-4154-5e8e-a719-5c638fd7cc2d","47","274","1367","2012-03-09","","KDA-TRANSCRIPTION-LN14-2012","false","provisional"
"b53fa7aa-c98a-5050-854d-b26f3a982436","KEN-C047-CON274-W1368","Karura","karura","ward","electoral","b21eed74-4154-5e8e-a719-5c638fd7cc2d","47","274","1368","2012-03-09","","KDA-TRANSCRIPTION-LN14-2012","false","provisional"
"3e4fbcf5-595c-5596-8b51-1a387f90a2ef","KEN-C047-CON274-W1369","Kangemi","kangemi","ward","electoral","b21eed74-4154-5e8e-a719-5c638fd7cc2d","47","274","1369","2012-03-09","","KDA-TRANSCRIPTION-LN14-2012","false","provisional"
"9e007f42-adac-54fb-8c04-b9b39055be30","KEN-C047-CON274-W1370","Mountain View","mountain-view","ward","electoral","b21eed74-4154-5e8e-a719-5c638fd7cc2d","47","274","1370","2012-03-09","","KDA-TRANSCRIPTION-LN14-2012","false","provisional"
"7a25824a-ad5d-5b5d-b2a0-8ebce4514529","KEN-C047-CON275-W1371","Kilimani","kilimani","ward","electoral","b8697876-2537-59b6-89d4-38aef93bbc8a","47","275","1371","2012-03-09","","KDA-TRANSCRIPTION-LN14-2012","false","provisional"
"0e93c3c4-2f7d-5ddd-bba0-c66aeb455b87","KEN-C047-CON275-W1372","Kawangware","kawangware","ward","electoral","b8697876-2537-59b6-89d4-38aef93bbc8a","47","275","1372","2012-03-09","","KDA-TRANSCRIPTION-LN14-2012","false","provisional"
"0d852141-4bef-53a7-91b3-f2ce22c7c04f","KEN-C047-CON275-W1373","Gatina","gatina","ward","electoral","b8697876-2537-59b6-89d4-38aef93bbc8a","47","275","1373","2012-03-09","","KDA-TRANSCRIPTION-LN14-2012","false","provisional"
"f44f6eaf-9ad0-5542-922e-aa18267282a1","KEN-C047-CON275-W1374","Kileleshwa","kileleshwa","ward","electoral","b8697876-2537-59b6-89d4-38aef93bbc8a","47","275","1374","2012-03-09","","KDA-TRANSCRIPTION-LN14-2012","false","provisional"
"4d002127-52e5-5274-bb4b-ed24119c3239","KEN-C047-CON275-W1375","Kabiro","kabiro","ward","electoral","b8697876-2537-59b6-89d4-38aef93bbc8a","47","275","1375","2012-03-09","","KDA-TRANSCRIPTION-LN14-2012","false","provisional"
"6048638b-bbdb-5a3d-a10e-a6548f4b65f7","KEN-C047-CON276-W1376","Mutuini","mutuini","ward","electoral","731ca7be-4940-580c-9ee5-db14a8062695","47","276","1376","2012-03-09","","KDA-TRANSCRIPTION-LN14-2012","false","provisional"
"3f6a6d09-2343-58a7-8191-979d8f3284d1","KEN-C047-CON276-W1377","Ngando","ngando","ward","electoral","731ca7be-4940-580c-9ee5-db14a8062695","47","276","1377","2012-03-09","","KDA-TRANSCRIPTION-LN14-2012","false","provisional"
"6615bdb8-e2cc-55d0-bfc4-db2f0a75c298","KEN-C047-CON276-W1378","Riruta","riruta","ward","electoral","731ca7be-4940-580c-9ee5-db14a8062695","47","276","1378","2012-03-09","","KDA-TRANSCRIPTION-LN14-2012","false","provisional"
"bada0ba4-8899-55c4-97ba-e4f2bf1f8cea","KEN-C047-CON276-W1379","Uthiru/Ruthimitu","uthiru-ruthimitu","ward","electoral","731ca7be-4940-580c-9ee5-db14a8062695","47","276","1379","2012-03-09","","KDA-TRANSCRIPTION-LN14-2012","false","provisional"
"5bf96829-10ad-5361-82d0-4c234a06cfdc","KEN-C047-CON276-W1380","Waithaka","waithaka","ward","electoral","731ca7be-4940-580c-9ee5-db14a8062695","47","276","1380","2012-03-09","","KDA-TRANSCRIPTION-LN14-2012","false","provisional"
"17c2b4e9-f6c0-5608-a6b5-4a3d194b7453","KEN-C047-CON277-W1381","Karen","karen","ward","electoral","98f56051-9ff1-57d1-82f6-2533868056ad","47","277","1381","2012-03-09","","KDA-TRANSCRIPTION-LN14-2012","false","provisional"
"e3edee24-6275-5e49-a777-85c3892dc215","KEN-C047-CON277-W1382","Nairobi West","nairobi-west","ward","electoral","98f56051-9ff1-57d1-82f6-2533868056ad","47","277","1382","2012-03-09","","KDA-TRANSCRIPTION-LN14-2012","false","provisional"
"771eadda-ba24-5f62-86c5-02a0f66db98c","KEN-C047-CON277-W1383","Mugumo-Ini","mugumo-ini","ward","electoral","98f56051-9ff1-57d1-82f6-2533868056ad","47","277","1383","2012-03-09","","KDA-TRANSCRIPTION-LN14-2012","false","provisional"
"2e309c5c-d91d-5c64-b106-0da337b1e02f","KEN-C047-CON277-W1384","South-C","south-c","ward","electoral","98f56051-9ff1-57d1-82f6-2533868056ad","47","277","1384","2012-03-09","","KDA-TRANSCRIPTION-LN14-2012","false","provisional"
"62b1faff-cb78-52ac-b62c-ee2b9e70cc0a","KEN-C047-CON277-W1385","Nyayo Highrise","nyayo-highrise","ward","electoral","98f56051-9ff1-57d1-82f6-2533868056ad","47","277","1385","2012-03-09","","KDA-TRANSCRIPTION-LN14-2012","false","provisional"
"09187c48-3fe7-57ab-8628-3f915d9675dd","KEN-C047-CON278-W1386","Laini Saba","laini-saba","ward","electoral","a1ba8348-610d-54db-be4d-443c97f42e4f","47","278","1386","2012-03-09","","KDA-TRANSCRIPTION-LN14-2012","false","provisional"
"a392f455-291b-59a0-8116-ef59d2df3f65","KEN-C047-CON278-W1387","Lindi","lindi","ward","electoral","a1ba8348-610d-54db-be4d-443c97f42e4f","47","278","1387","2012-03-09","","KDA-TRANSCRIPTION-LN14-2012","false","provisional"
"ba6fee56-5126-5bb2-a91f-e17d44f2af46","KEN-C047-CON278-W1388","Makina","makina","ward","electoral","a1ba8348-610d-54db-be4d-443c97f42e4f","47","278","1388","2012-03-09","","KDA-TRANSCRIPTION-LN14-2012","false","provisional"
"72c18fa1-5f53-5039-b126-cbf0dc8b0d2f","KEN-C047-CON278-W1389","Woodley/Kenyatta Golf","woodley-kenyatta-golf","ward","electoral","a1ba8348-610d-54db-be4d-443c97f42e4f","47","278","1389","2012-03-09","","KDA-TRANSCRIPTION-LN14-2012","false","provisional"
"11299097-c9f7-5eb9-a2a6-9ac36c7a7f35","KEN-C047-CON278-W1390","Sarangombe","sarangombe","ward","electoral","a1ba8348-610d-54db-be4d-443c97f42e4f","47","278","1390","2012-03-09","","KDA-TRANSCRIPTION-LN14-2012","false","provisional"
"e12f4f9d-5fe2-53b8-a978-d813da49b4ed","KEN-C047-CON279-W1391","Githurai","githurai","ward","electoral","f5ac8a55-1100-5f2d-855c-087fbfb36328","47","279","1391","2012-03-09","","KDA-TRANSCRIPTION-LN14-2012","false","provisional"
"502f5ace-f5c5-51cc-b909-c8a1e68d165f","KEN-C047-CON279-W1392","Kahawa West","kahawa-west","ward","electoral","f5ac8a55-1100-5f2d-855c-087fbfb36328","47","279","1392","2012-03-09","","KDA-TRANSCRIPTION-LN14-2012","false","provisional"
"8bacfe17-0f55-5bc6-b147-f6fc80130846","KEN-C047-CON279-W1393","Zimmerman","zimmerman","ward","electoral","f5ac8a55-1100-5f2d-855c-087fbfb36328","47","279","1393","2012-03-09","","KDA-TRANSCRIPTION-LN14-2012","false","provisional"
"dc0c6ce8-fff0-5f61-adde-11569bb57ddb","KEN-C047-CON279-W1394","Roysambu","roysambu","ward","electoral","f5ac8a55-1100-5f2d-855c-087fbfb36328","47","279","1394","2012-03-09","","KDA-TRANSCRIPTION-LN14-2012","false","provisional"
"d4c9ee54-97de-5aaa-9674-496f50a122ee","KEN-C047-CON279-W1395","Kahawa","kahawa","ward","electoral","f5ac8a55-1100-5f2d-855c-087fbfb36328","47","279","1395","2012-03-09","","KDA-TRANSCRIPTION-LN14-2012","false","provisional"
"9a1ae194-e6de-5136-8bab-293463e4feb8","KEN-C047-CON280-W1396","Claycity","claycity","ward","electoral","c82f6595-f2b0-5c72-a5c1-5fa57215ea26","47","280","1396","2012-03-09","","KDA-TRANSCRIPTION-LN14-2012","false","provisional"
"8d16e68c-f8e4-576d-9e28-68abd0da6ade","KEN-C047-CON280-W1397","Mwiki","mwiki","ward","electoral","c82f6595-f2b0-5c72-a5c1-5fa57215ea26","47","280","1397","2012-03-09","","KDA-TRANSCRIPTION-LN14-2012","false","provisional"
"44e1fcb1-d43d-53ae-bf5e-4cfd8dfb0f11","KEN-C047-CON280-W1398","Kasarani","kasarani","ward","electoral","c82f6595-f2b0-5c72-a5c1-5fa57215ea26","47","280","1398","2012-03-09","","KDA-TRANSCRIPTION-LN14-2012","false","provisional"
"1480f7e2-a415-59f9-b318-4d5ebe5976d7","KEN-C047-CON280-W1399","Njiru","njiru","ward","electoral","c82f6595-f2b0-5c72-a5c1-5fa57215ea26","47","280","1399","2012-03-09","","KDA-TRANSCRIPTION-LN14-2012","false","provisional"
"e54ad29e-0111-5a71-b056-6f78ebc84576","KEN-C047-CON280-W1400","Ruai","ruai","ward","electoral","c82f6595-f2b0-5c72-a5c1-5fa57215ea26","47","280","1400","2012-03-09","","KDA-TRANSCRIPTION-LN14-2012","false","provisional"
"6442df5c-e859-5d6b-ba7b-9b44232ef33c","KEN-C047-CON281-W1401","Baba Dogo","baba-dogo","ward","electoral","3aeab3e8-7dc0-5677-bb56-579ccb92b41d","47","281","1401","2012-03-09","","KDA-TRANSCRIPTION-LN14-2012","false","provisional"
"a755411d-72ec-54bb-b269-17f34e077e7d","KEN-C047-CON281-W1402","Utalii","utalii","ward","electoral","3aeab3e8-7dc0-5677-bb56-579ccb92b41d","47","281","1402","2012-03-09","","KDA-TRANSCRIPTION-LN14-2012","false","provisional"
"f9986817-1cb1-583f-94d0-70a42825cc5e","KEN-C047-CON281-W1403","Mathare North","mathare-north","ward","electoral","3aeab3e8-7dc0-5677-bb56-579ccb92b41d","47","281","1403","2012-03-09","","KDA-TRANSCRIPTION-LN14-2012","false","provisional"
"811494fc-a446-59d8-b1e6-add3c42d4341","KEN-C047-CON281-W1404","Lucky Summer","lucky-summer","ward","electoral","3aeab3e8-7dc0-5677-bb56-579ccb92b41d","47","281","1404","2012-03-09","","KDA-TRANSCRIPTION-LN14-2012","false","provisional"
"25266d19-1a5d-5e46-8581-859b6d0e2f3e","KEN-C047-CON281-W1405","Korogocho","korogocho","ward","electoral","3aeab3e8-7dc0-5677-bb56-579ccb92b41d","47","281","1405","2012-03-09","","KDA-TRANSCRIPTION-LN14-2012","false","provisional"
"edf00fa4-c90d-56dd-9d75-75e273fc56ad","KEN-C047-CON282-W1406","Imara Daima","imara-daima","ward","electoral","3c3f3dfb-f3f0-5515-bcde-8d8cdd42b802","47","282","1406","2012-03-09","","KDA-TRANSCRIPTION-LN14-2012","false","provisional"
"16638ed0-4fbb-59eb-86dd-389284145ac8","KEN-C047-CON282-W1407","Kwa Njenga","kwa-njenga","ward","electoral","3c3f3dfb-f3f0-5515-bcde-8d8cdd42b802","47","282","1407","2012-03-09","","KDA-TRANSCRIPTION-LN14-2012","false","provisional"
"cf747cb6-872b-5cf4-b32f-e53ef76109ab","KEN-C047-CON282-W1408","Kwa Reuben","kwa-reuben","ward","electoral","3c3f3dfb-f3f0-5515-bcde-8d8cdd42b802","47","282","1408","2012-03-09","","KDA-TRANSCRIPTION-LN14-2012","false","provisional"
"ce6fb457-7864-5d11-9b7a-613e99fe6528","KEN-C047-CON282-W1409","Pipeline","pipeline","ward","electoral","3c3f3dfb-f3f0-5515-bcde-8d8cdd42b802","47","282","1409","2012-03-09","","KDA-TRANSCRIPTION-LN14-2012","false","provisional"
"0b689715-5a0a-5f0d-8034-136d69972ea8","KEN-C047-CON282-W1410","Kware","kware","ward","electoral","3c3f3dfb-f3f0-5515-bcde-8d8cdd42b802","47","282","1410","2012-03-09","","KDA-TRANSCRIPTION-LN14-2012","false","provisional"
"2bf06765-2c64-5554-99be-29877a9fa0be","KEN-C047-CON283-W1411","Kariobangi North","kariobangi-north","ward","electoral","d2030353-3bcb-57aa-a579-cf59cbd1068f","47","283","1411","2012-03-09","","KDA-TRANSCRIPTION-LN14-2012","false","provisional"
"11cc524d-fc40-519e-bed1-211f3514c70b","KEN-C047-CON283-W1412","Dandora Area I","dandora-area-i","ward","electoral","d2030353-3bcb-57aa-a579-cf59cbd1068f","47","283","1412","2012-03-09","","KDA-TRANSCRIPTION-LN14-2012","false","provisional"
"f8a0aedf-bf88-5d52-b8c8-42ccb01ebfa9","KEN-C047-CON283-W1413","Dandora Area Ii","dandora-area-ii","ward","electoral","d2030353-3bcb-57aa-a579-cf59cbd1068f","47","283","1413","2012-03-09","","KDA-TRANSCRIPTION-LN14-2012","false","provisional"
"aa81aa6b-7dc8-5ab3-b579-145a06d09758","KEN-C047-CON283-W1414","Dandora Area Iii","dandora-area-iii","ward","electoral","d2030353-3bcb-57aa-a579-cf59cbd1068f","47","283","1414","2012-03-09","","KDA-TRANSCRIPTION-LN14-2012","false","provisional"
"9a0818e6-b31a-51e4-bea0-3cca374db980","KEN-C047-CON283-W1415","Dandora Area Iv","dandora-area-iv","ward","electoral","d2030353-3bcb-57aa-a579-cf59cbd1068f","47","283","1415","2012-03-09","","KDA-TRANSCRIPTION-LN14-2012","false","provisional"
"189bdf84-40bc-50e3-a055-2fb0860305c8","KEN-C047-CON284-W1416","Kayole North","kayole-north","ward","electoral","2e0787a8-8f97-5519-8797-73fb4c713943","47","284","1416","2012-03-09","","KDA-TRANSCRIPTION-LN14-2012","false","provisional"
"b8c29aa6-f0e0-5fa4-94ed-6ee1840ad86d","KEN-C047-CON284-W1417","Kayole Central","kayole-central","ward","electoral","2e0787a8-8f97-5519-8797-73fb4c713943","47","284","1417","2012-03-09","","KDA-TRANSCRIPTION-LN14-2012","false","provisional"
"a1147e7a-8795-5f6e-94a2-ac9e4ff92ab0","KEN-C047-CON284-W1418","Kayole South","kayole-south","ward","electoral","2e0787a8-8f97-5519-8797-73fb4c713943","47","284","1418","2012-03-09","","KDA-TRANSCRIPTION-LN14-2012","false","provisional"
"e5e200fc-f73d-57c8-8542-64059d83834f","KEN-C047-CON284-W1419","Komarock","komarock","ward","electoral","2e0787a8-8f97-5519-8797-73fb4c713943","47","284","1419","2012-03-09","","KDA-TRANSCRIPTION-LN14-2012","false","provisional"
"29f7c13b-74e6-5412-a3af-930fdc63371b","KEN-C047-CON284-W1420","Matopeni","matopeni","ward","electoral","2e0787a8-8f97-5519-8797-73fb4c713943","47","284","1420","2012-03-09","","KDA-TRANSCRIPTION-LN14-2012","false","provisional"
"10e205e6-3bc5-5988-8a1c-5524800e087f","KEN-C047-CON285-W1421","Upper Savannah","upper-savannah","ward","electoral","b23f3e8e-6191-5d05-af14-c877038311ae","47","285","1421","2012-03-09","","KDA-TRANSCRIPTION-LN14-2012","false","provisional"
"b673d336-4763-53d5-9519-d3c84089dd73","KEN-C047-CON285-W1422","Lower Savannah","lower-savannah","ward","electoral","b23f3e8e-6191-5d05-af14-c877038311ae","47","285","1422","2012-03-09","","KDA-TRANSCRIPTION-LN14-2012","false","provisional"
"90956ffb-5f51-58e2-a94f-c71faee08188","KEN-C047-CON285-W1423","Embakasi","embakasi","ward","electoral","b23f3e8e-6191-5d05-af14-c877038311ae","47","285","1423","2012-03-09","","KDA-TRANSCRIPTION-LN14-2012","false","provisional"
"9cb77720-872c-5a91-a5d0-b23857a69cee","KEN-C047-CON285-W1424","Utawala","utawala","ward","electoral","b23f3e8e-6191-5d05-af14-c877038311ae","47","285","1424","2012-03-09","","KDA-TRANSCRIPTION-LN14-2012","false","provisional"
"1cfd957d-3bbd-5357-b121-78be6a70887b","KEN-C047-CON285-W1425","Mihango","mihango","ward","electoral","b23f3e8e-6191-5d05-af14-c877038311ae","47","285","1425","2012-03-09","","KDA-TRANSCRIPTION-LN14-2012","false","provisional"
"feabb109-bef5-5def-a059-06119920b23a","KEN-C047-CON286-W1426","Umoja I","umoja-i","ward","electoral","bfff3678-3392-57e8-9f91-1b970a5c740c","47","286","1426","2012-03-09","","KDA-TRANSCRIPTION-LN14-2012","false","provisional"
"67529ecd-5d1c-5cdf-bd70-8f58c779b39a","KEN-C047-CON286-W1427","Umoja Ii","umoja-ii","ward","electoral","bfff3678-3392-57e8-9f91-1b970a5c740c","47","286","1427","2012-03-09","","KDA-TRANSCRIPTION-LN14-2012","false","provisional"
"5a773c4e-400c-5efa-8ed8-a6b375c25130","KEN-C047-CON286-W1428","Mowlem","mowlem","ward","electoral","bfff3678-3392-57e8-9f91-1b970a5c740c","47","286","1428","2012-03-09","","KDA-TRANSCRIPTION-LN14-2012","false","provisional"
"0b51ca4b-551b-5169-9e4f-f6dc0934cf5f","KEN-C047-CON286-W1429","Kariobangi South","kariobangi-south","ward","electoral","bfff3678-3392-57e8-9f91-1b970a5c740c","47","286","1429","2012-03-09","","KDA-TRANSCRIPTION-LN14-2012","false","provisional"
"3f5a5f3c-d96a-53f7-986b-8292f808ea90","KEN-C047-CON287-W1430","Makongeni","makongeni","ward","electoral","08a5e1ac-d55b-592c-817d-93412aae2b4b","47","287","1430","2012-03-09","","KDA-TRANSCRIPTION-LN14-2012","false","provisional"
"5ac23982-80b1-53e0-9255-f9813cc7d377","KEN-C047-CON287-W1431","Maringo/Hamza","maringo-hamza","ward","electoral","08a5e1ac-d55b-592c-817d-93412aae2b4b","47","287","1431","2012-03-09","","KDA-TRANSCRIPTION-LN14-2012","false","provisional"
"c946ff46-ea41-5f54-8c06-81343aae9990","KEN-C047-CON287-W1432","Harambee","harambee","ward","electoral","08a5e1ac-d55b-592c-817d-93412aae2b4b","47","287","1432","2012-03-09","","KDA-TRANSCRIPTION-LN14-2012","false","provisional"
"c050ee61-fcfd-595a-a0c6-f4465379e0ac","KEN-C047-CON287-W1433","Viwandani","viwandani","ward","electoral","08a5e1ac-d55b-592c-817d-93412aae2b4b","47","287","1433","2012-03-09","","KDA-TRANSCRIPTION-LN14-2012","false","provisional"
"1967b85b-a2c9-5c83-975f-bd90e053d623","KEN-C047-CON288-W1434","Pumwani","pumwani","ward","electoral","4815ecd3-8ae9-539f-9678-3bbbbd9cfb57","47","288","1434","2012-03-09","","KDA-TRANSCRIPTION-LN14-2012","false","provisional"
"2b2062ec-17af-5c05-94d2-d755f74ddcf7","KEN-C047-CON288-W1435","Eastleigh North","eastleigh-north","ward","electoral","4815ecd3-8ae9-539f-9678-3bbbbd9cfb57","47","288","1435","2012-03-09","","KDA-TRANSCRIPTION-LN14-2012","false","provisional"
"91f69d70-59d2-5d18-933a-085896f5e616","KEN-C047-CON288-W1436","Eastleigh South","eastleigh-south","ward","electoral","4815ecd3-8ae9-539f-9678-3bbbbd9cfb57","47","288","1436","2012-03-09","","KDA-TRANSCRIPTION-LN14-2012","false","provisional"
"d8f1b7b3-07cf-56e5-a596-2c0edaf98e78","KEN-C047-CON288-W1437","Airbase","airbase","ward","electoral","4815ecd3-8ae9-539f-9678-3bbbbd9cfb57","47","288","1437","2012-03-09","","KDA-TRANSCRIPTION-LN14-2012","false","provisional"
"e046750e-19f7-585f-a3dc-9c5a95af476a","KEN-C047-CON288-W1438","California","california","ward","electoral","4815ecd3-8ae9-539f-9678-3bbbbd9cfb57","47","288","1438","2012-03-09","","KDA-TRANSCRIPTION-LN14-2012","false","provisional"
"e0a8b97a-6177-5661-b1fb-f39f8134f528","KEN-C047-CON289-W1439","Nairobi Central","nairobi-central","ward","electoral","2a2961ce-7551-5041-b696-6be93ebdd88e","47","289","1439","2012-03-09","","KDA-TRANSCRIPTION-LN14-2012","false","provisional"
"34ae008a-1ff5-523c-aebd-8be5e312d8c4","KEN-C047-CON289-W1440","Ngara","ngara","ward","electoral","2a2961ce-7551-5041-b696-6be93ebdd88e","47","289","1440","2012-03-09","","KDA-TRANSCRIPTION-LN14-2012","false","provisional"
"3d722f47-646f-51b8-8000-a5d376176f4f","KEN-C047-CON289-W1441","Ziwani/Kariokor","ziwani-kariokor","ward","electoral","2a2961ce-7551-5041-b696-6be93ebdd88e","47","289","1441","2012-03-09","","KDA-TRANSCRIPTION-LN14-2012","false","provisional"
"5d2288ce-5f7a-588b-aea8-4318e59a1419","KEN-C047-CON289-W1442","Pangani","pangani","ward","electoral","2a2961ce-7551-5041-b696-6be93ebdd88e","47","289","1442","2012-03-09","","KDA-TRANSCRIPTION-LN14-2012","false","provisional"
"8e130826-937f-517b-b812-7c8d8547e789","KEN-C047-CON289-W1443","Landimawe","landimawe","ward","electoral","2a2961ce-7551-5041-b696-6be93ebdd88e","47","289","1443","2012-03-09","","KDA-TRANSCRIPTION-LN14-2012","false","provisional"
"54e67336-e7e2-5a32-83f5-eebe26836c18","KEN-C047-CON289-W1444","Nairobi South","nairobi-south","ward","electoral","2a2961ce-7551-5041-b696-6be93ebdd88e","47","289","1444","2012-03-09","","KDA-TRANSCRIPTION-LN14-2012","false","provisional"
"e2c1fc1f-9feb-57f1-a6ac-71c5746adaba","KEN-C047-CON290-W1445","Hospital","hospital","ward","electoral","39d6339b-be75-5f89-8998-aa59b3e6aee4","47","290","1445","2012-03-09","","KDA-TRANSCRIPTION-LN14-2012","false","provisional"
"17617b8e-7924-530e-af43-b6eeaf97366b","KEN-C047-CON290-W1446","Mabatini","mabatini","ward","electoral","39d6339b-be75-5f89-8998-aa59b3e6aee4","47","290","1446","2012-03-09","","KDA-TRANSCRIPTION-LN14-2012","false","provisional"
"b5a62daa-dd42-5bf0-96e2-be18f6400072","KEN-C047-CON290-W1447","Huruma","huruma","ward","electoral","39d6339b-be75-5f89-8998-aa59b3e6aee4","47","290","1447","2012-03-09","","KDA-TRANSCRIPTION-LN14-2012","false","provisional"
"9ed776eb-fe99-5b5f-92ae-49f59708cbfb","KEN-C047-CON290-W1448","Ngei","ngei","ward","electoral","39d6339b-be75-5f89-8998-aa59b3e6aee4","47","290","1448","2012-03-09","","KDA-TRANSCRIPTION-LN14-2012","false","provisional"
"7f09f5b1-0dfd-5349-9374-10e33bf59a63","KEN-C047-CON290-W1449","Mlango Kubwa","mlango-kubwa","ward","electoral","39d6339b-be75-5f89-8998-aa59b3e6aee4","47","290","1449","2012-03-09","","KDA-TRANSCRIPTION-LN14-2012","false","provisional"
"bb795ee0-741d-5299-b1e2-dc10bb86d7d0","KEN-C047-CON290-W1450","Kiamaiko","kiamaiko","ward","electoral","39d6339b-be75-5f89-8998-aa59b3e6aee4","47","290","1450","2012-03-09","","KDA-TRANSCRIPTION-LN14-2012","false","provisional"

