geometry_id,geography_id,boundary_version,valid_from,valid_to,source_id,source_url,source_crs,geometry_hash,quality_status,limitation
"1ca68053-e7ec-5987-a799-19e686a04e76","ecf8c770-9d71-5fcf-91e7-39713e391479","LN14-2012-v1","2010-08-27","","KENYA-LAW-LN14-2012","https://new.kenyalaw.org/akn/ke/act/ln/2012/14/eng@2022-12-31","","","pending","Boundary description is legally referenced; machine-readable geometry has not yet passed CRS and topology validation."
"56a130ce-7dae-55ef-8b12-071a9c8f102f","d4d620d7-8602-55a8-8c78-774bc9148a70","LN14-2012-v1","2010-08-27","","KENYA-LAW-LN14-2012","https://new.kenyalaw.org/akn/ke/act/ln/2012/14/eng@2022-12-31","","","pending","Boundary description is legally referenced; machine-readable geometry has not yet passed CRS and topology validation."
"208840f0-6159-5293-9c97-037ac89b32b4","66a1bc3d-acfb-5bf1-82a7-14c3e4158e2a","LN14-2012-v1","2010-08-27","","KENYA-LAW-LN14-2012","https://new.kenyalaw.org/akn/ke/act/ln/2012/14/eng@2022-12-31","","","pending","Boundary description is legally referenced; machine-readable geometry has not yet passed CRS and topology validation."
"d3a92738-1550-54ad-b5fd-e8ee7c9ee175","6303f3f4-e271-5f8a-a153-730ee1bee865","LN14-2012-v1","2010-08-27","","KENYA-LAW-LN14-2012","https://new.kenyalaw.org/akn/ke/act/ln/2012/14/eng@2022-12-31","","","pending","Boundary description is legally referenced; machine-readable geometry has not yet passed CRS and topology validation."
"43d723c4-e272-571c-b32d-6fd4e6bda3b5","5359be9e-cb0b-59d6-9561-e48914468109","LN14-2012-v1","2010-08-27","","KENYA-LAW-LN14-2012","https://new.kenyalaw.org/akn/ke/act/ln/2012/14/eng@2022-12-31","","","pending","Boundary description is legally referenced; machine-readable geometry has not yet passed CRS and topology validation."
"b2b8b1fa-9f7b-587f-bd60-9bc95786db7f","0f1ecb4e-f7cf-5a6e-8774-13a1e5350904","LN14-2012-v1","2010-08-27","","KENYA-LAW-LN14-2012","https://new.kenyalaw.org/akn/ke/act/ln/2012/14/eng@2022-12-31","","","pending","Boundary description is legally referenced; machine-readable geometry has not yet passed CRS and topology validation."
"2fc79667-ae37-5360-9182-ac2ff3246640","4457e0ad-60f9-5d86-abda-241b77ba3f8b","LN14-2012-v1","2010-08-27","","KENYA-LAW-LN14-2012","https://new.kenyalaw.org/akn/ke/act/ln/2012/14/eng@2022-12-31","","","pending","Boundary description is legally referenced; machine-readable geometry has not yet passed CRS and topology validation."
"296c144d-2d26-53b9-9750-8e04a108794b","a7ea7bb6-5575-57dc-947e-650b9091b279","LN14-2012-v1","2010-08-27","","KENYA-LAW-LN14-2012","https://new.kenyalaw.org/akn/ke/act/ln/2012/14/eng@2022-12-31","","","pending","Boundary description is legally referenced; machine-readable geometry has not yet passed CRS and topology validation."
"aa43329b-a118-5bcd-b095-31b223a4f715","48bb9364-5557-534e-9ceb-246529626b0f","LN14-2012-v1","2010-08-27","","KENYA-LAW-LN14-2012","https://new.kenyalaw.org/akn/ke/act/ln/2012/14/eng@2022-12-31","","","pending","Boundary description is legally referenced; machine-readable geometry has not yet passed CRS and topology validation."
"f2ae8bbd-bddd-5311-a79f-765a2da3382f","14ae35bd-4cdf-553f-ad03-439c502a49e6","LN14-2012-v1","2010-08-27","","KENYA-LAW-LN14-2012","https://new.kenyalaw.org/akn/ke/act/ln/2012/14/eng@2022-12-31","","","pending","Boundary description is legally referenced; machine-readable geometry has not yet passed CRS and topology validation."
"c863a329-a403-5cf5-92ec-4a34007fe86f","758ead44-179a-5d2e-8612-a3aea3ec83b4","LN14-2012-v1","2010-08-27","","KENYA-LAW-LN14-2012","https://new.kenyalaw.org/akn/ke/act/ln/2012/14/eng@2022-12-31","","","pending","Boundary description is legally referenced; machine-readable geometry has not yet passed CRS and topology validation."
"7ea6fa97-fcc7-53a1-840d-e7a0c7682bbd","31c6c13b-4440-5fd6-b5d1-2cbac05963be","LN14-2012-v1","2010-08-27","","KENYA-LAW-LN14-2012","https://new.kenyalaw.org/akn/ke/act/ln/2012/14/eng@2022-12-31","","","pending","Boundary description is legally referenced; machine-readable geometry has not yet passed CRS and topology validation."
"b302d2eb-6438-5123-a26a-a12f2910e222","6c320716-08cb-5cfb-b4d1-16ce0a1aed8b","LN14-2012-v1","2010-08-27","","KENYA-LAW-LN14-2012","https://new.kenyalaw.org/akn/ke/act/ln/2012/14/eng@2022-12-31","","","pending","Boundary description is legally referenced; machine-readable geometry has not yet passed CRS and topology validation."
"c44feac7-25f9-5c29-a3cd-18ff8b74d35c","46d871ad-38a9-5f7f-8caf-fa62cf5efbbe","LN14-2012-v1","2010-08-27","","KENYA-LAW-LN14-2012","https://new.kenyalaw.org/akn/ke/act/ln/2012/14/eng@2022-12-31","","","pending","Boundary description is legally referenced; machine-readable geometry has not yet passed CRS and topology validation."
"cd86a58f-14a7-52ac-8478-b898c55db0e0","73c49e9b-999b-5afe-b5e0-c5df4a48efed","LN14-2012-v1","2010-08-27","","KENYA-LAW-LN14-2012","https://new.kenyalaw.org/akn/ke/act/ln/2012/14/eng@2022-12-31","","","pending","Boundary description is legally referenced; machine-readable geometry has not yet passed CRS and topology validation."
"0e5c7816-51b5-5490-8366-221dd3a8c5cc","efcf0d37-384c-58d0-ba43-bf8937e062a8","LN14-2012-v1","2010-08-27","","KENYA-LAW-LN14-2012","https://new.kenyalaw.org/akn/ke/act/ln/2012/14/eng@2022-12-31","","","pending","Boundary description is legally referenced; machine-readable geometry has not yet passed CRS and topology validation."
"502150fe-e56d-550d-a224-e0b62aa93fb6","110b5a9b-accf-53d3-b558-8d1cc1476690","LN14-2012-v1","2010-08-27","","KENYA-LAW-LN14-2012","https://new.kenyalaw.org/akn/ke/act/ln/2012/14/eng@2022-12-31","","","pending","Boundary description is legally referenced; machine-readable geometry has not yet passed CRS and topology validation."
"03fb3e98-2018-5509-ad80-18d8b76dcd75","418212dc-0a47-510e-83c3-c30fd9deb53e","LN14-2012-v1","2010-08-27","","KENYA-LAW-LN14-2012","https://new.kenyalaw.org/akn/ke/act/ln/2012/14/eng@2022-12-31","","","pending","Boundary description is legally referenced; machine-readable geometry has not yet passed CRS and topology validation."
"f50ce873-bf4b-57b6-9c3f-c862cbba7296","f1432c15-8450-5e4b-a668-5151dd0e008d","LN14-2012-v1","2010-08-27","","KENYA-LAW-LN14-2012","https://new.kenyalaw.org/akn/ke/act/ln/2012/14/eng@2022-12-31","","","pending","Boundary description is legally referenced; machine-readable geometry has not yet passed CRS and topology validation."
"8e630f59-4f78-55c3-8d0c-a38190f599c5","16808e44-6168-57a9-81fd-29dbe2682acb","LN14-2012-v1","2010-08-27","","KENYA-LAW-LN14-2012","https://new.kenyalaw.org/akn/ke/act/ln/2012/14/eng@2022-12-31","","","pending","Boundary description is legally referenced; machine-readable geometry has not yet passed CRS and topology validation."
"25678eec-072a-51bd-a6fd-6c234e32f0c4","b183f606-6fbd-55ba-b94c-f4819df0a852","LN14-2012-v1","2010-08-27","","KENYA-LAW-LN14-2012","https://new.kenyalaw.org/akn/ke/act/ln/2012/14/eng@2022-12-31","","","pending","Boundary description is legally referenced; machine-readable geometry has not yet passed CRS and topology validation."
"978c9f62-b2e7-5e1f-a7af-73ebab3463ad","63e6158b-4293-559b-a0b8-cb068735d4a8","LN14-2012-v1","2010-08-27","","KENYA-LAW-LN14-2012","https://new.kenyalaw.org/akn/ke/act/ln/2012/14/eng@2022-12-31","","","pending","Boundary description is legally referenced; machine-readable geometry has not yet passed CRS and topology validation."
"7e9a5131-b5ab-5408-afc9-2445d600a29a","b4bc133a-fe17-5ab9-8824-af7895fdd276","LN14-2012-v1","2010-08-27","","KENYA-LAW-LN14-2012","https://new.kenyalaw.org/akn/ke/act/ln/2012/14/eng@2022-12-31","","","pending","Boundary description is legally referenced; machine-readable geometry has not yet passed CRS and topology validation."
"8dc3bbcc-1de7-5602-8ad6-0d452311dc0e","79e6e98b-2569-5520-b4c1-7faa24557250","LN14-2012-v1","2010-08-27","","KENYA-LAW-LN14-2012","https://new.kenyalaw.org/akn/ke/act/ln/2012/14/eng@2022-12-31","","","pending","Boundary description is legally referenced; machine-readable geometry has not yet passed CRS and topology validation."
"f26c5abf-33e5-5075-b3a1-2c93f421fbe1","321c4e21-8c5a-5baf-ba86-a539c99a5e9b","LN14-2012-v1","2010-08-27","","KENYA-LAW-LN14-2012","https://new.kenyalaw.org/akn/ke/act/ln/2012/14/eng@2022-12-31","","","pending","Boundary description is legally referenced; machine-readable geometry has not yet passed CRS and topology validation."
"17ae2d25-9532-56c6-8a81-7f4d2de0a146","2e88f596-ae2e-5298-a295-8078bb369a9d","LN14-2012-v1","2010-08-27","","KENYA-LAW-LN14-2012","https://new.kenyalaw.org/akn/ke/act/ln/2012/14/eng@2022-12-31","","","pending","Boundary description is legally referenced; machine-readable geometry has not yet passed CRS and topology validation."
"a0c480e1-5013-5478-ac94-d8a17dc85d5a","1435e02a-7508-5914-9d5c-399adc0ff5f5","LN14-2012-v1","2010-08-27","","KENYA-LAW-LN14-2012","https://new.kenyalaw.org/akn/ke/act/ln/2012/14/eng@2022-12-31","","","pending","Boundary description is legally referenced; machine-readable geometry has not yet passed CRS and topology validation."
"fe9b7d54-ffc5-56d4-998a-4432c83631d2","550f28f3-a8f8-566e-a458-137789e3f89d","LN14-2012-v1","2010-08-27","","KENYA-LAW-LN14-2012","https://new.kenyalaw.org/akn/ke/act/ln/2012/14/eng@2022-12-31","","","pending","Boundary description is legally referenced; machine-readable geometry has not yet passed CRS and topology validation."
"a83dd469-8637-58ac-8692-906dd9bf586d","f4d743d7-f527-5691-818d-83ca7ae22c14","LN14-2012-v1","2010-08-27","","KENYA-LAW-LN14-2012","https://new.kenyalaw.org/akn/ke/act/ln/2012/14/eng@2022-12-31","","","pending","Boundary description is legally referenced; machine-readable geometry has not yet passed CRS and topology validation."
"f004657d-01b8-5e83-85b5-e823032116e3","bd1f873f-6065-5372-96a9-0849be7e402f","LN14-2012-v1","2010-08-27","","KENYA-LAW-LN14-2012","https://new.kenyalaw.org/akn/ke/act/ln/2012/14/eng@2022-12-31","","","pending","Boundary description is legally referenced; machine-readable geometry has not yet passed CRS and topology validation."
"19f45f0d-5063-5e9f-a6a5-0ec0bb856327","c10e40a8-4a0f-5ac9-9a9c-9538938f81fd","LN14-2012-v1","2010-08-27","","KENYA-LAW-LN14-2012","https://new.kenyalaw.org/akn/ke/act/ln/2012/14/eng@2022-12-31","","","pending","Boundary description is legally referenced; machine-readable geometry has not yet passed CRS and topology validation."
"e2d9998b-3af0-56ac-ac9e-a6c6973f66ad","2929fd5b-add6-5a6b-918b-661d37c1e21a","LN14-2012-v1","2010-08-27","","KENYA-LAW-LN14-2012","https://new.kenyalaw.org/akn/ke/act/ln/2012/14/eng@2022-12-31","","","pending","Boundary description is legally referenced; machine-readable geometry has not yet passed CRS and topology validation."
"eb2a274e-60fa-5af1-a968-805a19816cd2","9dc9005d-2ad9-57f1-9927-c951df4e5cfb","LN14-2012-v1","2010-08-27","","KENYA-LAW-LN14-2012","https://new.kenyalaw.org/akn/ke/act/ln/2012/14/eng@2022-12-31","","","pending","Boundary description is legally referenced; machine-readable geometry has not yet passed CRS and topology validation."
"19030439-87c7-5e28-8b25-44c4903597f8","84932ef0-f570-5d9b-892c-3c561b214be9","LN14-2012-v1","2010-08-27","","KENYA-LAW-LN14-2012","https://new.kenyalaw.org/akn/ke/act/ln/2012/14/eng@2022-12-31","","","pending","Boundary description is legally referenced; machine-readable geometry has not yet passed CRS and topology validation."
"273db8c5-67d1-55e8-b76a-5591b046b76a","a91c60cb-b2b4-5cdf-a1fc-fbe89f9f0665","LN14-2012-v1","2010-08-27","","KENYA-LAW-LN14-2012","https://new.kenyalaw.org/akn/ke/act/ln/2012/14/eng@2022-12-31","","","pending","Boundary description is legally referenced; machine-readable geometry has not yet passed CRS and topology validation."
"3e3a6dee-ab93-5b87-8a3c-fb69688ce39e","f377dad1-a4e8-5681-af41-07de7a5e66bc","LN14-2012-v1","2010-08-27","","KENYA-LAW-LN14-2012","https://new.kenyalaw.org/akn/ke/act/ln/2012/14/eng@2022-12-31","","","pending","Boundary description is legally referenced; machine-readable geometry has not yet passed CRS and topology validation."
"8b6117a9-fc38-50d1-a003-1faa4da75a3f","0b3dac6f-b81a-5ac8-bd57-34f3507c8c14","LN14-2012-v1","2010-08-27","","KENYA-LAW-LN14-2012","https://new.kenyalaw.org/akn/ke/act/ln/2012/14/eng@2022-12-31","","","pending","Boundary description is legally referenced; machine-readable geometry has not yet passed CRS and topology validation."
"37bd5b15-a4d5-5d1e-9bd9-efa860b722de","ce6e7794-14b4-5706-bff1-dd7a12880f11","LN14-2012-v1","2010-08-27","","KENYA-LAW-LN14-2012","https://new.kenyalaw.org/akn/ke/act/ln/2012/14/eng@2022-12-31","","","pending","Boundary description is legally referenced; machine-readable geometry has not yet passed CRS and topology validation."
"4ade82d9-45ae-569e-bef5-a62f0faf3ee6","e6c43924-d70e-57f7-9f0b-03aa5740d7f7","LN14-2012-v1","2010-08-27","","KENYA-LAW-LN14-2012","https://new.kenyalaw.org/akn/ke/act/ln/2012/14/eng@2022-12-31","","","pending","Boundary description is legally referenced; machine-readable geometry has not yet passed CRS and topology validation."
"4fa0bdc2-f37f-5f97-b6e6-8fabcad23e86","a4499272-a024-54c9-81a0-3596489b405f","LN14-2012-v1","2010-08-27","","KENYA-LAW-LN14-2012","https://new.kenyalaw.org/akn/ke/act/ln/2012/14/eng@2022-12-31","","","pending","Boundary description is legally referenced; machine-readable geometry has not yet passed CRS and topology validation."
"2d12bf45-6825-53a1-b62b-5d3676ce975a","ddeb0cc9-7b20-50d0-8a9e-9d5fd98d1131","LN14-2012-v1","2010-08-27","","KENYA-LAW-LN14-2012","https://new.kenyalaw.org/akn/ke/act/ln/2012/14/eng@2022-12-31","","","pending","Boundary description is legally referenced; machine-readable geometry has not yet passed CRS and topology validation."
"0da81fe4-fd6d-5497-873f-11fbc69f53e2","ef4a5751-388d-5620-9293-0a16f87395f2","LN14-2012-v1","2010-08-27","","KENYA-LAW-LN14-2012","https://new.kenyalaw.org/akn/ke/act/ln/2012/14/eng@2022-12-31","","","pending","Boundary description is legally referenced; machine-readable geometry has not yet passed CRS and topology validation."
"c4d862d7-f9d3-5963-a4ef-b76a8a1a9ddc","b480fa47-cda8-5199-afd4-eedc5ebd6a8f","LN14-2012-v1","2010-08-27","","KENYA-LAW-LN14-2012","https://new.kenyalaw.org/akn/ke/act/ln/2012/14/eng@2022-12-31","","","pending","Boundary description is legally referenced; machine-readable geometry has not yet passed CRS and topology validation."
"87642921-f267-5ea3-bdbe-553f0a81fff2","9ddae9f2-988b-581a-8282-7230e27be6b7","LN14-2012-v1","2010-08-27","","KENYA-LAW-LN14-2012","https://new.kenyalaw.org/akn/ke/act/ln/2012/14/eng@2022-12-31","","","pending","Boundary description is legally referenced; machine-readable geometry has not yet passed CRS and topology validation."
"344955ec-9c3e-55b8-92bd-c06d186e1647","9575e583-e49f-5e62-9a5d-e48f053e76e8","LN14-2012-v1","2010-08-27","","KENYA-LAW-LN14-2012","https://new.kenyalaw.org/akn/ke/act/ln/2012/14/eng@2022-12-31","","","pending","Boundary description is legally referenced; machine-readable geometry has not yet passed CRS and topology validation."
"7ab0d437-e9c1-5560-883e-25c06c95c48e","c2c462d1-7f28-5551-952b-482a5cfd3003","LN14-2012-v1","2010-08-27","","KENYA-LAW-LN14-2012","https://new.kenyalaw.org/akn/ke/act/ln/2012/14/eng@2022-12-31","","","pending","Boundary description is legally referenced; machine-readable geometry has not yet passed CRS and topology validation."
"175d30b9-f271-53cf-942e-079790888a8c","d403dba1-a3d3-5e2d-a896-78018f6b7c8e","LN14-2012-v1","2010-08-27","","KENYA-LAW-LN14-2012","https://new.kenyalaw.org/akn/ke/act/ln/2012/14/eng@2022-12-31","","","pending","Boundary description is legally referenced; machine-readable geometry has not yet passed CRS and topology validation."
"520c494f-eff2-5b2d-a496-63f73a522f41","bf6864bc-9f15-5e5f-819e-b6c30c83e8e8","LN14-2012-v1","2010-08-27","","KENYA-LAW-LN14-2012","https://new.kenyalaw.org/akn/ke/act/ln/2012/14/eng@2022-12-31","","","pending","Boundary description is legally referenced; machine-readable geometry has not yet passed CRS and topology validation."
"4797b86a-caff-5c12-92fb-cb50e2cab75e","b0e276b8-24d1-5715-88bd-1fc0812bc444","LN14-2012-v1","2012-03-09","","KENYA-LAW-LN14-2012","https://new.kenyalaw.org/akn/ke/act/ln/2012/14/eng@2022-12-31","","","pending","Boundary description is legally referenced; machine-readable geometry has not yet passed CRS and topology validation."
"71aaf353-5dbc-5004-9b37-92e35fbc4515","217f0890-6183-54cf-a4fc-7a970aff06f6","LN14-2012-v1","2012-03-09","","KENYA-LAW-LN14-2012","https://new.kenyalaw.org/akn/ke/act/ln/2012/14/eng@2022-12-31","","","pending","Boundary description is legally referenced; machine-readable geometry has not yet passed CRS and topology validation."
"c2a0272d-89d5-5b0b-a8eb-35edf51834c8","467f4044-c4c8-5e4e-9384-ddc29f27a933","LN14-2012-v1","2012-03-09","","KENYA-LAW-LN14-2012","https://new.kenyalaw.org/akn/ke/act/ln/2012/14/eng@2022-12-31","","","pending","Boundary description is legally referenced; machine-readable geometry has not yet passed CRS and topology validation."
"c22382d6-b6b3-596f-ba6e-9ec6bea94721","abaf45b4-7986-5b89-8948-47064daf5478","LN14-2012-v1","2012-03-09","","KENYA-LAW-LN14-2012","https://new.kenyalaw.org/akn/ke/act/ln/2012/14/eng@2022-12-31","","","pending","Boundary description is legally referenced; machine-readable geometry has not yet passed CRS and topology validation."
"a393ca37-784b-55a7-8930-efd19c5e4791","d797f93b-53c6-5e4d-acc2-b38dbe181e31","LN14-2012-v1","2012-03-09","","KENYA-LAW-LN14-2012","https://new.kenyalaw.org/akn/ke/act/ln/2012/14/eng@2022-12-31","","","pending","Boundary description is legally referenced; machine-readable geometry has not yet passed CRS and topology validation."
"678a5c8e-f3bf-5ec8-8fc5-74ca9e4e6aa4","68e4eab1-535c-5062-b61b-845508754c44","LN14-2012-v1","2012-03-09","","KENYA-LAW-LN14-2012","https://new.kenyalaw.org/akn/ke/act/ln/2012/14/eng@2022-12-31","","","pending","Boundary description is legally referenced; machine-readable geometry has not yet passed CRS and topology validation."
"b0590497-5661-5385-bc81-6136adfbf4a4","69b3a4a9-3db9-55a7-a35e-b983d4b55374","LN14-2012-v1","2012-03-09","","KENYA-LAW-LN14-2012","https://new.kenyalaw.org/akn/ke/act/ln/2012/14/eng@2022-12-31","","","pending","Boundary description is legally referenced; machine-readable geometry has not yet passed CRS and topology validation."
"e0509a73-3656-5d33-b5d2-3bc996d320bf","157afb85-90ec-5a6e-9e09-6eb3e8c00ba8","LN14-2012-v1","2012-03-09","","KENYA-LAW-LN14-2012","https://new.kenyalaw.org/akn/ke/act/ln/2012/14/eng@2022-12-31","","","pending","Boundary description is legally referenced; machine-readable geometry has not yet passed CRS and topology validation."
"2e51a473-7990-5879-9d3f-44253495104d","3a8d96a5-0384-5a2f-97eb-c083de06d77d","LN14-2012-v1","2012-03-09","","KENYA-LAW-LN14-2012","https://new.kenyalaw.org/akn/ke/act/ln/2012/14/eng@2022-12-31","","","pending","Boundary description is legally referenced; machine-readable geometry has not yet passed CRS and topology validation."
"6e90edf2-2655-5936-b9cd-e9f282ccc727","bc2718f3-dc49-59cf-a7e0-536034952b10","LN14-2012-v1","2012-03-09","","KENYA-LAW-LN14-2012","https://new.kenyalaw.org/akn/ke/act/ln/2012/14/eng@2022-12-31","","","pending","Boundary description is legally referenced; machine-readable geometry has not yet passed CRS and topology validation."
"d543ca72-bc83-5c3d-b617-c812c4b00882","a6633cb4-2a53-51e8-8014-ebf1335f835c","LN14-2012-v1","2012-03-09","","KENYA-LAW-LN14-2012","https://new.kenyalaw.org/akn/ke/act/ln/2012/14/eng@2022-12-31","","","pending","Boundary description is legally referenced; machine-readable geometry has not yet passed CRS and topology validation."
"80fbe72b-bbf0-5059-aba2-73a68ebbfe5b","153b9ba3-dcb0-5086-b310-7dbcf36337ff","LN14-2012-v1","2012-03-09","","KENYA-LAW-LN14-2012","https://new.kenyalaw.org/akn/ke/act/ln/2012/14/eng@2022-12-31","","","pending","Boundary description is legally referenced; machine-readable geometry has not yet passed CRS and topology validation."
"2dc7bcc1-db4d-55fc-b0e5-5e92d9a555dc","0fbcd634-de65-5c39-b17a-be12c278eafd","LN14-2012-v1","2012-03-09","","KENYA-LAW-LN14-2012","https://new.kenyalaw.org/akn/ke/act/ln/2012/14/eng@2022-12-31","","","pending","Boundary description is legally referenced; machine-readable geometry has not yet passed CRS and topology validation."
"6b25e218-0194-5d9c-9ef4-0cdd01386e7a","29091e0a-09cb-51ad-8501-11f9d3629daa","LN14-2012-v1","2012-03-09","","KENYA-LAW-LN14-2012","https://new.kenyalaw.org/akn/ke/act/ln/2012/14/eng@2022-12-31","","","pending","Boundary description is legally referenced; machine-readable geometry has not yet passed CRS and topology validation."
"54d1b214-1cfb-56b4-a6be-fda48beea807","d4fd6228-0b54-594b-ab75-7ebcaf8e47f5","LN14-2012-v1","2012-03-09","","KENYA-LAW-LN14-2012","https://new.kenyalaw.org/akn/ke/act/ln/2012/14/eng@2022-12-31","","","pending","Boundary description is legally referenced; machine-readable geometry has not yet passed CRS and topology validation."
"65faa5d1-11ee-5b70-9889-968200a1a6fe","9dac3381-02d4-5e16-864a-9ee01e70d34d","LN14-2012-v1","2012-03-09","","KENYA-LAW-LN14-2012","https://new.kenyalaw.org/akn/ke/act/ln/2012/14/eng@2022-12-31","","","pending","Boundary description is legally referenced; machine-readable geometry has not yet passed CRS and topology validation."
"46f5a982-07a6-5eac-81b6-b1a9254d2a38","d5187a92-f471-5b0c-af98-7a51dc3de30f","LN14-2012-v1","2012-03-09","","KENYA-LAW-LN14-2012","https://new.kenyalaw.org/akn/ke/act/ln/2012/14/eng@2022-12-31","","","pending","Boundary description is legally referenced; machine-readable geometry has not yet passed CRS and topology validation."
"1d71b7b6-ee0d-5bfa-8f84-0940d34cfc6e","54d9485c-ebe2-5a9b-8112-7d18c2bc5940","LN14-2012-v1","2012-03-09","","KENYA-LAW-LN14-2012","https://new.kenyalaw.org/akn/ke/act/ln/2012/14/eng@2022-12-31","","","pending","Boundary description is legally referenced; machine-readable geometry has not yet passed CRS and topology validation."
"f3583645-5f58-5561-884f-61ea50a4cac3","a9fe82cc-d998-5c50-a4e6-e8fbbee7ffb7","LN14-2012-v1","2012-03-09","","KENYA-LAW-LN14-2012","https://new.kenyalaw.org/akn/ke/act/ln/2012/14/eng@2022-12-31","","","pending","Boundary description is legally referenced; machine-readable geometry has not yet passed CRS and topology validation."
"94e26980-ff4a-589f-ab58-6fc68d631f7e","3186deb8-3290-5971-a105-06a1ed9edf8d","LN14-2012-v1","2012-03-09","","KENYA-LAW-LN14-2012","https://new.kenyalaw.org/akn/ke/act/ln/2012/14/eng@2022-12-31","","","pending","Boundary description is legally referenced; machine-readable geometry has not yet passed CRS and topology validation."
"3b8c466e-ea72-551e-bdc6-53a4f23181e6","4eaeca9e-b1c3-59d4-9fbe-c42a9801a4d9","LN14-2012-v1","2012-03-09","","KENYA-LAW-LN14-2012","https://new.kenyalaw.org/akn/ke/act/ln/2012/14/eng@2022-12-31","","","pending","Boundary description is legally referenced; machine-readable geometry has not yet passed CRS and topology validation."
"2d93faa5-1167-50ed-9577-3d37a674be08","1ccf87ea-e8a8-58c0-ab24-1211591f8baa","LN14-2012-v1","2012-03-09","","KENYA-LAW-LN14-2012","https://new.kenyalaw.org/akn/ke/act/ln/2012/14/eng@2022-12-31","","","pending","Boundary description is legally referenced; machine-readable geometry has not yet passed CRS and topology validation."
"ad578684-209f-55ca-bcc7-b52f8a84cdd7","9a6b7180-4bef-5544-a1dc-80bf086b1629","LN14-2012-v1","2012-03-09","","KENYA-LAW-LN14-2012","https://new.kenyalaw.org/akn/ke/act/ln/2012/14/eng@2022-12-31","","","pending","Boundary description is legally referenced; machine-readable geometry has not yet passed CRS and topology validation."
"65cdf5b6-d59f-59b3-8829-9a610e30e0f3","03bbde54-b5ef-56d9-b37c-20ba7fa6f537","LN14-2012-v1","2012-03-09","","KENYA-LAW-LN14-2012","https://new.kenyalaw.org/akn/ke/act/ln/2012/14/eng@2022-12-31","","","pending","Boundary description is legally referenced; machine-readable geometry has not yet passed CRS and topology validation."
"fe723a99-63e0-564e-b638-d4e280bbb047","16170078-b685-51ca-ae2f-1b95517f7d8f","LN14-2012-v1","2012-03-09","","KENYA-LAW-LN14-2012","https://new.kenyalaw.org/akn/ke/act/ln/2012/14/eng@2022-12-31","","","pending","Boundary description is legally referenced; machine-readable geometry has not yet passed CRS and topology validation."
"fa62c4c3-d042-5ca8-a911-6014fe4cc07b","bb7371fe-f042-5453-80af-8c04012656d8","LN14-2012-v1","2012-03-09","","KENYA-LAW-LN14-2012","https://new.kenyalaw.org/akn/ke/act/ln/2012/14/eng@2022-12-31","","","pending","Boundary description is legally referenced; machine-readable geometry has not yet passed CRS and topology validation."
"e29d4432-fd54-5d1b-99ba-72b00ec4011e","473cc6ac-a5bd-599f-9465-b0669cca0794","LN14-2012-v1","2012-03-09","","KENYA-LAW-LN14-2012","https://new.kenyalaw.org/akn/ke/act/ln/2012/14/eng@2022-12-31","","","pending","Boundary description is legally referenced; machine-readable geometry has not yet passed CRS and topology validation."
"6f455543-db21-551d-8e40-6c895f12fb40","c059d8ba-4168-54c8-9bb1-49ce1286caba","LN14-2012-v1","2012-03-09","","KENYA-LAW-LN14-2012","https://new.kenyalaw.org/akn/ke/act/ln/2012/14/eng@2022-12-31","","","pending","Boundary description is legally referenced; machine-readable geometry has not yet passed CRS and topology validation."
"4a7426d7-545b-5eb0-b8eb-6831ced0ccfe","17d338d4-3309-56c7-a143-ea1ba5e822de","LN14-2012-v1","2012-03-09","","KENYA-LAW-LN14-2012","https://new.kenyalaw.org/akn/ke/act/ln/2012/14/eng@2022-12-31","","","pending","Boundary description is legally referenced; machine-readable geometry has not yet passed CRS and topology validation."
"54ffbe8d-3eab-5b8d-97e4-499a6bed9260","342452d0-2dfa-5070-8816-5d2810bfbc45","LN14-2012-v1","2012-03-09","","KENYA-LAW-LN14-2012","https://new.kenyalaw.org/akn/ke/act/ln/2012/14/eng@2022-12-31","","","pending","Boundary description is legally referenced; machine-readable geometry has not yet passed CRS and topology validation."
"d3c8b7b8-c646-5c9c-9140-30ae557042af","71ec1922-cf6c-5e19-8595-d27b77b91a8d","LN14-2012-v1","2012-03-09","","KENYA-LAW-LN14-2012","https://new.kenyalaw.org/akn/ke/act/ln/2012/14/eng@2022-12-31","","","pending","Boundary description is legally referenced; machine-readable geometry has not yet passed CRS and topology validation."
"87b2be3d-a064-5167-8b85-dbad20512ca7","d39f303b-7165-5619-82b0-5b5aa998f870","LN14-2012-v1","2012-03-09","","KENYA-LAW-LN14-2012","https://new.kenyalaw.org/akn/ke/act/ln/2012/14/eng@2022-12-31","","","pending","Boundary description is legally referenced; machine-readable geometry has not yet passed CRS and topology validation."
"df53a3be-390f-5429-bdae-f1b9ae9aaeba","fa923aa0-5a27-544b-9d4a-8c64a2adfcc0","LN14-2012-v1","2012-03-09","","KENYA-LAW-LN14-2012","https://new.kenyalaw.org/akn/ke/act/ln/2012/14/eng@2022-12-31","","","pending","Boundary description is legally referenced; machine-readable geometry has not yet passed CRS and topology validation."
"1dca0560-182b-5fd4-b2c9-84f1d2350895","5b62b425-0715-5ead-b089-522d5236e155","LN14-2012-v1","2012-03-09","","KENYA-LAW-LN14-2012","https://new.kenyalaw.org/akn/ke/act/ln/2012/14/eng@2022-12-31","","","pending","Boundary description is legally referenced; machine-readable geometry has not yet passed CRS and topology validation."
"79c3ce77-e3bb-5e3d-98df-62f43e6ce1a9","3bda758d-b1df-50d6-a2e1-3157aeae7b10","LN14-2012-v1","2012-03-09","","KENYA-LAW-LN14-2012","https://new.kenyalaw.org/akn/ke/act/ln/2012/14/eng@2022-12-31","","","pending","Boundary description is legally referenced; machine-readable geometry has not yet passed CRS and topology validation."
"7e7f47a4-c049-58c2-9f64-9e2e91dd76cf","127bf57d-b28f-55e4-a9fd-a03d23a4bc13","LN14-2012-v1","2012-03-09","","KENYA-LAW-LN14-2012","https://new.kenyalaw.org/akn/ke/act/ln/2012/14/eng@2022-12-31","","","pending","Boundary description is legally referenced; machine-readable geometry has not yet passed CRS and topology validation."
"b6c2d7f8-3738-54d8-bbf5-0d334c001b91","94e2e7ed-dcbc-5f56-9e00-c3ab5fbcbdf9","LN14-2012-v1","2012-03-09","","KENYA-LAW-LN14-2012","https://new.kenyalaw.org/akn/ke/act/ln/2012/14/eng@2022-12-31","","","pending","Boundary description is legally referenced; machine-readable geometry has not yet passed CRS and topology validation."
"0f2712ba-1dfc-571f-9b99-f1784788a753","9637010d-1a35-55ec-89bc-3800ac8fb2d2","LN14-2012-v1","2012-03-09","","KENYA-LAW-LN14-2012","https://new.kenyalaw.org/akn/ke/act/ln/2012/14/eng@2022-12-31","","","pending","Boundary description is legally referenced; machine-readable geometry has not yet passed CRS and topology validation."
"45461c9c-3185-5efc-9347-f90de9b2790f","4ce4ca04-a64d-5e05-8342-97d41053a36b","LN14-2012-v1","2012-03-09","","KENYA-LAW-LN14-2012","https://new.kenyalaw.org/akn/ke/act/ln/2012/14/eng@2022-12-31","","","pending","Boundary description is legally referenced; machine-readable geometry has not yet passed CRS and topology validation."
"6d25033a-10d7-5e39-9d2e-61ef4a1f86b4","09c9c0b8-08d2-5a85-82b8-025ebbc40a51","LN14-2012-v1","2012-03-09","","KENYA-LAW-LN14-2012","https://new.kenyalaw.org/akn/ke/act/ln/2012/14/eng@2022-12-31","","","pending","Boundary description is legally referenced; machine-readable geometry has not yet passed CRS and topology validation."
"c8ab5e37-e6ac-575c-970e-106199b6f8dd","b729cbca-1575-5708-96ca-a816106d22b9","LN14-2012-v1","2012-03-09","","KENYA-LAW-LN14-2012","https://new.kenyalaw.org/akn/ke/act/ln/2012/14/eng@2022-12-31","","","pending","Boundary description is legally referenced; machine-readable geometry has not yet passed CRS and topology validation."
"44c3fcbc-c1dc-506c-94b3-e7b69dce1b7e","35d25741-ebee-59a6-8a1b-2e2ff90d3358","LN14-2012-v1","2012-03-09","","KENYA-LAW-LN14-2012","https://new.kenyalaw.org/akn/ke/act/ln/2012/14/eng@2022-12-31","","","pending","Boundary description is legally referenced; machine-readable geometry has not yet passed CRS and topology validation."
"6dd33a15-11bb-55f5-b0ab-46a926b300eb","43e8c510-d5a9-5c4e-8418-56fdb960524f","LN14-2012-v1","2012-03-09","","KENYA-LAW-LN14-2012","https://new.kenyalaw.org/akn/ke/act/ln/2012/14/eng@2022-12-31","","","pending","Boundary description is legally referenced; machine-readable geometry has not yet passed CRS and topology validation."
"d887b430-26ac-5910-a530-e36ff3adbfa7","3c1ee231-21e8-5e79-bae9-af8f295fc22e","LN14-2012-v1","2012-03-09","","KENYA-LAW-LN14-2012","https://new.kenyalaw.org/akn/ke/act/ln/2012/14/eng@2022-12-31","","","pending","Boundary description is legally referenced; machine-readable geometry has not yet passed CRS and topology validation."
"3efaee12-decd-5ec1-850b-e8a69a3d1029","9a6efbf8-6a9e-5a5e-b3ea-ff9f29c5a8f6","LN14-2012-v1","2012-03-09","","KENYA-LAW-LN14-2012","https://new.kenyalaw.org/akn/ke/act/ln/2012/14/eng@2022-12-31","","","pending","Boundary description is legally referenced; machine-readable geometry has not yet passed CRS and topology validation."
"66f1ac22-420c-5464-b542-b18499dba8d8","5b9cf2e1-f7e3-5e23-8a0e-6322cba4a203","LN14-2012-v1","2012-03-09","","KENYA-LAW-LN14-2012","https://new.kenyalaw.org/akn/ke/act/ln/2012/14/eng@2022-12-31","","","pending","Boundary description is legally referenced; machine-readable geometry has not yet passed CRS and topology validation."
"29771f8c-ae49-57f1-920c-450bd1e644b0","38e7813e-529e-51ef-80f6-428f5478c825","LN14-2012-v1","2012-03-09","","KENYA-LAW-LN14-2012","https://new.kenyalaw.org/akn/ke/act/ln/2012/14/eng@2022-12-31","","","pending","Boundary description is legally referenced; machine-readable geometry has not yet passed CRS and topology validation."
"7cce20c0-a85e-5953-9d73-3815fa0c917c","fbd7da2b-0197-5504-a66c-1a0333f5c8e5","LN14-2012-v1","2012-03-09","","KENYA-LAW-LN14-2012","https://new.kenyalaw.org/akn/ke/act/ln/2012/14/eng@2022-12-31","","","pending","Boundary description is legally referenced; machine-readable geometry has not yet passed CRS and topology validation."
"26322144-b0cb-5c8e-bfde-e685b973536f","f1ed2f51-8c4d-5cea-b1b0-0778855ed1fb","LN14-2012-v1","2012-03-09","","KENYA-LAW-LN14-2012","https://new.kenyalaw.org/akn/ke/act/ln/2012/14/eng@2022-12-31","","","pending","Boundary description is legally referenced; machine-readable geometry has not yet passed CRS and topology validation."
"30c81a30-c5d0-5c2c-a5ea-755ac4b864e7","b9cf5765-79fb-58e3-a6e1-fa419874bb9b","LN14-2012-v1","2012-03-09","","KENYA-LAW-LN14-2012","https://new.kenyalaw.org/akn/ke/act/ln/2012/14/eng@2022-12-31","","","pending","Boundary description is legally referenced; machine-readable geometry has not yet passed CRS and topology validation."
"2fded222-3e57-5acc-9566-0417ac63d906","59f520e4-65fc-5a75-a362-0481682d7e71","LN14-2012-v1","2012-03-09","","KENYA-LAW-LN14-2012","https://new.kenyalaw.org/akn/ke/act/ln/2012/14/eng@2022-12-31","","","pending","Boundary description is legally referenced; machine-readable geometry has not yet passed CRS and topology validation."
"c2aa78e7-3636-5e16-8341-b14bd042d742","5e1e86a0-578b-5c85-94a0-9eba937512a2","LN14-2012-v1","2012-03-09","","KENYA-LAW-LN14-2012","https://new.kenyalaw.org/akn/ke/act/ln/2012/14/eng@2022-12-31","","","pending","Boundary description is legally referenced; machine-readable geometry has not yet passed CRS and topology validation."
"c7bb5b56-c271-5941-8abc-b59b629e0cbd","6e46329e-8e61-51ab-b381-287d65682c43","LN14-2012-v1","2012-03-09","","KENYA-LAW-LN14-2012","https://new.kenyalaw.org/akn/ke/act/ln/2012/14/eng@2022-12-31","","","pending","Boundary description is legally referenced; machine-readable geometry has not yet passed CRS and topology validation."
"5dbbcbf9-eecc-54ea-a878-beba9fac2d9d","e4451399-9b0b-5898-b16f-94e0ff92910e","LN14-2012-v1","2012-03-09","","KENYA-LAW-LN14-2012","https://new.kenyalaw.org/akn/ke/act/ln/2012/14/eng@2022-12-31","","","pending","Boundary description is legally referenced; machine-readable geometry has not yet passed CRS and topology validation."
"ae206ed9-d9c0-576b-b103-6e259f32c37e","ae0efaa5-cfaa-54b5-8f9c-feb87ba278df","LN14-2012-v1","2012-03-09","","KENYA-LAW-LN14-2012","https://new.kenyalaw.org/akn/ke/act/ln/2012/14/eng@2022-12-31","","","pending","Boundary description is legally referenced; machine-readable geometry has not yet passed CRS and topology validation."
"7a44257c-b48d-5219-9913-720263a87852","56012725-34d5-5519-9ac2-bd07ec040da0","LN14-2012-v1","2012-03-09","","KENYA-LAW-LN14-2012","https://new.kenyalaw.org/akn/ke/act/ln/2012/14/eng@2022-12-31","","","pending","Boundary description is legally referenced; machine-readable geometry has not yet passed CRS and topology validation."
"835f5c9d-a248-5fd1-a060-fb1ab4d12c37","edd7aedb-37fe-5661-9fef-52c08cbd8f6a","LN14-2012-v1","2012-03-09","","KENYA-LAW-LN14-2012","https://new.kenyalaw.org/akn/ke/act/ln/2012/14/eng@2022-12-31","","","pending","Boundary description is legally referenced; machine-readable geometry has not yet passed CRS and topology validation."
"3c9d705a-2a4d-51e7-b802-6dc9c6a8d1be","6e222a80-99a0-5c83-91ef-0cc3d91738a5","LN14-2012-v1","2012-03-09","","KENYA-LAW-LN14-2012","https://new.kenyalaw.org/akn/ke/act/ln/2012/14/eng@2022-12-31","","","pending","Boundary description is legally referenced; machine-readable geometry has not yet passed CRS and topology validation."
"bd654e97-c5bc-5485-a3f1-4b5303ec1c5b","46f243db-e7f2-54b1-abc3-42bfcff2498b","LN14-2012-v1","2012-03-09","","KENYA-LAW-LN14-2012","https://new.kenyalaw.org/akn/ke/act/ln/2012/14/eng@2022-12-31","","","pending","Boundary description is legally referenced; machine-readable geometry has not yet passed CRS and topology validation."
"23efd205-7f48-57e2-8172-65d8961e23a3","3b75bb60-db7f-5a11-ab38-0b7dc35f2f2e","LN14-2012-v1","2012-03-09","","KENYA-LAW-LN14-2012","https://new.kenyalaw.org/akn/ke/act/ln/2012/14/eng@2022-12-31","","","pending","Boundary description is legally referenced; machine-readable geometry has not yet passed CRS and topology validation."
"f1e4bc55-6f6c-5d71-8435-44337779f777","d6c946c3-9a0f-50db-a973-d811695a2546","LN14-2012-v1","2012-03-09","","KENYA-LAW-LN14-2012","https://new.kenyalaw.org/akn/ke/act/ln/2012/14/eng@2022-12-31","","","pending","Boundary description is legally referenced; machine-readable geometry has not yet passed CRS and topology validation."
"7d46c8c3-b8c1-5e20-b7ec-b0fbf1554ad8","ff0f205e-8046-5dc6-bb10-7c78c8b5fe06","LN14-2012-v1","2012-03-09","","KENYA-LAW-LN14-2012","https://new.kenyalaw.org/akn/ke/act/ln/2012/14/eng@2022-12-31","","","pending","Boundary description is legally referenced; machine-readable geometry has not yet passed CRS and topology validation."
"6b0f1113-d974-5fee-b2ed-60c32cce4bad","d5273b88-f5cf-5dc9-b81e-b723a30f1bbd","LN14-2012-v1","2012-03-09","","KENYA-LAW-LN14-2012","https://new.kenyalaw.org/akn/ke/act/ln/2012/14/eng@2022-12-31","","","pending","Boundary description is legally referenced; machine-readable geometry has not yet passed CRS and topology validation."
"8a82cdca-da19-52ab-bbf4-f64ee10231f0","1b3c5bda-be99-5f4d-97b7-ee916f6bfe4c","LN14-2012-v1","2012-03-09","","KENYA-LAW-LN14-2012","https://new.kenyalaw.org/akn/ke/act/ln/2012/14/eng@2022-12-31","","","pending","Boundary description is legally referenced; machine-readable geometry has not yet passed CRS and topology validation."
"519a43b6-0f59-5e9c-a97f-ede900628435","ad5a1b54-cb3f-58d0-acde-d9cb1f93492c","LN14-2012-v1","2012-03-09","","KENYA-LAW-LN14-2012","https://new.kenyalaw.org/akn/ke/act/ln/2012/14/eng@2022-12-31","","","pending","Boundary description is legally referenced; machine-readable geometry has not yet passed CRS and topology validation."
"3ab7339c-2ff2-59b1-9bae-89a5315e0b6b","04b9daca-a4da-58dc-868d-2c785653c8ce","LN14-2012-v1","2012-03-09","","KENYA-LAW-LN14-2012","https://new.kenyalaw.org/akn/ke/act/ln/2012/14/eng@2022-12-31","","","pending","Boundary description is legally referenced; machine-readable geometry has not yet passed CRS and topology validation."
"7b9110f4-aa30-5592-9205-93d57a135807","027c8dd3-1a56-5d69-9f2a-1b610f9eee04","LN14-2012-v1","2012-03-09","","KENYA-LAW-LN14-2012","https://new.kenyalaw.org/akn/ke/act/ln/2012/14/eng@2022-12-31","","","pending","Boundary description is legally referenced; machine-readable geometry has not yet passed CRS and topology validation."
"a1ec09ab-59bd-5852-b2a6-831b3907f212","074b6e16-ae88-5f98-b65a-da4f204f79e1","LN14-2012-v1","2012-03-09","","KENYA-LAW-LN14-2012","https://new.kenyalaw.org/akn/ke/act/ln/2012/14/eng@2022-12-31","","","pending","Boundary description is legally referenced; machine-readable geometry has not yet passed CRS and topology validation."
"e7b8b4d4-3dbc-5d46-b6b5-88a768befa38","566dfdda-4d18-586f-8c5d-2f38b1c97e5b","LN14-2012-v1","2012-03-09","","KENYA-LAW-LN14-2012","https://new.kenyalaw.org/akn/ke/act/ln/2012/14/eng@2022-12-31","","","pending","Boundary description is legally referenced; machine-readable geometry has not yet passed CRS and topology validation."
"9011254e-cf11-55ba-8852-4c44ccbf78be","6572b744-7cce-5ca4-9d70-a8dfafd16fcc","LN14-2012-v1","2012-03-09","","KENYA-LAW-LN14-2012","https://new.kenyalaw.org/akn/ke/act/ln/2012/14/eng@2022-12-31","","","pending","Boundary description is legally referenced; machine-readable geometry has not yet passed CRS and topology validation."
"98c4e529-7de9-5224-b2bc-63a076ff8a67","f8f474af-cf02-5858-a220-9930e7598a38","LN14-2012-v1","2012-03-09","","KENYA-LAW-LN14-2012","https://new.kenyalaw.org/akn/ke/act/ln/2012/14/eng@2022-12-31","","","pending","Boundary description is legally referenced; machine-readable geometry has not yet passed CRS and topology validation."
"1ca05837-6dc5-5f39-9129-b12d98ee6788","bf575b9a-bd43-55e5-ad37-019ec53c403e","LN14-2012-v1","2012-03-09","","KENYA-LAW-LN14-2012","https://new.kenyalaw.org/akn/ke/act/ln/2012/14/eng@2022-12-31","","","pending","Boundary description is legally referenced; machine-readable geometry has not yet passed CRS and topology validation."
"b4b08050-dbf9-5d45-9bda-72eed8347e0e","8353c485-9f28-5760-91f1-ed6b6ef05286","LN14-2012-v1","2012-03-09","","KENYA-LAW-LN14-2012","https://new.kenyalaw.org/akn/ke/act/ln/2012/14/eng@2022-12-31","","","pending","Boundary description is legally referenced; machine-readable geometry has not yet passed CRS and topology validation."
"51ef2c71-59f3-565c-8796-11d4b607c3b8","7f9e2d72-f726-59db-82f8-29c4c21d416f","LN14-2012-v1","2012-03-09","","KENYA-LAW-LN14-2012","https://new.kenyalaw.org/akn/ke/act/ln/2012/14/eng@2022-12-31","","","pending","Boundary description is legally referenced; machine-readable geometry has not yet passed CRS and topology validation."
"97aa7d52-c134-544e-845e-7c285939e33c","9b837daf-e68c-548a-8b71-93da3f808718","LN14-2012-v1","2012-03-09","","KENYA-LAW-LN14-2012","https://new.kenyalaw.org/akn/ke/act/ln/2012/14/eng@2022-12-31","","","pending","Boundary description is legally referenced; machine-readable geometry has not yet passed CRS and topology validation."
"f5c64041-af3c-5c8c-815a-3aff3dbf4ca9","113afd48-eb33-581e-b225-f2d5f1ebce72","LN14-2012-v1","2012-03-09","","KENYA-LAW-LN14-2012","https://new.kenyalaw.org/akn/ke/act/ln/2012/14/eng@2022-12-31","","","pending","Boundary description is legally referenced; machine-readable geometry has not yet passed CRS and topology validation."
"3f1fc01e-555d-5856-8e05-1d9aa2b294dd","3e410b30-9bad-5a64-b929-709444c77d62","LN14-2012-v1","2012-03-09","","KENYA-LAW-LN14-2012","https://new.kenyalaw.org/akn/ke/act/ln/2012/14/eng@2022-12-31","","","pending","Boundary description is legally referenced; machine-readable geometry has not yet passed CRS and topology validation."
"5a282e98-4786-51a0-a36c-e174dc56e2c5","c221fad5-2ec5-570e-bf6a-7667fc4922ae","LN14-2012-v1","2012-03-09","","KENYA-LAW-LN14-2012","https://new.kenyalaw.org/akn/ke/act/ln/2012/14/eng@2022-12-31","","","pending","Boundary description is legally referenced; machine-readable geometry has not yet passed CRS and topology validation."
"53bae8c0-280a-5e31-bfd7-d9d1867fd1c5","e2ba7831-aaee-536c-b10d-0ab4f1a3a043","LN14-2012-v1","2012-03-09","","KENYA-LAW-LN14-2012","https://new.kenyalaw.org/akn/ke/act/ln/2012/14/eng@2022-12-31","","","pending","Boundary description is legally referenced; machine-readable geometry has not yet passed CRS and topology validation."
"8787247f-6e5b-5ba4-b2c2-f56035d32331","f4528eeb-59db-5a8c-8372-c837a7fa6ab5","LN14-2012-v1","2012-03-09","","KENYA-LAW-LN14-2012","https://new.kenyalaw.org/akn/ke/act/ln/2012/14/eng@2022-12-31","","","pending","Boundary description is legally referenced; machine-readable geometry has not yet passed CRS and topology validation."
"6f04f36c-7483-5d6b-aed5-9f3a3f0807b8","ee994bd4-19ab-54d0-bde6-09905091d472","LN14-2012-v1","2012-03-09","","KENYA-LAW-LN14-2012","https://new.kenyalaw.org/akn/ke/act/ln/2012/14/eng@2022-12-31","","","pending","Boundary description is legally referenced; machine-readable geometry has not yet passed CRS and topology validation."
"99b86e3d-5a70-5062-bc2b-1136b9153bae","683c128b-adca-57ed-9641-bfad75bf9abd","LN14-2012-v1","2012-03-09","","KENYA-LAW-LN14-2012","https://new.kenyalaw.org/akn/ke/act/ln/2012/14/eng@2022-12-31","","","pending","Boundary description is legally referenced; machine-readable geometry has not yet passed CRS and topology validation."
"a936b5d9-b0ba-5fd3-8c38-d290473ed445","23e84501-c742-58f0-aec4-e508c2a9aba9","LN14-2012-v1","2012-03-09","","KENYA-LAW-LN14-2012","https://new.kenyalaw.org/akn/ke/act/ln/2012/14/eng@2022-12-31","","","pending","Boundary description is legally referenced; machine-readable geometry has not yet passed CRS and topology validation."
"da24ba7a-4867-5b3c-b790-47aab2cbafee","086613cf-dc5a-57a4-8412-f25757b631da","LN14-2012-v1","2012-03-09","","KENYA-LAW-LN14-2012","https://new.kenyalaw.org/akn/ke/act/ln/2012/14/eng@2022-12-31","","","pending","Boundary description is legally referenced; machine-readable geometry has not yet passed CRS and topology validation."
"8444d782-d3ad-513c-8a61-6955473d98e5","8e731344-f117-50a0-95a2-a408f2ba476e","LN14-2012-v1","2012-03-09","","KENYA-LAW-LN14-2012","https://new.kenyalaw.org/akn/ke/act/ln/2012/14/eng@2022-12-31","","","pending","Boundary description is legally referenced; machine-readable geometry has not yet passed CRS and topology validation."
"1d00baf4-d534-5dde-b5e5-9bb5b58d90dd","7f801c8d-f450-5f2c-bb97-aa954d96b32b","LN14-2012-v1","2012-03-09","","KENYA-LAW-LN14-2012","https://new.kenyalaw.org/akn/ke/act/ln/2012/14/eng@2022-12-31","","","pending","Boundary description is legally referenced; machine-readable geometry has not yet passed CRS and topology validation."
"0a1a9451-6e2a-57dc-9cd7-b0327e603492","3d4c3a7d-c89d-5485-87b3-9eaf63e2cf25","LN14-2012-v1","2012-03-09","","KENYA-LAW-LN14-2012","https://new.kenyalaw.org/akn/ke/act/ln/2012/14/eng@2022-12-31","","","pending","Boundary description is legally referenced; machine-readable geometry has not yet passed CRS and topology validation."
"8c151e03-caa9-5a64-81e3-b8a31e857fbd","76688ca1-8771-5028-b381-360e8855adf7","LN14-2012-v1","2012-03-09","","KENYA-LAW-LN14-2012","https://new.kenyalaw.org/akn/ke/act/ln/2012/14/eng@2022-12-31","","","pending","Boundary description is legally referenced; machine-readable geometry has not yet passed CRS and topology validation."
"9019a0c1-f5de-5a62-ab33-610565abce51","3e76fbdd-f883-5e80-ac5d-e12f619bc840","LN14-2012-v1","2012-03-09","","KENYA-LAW-LN14-2012","https://new.kenyalaw.org/akn/ke/act/ln/2012/14/eng@2022-12-31","","","pending","Boundary description is legally referenced; machine-readable geometry has not yet passed CRS and topology validation."
"9b688f24-166e-5657-b567-56d846df10e4","ac6a69dc-cc34-526a-80e6-42641cd1c394","LN14-2012-v1","2012-03-09","","KENYA-LAW-LN14-2012","https://new.kenyalaw.org/akn/ke/act/ln/2012/14/eng@2022-12-31","","","pending","Boundary description is legally referenced; machine-readable geometry has not yet passed CRS and topology validation."
"f6644bb7-b2e7-5853-81cb-d10658e1f005","61df211d-b1f1-5856-bcc7-826049a93c66","LN14-2012-v1","2012-03-09","","KENYA-LAW-LN14-2012","https://new.kenyalaw.org/akn/ke/act/ln/2012/14/eng@2022-12-31","","","pending","Boundary description is legally referenced; machine-readable geometry has not yet passed CRS and topology validation."
"255cb4af-74a8-5217-86a0-3b0badbf4fae","634aa4c7-5fc9-596e-974a-e111e82533d0","LN14-2012-v1","2012-03-09","","KENYA-LAW-LN14-2012","https://new.kenyalaw.org/akn/ke/act/ln/2012/14/eng@2022-12-31","","","pending","Boundary description is legally referenced; machine-readable geometry has not yet passed CRS and topology validation."
"63eaf3d0-5839-592f-96ec-8e5e9a21a345","34d37caf-f364-51ba-b7d7-f97970d2dce9","LN14-2012-v1","2012-03-09","","KENYA-LAW-LN14-2012","https://new.kenyalaw.org/akn/ke/act/ln/2012/14/eng@2022-12-31","","","pending","Boundary description is legally referenced; machine-readable geometry has not yet passed CRS and topology validation."
"4eaf6c94-a10f-5782-9718-7c819dab2e60","04206d49-d92c-514f-87c8-36d08e837261","LN14-2012-v1","2012-03-09","","KENYA-LAW-LN14-2012","https://new.kenyalaw.org/akn/ke/act/ln/2012/14/eng@2022-12-31","","","pending","Boundary description is legally referenced; machine-readable geometry has not yet passed CRS and topology validation."
"c26fc7f5-491c-531c-a285-da139b9b4850","fb8c41f7-2a91-50ff-b726-74459bccf562","LN14-2012-v1","2012-03-09","","KENYA-LAW-LN14-2012","https://new.kenyalaw.org/akn/ke/act/ln/2012/14/eng@2022-12-31","","","pending","Boundary description is legally referenced; machine-readable geometry has not yet passed CRS and topology validation."
"51bda70f-f056-511c-9f00-b64da3304406","083a989a-1902-5b1d-825d-8c1eff6d1094","LN14-2012-v1","2012-03-09","","KENYA-LAW-LN14-2012","https://new.kenyalaw.org/akn/ke/act/ln/2012/14/eng@2022-12-31","","","pending","Boundary description is legally referenced; machine-readable geometry has not yet passed CRS and topology validation."
"056bbef1-8543-5860-aa4d-6614a4ea7264","9da3a11f-b5b5-5a44-b47b-d87b75ac8963","LN14-2012-v1","2012-03-09","","KENYA-LAW-LN14-2012","https://new.kenyalaw.org/akn/ke/act/ln/2012/14/eng@2022-12-31","","","pending","Boundary description is legally referenced; machine-readable geometry has not yet passed CRS and topology validation."
"76fa632b-7853-5566-b89f-d2561e176646","55dd04a8-f179-5eb7-95ad-3241430d03fe","LN14-2012-v1","2012-03-09","","KENYA-LAW-LN14-2012","https://new.kenyalaw.org/akn/ke/act/ln/2012/14/eng@2022-12-31","","","pending","Boundary description is legally referenced; machine-readable geometry has not yet passed CRS and topology validation."
"51b16491-b785-5453-b2d1-a48dea31a067","e99e5763-f8ac-50e6-bacd-b2c01afa5c0f","LN14-2012-v1","2012-03-09","","KENYA-LAW-LN14-2012","https://new.kenyalaw.org/akn/ke/act/ln/2012/14/eng@2022-12-31","","","pending","Boundary description is legally referenced; machine-readable geometry has not yet passed CRS and topology validation."
"975b9bbd-2007-55c8-a6dc-6e02dd9acf94","e1444f53-c417-5985-ab26-c8bfa86e1bd7","LN14-2012-v1","2012-03-09","","KENYA-LAW-LN14-2012","https://new.kenyalaw.org/akn/ke/act/ln/2012/14/eng@2022-12-31","","","pending","Boundary description is legally referenced; machine-readable geometry has not yet passed CRS and topology validation."
"5d519163-9890-5c62-a632-560ff16a700b","d23de25e-75fc-54cd-a104-ac116ba00b35","LN14-2012-v1","2012-03-09","","KENYA-LAW-LN14-2012","https://new.kenyalaw.org/akn/ke/act/ln/2012/14/eng@2022-12-31","","","pending","Boundary description is legally referenced; machine-readable geometry has not yet passed CRS and topology validation."
"58d3cb45-663e-5f91-a8ac-a41771002aa0","68ab84fe-eba4-5993-89e9-d4f37390d641","LN14-2012-v1","2012-03-09","","KENYA-LAW-LN14-2012","https://new.kenyalaw.org/akn/ke/act/ln/2012/14/eng@2022-12-31","","","pending","Boundary description is legally referenced; machine-readable geometry has not yet passed CRS and topology validation."
"2c943ffd-d1e4-5c56-a8d2-ad194fc25dcb","f366b1e1-fe03-5f74-9842-0dd3befb08a2","LN14-2012-v1","2012-03-09","","KENYA-LAW-LN14-2012","https://new.kenyalaw.org/akn/ke/act/ln/2012/14/eng@2022-12-31","","","pending","Boundary description is legally referenced; machine-readable geometry has not yet passed CRS and topology validation."
"6b45f2a9-a10d-5d8c-93a0-c50402423738","045f2131-dfb9-5bc6-a9af-d9b0bf59bc57","LN14-2012-v1","2012-03-09","","KENYA-LAW-LN14-2012","https://new.kenyalaw.org/akn/ke/act/ln/2012/14/eng@2022-12-31","","","pending","Boundary description is legally referenced; machine-readable geometry has not yet passed CRS and topology validation."
"2420f734-76bb-5d63-9e68-d137052d4a17","86bca1b8-71fa-53bb-a808-8db7733b9b42","LN14-2012-v1","2012-03-09","","KENYA-LAW-LN14-2012","https://new.kenyalaw.org/akn/ke/act/ln/2012/14/eng@2022-12-31","","","pending","Boundary description is legally referenced; machine-readable geometry has not yet passed CRS and topology validation."
"0fe985e6-6d6b-51d0-8c93-7e904390c9b4","62597324-4de1-5e39-878c-a2a0b97d3f37","LN14-2012-v1","2012-03-09","","KENYA-LAW-LN14-2012","https://new.kenyalaw.org/akn/ke/act/ln/2012/14/eng@2022-12-31","","","pending","Boundary description is legally referenced; machine-readable geometry has not yet passed CRS and topology validation."
"6ec5654e-ebcb-5e46-b06a-bb7528a52914","8d14e29a-f48f-58a5-8872-ecb65c3220fd","LN14-2012-v1","2012-03-09","","KENYA-LAW-LN14-2012","https://new.kenyalaw.org/akn/ke/act/ln/2012/14/eng@2022-12-31","","","pending","Boundary description is legally referenced; machine-readable geometry has not yet passed CRS and topology validation."
"b07fe716-52fd-5f1d-a197-a732fb0936ff","fd2be618-b445-5a2b-95b8-6110402ef4d6","LN14-2012-v1","2012-03-09","","KENYA-LAW-LN14-2012","https://new.kenyalaw.org/akn/ke/act/ln/2012/14/eng@2022-12-31","","","pending","Boundary description is legally referenced; machine-readable geometry has not yet passed CRS and topology validation."
"1dd391bd-2e24-5d75-9893-a2741fb8dee9","2a55bf8b-3f90-5949-833f-9432d8e57db8","LN14-2012-v1","2012-03-09","","KENYA-LAW-LN14-2012","https://new.kenyalaw.org/akn/ke/act/ln/2012/14/eng@2022-12-31","","","pending","Boundary description is legally referenced; machine-readable geometry has not yet passed CRS and topology validation."
"4b3feb35-07ca-5547-a308-fad7898b711e","0c8dc1a1-8e1e-5371-9ad6-9f232264dea8","LN14-2012-v1","2012-03-09","","KENYA-LAW-LN14-2012","https://new.kenyalaw.org/akn/ke/act/ln/2012/14/eng@2022-12-31","","","pending","Boundary description is legally referenced; machine-readable geometry has not yet passed CRS and topology validation."
"7ed6811a-41e9-5b91-9742-0ed1fe690886","94b5401d-c318-5b51-b861-735edb327bb3","LN14-2012-v1","2012-03-09","","KENYA-LAW-LN14-2012","https://new.kenyalaw.org/akn/ke/act/ln/2012/14/eng@2022-12-31","","","pending","Boundary description is legally referenced; machine-readable geometry has not yet passed CRS and topology validation."
"54c3494b-adf2-56e1-8a8b-91bb5c27173f","29c77098-397d-5f55-85db-6a1e6d7a952c","LN14-2012-v1","2012-03-09","","KENYA-LAW-LN14-2012","https://new.kenyalaw.org/akn/ke/act/ln/2012/14/eng@2022-12-31","","","pending","Boundary description is legally referenced; machine-readable geometry has not yet passed CRS and topology validation."
"9f4e75b6-3dd1-54b5-a5dc-035eda624ee1","b3c53127-1095-5d77-aff6-3a737a6b2133","LN14-2012-v1","2012-03-09","","KENYA-LAW-LN14-2012","https://new.kenyalaw.org/akn/ke/act/ln/2012/14/eng@2022-12-31","","","pending","Boundary description is legally referenced; machine-readable geometry has not yet passed CRS and topology validation."
"48a0835c-2e94-5e57-8037-169f60f3414b","ff5df43f-d1c5-51c6-8aca-f2bd019a4b3a","LN14-2012-v1","2012-03-09","","KENYA-LAW-LN14-2012","https://new.kenyalaw.org/akn/ke/act/ln/2012/14/eng@2022-12-31","","","pending","Boundary description is legally referenced; machine-readable geometry has not yet passed CRS and topology validation."
"2f799c74-be02-547d-9f0d-c061ec77a30a","96cd8267-f805-5893-a2e9-b8bc23f34889","LN14-2012-v1","2012-03-09","","KENYA-LAW-LN14-2012","https://new.kenyalaw.org/akn/ke/act/ln/2012/14/eng@2022-12-31","","","pending","Boundary description is legally referenced; machine-readable geometry has not yet passed CRS and topology validation."
"da000c91-31d4-5079-9bf5-ae1eb62e7212","2e0396fc-f643-560b-a481-d4ca6ff840a3","LN14-2012-v1","2012-03-09","","KENYA-LAW-LN14-2012","https://new.kenyalaw.org/akn/ke/act/ln/2012/14/eng@2022-12-31","","","pending","Boundary description is legally referenced; machine-readable geometry has not yet passed CRS and topology validation."
"aea5b2fa-8874-5b80-be17-3387e3506a26","2aece105-cb1f-51af-8c82-82d715824f79","LN14-2012-v1","2012-03-09","","KENYA-LAW-LN14-2012","https://new.kenyalaw.org/akn/ke/act/ln/2012/14/eng@2022-12-31","","","pending","Boundary description is legally referenced; machine-readable geometry has not yet passed CRS and topology validation."
"3e47a442-94e7-5da2-9bcd-33802ced8ee3","34c4b95d-ce3d-52cf-adef-04d85fae78d8","LN14-2012-v1","2012-03-09","","KENYA-LAW-LN14-2012","https://new.kenyalaw.org/akn/ke/act/ln/2012/14/eng@2022-12-31","","","pending","Boundary description is legally referenced; machine-readable geometry has not yet passed CRS and topology validation."
"88cf1a06-4ee6-50f0-a896-8dada19a1323","101426ef-fdd9-5293-9130-9e89e0c62418","LN14-2012-v1","2012-03-09","","KENYA-LAW-LN14-2012","https://new.kenyalaw.org/akn/ke/act/ln/2012/14/eng@2022-12-31","","","pending","Boundary description is legally referenced; machine-readable geometry has not yet passed CRS and topology validation."
"79af42d8-0c82-563f-810b-1a84b20ec692","ff9bf439-2d9f-5e66-a9ee-28357ffc3a2c","LN14-2012-v1","2012-03-09","","KENYA-LAW-LN14-2012","https://new.kenyalaw.org/akn/ke/act/ln/2012/14/eng@2022-12-31","","","pending","Boundary description is legally referenced; machine-readable geometry has not yet passed CRS and topology validation."
"e3d7b043-bf6a-5135-9e8c-b33f69984448","e2e81514-e5f2-54d4-b72c-3aca37b43ea3","LN14-2012-v1","2012-03-09","","KENYA-LAW-LN14-2012","https://new.kenyalaw.org/akn/ke/act/ln/2012/14/eng@2022-12-31","","","pending","Boundary description is legally referenced; machine-readable geometry has not yet passed CRS and topology validation."
"290090b4-0fb1-59a6-b6da-73f31d2b89d6","d488ffeb-9aef-5e50-8767-e076614e2940","LN14-2012-v1","2012-03-09","","KENYA-LAW-LN14-2012","https://new.kenyalaw.org/akn/ke/act/ln/2012/14/eng@2022-12-31","","","pending","Boundary description is legally referenced; machine-readable geometry has not yet passed CRS and topology validation."
"9b3e5e7f-e3da-5d9b-86d8-2861af061386","ce127f61-29a3-5ed1-b7a4-932bfa8c05fc","LN14-2012-v1","2012-03-09","","KENYA-LAW-LN14-2012","https://new.kenyalaw.org/akn/ke/act/ln/2012/14/eng@2022-12-31","","","pending","Boundary description is legally referenced; machine-readable geometry has not yet passed CRS and topology validation."
"f1758b90-05c3-50c1-9849-e928d8162d26","e54b90d5-e58b-5213-99ad-b0b8a85827d0","LN14-2012-v1","2012-03-09","","KENYA-LAW-LN14-2012","https://new.kenyalaw.org/akn/ke/act/ln/2012/14/eng@2022-12-31","","","pending","Boundary description is legally referenced; machine-readable geometry has not yet passed CRS and topology validation."
"8762df28-6b28-58a5-947c-0a43411ad6fd","e735a3f8-efdb-5a9b-92d4-9c7108377c9a","LN14-2012-v1","2012-03-09","","KENYA-LAW-LN14-2012","https://new.kenyalaw.org/akn/ke/act/ln/2012/14/eng@2022-12-31","","","pending","Boundary description is legally referenced; machine-readable geometry has not yet passed CRS and topology validation."
"b8ea2286-8ab6-5345-a4d3-8190a331baa1","dc7682f9-41ce-54ff-a629-550681a2c9c8","LN14-2012-v1","2012-03-09","","KENYA-LAW-LN14-2012","https://new.kenyalaw.org/akn/ke/act/ln/2012/14/eng@2022-12-31","","","pending","Boundary description is legally referenced; machine-readable geometry has not yet passed CRS and topology validation."
"c34b01e2-e8d4-5082-b404-630346c515d9","0d453bee-da7c-58d2-ad5b-fd388b983737","LN14-2012-v1","2012-03-09","","KENYA-LAW-LN14-2012","https://new.kenyalaw.org/akn/ke/act/ln/2012/14/eng@2022-12-31","","","pending","Boundary description is legally referenced; machine-readable geometry has not yet passed CRS and topology validation."
"98d902ee-a991-5bbe-a15e-b35e8a8e92d0","da6f88d8-14ee-54c8-afd3-0415c34d661e","LN14-2012-v1","2012-03-09","","KENYA-LAW-LN14-2012","https://new.kenyalaw.org/akn/ke/act/ln/2012/14/eng@2022-12-31","","","pending","Boundary description is legally referenced; machine-readable geometry has not yet passed CRS and topology validation."
"0adf5eea-73f1-5491-aef7-8f9b871b6c5a","b5eab659-981c-5f04-aed6-ac9dbf336d03","LN14-2012-v1","2012-03-09","","KENYA-LAW-LN14-2012","https://new.kenyalaw.org/akn/ke/act/ln/2012/14/eng@2022-12-31","","","pending","Boundary description is legally referenced; machine-readable geometry has not yet passed CRS and topology validation."
"c524698c-1315-52fa-ab98-2d6d96935d68","b04518b3-1200-58b3-a9dd-ba0e2b17858b","LN14-2012-v1","2012-03-09","","KENYA-LAW-LN14-2012","https://new.kenyalaw.org/akn/ke/act/ln/2012/14/eng@2022-12-31","","","pending","Boundary description is legally referenced; machine-readable geometry has not yet passed CRS and topology validation."
"e5da6eb1-e8d8-5190-a24d-06ffe7b4196f","6880e8c3-d8fe-5038-b81a-745650a81978","LN14-2012-v1","2012-03-09","","KENYA-LAW-LN14-2012","https://new.kenyalaw.org/akn/ke/act/ln/2012/14/eng@2022-12-31","","","pending","Boundary description is legally referenced; machine-readable geometry has not yet passed CRS and topology validation."
"93a8915e-1e75-562a-940e-9005e0c35fea","aa03ab11-46a0-5ece-8ba6-4af0aaf270d2","LN14-2012-v1","2012-03-09","","KENYA-LAW-LN14-2012","https://new.kenyalaw.org/akn/ke/act/ln/2012/14/eng@2022-12-31","","","pending","Boundary description is legally referenced; machine-readable geometry has not yet passed CRS and topology validation."
"cd6b7600-dec6-5dd5-b7dd-8533040e20a9","ec21a242-9d14-5030-b095-57b9b8a05371","LN14-2012-v1","2012-03-09","","KENYA-LAW-LN14-2012","https://new.kenyalaw.org/akn/ke/act/ln/2012/14/eng@2022-12-31","","","pending","Boundary description is legally referenced; machine-readable geometry has not yet passed CRS and topology validation."
"7cce1df2-d201-57db-b385-08d902b8af63","40a8b102-dcf5-5dc4-951b-2f1444751f89","LN14-2012-v1","2012-03-09","","KENYA-LAW-LN14-2012","https://new.kenyalaw.org/akn/ke/act/ln/2012/14/eng@2022-12-31","","","pending","Boundary description is legally referenced; machine-readable geometry has not yet passed CRS and topology validation."
"ea332277-6916-50be-8a10-d8b61f0a965a","4ac80221-a23e-5de8-b482-ddafa59f6334","LN14-2012-v1","2012-03-09","","KENYA-LAW-LN14-2012","https://new.kenyalaw.org/akn/ke/act/ln/2012/14/eng@2022-12-31","","","pending","Boundary description is legally referenced; machine-readable geometry has not yet passed CRS and topology validation."
"73fb5f5f-9944-5cf6-8995-5b53e84907b4","92ca0fe6-097f-5c7f-9254-6fbfc372cb8d","LN14-2012-v1","2012-03-09","","KENYA-LAW-LN14-2012","https://new.kenyalaw.org/akn/ke/act/ln/2012/14/eng@2022-12-31","","","pending","Boundary description is legally referenced; machine-readable geometry has not yet passed CRS and topology validation."
"e4f44b41-289e-5582-926a-eaec1376070c","32002f5f-d5c8-501e-a463-5d047c43d842","LN14-2012-v1","2012-03-09","","KENYA-LAW-LN14-2012","https://new.kenyalaw.org/akn/ke/act/ln/2012/14/eng@2022-12-31","","","pending","Boundary description is legally referenced; machine-readable geometry has not yet passed CRS and topology validation."
"ede93d53-0f6f-534c-995e-00a0675777ec","7ef4b7e9-7558-5093-a923-f39f0e74853d","LN14-2012-v1","2012-03-09","","KENYA-LAW-LN14-2012","https://new.kenyalaw.org/akn/ke/act/ln/2012/14/eng@2022-12-31","","","pending","Boundary description is legally referenced; machine-readable geometry has not yet passed CRS and topology validation."
"1e9c165e-cfbd-5ce9-bd33-73712fe2927f","0f5b69c4-9fa6-57ea-8fab-b3ef9a9355f7","LN14-2012-v1","2012-03-09","","KENYA-LAW-LN14-2012","https://new.kenyalaw.org/akn/ke/act/ln/2012/14/eng@2022-12-31","","","pending","Boundary description is legally referenced; machine-readable geometry has not yet passed CRS and topology validation."
"9971d604-c58c-584f-8dea-5031be19e61c","193c93e6-c6ee-5605-847f-17791158d369","LN14-2012-v1","2012-03-09","","KENYA-LAW-LN14-2012","https://new.kenyalaw.org/akn/ke/act/ln/2012/14/eng@2022-12-31","","","pending","Boundary description is legally referenced; machine-readable geometry has not yet passed CRS and topology validation."
"61440076-ebcc-5cbc-8a4f-4bb8e91b2e0a","5aa4db28-6788-5803-98cf-978c00e88b41","LN14-2012-v1","2012-03-09","","KENYA-LAW-LN14-2012","https://new.kenyalaw.org/akn/ke/act/ln/2012/14/eng@2022-12-31","","","pending","Boundary description is legally referenced; machine-readable geometry has not yet passed CRS and topology validation."
"71a331ad-9120-519b-9bf4-93e11962b80f","b0a1ea1a-9982-547a-9a2b-59ceed9d2643","LN14-2012-v1","2012-03-09","","KENYA-LAW-LN14-2012","https://new.kenyalaw.org/akn/ke/act/ln/2012/14/eng@2022-12-31","","","pending","Boundary description is legally referenced; machine-readable geometry has not yet passed CRS and topology validation."
"013a03f9-9bff-5697-8160-8ee28ef5bf62","8f81683c-bd66-5ba7-97c3-b1b830b008e2","LN14-2012-v1","2012-03-09","","KENYA-LAW-LN14-2012","https://new.kenyalaw.org/akn/ke/act/ln/2012/14/eng@2022-12-31","","","pending","Boundary description is legally referenced; machine-readable geometry has not yet passed CRS and topology validation."
"7bbcf344-15ba-533e-bc5f-2d38239ffc81","bb99fab3-ef4b-587a-94f2-6a1bd153e880","LN14-2012-v1","2012-03-09","","KENYA-LAW-LN14-2012","https://new.kenyalaw.org/akn/ke/act/ln/2012/14/eng@2022-12-31","","","pending","Boundary description is legally referenced; machine-readable geometry has not yet passed CRS and topology validation."
"d2c5b0a0-36a6-580e-b0a8-743daef448e5","f2575466-2eee-58ed-b2c0-8c63ff1315d8","LN14-2012-v1","2012-03-09","","KENYA-LAW-LN14-2012","https://new.kenyalaw.org/akn/ke/act/ln/2012/14/eng@2022-12-31","","","pending","Boundary description is legally referenced; machine-readable geometry has not yet passed CRS and topology validation."
"709e41ad-f48e-5255-8992-5aa9803746cb","ce1dbfbc-c985-5b2e-8dc0-bc8659f74f4a","LN14-2012-v1","2012-03-09","","KENYA-LAW-LN14-2012","https://new.kenyalaw.org/akn/ke/act/ln/2012/14/eng@2022-12-31","","","pending","Boundary description is legally referenced; machine-readable geometry has not yet passed CRS and topology validation."
"fda52b42-e2ab-59c0-8778-d44fe6278dbb","987e0c6e-4d05-5e6a-89cb-667cb753840e","LN14-2012-v1","2012-03-09","","KENYA-LAW-LN14-2012","https://new.kenyalaw.org/akn/ke/act/ln/2012/14/eng@2022-12-31","","","pending","Boundary description is legally referenced; machine-readable geometry has not yet passed CRS and topology validation."
"5a38b9c1-f2aa-5690-8709-5ee9795041e8","319d9fbb-54d1-54fd-910d-f576447a08c1","LN14-2012-v1","2012-03-09","","KENYA-LAW-LN14-2012","https://new.kenyalaw.org/akn/ke/act/ln/2012/14/eng@2022-12-31","","","pending","Boundary description is legally referenced; machine-readable geometry has not yet passed CRS and topology validation."
"aa212abf-f322-52c6-989d-2b00a2bd1816","be0a8b63-5b40-55e3-a0ef-49a692da8dfe","LN14-2012-v1","2012-03-09","","KENYA-LAW-LN14-2012","https://new.kenyalaw.org/akn/ke/act/ln/2012/14/eng@2022-12-31","","","pending","Boundary description is legally referenced; machine-readable geometry has not yet passed CRS and topology validation."
"b0d1c01c-a7ab-595d-9872-3fae6d9f7f7b","59447c59-5c21-5668-97be-40e8f8adc4c7","LN14-2012-v1","2012-03-09","","KENYA-LAW-LN14-2012","https://new.kenyalaw.org/akn/ke/act/ln/2012/14/eng@2022-12-31","","","pending","Boundary description is legally referenced; machine-readable geometry has not yet passed CRS and topology validation."
"01b225ee-a1bf-5ef6-8c56-edd8dd638e64","1cecb857-6384-5869-9d3d-ce8862de83cc","LN14-2012-v1","2012-03-09","","KENYA-LAW-LN14-2012","https://new.kenyalaw.org/akn/ke/act/ln/2012/14/eng@2022-12-31","","","pending","Boundary description is legally referenced; machine-readable geometry has not yet passed CRS and topology validation."
"94bbfccc-12eb-5e0f-a538-4c79b049e729","4f606e63-710d-54e4-ba6d-aa08cdcbb765","LN14-2012-v1","2012-03-09","","KENYA-LAW-LN14-2012","https://new.kenyalaw.org/akn/ke/act/ln/2012/14/eng@2022-12-31","","","pending","Boundary description is legally referenced; machine-readable geometry has not yet passed CRS and topology validation."
"511247e8-e517-5e3d-a42a-b67b432b3047","572c627c-944f-5f53-be23-1dd070e8b40b","LN14-2012-v1","2012-03-09","","KENYA-LAW-LN14-2012","https://new.kenyalaw.org/akn/ke/act/ln/2012/14/eng@2022-12-31","","","pending","Boundary description is legally referenced; machine-readable geometry has not yet passed CRS and topology validation."
"45a457a3-bad1-5811-9563-fe186d054986","cf838d55-73e6-594d-b6dd-6f25ef80a69d","LN14-2012-v1","2012-03-09","","KENYA-LAW-LN14-2012","https://new.kenyalaw.org/akn/ke/act/ln/2012/14/eng@2022-12-31","","","pending","Boundary description is legally referenced; machine-readable geometry has not yet passed CRS and topology validation."
"1ba1f912-e9de-570f-a4ff-8e41a04d8281","05249cd9-aa71-5617-8a0b-e2d37588a02c","LN14-2012-v1","2012-03-09","","KENYA-LAW-LN14-2012","https://new.kenyalaw.org/akn/ke/act/ln/2012/14/eng@2022-12-31","","","pending","Boundary description is legally referenced; machine-readable geometry has not yet passed CRS and topology validation."
"edc64026-0976-542f-8166-fd034a18e568","f6ead134-c5fd-5514-bbd0-1be18d7fb2c7","LN14-2012-v1","2012-03-09","","KENYA-LAW-LN14-2012","https://new.kenyalaw.org/akn/ke/act/ln/2012/14/eng@2022-12-31","","","pending","Boundary description is legally referenced; machine-readable geometry has not yet passed CRS and topology validation."
"5944be66-e510-5fc7-bbe6-97b82d4746d9","05406fbc-c7b1-5307-82e4-e106c0ed5a30","LN14-2012-v1","2012-03-09","","KENYA-LAW-LN14-2012","https://new.kenyalaw.org/akn/ke/act/ln/2012/14/eng@2022-12-31","","","pending","Boundary description is legally referenced; machine-readable geometry has not yet passed CRS and topology validation."
"a5acfef8-1959-5b48-bd63-52b2356611da","8a20fc79-c0ef-501c-8c25-4aecfc084e45","LN14-2012-v1","2012-03-09","","KENYA-LAW-LN14-2012","https://new.kenyalaw.org/akn/ke/act/ln/2012/14/eng@2022-12-31","","","pending","Boundary description is legally referenced; machine-readable geometry has not yet passed CRS and topology validation."
"b7f3c61a-1e23-5eb2-81b8-8b56282be222","529d8896-fcd3-5e70-bd31-3953bc257ab9","LN14-2012-v1","2012-03-09","","KENYA-LAW-LN14-2012","https://new.kenyalaw.org/akn/ke/act/ln/2012/14/eng@2022-12-31","","","pending","Boundary description is legally referenced; machine-readable geometry has not yet passed CRS and topology validation."
"1d399d1a-b23d-5cf2-8bee-24c4bd135738","eab7e42b-3862-5e96-834a-e91ad7823aa2","LN14-2012-v1","2012-03-09","","KENYA-LAW-LN14-2012","https://new.kenyalaw.org/akn/ke/act/ln/2012/14/eng@2022-12-31","","","pending","Boundary description is legally referenced; machine-readable geometry has not yet passed CRS and topology validation."
"40cefa47-b9e0-513e-9c5e-31206587e8d0","36cf6911-ac5e-5c88-8558-45532a5fc5bc","LN14-2012-v1","2012-03-09","","KENYA-LAW-LN14-2012","https://new.kenyalaw.org/akn/ke/act/ln/2012/14/eng@2022-12-31","","","pending","Boundary description is legally referenced; machine-readable geometry has not yet passed CRS and topology validation."
"b50f49c7-566c-5647-9478-68acf35e5cfa","307cc7b2-fdd1-5f09-ba0b-6cea26296521","LN14-2012-v1","2012-03-09","","KENYA-LAW-LN14-2012","https://new.kenyalaw.org/akn/ke/act/ln/2012/14/eng@2022-12-31","","","pending","Boundary description is legally referenced; machine-readable geometry has not yet passed CRS and topology validation."
"c0e144e5-2838-5621-8d6a-a8a4c6c6cc02","fb01c5e3-9fad-5cbb-a4a4-e569943438ba","LN14-2012-v1","2012-03-09","","KENYA-LAW-LN14-2012","https://new.kenyalaw.org/akn/ke/act/ln/2012/14/eng@2022-12-31","","","pending","Boundary description is legally referenced; machine-readable geometry has not yet passed CRS and topology validation."
"b0cf6cba-c80e-5287-a440-ff1f8c93495b","52abede0-4cdf-5522-b498-3f6f2b4d9352","LN14-2012-v1","2012-03-09","","KENYA-LAW-LN14-2012","https://new.kenyalaw.org/akn/ke/act/ln/2012/14/eng@2022-12-31","","","pending","Boundary description is legally referenced; machine-readable geometry has not yet passed CRS and topology validation."
"9ff62175-ea40-5c24-84f5-c338700c29ad","e8e5b59b-89f6-52f0-8d40-3554604892a2","LN14-2012-v1","2012-03-09","","KENYA-LAW-LN14-2012","https://new.kenyalaw.org/akn/ke/act/ln/2012/14/eng@2022-12-31","","","pending","Boundary description is legally referenced; machine-readable geometry has not yet passed CRS and topology validation."
"5478c8eb-5092-5684-9bc0-05abbe141a15","320fdfc2-ecd1-549f-8993-99d46cf203ec","LN14-2012-v1","2012-03-09","","KENYA-LAW-LN14-2012","https://new.kenyalaw.org/akn/ke/act/ln/2012/14/eng@2022-12-31","","","pending","Boundary description is legally referenced; machine-readable geometry has not yet passed CRS and topology validation."
"486e6299-c1b3-5b54-a963-46b48ffa8cfc","ee2a45b9-c2f3-57f3-8975-2385c78bfcfb","LN14-2012-v1","2012-03-09","","KENYA-LAW-LN14-2012","https://new.kenyalaw.org/akn/ke/act/ln/2012/14/eng@2022-12-31","","","pending","Boundary description is legally referenced; machine-readable geometry has not yet passed CRS and topology validation."
"aef7eaaa-7690-5b7e-af7b-f9800c3be541","5ea9116c-5d87-5b1e-8573-028232a75867","LN14-2012-v1","2012-03-09","","KENYA-LAW-LN14-2012","https://new.kenyalaw.org/akn/ke/act/ln/2012/14/eng@2022-12-31","","","pending","Boundary description is legally referenced; machine-readable geometry has not yet passed CRS and topology validation."
"b3f69080-dd21-5450-a172-4562f2bee47f","541b9caa-847c-56b9-9ea4-924f63d592ef","LN14-2012-v1","2012-03-09","","KENYA-LAW-LN14-2012","https://new.kenyalaw.org/akn/ke/act/ln/2012/14/eng@2022-12-31","","","pending","Boundary description is legally referenced; machine-readable geometry has not yet passed CRS and topology validation."
"6585598a-c5bb-506b-a2d7-bf8f5369a92e","4d7c8656-70eb-57f8-8086-9e82b8de66e2","LN14-2012-v1","2012-03-09","","KENYA-LAW-LN14-2012","https://new.kenyalaw.org/akn/ke/act/ln/2012/14/eng@2022-12-31","","","pending","Boundary description is legally referenced; machine-readable geometry has not yet passed CRS and topology validation."
"3f4d7520-ee33-551b-a88e-4eb762797c84","ab6b4c25-0826-5f71-bb4f-5fdaa61c4c77","LN14-2012-v1","2012-03-09","","KENYA-LAW-LN14-2012","https://new.kenyalaw.org/akn/ke/act/ln/2012/14/eng@2022-12-31","","","pending","Boundary description is legally referenced; machine-readable geometry has not yet passed CRS and topology validation."
"6b126f1d-75a9-5602-87b0-b1c3f45c7ceb","dd8ba10d-ca53-5b39-ba67-26f0f692dce7","LN14-2012-v1","2012-03-09","","KENYA-LAW-LN14-2012","https://new.kenyalaw.org/akn/ke/act/ln/2012/14/eng@2022-12-31","","","pending","Boundary description is legally referenced; machine-readable geometry has not yet passed CRS and topology validation."
"41df9fbc-27af-559d-b216-49fe2de8e146","6791a841-45dc-5330-a088-a3583b28ccb1","LN14-2012-v1","2012-03-09","","KENYA-LAW-LN14-2012","https://new.kenyalaw.org/akn/ke/act/ln/2012/14/eng@2022-12-31","","","pending","Boundary description is legally referenced; machine-readable geometry has not yet passed CRS and topology validation."
"c52f4a61-d219-5822-b311-18b24e9d0de2","ca1d3900-4222-5521-8865-dc8a177a2fda","LN14-2012-v1","2012-03-09","","KENYA-LAW-LN14-2012","https://new.kenyalaw.org/akn/ke/act/ln/2012/14/eng@2022-12-31","","","pending","Boundary description is legally referenced; machine-readable geometry has not yet passed CRS and topology validation."
"112a13a3-31d8-580b-bd5c-31cd73afdc47","cdbea74a-27d7-5abb-a6ad-ef1406b8c18e","LN14-2012-v1","2012-03-09","","KENYA-LAW-LN14-2012","https://new.kenyalaw.org/akn/ke/act/ln/2012/14/eng@2022-12-31","","","pending","Boundary description is legally referenced; machine-readable geometry has not yet passed CRS and topology validation."
"30cf935c-a97d-52ef-8234-b5ae375a7ecb","050cc898-a354-56f6-ad69-3b63be695f51","LN14-2012-v1","2012-03-09","","KENYA-LAW-LN14-2012","https://new.kenyalaw.org/akn/ke/act/ln/2012/14/eng@2022-12-31","","","pending","Boundary description is legally referenced; machine-readable geometry has not yet passed CRS and topology validation."
"59d6d4b6-9393-5c52-ba48-ad095e4d8fee","3d1d08a0-46a6-533a-9d59-55350814c995","LN14-2012-v1","2012-03-09","","KENYA-LAW-LN14-2012","https://new.kenyalaw.org/akn/ke/act/ln/2012/14/eng@2022-12-31","","","pending","Boundary description is legally referenced; machine-readable geometry has not yet passed CRS and topology validation."
"87ac0581-9bb0-5fe5-bd3a-1aef1123094a","3c37071b-793c-52c7-9b4b-fbbc575a118f","LN14-2012-v1","2012-03-09","","KENYA-LAW-LN14-2012","https://new.kenyalaw.org/akn/ke/act/ln/2012/14/eng@2022-12-31","","","pending","Boundary description is legally referenced; machine-readable geometry has not yet passed CRS and topology validation."
"51b77530-c60b-5160-9e24-71ebcf1e33ce","692557e8-f09e-55fb-8d6a-bacc051031c7","LN14-2012-v1","2012-03-09","","KENYA-LAW-LN14-2012","https://new.kenyalaw.org/akn/ke/act/ln/2012/14/eng@2022-12-31","","","pending","Boundary description is legally referenced; machine-readable geometry has not yet passed CRS and topology validation."
"1243b796-9833-52be-90a3-9fcf65564453","f192c08e-aa29-524c-b71e-806701772c55","LN14-2012-v1","2012-03-09","","KENYA-LAW-LN14-2012","https://new.kenyalaw.org/akn/ke/act/ln/2012/14/eng@2022-12-31","","","pending","Boundary description is legally referenced; machine-readable geometry has not yet passed CRS and topology validation."
"ced352a6-78ce-5a9e-bae4-1530fd103037","1d093764-8ed6-59d4-8ee9-c6e6d142fb3e","LN14-2012-v1","2012-03-09","","KENYA-LAW-LN14-2012","https://new.kenyalaw.org/akn/ke/act/ln/2012/14/eng@2022-12-31","","","pending","Boundary description is legally referenced; machine-readable geometry has not yet passed CRS and topology validation."
"8f87ef46-69b3-54ec-bde3-8fe2ae2483c9","c6476f66-c160-5ba9-be85-44d3be0390cc","LN14-2012-v1","2012-03-09","","KENYA-LAW-LN14-2012","https://new.kenyalaw.org/akn/ke/act/ln/2012/14/eng@2022-12-31","","","pending","Boundary description is legally referenced; machine-readable geometry has not yet passed CRS and topology validation."
"4c3b3b1b-a864-57ae-b2c4-e9b1e3f4e1d0","29b738d0-8e94-551c-afd9-399462c52d18","LN14-2012-v1","2012-03-09","","KENYA-LAW-LN14-2012","https://new.kenyalaw.org/akn/ke/act/ln/2012/14/eng@2022-12-31","","","pending","Boundary description is legally referenced; machine-readable geometry has not yet passed CRS and topology validation."
"7a9435dd-7a96-5c50-922b-d546baf57e23","58b947e4-e6db-53dc-9976-1aea8309126a","LN14-2012-v1","2012-03-09","","KENYA-LAW-LN14-2012","https://new.kenyalaw.org/akn/ke/act/ln/2012/14/eng@2022-12-31","","","pending","Boundary description is legally referenced; machine-readable geometry has not yet passed CRS and topology validation."
"7726ed06-dabb-5f12-b19f-bd87ab924479","2bc81767-b5f1-5107-ba3b-e3b4206a5ba1","LN14-2012-v1","2012-03-09","","KENYA-LAW-LN14-2012","https://new.kenyalaw.org/akn/ke/act/ln/2012/14/eng@2022-12-31","","","pending","Boundary description is legally referenced; machine-readable geometry has not yet passed CRS and topology validation."
"fedf3daa-40b7-5903-894a-9bffc66ac099","d055ade7-dfc5-5af8-88f2-bace0e0b5a53","LN14-2012-v1","2012-03-09","","KENYA-LAW-LN14-2012","https://new.kenyalaw.org/akn/ke/act/ln/2012/14/eng@2022-12-31","","","pending","Boundary description is legally referenced; machine-readable geometry has not yet passed CRS and topology validation."
"4f4bfe8d-a4fa-58eb-ae32-b65ed36246e5","10da4b27-206f-564d-9049-fe1606f01381","LN14-2012-v1","2012-03-09","","KENYA-LAW-LN14-2012","https://new.kenyalaw.org/akn/ke/act/ln/2012/14/eng@2022-12-31","","","pending","Boundary description is legally referenced; machine-readable geometry has not yet passed CRS and topology validation."
"cb02e8cc-a9ff-500f-a9e4-6aba05b0b4cf","80d97109-9f47-5271-b9cf-10862f77f080","LN14-2012-v1","2012-03-09","","KENYA-LAW-LN14-2012","https://new.kenyalaw.org/akn/ke/act/ln/2012/14/eng@2022-12-31","","","pending","Boundary description is legally referenced; machine-readable geometry has not yet passed CRS and topology validation."
"3f29e627-2b52-514f-a8ab-fe5580524db3","6a7d9a1f-866a-5054-a742-5dd46a853be8","LN14-2012-v1","2012-03-09","","KENYA-LAW-LN14-2012","https://new.kenyalaw.org/akn/ke/act/ln/2012/14/eng@2022-12-31","","","pending","Boundary description is legally referenced; machine-readable geometry has not yet passed CRS and topology validation."
"798d5387-c924-5d33-81cb-c54f9c06e214","c1ad580e-96d2-53d0-889a-8c6a8ef46b0e","LN14-2012-v1","2012-03-09","","KENYA-LAW-LN14-2012","https://new.kenyalaw.org/akn/ke/act/ln/2012/14/eng@2022-12-31","","","pending","Boundary description is legally referenced; machine-readable geometry has not yet passed CRS and topology validation."
"09ce02fe-b689-58b0-a223-35fa6f4c2595","bf346659-5d4e-54db-b59c-7e1f47411dea","LN14-2012-v1","2012-03-09","","KENYA-LAW-LN14-2012","https://new.kenyalaw.org/akn/ke/act/ln/2012/14/eng@2022-12-31","","","pending","Boundary description is legally referenced; machine-readable geometry has not yet passed CRS and topology validation."
"aa87a1ff-ea6e-5bd4-b270-a59b16b25c5a","f68f6db6-8235-5773-ab33-03e26a185f3f","LN14-2012-v1","2012-03-09","","KENYA-LAW-LN14-2012","https://new.kenyalaw.org/akn/ke/act/ln/2012/14/eng@2022-12-31","","","pending","Boundary description is legally referenced; machine-readable geometry has not yet passed CRS and topology validation."
"81f517c9-0769-5da8-af4b-c5179b82b6c0","8d52b59b-d1c0-5091-9001-b2d9a459c7f3","LN14-2012-v1","2012-03-09","","KENYA-LAW-LN14-2012","https://new.kenyalaw.org/akn/ke/act/ln/2012/14/eng@2022-12-31","","","pending","Boundary description is legally referenced; machine-readable geometry has not yet passed CRS and topology validation."
"0e04ecb8-5f7c-55a3-a219-25a69e3fdf72","75cb3ef6-dd84-5fda-8f1c-1b8f0bab2156","LN14-2012-v1","2012-03-09","","KENYA-LAW-LN14-2012","https://new.kenyalaw.org/akn/ke/act/ln/2012/14/eng@2022-12-31","","","pending","Boundary description is legally referenced; machine-readable geometry has not yet passed CRS and topology validation."
"da1c93f8-feba-5037-a90e-f8f717943e7d","b0859999-4757-51f4-b9a8-dd8709eaa499","LN14-2012-v1","2012-03-09","","KENYA-LAW-LN14-2012","https://new.kenyalaw.org/akn/ke/act/ln/2012/14/eng@2022-12-31","","","pending","Boundary description is legally referenced; machine-readable geometry has not yet passed CRS and topology validation."
"207e1729-ce07-578d-b3e2-d1c7efe26b59","2fa1e295-3385-550b-9502-188971b1ba48","LN14-2012-v1","2012-03-09","","KENYA-LAW-LN14-2012","https://new.kenyalaw.org/akn/ke/act/ln/2012/14/eng@2022-12-31","","","pending","Boundary description is legally referenced; machine-readable geometry has not yet passed CRS and topology validation."
"fa51f633-c8f5-5961-809a-090c4e935737","f4b00450-98b5-5ace-b98f-9e0ca922a8d9","LN14-2012-v1","2012-03-09","","KENYA-LAW-LN14-2012","https://new.kenyalaw.org/akn/ke/act/ln/2012/14/eng@2022-12-31","","","pending","Boundary description is legally referenced; machine-readable geometry has not yet passed CRS and topology validation."
"b0f64224-9522-541a-b64a-2778b34f3ab9","aeb1e7cc-80cb-52b7-8e5a-df66b2809d6b","LN14-2012-v1","2012-03-09","","KENYA-LAW-LN14-2012","https://new.kenyalaw.org/akn/ke/act/ln/2012/14/eng@2022-12-31","","","pending","Boundary description is legally referenced; machine-readable geometry has not yet passed CRS and topology validation."
"795fdda6-73f0-514d-90dc-5a8f671b818a","4f107d58-6828-55c3-8b2d-d9d6d26ef673","LN14-2012-v1","2012-03-09","","KENYA-LAW-LN14-2012","https://new.kenyalaw.org/akn/ke/act/ln/2012/14/eng@2022-12-31","","","pending","Boundary description is legally referenced; machine-readable geometry has not yet passed CRS and topology validation."
"ef209db7-0f05-5ed9-9de3-916beef842ac","86eaf8a3-d1f3-5bdb-a482-ee282c883814","LN14-2012-v1","2012-03-09","","KENYA-LAW-LN14-2012","https://new.kenyalaw.org/akn/ke/act/ln/2012/14/eng@2022-12-31","","","pending","Boundary description is legally referenced; machine-readable geometry has not yet passed CRS and topology validation."
"5bdda986-d03f-59fe-ba2a-b4d75e8ee9f6","d59cca26-880e-50cb-a13c-791c44aa12d9","LN14-2012-v1","2012-03-09","","KENYA-LAW-LN14-2012","https://new.kenyalaw.org/akn/ke/act/ln/2012/14/eng@2022-12-31","","","pending","Boundary description is legally referenced; machine-readable geometry has not yet passed CRS and topology validation."
"f924c921-7d5b-52aa-bc0f-5916858376b2","96485e2b-cfc0-5157-bcc0-4b24c525766a","LN14-2012-v1","2012-03-09","","KENYA-LAW-LN14-2012","https://new.kenyalaw.org/akn/ke/act/ln/2012/14/eng@2022-12-31","","","pending","Boundary description is legally referenced; machine-readable geometry has not yet passed CRS and topology validation."
"17e0ecf7-7824-5b19-800c-ae385902b5f6","69ebdb76-2969-5a65-babd-a79db9466a20","LN14-2012-v1","2012-03-09","","KENYA-LAW-LN14-2012","https://new.kenyalaw.org/akn/ke/act/ln/2012/14/eng@2022-12-31","","","pending","Boundary description is legally referenced; machine-readable geometry has not yet passed CRS and topology validation."
"085a86f5-8e71-57f7-a8c8-247c2945570b","07429db9-8173-5908-b1d1-1beea111afd2","LN14-2012-v1","2012-03-09","","KENYA-LAW-LN14-2012","https://new.kenyalaw.org/akn/ke/act/ln/2012/14/eng@2022-12-31","","","pending","Boundary description is legally referenced; machine-readable geometry has not yet passed CRS and topology validation."
"1ea1fee2-dbf6-5e9a-acea-c7c06cde4835","a71ae52b-942e-533b-8496-c93db1fe2e33","LN14-2012-v1","2012-03-09","","KENYA-LAW-LN14-2012","https://new.kenyalaw.org/akn/ke/act/ln/2012/14/eng@2022-12-31","","","pending","Boundary description is legally referenced; machine-readable geometry has not yet passed CRS and topology validation."
"c168aa57-60ef-5f50-82a7-9a488e518642","23ef3c66-a0f3-562e-aefe-03141b74fc97","LN14-2012-v1","2012-03-09","","KENYA-LAW-LN14-2012","https://new.kenyalaw.org/akn/ke/act/ln/2012/14/eng@2022-12-31","","","pending","Boundary description is legally referenced; machine-readable geometry has not yet passed CRS and topology validation."
"1e12dd51-53ee-596b-a623-93c664588b9b","7c5634ad-3ec4-5c97-ac1d-b37c753e600a","LN14-2012-v1","2012-03-09","","KENYA-LAW-LN14-2012","https://new.kenyalaw.org/akn/ke/act/ln/2012/14/eng@2022-12-31","","","pending","Boundary description is legally referenced; machine-readable geometry has not yet passed CRS and topology validation."
"b2b2424f-2e3f-5112-b2c8-b34b6bc18ea2","18dc2665-7af6-5bb1-907b-172b906aeb7f","LN14-2012-v1","2012-03-09","","KENYA-LAW-LN14-2012","https://new.kenyalaw.org/akn/ke/act/ln/2012/14/eng@2022-12-31","","","pending","Boundary description is legally referenced; machine-readable geometry has not yet passed CRS and topology validation."
"419ba45a-e55d-550e-bbe3-dcf7e21a551b","155dc141-be0a-5413-954c-2ee1d3b0fe96","LN14-2012-v1","2012-03-09","","KENYA-LAW-LN14-2012","https://new.kenyalaw.org/akn/ke/act/ln/2012/14/eng@2022-12-31","","","pending","Boundary description is legally referenced; machine-readable geometry has not yet passed CRS and topology validation."
"0096fb21-3e62-590e-be70-49490d6fb028","3f5826b8-f174-5c87-ad59-4112dbff0a1e","LN14-2012-v1","2012-03-09","","KENYA-LAW-LN14-2012","https://new.kenyalaw.org/akn/ke/act/ln/2012/14/eng@2022-12-31","","","pending","Boundary description is legally referenced; machine-readable geometry has not yet passed CRS and topology validation."
"a7f3ff4c-dbc2-51af-9c02-8ac91c9f0665","693f89ff-36f2-5f39-b29c-da4cd48e361e","LN14-2012-v1","2012-03-09","","KENYA-LAW-LN14-2012","https://new.kenyalaw.org/akn/ke/act/ln/2012/14/eng@2022-12-31","","","pending","Boundary description is legally referenced; machine-readable geometry has not yet passed CRS and topology validation."
"05c49a8d-235d-58e1-8bbb-b94133c1e578","dc866b68-1128-548e-8bfe-52cdcdd8835e","LN14-2012-v1","2012-03-09","","KENYA-LAW-LN14-2012","https://new.kenyalaw.org/akn/ke/act/ln/2012/14/eng@2022-12-31","","","pending","Boundary description is legally referenced; machine-readable geometry has not yet passed CRS and topology validation."
"2a164caa-cc73-5510-8570-8aac6458a4c5","d1bd3e85-9ba5-5952-bf03-9a08a39aa38f","LN14-2012-v1","2012-03-09","","KENYA-LAW-LN14-2012","https://new.kenyalaw.org/akn/ke/act/ln/2012/14/eng@2022-12-31","","","pending","Boundary description is legally referenced; machine-readable geometry has not yet passed CRS and topology validation."
"8c50b429-fe4a-55c6-a05b-d7ef1a94a87b","f2f6218a-04d6-5bcd-95ac-71cd1a13c3c0","LN14-2012-v1","2012-03-09","","KENYA-LAW-LN14-2012","https://new.kenyalaw.org/akn/ke/act/ln/2012/14/eng@2022-12-31","","","pending","Boundary description is legally referenced; machine-readable geometry has not yet passed CRS and topology validation."
"824724bd-097d-57d8-a609-7b12bb48659d","22548d17-894b-59de-b144-5677df9d836b","LN14-2012-v1","2012-03-09","","KENYA-LAW-LN14-2012","https://new.kenyalaw.org/akn/ke/act/ln/2012/14/eng@2022-12-31","","","pending","Boundary description is legally referenced; machine-readable geometry has not yet passed CRS and topology validation."
"0265fd2d-9e05-5d71-9700-7bc591f79dd5","a7877050-79ff-5e51-a6a8-5df4269a4b61","LN14-2012-v1","2012-03-09","","KENYA-LAW-LN14-2012","https://new.kenyalaw.org/akn/ke/act/ln/2012/14/eng@2022-12-31","","","pending","Boundary description is legally referenced; machine-readable geometry has not yet passed CRS and topology validation."
"81d4dc6b-dad7-55b6-bfa1-e6a4e479180a","a2e9653a-8f69-5a03-b851-aa79873b83da","LN14-2012-v1","2012-03-09","","KENYA-LAW-LN14-2012","https://new.kenyalaw.org/akn/ke/act/ln/2012/14/eng@2022-12-31","","","pending","Boundary description is legally referenced; machine-readable geometry has not yet passed CRS and topology validation."
"8944ffd6-d063-57e1-9524-15a6cfc87ce4","126ceae3-6e01-5f72-b050-9fa0d466a188","LN14-2012-v1","2012-03-09","","KENYA-LAW-LN14-2012","https://new.kenyalaw.org/akn/ke/act/ln/2012/14/eng@2022-12-31","","","pending","Boundary description is legally referenced; machine-readable geometry has not yet passed CRS and topology validation."
"efb6988d-a848-5bd4-99d2-dbde08e03f9b","224a38f5-1a66-5034-bab3-660c43c2cb01","LN14-2012-v1","2012-03-09","","KENYA-LAW-LN14-2012","https://new.kenyalaw.org/akn/ke/act/ln/2012/14/eng@2022-12-31","","","pending","Boundary description is legally referenced; machine-readable geometry has not yet passed CRS and topology validation."
"902127e2-a88d-5ea2-b1eb-059be6c585e6","619cbdd4-cce9-5caf-a562-0764d6d4895d","LN14-2012-v1","2012-03-09","","KENYA-LAW-LN14-2012","https://new.kenyalaw.org/akn/ke/act/ln/2012/14/eng@2022-12-31","","","pending","Boundary description is legally referenced; machine-readable geometry has not yet passed CRS and topology validation."
"253ef21f-6f48-52ee-af80-bdbe8448cb0b","1ef45277-a384-55c3-945b-5caa38778083","LN14-2012-v1","2012-03-09","","KENYA-LAW-LN14-2012","https://new.kenyalaw.org/akn/ke/act/ln/2012/14/eng@2022-12-31","","","pending","Boundary description is legally referenced; machine-readable geometry has not yet passed CRS and topology validation."
"4179b282-faae-55c0-842e-786a5a4a4a86","d0f52550-2ce0-52bc-a70c-15bbf96425c2","LN14-2012-v1","2012-03-09","","KENYA-LAW-LN14-2012","https://new.kenyalaw.org/akn/ke/act/ln/2012/14/eng@2022-12-31","","","pending","Boundary description is legally referenced; machine-readable geometry has not yet passed CRS and topology validation."
"ff716c05-c27f-587b-91d0-b6d10f4b01d7","a2a7a9e4-20b8-523f-8f14-3ea794315157","LN14-2012-v1","2012-03-09","","KENYA-LAW-LN14-2012","https://new.kenyalaw.org/akn/ke/act/ln/2012/14/eng@2022-12-31","","","pending","Boundary description is legally referenced; machine-readable geometry has not yet passed CRS and topology validation."
"e43e2259-52a1-5227-8312-fc8c3d322003","293f9f42-275a-565e-abf4-84adb051adbb","LN14-2012-v1","2012-03-09","","KENYA-LAW-LN14-2012","https://new.kenyalaw.org/akn/ke/act/ln/2012/14/eng@2022-12-31","","","pending","Boundary description is legally referenced; machine-readable geometry has not yet passed CRS and topology validation."
"c2a36f40-9c28-55d2-9663-75fb20c01a5a","1c5717d0-9954-5bee-b53b-bf24a8621087","LN14-2012-v1","2012-03-09","","KENYA-LAW-LN14-2012","https://new.kenyalaw.org/akn/ke/act/ln/2012/14/eng@2022-12-31","","","pending","Boundary description is legally referenced; machine-readable geometry has not yet passed CRS and topology validation."
"0f475990-d4ab-5cf7-9fab-f1a6fb2de795","6680b5c2-d0a0-5a65-8c3e-3677d85efc8d","LN14-2012-v1","2012-03-09","","KENYA-LAW-LN14-2012","https://new.kenyalaw.org/akn/ke/act/ln/2012/14/eng@2022-12-31","","","pending","Boundary description is legally referenced; machine-readable geometry has not yet passed CRS and topology validation."
"8e3c43d6-490e-5360-90dd-69dc79bf6e1c","5eca61b4-d95b-5042-9503-793c8121e202","LN14-2012-v1","2012-03-09","","KENYA-LAW-LN14-2012","https://new.kenyalaw.org/akn/ke/act/ln/2012/14/eng@2022-12-31","","","pending","Boundary description is legally referenced; machine-readable geometry has not yet passed CRS and topology validation."
"c8f79bf5-eaf6-54e9-aa09-360188ffe326","cd5a5ec0-a0ee-5766-858e-0e99b4d02064","LN14-2012-v1","2012-03-09","","KENYA-LAW-LN14-2012","https://new.kenyalaw.org/akn/ke/act/ln/2012/14/eng@2022-12-31","","","pending","Boundary description is legally referenced; machine-readable geometry has not yet passed CRS and topology validation."
"121ac2bf-9533-5402-af6f-20f2d98f5927","19689ed8-2da4-5e9b-bf20-6aa161367ab2","LN14-2012-v1","2012-03-09","","KENYA-LAW-LN14-2012","https://new.kenyalaw.org/akn/ke/act/ln/2012/14/eng@2022-12-31","","","pending","Boundary description is legally referenced; machine-readable geometry has not yet passed CRS and topology validation."
"577e119b-e425-58c9-87ed-330e0380d30d","ee645bfa-7523-5457-96bc-1b1ce596ff11","LN14-2012-v1","2012-03-09","","KENYA-LAW-LN14-2012","https://new.kenyalaw.org/akn/ke/act/ln/2012/14/eng@2022-12-31","","","pending","Boundary description is legally referenced; machine-readable geometry has not yet passed CRS and topology validation."
"262ba1ae-f758-5085-8146-2e438bded449","49232b5f-9f7c-5bcd-83a2-93893efc8ad3","LN14-2012-v1","2012-03-09","","KENYA-LAW-LN14-2012","https://new.kenyalaw.org/akn/ke/act/ln/2012/14/eng@2022-12-31","","","pending","Boundary description is legally referenced; machine-readable geometry has not yet passed CRS and topology validation."
"7b1f6a9e-89e8-598c-8347-bebeca3a2b86","06a5c108-40e6-5d05-a945-7abb28613db2","LN14-2012-v1","2012-03-09","","KENYA-LAW-LN14-2012","https://new.kenyalaw.org/akn/ke/act/ln/2012/14/eng@2022-12-31","","","pending","Boundary description is legally referenced; machine-readable geometry has not yet passed CRS and topology validation."
"966bdcbd-6254-5010-a605-849d799f00be","5598163b-13d1-5515-830d-a94918dc208d","LN14-2012-v1","2012-03-09","","KENYA-LAW-LN14-2012","https://new.kenyalaw.org/akn/ke/act/ln/2012/14/eng@2022-12-31","","","pending","Boundary description is legally referenced; machine-readable geometry has not yet passed CRS and topology validation."
"12f996d8-4ce3-5a15-8a1f-09081f9fbf2b","cdbfd87a-7665-5311-aa8a-09f4186ceaa1","LN14-2012-v1","2012-03-09","","KENYA-LAW-LN14-2012","https://new.kenyalaw.org/akn/ke/act/ln/2012/14/eng@2022-12-31","","","pending","Boundary description is legally referenced; machine-readable geometry has not yet passed CRS and topology validation."
"708145ac-58ed-59c1-98ee-8f227ce75981","cbcecfc6-592c-5db2-bced-c50f2a2ec9c2","LN14-2012-v1","2012-03-09","","KENYA-LAW-LN14-2012","https://new.kenyalaw.org/akn/ke/act/ln/2012/14/eng@2022-12-31","","","pending","Boundary description is legally referenced; machine-readable geometry has not yet passed CRS and topology validation."
"572d70e2-4051-5b04-b3e4-3d432e491fcb","447a16b4-424f-5cf0-9936-0085461057d2","LN14-2012-v1","2012-03-09","","KENYA-LAW-LN14-2012","https://new.kenyalaw.org/akn/ke/act/ln/2012/14/eng@2022-12-31","","","pending","Boundary description is legally referenced; machine-readable geometry has not yet passed CRS and topology validation."
"86d862dc-b630-527e-a603-0dd5983c8dd4","02cd6b41-801a-5a0e-981c-f3a1e4e7696c","LN14-2012-v1","2012-03-09","","KENYA-LAW-LN14-2012","https://new.kenyalaw.org/akn/ke/act/ln/2012/14/eng@2022-12-31","","","pending","Boundary description is legally referenced; machine-readable geometry has not yet passed CRS and topology validation."
"c582df5b-6976-54e0-92f4-52194c9b7170","73661f18-f0b5-5e8f-b869-f58574078bfd","LN14-2012-v1","2012-03-09","","KENYA-LAW-LN14-2012","https://new.kenyalaw.org/akn/ke/act/ln/2012/14/eng@2022-12-31","","","pending","Boundary description is legally referenced; machine-readable geometry has not yet passed CRS and topology validation."
"7e7ef9d1-ed99-53ac-89a5-7ad92ca96993","9761c578-85e0-5218-979e-1f1cfd6381a5","LN14-2012-v1","2012-03-09","","KENYA-LAW-LN14-2012","https://new.kenyalaw.org/akn/ke/act/ln/2012/14/eng@2022-12-31","","","pending","Boundary description is legally referenced; machine-readable geometry has not yet passed CRS and topology validation."
"fa18ac7d-9955-57f1-8124-8c2a892c8657","ba1abc3a-2182-54a1-9cd2-a9b9658cb708","LN14-2012-v1","2012-03-09","","KENYA-LAW-LN14-2012","https://new.kenyalaw.org/akn/ke/act/ln/2012/14/eng@2022-12-31","","","pending","Boundary description is legally referenced; machine-readable geometry has not yet passed CRS and topology validation."
"f3ae27ad-348b-5584-b3a4-90c98723cf16","e69c20d5-a8ef-54a4-8432-e200949d3504","LN14-2012-v1","2012-03-09","","KENYA-LAW-LN14-2012","https://new.kenyalaw.org/akn/ke/act/ln/2012/14/eng@2022-12-31","","","pending","Boundary description is legally referenced; machine-readable geometry has not yet passed CRS and topology validation."
"db2010e8-bf94-5889-a909-a4a035e82dd2","1972c59a-75aa-54c9-9d46-25d1c2b12a7a","LN14-2012-v1","2012-03-09","","KENYA-LAW-LN14-2012","https://new.kenyalaw.org/akn/ke/act/ln/2012/14/eng@2022-12-31","","","pending","Boundary description is legally referenced; machine-readable geometry has not yet passed CRS and topology validation."
"029a7a58-5dd8-5102-a5a0-6523d6aa7116","190fab02-c18d-5007-b6be-005745c492dd","LN14-2012-v1","2012-03-09","","KENYA-LAW-LN14-2012","https://new.kenyalaw.org/akn/ke/act/ln/2012/14/eng@2022-12-31","","","pending","Boundary description is legally referenced; machine-readable geometry has not yet passed CRS and topology validation."
"48cefd5e-63bc-5260-9f1f-5f58215287a8","8c80eb96-7752-5c2c-9db1-a508e4065f8b","LN14-2012-v1","2012-03-09","","KENYA-LAW-LN14-2012","https://new.kenyalaw.org/akn/ke/act/ln/2012/14/eng@2022-12-31","","","pending","Boundary description is legally referenced; machine-readable geometry has not yet passed CRS and topology validation."
"c08907b4-7542-5b38-b01c-78674af39363","e291dfd2-93d3-58d2-ac9f-438706c35f26","LN14-2012-v1","2012-03-09","","KENYA-LAW-LN14-2012","https://new.kenyalaw.org/akn/ke/act/ln/2012/14/eng@2022-12-31","","","pending","Boundary description is legally referenced; machine-readable geometry has not yet passed CRS and topology validation."
"9090bba6-05a4-541c-92f5-a5f58f2745b8","d7cde90a-0383-5bee-9ce6-1e3454cbb889","LN14-2012-v1","2012-03-09","","KENYA-LAW-LN14-2012","https://new.kenyalaw.org/akn/ke/act/ln/2012/14/eng@2022-12-31","","","pending","Boundary description is legally referenced; machine-readable geometry has not yet passed CRS and topology validation."
"55700efe-cbe7-55c8-9275-9d8388cd5584","69b78118-6bad-5045-b68f-3a28d91d89f1","LN14-2012-v1","2012-03-09","","KENYA-LAW-LN14-2012","https://new.kenyalaw.org/akn/ke/act/ln/2012/14/eng@2022-12-31","","","pending","Boundary description is legally referenced; machine-readable geometry has not yet passed CRS and topology validation."
"681c5b95-ce28-501b-bd68-130ff53de21a","502244f9-caf4-5608-b1a1-40efaf2bcf9a","LN14-2012-v1","2012-03-09","","KENYA-LAW-LN14-2012","https://new.kenyalaw.org/akn/ke/act/ln/2012/14/eng@2022-12-31","","","pending","Boundary description is legally referenced; machine-readable geometry has not yet passed CRS and topology validation."
"cb241143-4056-56ee-af31-17fe3869b536","cf018c03-9109-5b51-82ef-60e9c7c3788a","LN14-2012-v1","2012-03-09","","KENYA-LAW-LN14-2012","https://new.kenyalaw.org/akn/ke/act/ln/2012/14/eng@2022-12-31","","","pending","Boundary description is legally referenced; machine-readable geometry has not yet passed CRS and topology validation."
"71798a90-a598-554c-a3ae-ff8b219e31a5","8aa8c1e0-9867-5573-becb-cba627117dda","LN14-2012-v1","2012-03-09","","KENYA-LAW-LN14-2012","https://new.kenyalaw.org/akn/ke/act/ln/2012/14/eng@2022-12-31","","","pending","Boundary description is legally referenced; machine-readable geometry has not yet passed CRS and topology validation."
"28446e4f-2d7f-5d2a-96dc-b7eab7cbfa91","fd5d283a-2886-59f6-a398-40c647c2cfc7","LN14-2012-v1","2012-03-09","","KENYA-LAW-LN14-2012","https://new.kenyalaw.org/akn/ke/act/ln/2012/14/eng@2022-12-31","","","pending","Boundary description is legally referenced; machine-readable geometry has not yet passed CRS and topology validation."
"3a6138a0-2606-5e24-bdca-11628d9c3740","a7561949-953f-5f64-b52d-ec099af9206e","LN14-2012-v1","2012-03-09","","KENYA-LAW-LN14-2012","https://new.kenyalaw.org/akn/ke/act/ln/2012/14/eng@2022-12-31","","","pending","Boundary description is legally referenced; machine-readable geometry has not yet passed CRS and topology validation."
"43fe4057-a264-5b8c-91f2-3419828565b9","f232db1d-a832-5502-afe6-75bc457d92d9","LN14-2012-v1","2012-03-09","","KENYA-LAW-LN14-2012","https://new.kenyalaw.org/akn/ke/act/ln/2012/14/eng@2022-12-31","","","pending","Boundary description is legally referenced; machine-readable geometry has not yet passed CRS and topology validation."
"6138b545-72db-51fb-a1c6-c2baf1040c59","2b9da437-6bad-5043-9273-c99b41fcf074","LN14-2012-v1","2012-03-09","","KENYA-LAW-LN14-2012","https://new.kenyalaw.org/akn/ke/act/ln/2012/14/eng@2022-12-31","","","pending","Boundary description is legally referenced; machine-readable geometry has not yet passed CRS and topology validation."
"f5e8f4c1-18b8-57fe-bd13-e83e96071941","5c1de55d-293b-51a7-ad78-5049e6d0cd92","LN14-2012-v1","2012-03-09","","KENYA-LAW-LN14-2012","https://new.kenyalaw.org/akn/ke/act/ln/2012/14/eng@2022-12-31","","","pending","Boundary description is legally referenced; machine-readable geometry has not yet passed CRS and topology validation."
"f4567e29-da1d-5dcd-8efb-03cfa26542ac","e97ea70a-4391-53c9-829b-d612ea40bb84","LN14-2012-v1","2012-03-09","","KENYA-LAW-LN14-2012","https://new.kenyalaw.org/akn/ke/act/ln/2012/14/eng@2022-12-31","","","pending","Boundary description is legally referenced; machine-readable geometry has not yet passed CRS and topology validation."
"b0b4ed33-a264-5c57-9ef7-09e85b58e896","d08e9ad4-3279-5e2b-a6b7-12f16e67b50f","LN14-2012-v1","2012-03-09","","KENYA-LAW-LN14-2012","https://new.kenyalaw.org/akn/ke/act/ln/2012/14/eng@2022-12-31","","","pending","Boundary description is legally referenced; machine-readable geometry has not yet passed CRS and topology validation."
"2a97ace0-a6ab-571e-8090-3f3207817f99","1fda31d8-68a0-50c6-bb4b-db05eaf55da5","LN14-2012-v1","2012-03-09","","KENYA-LAW-LN14-2012","https://new.kenyalaw.org/akn/ke/act/ln/2012/14/eng@2022-12-31","","","pending","Boundary description is legally referenced; machine-readable geometry has not yet passed CRS and topology validation."
"457046e2-6f58-5f6c-8d59-779c19cb185f","12b90fc7-f796-5c55-a829-be39ba252cb6","LN14-2012-v1","2012-03-09","","KENYA-LAW-LN14-2012","https://new.kenyalaw.org/akn/ke/act/ln/2012/14/eng@2022-12-31","","","pending","Boundary description is legally referenced; machine-readable geometry has not yet passed CRS and topology validation."
"c8522dbd-30d3-5a0d-a1a2-f3d185e2a8d5","9b56e85f-b8d6-523d-a36f-5a846c17b696","LN14-2012-v1","2012-03-09","","KENYA-LAW-LN14-2012","https://new.kenyalaw.org/akn/ke/act/ln/2012/14/eng@2022-12-31","","","pending","Boundary description is legally referenced; machine-readable geometry has not yet passed CRS and topology validation."
"94466984-beea-5f3a-a644-42afd98a2404","c4f13258-42c7-5bfa-becc-ede2caf51a21","LN14-2012-v1","2012-03-09","","KENYA-LAW-LN14-2012","https://new.kenyalaw.org/akn/ke/act/ln/2012/14/eng@2022-12-31","","","pending","Boundary description is legally referenced; machine-readable geometry has not yet passed CRS and topology validation."
"ec42fb86-60c7-5ec5-8425-4af8d863fbcc","79c2c356-b666-538a-89af-3a208c0b9510","LN14-2012-v1","2012-03-09","","KENYA-LAW-LN14-2012","https://new.kenyalaw.org/akn/ke/act/ln/2012/14/eng@2022-12-31","","","pending","Boundary description is legally referenced; machine-readable geometry has not yet passed CRS and topology validation."
"623dd953-6d14-531b-bbed-600358eaeaad","e4efbfd3-df38-53c9-b42c-826d247a5dc6","LN14-2012-v1","2012-03-09","","KENYA-LAW-LN14-2012","https://new.kenyalaw.org/akn/ke/act/ln/2012/14/eng@2022-12-31","","","pending","Boundary description is legally referenced; machine-readable geometry has not yet passed CRS and topology validation."
"da69044f-426e-5c17-a010-4a060147b749","c0a0f039-2760-5bfb-aae0-de67a791cbc0","LN14-2012-v1","2012-03-09","","KENYA-LAW-LN14-2012","https://new.kenyalaw.org/akn/ke/act/ln/2012/14/eng@2022-12-31","","","pending","Boundary description is legally referenced; machine-readable geometry has not yet passed CRS and topology validation."
"1b614ac5-9dbb-51d6-8690-f92ccc8f26bb","15d3d29e-a31e-593e-8225-1d185ae87900","LN14-2012-v1","2012-03-09","","KENYA-LAW-LN14-2012","https://new.kenyalaw.org/akn/ke/act/ln/2012/14/eng@2022-12-31","","","pending","Boundary description is legally referenced; machine-readable geometry has not yet passed CRS and topology validation."
"c14fcba2-e484-5d1f-8fb3-bb5e75488053","374d482b-5706-5f4e-8bb5-2ad66d407426","LN14-2012-v1","2012-03-09","","KENYA-LAW-LN14-2012","https://new.kenyalaw.org/akn/ke/act/ln/2012/14/eng@2022-12-31","","","pending","Boundary description is legally referenced; machine-readable geometry has not yet passed CRS and topology validation."
"b30d6734-28e4-591e-9101-22d474f82d2d","e6678ef4-ee8a-5621-a8f3-cd22a8fa19a8","LN14-2012-v1","2012-03-09","","KENYA-LAW-LN14-2012","https://new.kenyalaw.org/akn/ke/act/ln/2012/14/eng@2022-12-31","","","pending","Boundary description is legally referenced; machine-readable geometry has not yet passed CRS and topology validation."
"2110761a-83a4-5ca0-90d6-0798c44bbacf","90026473-26b0-5eb6-9220-203833a31d94","LN14-2012-v1","2012-03-09","","KENYA-LAW-LN14-2012","https://new.kenyalaw.org/akn/ke/act/ln/2012/14/eng@2022-12-31","","","pending","Boundary description is legally referenced; machine-readable geometry has not yet passed CRS and topology validation."
"e78e8c90-16f4-5185-b539-d41b0a349d1f","457989df-9180-53e4-ba9e-555865fd1814","LN14-2012-v1","2012-03-09","","KENYA-LAW-LN14-2012","https://new.kenyalaw.org/akn/ke/act/ln/2012/14/eng@2022-12-31","","","pending","Boundary description is legally referenced; machine-readable geometry has not yet passed CRS and topology validation."
"92b7b881-cfc0-5e3b-a13e-4d592f494b80","1d2b9e8a-5adf-5ebd-8d6f-d35fd129102b","LN14-2012-v1","2012-03-09","","KENYA-LAW-LN14-2012","https://new.kenyalaw.org/akn/ke/act/ln/2012/14/eng@2022-12-31","","","pending","Boundary description is legally referenced; machine-readable geometry has not yet passed CRS and topology validation."
"096eabd7-0fc2-57f0-9371-9a7fbb18f8a2","1f8da509-1fcd-5b24-905a-900ff1238d0d","LN14-2012-v1","2012-03-09","","KENYA-LAW-LN14-2012","https://new.kenyalaw.org/akn/ke/act/ln/2012/14/eng@2022-12-31","","","pending","Boundary description is legally referenced; machine-readable geometry has not yet passed CRS and topology validation."
"638cabe1-ef3a-5ca1-bc29-40b488b4bca0","5306e0e1-5682-558b-8fe8-b1dc315b84a9","LN14-2012-v1","2012-03-09","","KENYA-LAW-LN14-2012","https://new.kenyalaw.org/akn/ke/act/ln/2012/14/eng@2022-12-31","","","pending","Boundary description is legally referenced; machine-readable geometry has not yet passed CRS and topology validation."
"0b92337a-4e54-595c-9e55-af28c51f2e26","2a9093cf-d957-59df-a30c-acac552b9365","LN14-2012-v1","2012-03-09","","KENYA-LAW-LN14-2012","https://new.kenyalaw.org/akn/ke/act/ln/2012/14/eng@2022-12-31","","","pending","Boundary description is legally referenced; machine-readable geometry has not yet passed CRS and topology validation."
"49a07ab1-fc0d-5b56-83ec-a38ff0eccd15","b21eed74-4154-5e8e-a719-5c638fd7cc2d","LN14-2012-v1","2012-03-09","","KENYA-LAW-LN14-2012","https://new.kenyalaw.org/akn/ke/act/ln/2012/14/eng@2022-12-31","","","pending","Boundary description is legally referenced; machine-readable geometry has not yet passed CRS and topology validation."
"4c8dac93-3e17-5f13-9a8b-96b8e32a272a","b8697876-2537-59b6-89d4-38aef93bbc8a","LN14-2012-v1","2012-03-09","","KENYA-LAW-LN14-2012","https://new.kenyalaw.org/akn/ke/act/ln/2012/14/eng@2022-12-31","","","pending","Boundary description is legally referenced; machine-readable geometry has not yet passed CRS and topology validation."
"9e219697-9c31-5632-bc57-8720fbdbb78f","731ca7be-4940-580c-9ee5-db14a8062695","LN14-2012-v1","2012-03-09","","KENYA-LAW-LN14-2012","https://new.kenyalaw.org/akn/ke/act/ln/2012/14/eng@2022-12-31","","","pending","Boundary description is legally referenced; machine-readable geometry has not yet passed CRS and topology validation."
"684ae9ca-6612-5488-9752-4d52fb31e2a7","98f56051-9ff1-57d1-82f6-2533868056ad","LN14-2012-v1","2012-03-09","","KENYA-LAW-LN14-2012","https://new.kenyalaw.org/akn/ke/act/ln/2012/14/eng@2022-12-31","","","pending","Boundary description is legally referenced; machine-readable geometry has not yet passed CRS and topology validation."
"c1150b57-9ad4-502a-9f6c-2fab5aa3a256","a1ba8348-610d-54db-be4d-443c97f42e4f","LN14-2012-v1","2012-03-09","","KENYA-LAW-LN14-2012","https://new.kenyalaw.org/akn/ke/act/ln/2012/14/eng@2022-12-31","","","pending","Boundary description is legally referenced; machine-readable geometry has not yet passed CRS and topology validation."
"188faf11-0c58-5773-8ae9-f62d9320c233","f5ac8a55-1100-5f2d-855c-087fbfb36328","LN14-2012-v1","2012-03-09","","KENYA-LAW-LN14-2012","https://new.kenyalaw.org/akn/ke/act/ln/2012/14/eng@2022-12-31","","","pending","Boundary description is legally referenced; machine-readable geometry has not yet passed CRS and topology validation."
"20fffe47-6a6b-5a05-a5f8-eef181254ede","c82f6595-f2b0-5c72-a5c1-5fa57215ea26","LN14-2012-v1","2012-03-09","","KENYA-LAW-LN14-2012","https://new.kenyalaw.org/akn/ke/act/ln/2012/14/eng@2022-12-31","","","pending","Boundary description is legally referenced; machine-readable geometry has not yet passed CRS and topology validation."
"c109ffd9-f06f-5498-88a3-b8957e7c8d5a","3aeab3e8-7dc0-5677-bb56-579ccb92b41d","LN14-2012-v1","2012-03-09","","KENYA-LAW-LN14-2012","https://new.kenyalaw.org/akn/ke/act/ln/2012/14/eng@2022-12-31","","","pending","Boundary description is legally referenced; machine-readable geometry has not yet passed CRS and topology validation."
"b87be472-40ca-5126-932c-8caae565f303","3c3f3dfb-f3f0-5515-bcde-8d8cdd42b802","LN14-2012-v1","2012-03-09","","KENYA-LAW-LN14-2012","https://new.kenyalaw.org/akn/ke/act/ln/2012/14/eng@2022-12-31","","","pending","Boundary description is legally referenced; machine-readable geometry has not yet passed CRS and topology validation."
"2fc2956b-c17d-5d6c-8327-1a7ee2db4966","d2030353-3bcb-57aa-a579-cf59cbd1068f","LN14-2012-v1","2012-03-09","","KENYA-LAW-LN14-2012","https://new.kenyalaw.org/akn/ke/act/ln/2012/14/eng@2022-12-31","","","pending","Boundary description is legally referenced; machine-readable geometry has not yet passed CRS and topology validation."
"cf4d547e-18ae-566a-bdde-6df8eb9db8a4","2e0787a8-8f97-5519-8797-73fb4c713943","LN14-2012-v1","2012-03-09","","KENYA-LAW-LN14-2012","https://new.kenyalaw.org/akn/ke/act/ln/2012/14/eng@2022-12-31","","","pending","Boundary description is legally referenced; machine-readable geometry has not yet passed CRS and topology validation."
"82fd31a7-1355-56c1-8615-c5f304286912","b23f3e8e-6191-5d05-af14-c877038311ae","LN14-2012-v1","2012-03-09","","KENYA-LAW-LN14-2012","https://new.kenyalaw.org/akn/ke/act/ln/2012/14/eng@2022-12-31","","","pending","Boundary description is legally referenced; machine-readable geometry has not yet passed CRS and topology validation."
"307e1252-24cd-567b-8200-5238c23f9793","bfff3678-3392-57e8-9f91-1b970a5c740c","LN14-2012-v1","2012-03-09","","KENYA-LAW-LN14-2012","https://new.kenyalaw.org/akn/ke/act/ln/2012/14/eng@2022-12-31","","","pending","Boundary description is legally referenced; machine-readable geometry has not yet passed CRS and topology validation."
"f3e209b9-a413-561b-bf45-c9dbd0e67321","08a5e1ac-d55b-592c-817d-93412aae2b4b","LN14-2012-v1","2012-03-09","","KENYA-LAW-LN14-2012","https://new.kenyalaw.org/akn/ke/act/ln/2012/14/eng@2022-12-31","","","pending","Boundary description is legally referenced; machine-readable geometry has not yet passed CRS and topology validation."
"244481e2-9065-5037-b7d4-d311003a3b50","4815ecd3-8ae9-539f-9678-3bbbbd9cfb57","LN14-2012-v1","2012-03-09","","KENYA-LAW-LN14-2012","https://new.kenyalaw.org/akn/ke/act/ln/2012/14/eng@2022-12-31","","","pending","Boundary description is legally referenced; machine-readable geometry has not yet passed CRS and topology validation."
"2cdbb748-b948-5fd5-b3f3-1b33228ef42b","2a2961ce-7551-5041-b696-6be93ebdd88e","LN14-2012-v1","2012-03-09","","KENYA-LAW-LN14-2012","https://new.kenyalaw.org/akn/ke/act/ln/2012/14/eng@2022-12-31","","","pending","Boundary description is legally referenced; machine-readable geometry has not yet passed CRS and topology validation."
"98aefa71-e7ab-5137-a04b-38744ffab14b","39d6339b-be75-5f89-8998-aa59b3e6aee4","LN14-2012-v1","2012-03-09","","KENYA-LAW-LN14-2012","https://new.kenyalaw.org/akn/ke/act/ln/2012/14/eng@2022-12-31","","","pending","Boundary description is legally referenced; machine-readable geometry has not yet passed CRS and topology validation."
"a4fdb64b-9cbd-5c9b-9e58-19079f7a13ee","ebb5c86a-19d5-5510-824f-c90072a6f78f","LN14-2012-v1","2012-03-09","","KENYA-LAW-LN14-2012","https://new.kenyalaw.org/akn/ke/act/ln/2012/14/eng@2022-12-31","","","pending","Boundary description is legally referenced; machine-readable geometry has not yet passed CRS and topology validation."
"e70da1e4-0fa1-5634-b485-e0ae26c5b8ab","33c0ef4f-2a35-54c4-a640-7d385343e1b9","LN14-2012-v1","2012-03-09","","KENYA-LAW-LN14-2012","https://new.kenyalaw.org/akn/ke/act/ln/2012/14/eng@2022-12-31","","","pending","Boundary description is legally referenced; machine-readable geometry has not yet passed CRS and topology validation."
"7993a59a-0914-5d6c-832e-5c856091d61e","8159b271-16d8-5a19-a860-38de0d7d66bf","LN14-2012-v1","2012-03-09","","KENYA-LAW-LN14-2012","https://new.kenyalaw.org/akn/ke/act/ln/2012/14/eng@2022-12-31","","","pending","Boundary description is legally referenced; machine-readable geometry has not yet passed CRS and topology validation."
"998a1ff9-9ea5-5db1-bb4f-0c52b649281f","1a3189ad-01de-5030-b4ea-fe2a25cd02e6","LN14-2012-v1","2012-03-09","","KENYA-LAW-LN14-2012","https://new.kenyalaw.org/akn/ke/act/ln/2012/14/eng@2022-12-31","","","pending","Boundary description is legally referenced; machine-readable geometry has not yet passed CRS and topology validation."
"51bae76b-4937-5c2f-9d52-d727dcf92342","a6a03a0f-5b86-5238-89c3-16680240cdfa","LN14-2012-v1","2012-03-09","","KENYA-LAW-LN14-2012","https://new.kenyalaw.org/akn/ke/act/ln/2012/14/eng@2022-12-31","","","pending","Boundary description is legally referenced; machine-readable geometry has not yet passed CRS and topology validation."
"dc439989-3076-5379-89d3-84cbc766b077","c78e642b-0125-5caf-9c7f-e21a02b0206d","LN14-2012-v1","2012-03-09","","KENYA-LAW-LN14-2012","https://new.kenyalaw.org/akn/ke/act/ln/2012/14/eng@2022-12-31","","","pending","Boundary description is legally referenced; machine-readable geometry has not yet passed CRS and topology validation."
"91a0687f-40bf-5680-8afa-d4d77dd6dc3a","0fbff2b8-da52-51b2-bbd2-ee66307af4f8","LN14-2012-v1","2012-03-09","","KENYA-LAW-LN14-2012","https://new.kenyalaw.org/akn/ke/act/ln/2012/14/eng@2022-12-31","","","pending","Boundary description is legally referenced; machine-readable geometry has not yet passed CRS and topology validation."
"b6263f86-256e-565c-ba9b-a9c14f659a74","d200ea23-9371-55d8-b2a7-d073a0c87038","LN14-2012-v1","2012-03-09","","KENYA-LAW-LN14-2012","https://new.kenyalaw.org/akn/ke/act/ln/2012/14/eng@2022-12-31","","","pending","Boundary description is legally referenced; machine-readable geometry has not yet passed CRS and topology validation."
"761e02b9-a3e2-5a12-b58d-d03a94911a30","033a1585-da99-5be2-a3e9-98087195ea4f","LN14-2012-v1","2012-03-09","","KENYA-LAW-LN14-2012","https://new.kenyalaw.org/akn/ke/act/ln/2012/14/eng@2022-12-31","","","pending","Boundary description is legally referenced; machine-readable geometry has not yet passed CRS and topology validation."
"c592b147-5e22-5dcd-a9e2-5eccf24fffc4","135eeb5c-0685-5084-9019-f1c47b327984","LN14-2012-v1","2012-03-09","","KENYA-LAW-LN14-2012","https://new.kenyalaw.org/akn/ke/act/ln/2012/14/eng@2022-12-31","","","pending","Boundary description is legally referenced; machine-readable geometry has not yet passed CRS and topology validation."
"5c155343-d23e-5e04-b6b5-4604a26074c6","edc2287b-5c93-5388-aec2-138d8dd97b34","LN14-2012-v1","2012-03-09","","KENYA-LAW-LN14-2012","https://new.kenyalaw.org/akn/ke/act/ln/2012/14/eng@2022-12-31","","","pending","Boundary description is legally referenced; machine-readable geometry has not yet passed CRS and topology validation."
"f288593d-6cd7-508b-950d-59fb730b2d4d","a7dca6f0-7570-5097-afb5-951a68d1bb40","LN14-2012-v1","2012-03-09","","KENYA-LAW-LN14-2012","https://new.kenyalaw.org/akn/ke/act/ln/2012/14/eng@2022-12-31","","","pending","Boundary description is legally referenced; machine-readable geometry has not yet passed CRS and topology validation."
"21acab5a-f7c2-5602-898c-2ff562d8313d","323c5a9c-c303-5b24-aa54-33d468e82039","LN14-2012-v1","2012-03-09","","KENYA-LAW-LN14-2012","https://new.kenyalaw.org/akn/ke/act/ln/2012/14/eng@2022-12-31","","","pending","Boundary description is legally referenced; machine-readable geometry has not yet passed CRS and topology validation."
"3c11c769-828f-576b-b6c8-1a433fee3b5d","8cc23f92-f1f6-54a6-a489-2455a0350cc7","LN14-2012-v1","2012-03-09","","KENYA-LAW-LN14-2012","https://new.kenyalaw.org/akn/ke/act/ln/2012/14/eng@2022-12-31","","","pending","Boundary description is legally referenced; machine-readable geometry has not yet passed CRS and topology validation."
"f1c47a53-670c-5850-89b1-45cce767c86e","37455e37-df58-5b1d-b989-2f1ecf400cd5","LN14-2012-v1","2012-03-09","","KENYA-LAW-LN14-2012","https://new.kenyalaw.org/akn/ke/act/ln/2012/14/eng@2022-12-31","","","pending","Boundary description is legally referenced; machine-readable geometry has not yet passed CRS and topology validation."
"af2b445b-8406-57ab-b992-d1137364e670","1780cb57-42fd-5821-ab18-38d5a5bb094a","LN14-2012-v1","2012-03-09","","KENYA-LAW-LN14-2012","https://new.kenyalaw.org/akn/ke/act/ln/2012/14/eng@2022-12-31","","","pending","Boundary description is legally referenced; machine-readable geometry has not yet passed CRS and topology validation."
"cffc7fbb-1cfb-5950-b5fe-478ade79213d","f8c814ad-1655-5eef-bdcc-ba0162044e7a","LN14-2012-v1","2012-03-09","","KENYA-LAW-LN14-2012","https://new.kenyalaw.org/akn/ke/act/ln/2012/14/eng@2022-12-31","","","pending","Boundary description is legally referenced; machine-readable geometry has not yet passed CRS and topology validation."
"0c3aeb1c-a496-5448-af0a-7ff0ef0900d2","a4b3094c-24dc-576a-a3bd-e2b8d704501b","LN14-2012-v1","2012-03-09","","KENYA-LAW-LN14-2012","https://new.kenyalaw.org/akn/ke/act/ln/2012/14/eng@2022-12-31","","","pending","Boundary description is legally referenced; machine-readable geometry has not yet passed CRS and topology validation."
"f792b98d-27f7-5e65-a9f0-d37b4497cfa4","d21a6efb-1a26-57d4-90a7-b1f9f02e67fa","LN14-2012-v1","2012-03-09","","KENYA-LAW-LN14-2012","https://new.kenyalaw.org/akn/ke/act/ln/2012/14/eng@2022-12-31","","","pending","Boundary description is legally referenced; machine-readable geometry has not yet passed CRS and topology validation."
"f11c49a7-45da-5186-9021-d43f604d01dc","35ce5163-e9cc-566e-876f-3a3dd6598a7f","LN14-2012-v1","2012-03-09","","KENYA-LAW-LN14-2012","https://new.kenyalaw.org/akn/ke/act/ln/2012/14/eng@2022-12-31","","","pending","Boundary description is legally referenced; machine-readable geometry has not yet passed CRS and topology validation."
"33299df1-cdb2-5df1-971f-d041e049fa83","4210cf9e-3717-5173-b631-7e0b319865c1","LN14-2012-v1","2012-03-09","","KENYA-LAW-LN14-2012","https://new.kenyalaw.org/akn/ke/act/ln/2012/14/eng@2022-12-31","","","pending","Boundary description is legally referenced; machine-readable geometry has not yet passed CRS and topology validation."
"7865f98a-f52f-5de7-9d1b-0ed8c2fb9c37","b0d9e9d0-d596-5abe-8e9b-b0f9a2236de5","LN14-2012-v1","2012-03-09","","KENYA-LAW-LN14-2012","https://new.kenyalaw.org/akn/ke/act/ln/2012/14/eng@2022-12-31","","","pending","Boundary description is legally referenced; machine-readable geometry has not yet passed CRS and topology validation."
"f76836fc-c5e0-591c-8b2f-16141fb8ec9f","98307eb8-a0d4-563f-b2be-64a8aa8f9450","LN14-2012-v1","2012-03-09","","KENYA-LAW-LN14-2012","https://new.kenyalaw.org/akn/ke/act/ln/2012/14/eng@2022-12-31","","","pending","Boundary description is legally referenced; machine-readable geometry has not yet passed CRS and topology validation."
"3cb2b138-1923-57e4-b282-89f7209dff1c","2ec4f980-bacc-581b-8486-7cefcb599d15","LN14-2012-v1","2012-03-09","","KENYA-LAW-LN14-2012","https://new.kenyalaw.org/akn/ke/act/ln/2012/14/eng@2022-12-31","","","pending","Boundary description is legally referenced; machine-readable geometry has not yet passed CRS and topology validation."
"b00a7538-134b-5e78-9b7a-f84683728851","c3710924-70c8-5c12-adb3-6d9f0aad0464","LN14-2012-v1","2012-03-09","","KENYA-LAW-LN14-2012","https://new.kenyalaw.org/akn/ke/act/ln/2012/14/eng@2022-12-31","","","pending","Boundary description is legally referenced; machine-readable geometry has not yet passed CRS and topology validation."
"01f161c1-07ec-5735-8812-75707b46b268","75897a95-834b-5110-91af-3085e68f5705","LN14-2012-v1","2012-03-09","","KENYA-LAW-LN14-2012","https://new.kenyalaw.org/akn/ke/act/ln/2012/14/eng@2022-12-31","","","pending","Boundary description is legally referenced; machine-readable geometry has not yet passed CRS and topology validation."
"a255ceaf-6242-50a3-9264-366ed98fae1a","bfbc66e5-0ff3-5343-be2d-50d77b7825bb","LN14-2012-v1","2012-03-09","","KENYA-LAW-LN14-2012","https://new.kenyalaw.org/akn/ke/act/ln/2012/14/eng@2022-12-31","","","pending","Boundary description is legally referenced; machine-readable geometry has not yet passed CRS and topology validation."
"5d17ecfa-0e9c-5221-a270-3b43cba5653e","4c18d1a4-bab8-5f61-8b08-a16a880bfb28","LN14-2012-v1","2012-03-09","","KENYA-LAW-LN14-2012","https://new.kenyalaw.org/akn/ke/act/ln/2012/14/eng@2022-12-31","","","pending","Boundary description is legally referenced; machine-readable geometry has not yet passed CRS and topology validation."
"2cc1ba4c-1e00-5755-a743-bb047e75a6ca","547b900b-4371-58c9-8160-4d2339687c59","LN14-2012-v1","2012-03-09","","KENYA-LAW-LN14-2012","https://new.kenyalaw.org/akn/ke/act/ln/2012/14/eng@2022-12-31","","","pending","Boundary description is legally referenced; machine-readable geometry has not yet passed CRS and topology validation."
"0d02e048-d5eb-5142-9daa-13f4ae9d14e1","bdbe3c56-b348-5a66-aa8c-84f1e0715dbe","LN14-2012-v1","2012-03-09","","KENYA-LAW-LN14-2012","https://new.kenyalaw.org/akn/ke/act/ln/2012/14/eng@2022-12-31","","","pending","Boundary description is legally referenced; machine-readable geometry has not yet passed CRS and topology validation."
"b94ef34e-b816-5451-bcdb-d8036c7bc76d","0d2dbae3-f2fd-58d1-819c-ee1c13c90f5f","LN14-2012-v1","2012-03-09","","KENYA-LAW-LN14-2012","https://new.kenyalaw.org/akn/ke/act/ln/2012/14/eng@2022-12-31","","","pending","Boundary description is legally referenced; machine-readable geometry has not yet passed CRS and topology validation."
"c9d30cfb-d323-5ce2-9d98-ab948c99391a","cb838b48-4208-5e8a-8816-83e65974a6d9","LN14-2012-v1","2012-03-09","","KENYA-LAW-LN14-2012","https://new.kenyalaw.org/akn/ke/act/ln/2012/14/eng@2022-12-31","","","pending","Boundary description is legally referenced; machine-readable geometry has not yet passed CRS and topology validation."
"7c67a0df-10e7-5833-b3cd-bed10f3d3714","f894e4ee-96e4-5f30-917e-7b6553e77ef7","LN14-2012-v1","2012-03-09","","KENYA-LAW-LN14-2012","https://new.kenyalaw.org/akn/ke/act/ln/2012/14/eng@2022-12-31","","","pending","Boundary description is legally referenced; machine-readable geometry has not yet passed CRS and topology validation."
"908d0481-8b59-5b29-add3-1dffbe0bd1ed","7b418f63-aa74-563c-8300-5c712a1dec40","LN14-2012-v1","2012-03-09","","KENYA-LAW-LN14-2012","https://new.kenyalaw.org/akn/ke/act/ln/2012/14/eng@2022-12-31","","","pending","Boundary description is legally referenced; machine-readable geometry has not yet passed CRS and topology validation."
"049a50da-ced1-5263-bcf9-da249bf30fb1","ed410af4-cf24-5f0c-872a-b2c7c7b529d5","LN14-2012-v1","2012-03-09","","KENYA-LAW-LN14-2012","https://new.kenyalaw.org/akn/ke/act/ln/2012/14/eng@2022-12-31","","","pending","Boundary description is legally referenced; machine-readable geometry has not yet passed CRS and topology validation."
"d4be1daa-5790-564a-84d9-5127f966d18d","c699e5e1-c989-5f47-a3fb-70cc02a58026","LN14-2012-v1","2012-03-09","","KENYA-LAW-LN14-2012","https://new.kenyalaw.org/akn/ke/act/ln/2012/14/eng@2022-12-31","","","pending","Boundary description is legally referenced; machine-readable geometry has not yet passed CRS and topology validation."
"25ecc6e9-7766-5af2-a52d-6d19013c61e9","3017e4f6-72c9-5aaf-9e75-d8ea0a4379b2","LN14-2012-v1","2012-03-09","","KENYA-LAW-LN14-2012","https://new.kenyalaw.org/akn/ke/act/ln/2012/14/eng@2022-12-31","","","pending","Boundary description is legally referenced; machine-readable geometry has not yet passed CRS and topology validation."
"b44c73d6-23ee-5db1-bb38-0197e64de877","d3cca9aa-43e8-58f6-932e-f8c0ba1f8c73","LN14-2012-v1","2012-03-09","","KENYA-LAW-LN14-2012","https://new.kenyalaw.org/akn/ke/act/ln/2012/14/eng@2022-12-31","","","pending","Boundary description is legally referenced; machine-readable geometry has not yet passed CRS and topology validation."
"842d8e10-7ea7-5a6d-bc89-3aedb50b8a6a","9432b57e-26ae-5eee-89c3-1332bf49db07","LN14-2012-v1","2012-03-09","","KENYA-LAW-LN14-2012","https://new.kenyalaw.org/akn/ke/act/ln/2012/14/eng@2022-12-31","","","pending","Boundary description is legally referenced; machine-readable geometry has not yet passed CRS and topology validation."
"f6b28ab4-05c0-5a8b-9243-8addda451831","dbc0061a-3fad-5cf2-8b56-5260f3810ba2","LN14-2012-v1","2012-03-09","","KENYA-LAW-LN14-2012","https://new.kenyalaw.org/akn/ke/act/ln/2012/14/eng@2022-12-31","","","pending","Boundary description is legally referenced; machine-readable geometry has not yet passed CRS and topology validation."
"28e53961-b264-5b0c-a33b-55992d37fec7","08940432-872f-5686-9958-dd4921f1d509","LN14-2012-v1","2012-03-09","","KENYA-LAW-LN14-2012","https://new.kenyalaw.org/akn/ke/act/ln/2012/14/eng@2022-12-31","","","pending","Boundary description is legally referenced; machine-readable geometry has not yet passed CRS and topology validation."
"b0532b00-c342-5067-93c6-e9e85b025921","c9ff7332-bd23-5371-b840-e816826b2226","LN14-2012-v1","2012-03-09","","KENYA-LAW-LN14-2012","https://new.kenyalaw.org/akn/ke/act/ln/2012/14/eng@2022-12-31","","","pending","Boundary description is legally referenced; machine-readable geometry has not yet passed CRS and topology validation."
"4eca4cd2-df75-5844-9c49-4a7991d2e512","451374d4-ecd4-57d3-bfab-1b5e4b54808b","LN14-2012-v1","2012-03-09","","KENYA-LAW-LN14-2012","https://new.kenyalaw.org/akn/ke/act/ln/2012/14/eng@2022-12-31","","","pending","Boundary description is legally referenced; machine-readable geometry has not yet passed CRS and topology validation."
"45897c67-127e-52e2-91c7-0d45c6c708f0","d5fe79d2-21dd-5215-ac3a-211dc62aad53","LN14-2012-v1","2012-03-09","","KENYA-LAW-LN14-2012","https://new.kenyalaw.org/akn/ke/act/ln/2012/14/eng@2022-12-31","","","pending","Boundary description is legally referenced; machine-readable geometry has not yet passed CRS and topology validation."
"5b07d380-3ade-54f7-84e1-3b981d978394","f2750b57-33c7-54da-947f-fe65d4ea45c4","LN14-2012-v1","2012-03-09","","KENYA-LAW-LN14-2012","https://new.kenyalaw.org/akn/ke/act/ln/2012/14/eng@2022-12-31","","","pending","Boundary description is legally referenced; machine-readable geometry has not yet passed CRS and topology validation."
"47dec2fc-83da-5fb9-a754-2ba25041f873","767e2e64-77c1-5f3c-be52-8983e762944d","LN14-2012-v1","2012-03-09","","KENYA-LAW-LN14-2012","https://new.kenyalaw.org/akn/ke/act/ln/2012/14/eng@2022-12-31","","","pending","Boundary description is legally referenced; machine-readable geometry has not yet passed CRS and topology validation."
"e7b1f7f5-26e2-5748-bda8-29bf5803819a","07095485-fcbf-5948-afdd-90aa9fd080b0","LN14-2012-v1","2012-03-09","","KENYA-LAW-LN14-2012","https://new.kenyalaw.org/akn/ke/act/ln/2012/14/eng@2022-12-31","","","pending","Boundary description is legally referenced; machine-readable geometry has not yet passed CRS and topology validation."
"e871b925-931c-5676-9dfe-05f4e3c1c1f8","b6f1c56a-c430-5e65-9d64-b616017f756d","LN14-2012-v1","2012-03-09","","KENYA-LAW-LN14-2012","https://new.kenyalaw.org/akn/ke/act/ln/2012/14/eng@2022-12-31","","","pending","Boundary description is legally referenced; machine-readable geometry has not yet passed CRS and topology validation."
"204ed30d-1842-5d4b-9174-8a4c0c461fc4","fb3a2e57-085d-5932-8661-f6a13f4c73d5","LN14-2012-v1","2012-03-09","","KENYA-LAW-LN14-2012","https://new.kenyalaw.org/akn/ke/act/ln/2012/14/eng@2022-12-31","","","pending","Boundary description is legally referenced; machine-readable geometry has not yet passed CRS and topology validation."
"b70626a3-3314-509f-bc67-eb9befea1c6e","a0eecfbf-11bf-58ef-8af3-be6609ae05cd","LN14-2012-v1","2012-03-09","","KENYA-LAW-LN14-2012","https://new.kenyalaw.org/akn/ke/act/ln/2012/14/eng@2022-12-31","","","pending","Boundary description is legally referenced; machine-readable geometry has not yet passed CRS and topology validation."
"4cacba26-4221-5892-a637-82b5092b44bd","c15010cd-542e-5c64-9bb5-4c6bcb35d7c2","LN14-2012-v1","2012-03-09","","KENYA-LAW-LN14-2012","https://new.kenyalaw.org/akn/ke/act/ln/2012/14/eng@2022-12-31","","","pending","Boundary description is legally referenced; machine-readable geometry has not yet passed CRS and topology validation."
"dc1fde6f-4a53-5efd-88d7-b06a16379538","9447d37d-2a0b-5c39-825d-55fbe4a28ded","LN14-2012-v1","2012-03-09","","KENYA-LAW-LN14-2012","https://new.kenyalaw.org/akn/ke/act/ln/2012/14/eng@2022-12-31","","","pending","Boundary description is legally referenced; machine-readable geometry has not yet passed CRS and topology validation."
"a50daba6-8bfb-5b01-9753-3c73dafb9738","f09755e8-424b-54fb-ac71-3b14e0e7be70","LN14-2012-v1","2012-03-09","","KENYA-LAW-LN14-2012","https://new.kenyalaw.org/akn/ke/act/ln/2012/14/eng@2022-12-31","","","pending","Boundary description is legally referenced; machine-readable geometry has not yet passed CRS and topology validation."
"efe435c6-ae4c-5f7d-b3c7-3c7f106ab431","eac4d25f-119a-5956-8813-592a33901def","LN14-2012-v1","2012-03-09","","KENYA-LAW-LN14-2012","https://new.kenyalaw.org/akn/ke/act/ln/2012/14/eng@2022-12-31","","","pending","Boundary description is legally referenced; machine-readable geometry has not yet passed CRS and topology validation."
"02c1b99b-969b-5c7d-8201-72deb3b918e1","10eceeaf-8bea-5929-9f28-0f4f9414c00e","LN14-2012-v1","2012-03-09","","KENYA-LAW-LN14-2012","https://new.kenyalaw.org/akn/ke/act/ln/2012/14/eng@2022-12-31","","","pending","Boundary description is legally referenced; machine-readable geometry has not yet passed CRS and topology validation."
"667f5cf8-0584-568b-a696-5f30ba937abc","302cc73f-85f7-5bd7-9471-bb088b497bfd","LN14-2012-v1","2012-03-09","","KENYA-LAW-LN14-2012","https://new.kenyalaw.org/akn/ke/act/ln/2012/14/eng@2022-12-31","","","pending","Boundary description is legally referenced; machine-readable geometry has not yet passed CRS and topology validation."
"11447347-1bcc-50e3-b4af-1a43a8e23969","68132b4e-6bac-55b5-8273-006442ca9195","LN14-2012-v1","2012-03-09","","KENYA-LAW-LN14-2012","https://new.kenyalaw.org/akn/ke/act/ln/2012/14/eng@2022-12-31","","","pending","Boundary description is legally referenced; machine-readable geometry has not yet passed CRS and topology validation."
"b975076d-d6bb-5581-9e08-6c9cfcdb31c9","62a9a4a4-f05d-5234-8858-8d4f60a0a2e4","LN14-2012-v1","2012-03-09","","KENYA-LAW-LN14-2012","https://new.kenyalaw.org/akn/ke/act/ln/2012/14/eng@2022-12-31","","","pending","Boundary description is legally referenced; machine-readable geometry has not yet passed CRS and topology validation."
"9e18d22a-ab02-500e-9597-1914832ced0f","582cfc62-50e5-5929-ba2e-94deffa7e4be","LN14-2012-v1","2012-03-09","","KENYA-LAW-LN14-2012","https://new.kenyalaw.org/akn/ke/act/ln/2012/14/eng@2022-12-31","","","pending","Boundary description is legally referenced; machine-readable geometry has not yet passed CRS and topology validation."
"9270c9dc-79d9-5fee-8c2e-9c9e4b172388","6db9c319-8eaf-5c21-b133-5d6193bf0e9b","LN14-2012-v1","2012-03-09","","KENYA-LAW-LN14-2012","https://new.kenyalaw.org/akn/ke/act/ln/2012/14/eng@2022-12-31","","","pending","Boundary description is legally referenced; machine-readable geometry has not yet passed CRS and topology validation."
"99e23561-3870-5c2c-b693-bb66ec19b45a","6ed02caf-11b8-5cf6-b466-a4a92e51424c","LN14-2012-v1","2012-03-09","","KENYA-LAW-LN14-2012","https://new.kenyalaw.org/akn/ke/act/ln/2012/14/eng@2022-12-31","","","pending","Boundary description is legally referenced; machine-readable geometry has not yet passed CRS and topology validation."
"368c8f80-2ff7-5db8-8575-71314fdc7e71","0fa62fb0-7b2d-54a3-add1-f6f798cf70d8","LN14-2012-v1","2012-03-09","","KENYA-LAW-LN14-2012","https://new.kenyalaw.org/akn/ke/act/ln/2012/14/eng@2022-12-31","","","pending","Boundary description is legally referenced; machine-readable geometry has not yet passed CRS and topology validation."
"6b5a85c8-002b-50cb-becc-bc1196d04aa5","9abdbaf4-344d-5bd2-8fdb-50ae05be26af","LN14-2012-v1","2012-03-09","","KENYA-LAW-LN14-2012","https://new.kenyalaw.org/akn/ke/act/ln/2012/14/eng@2022-12-31","","","pending","Boundary description is legally referenced; machine-readable geometry has not yet passed CRS and topology validation."
"96b329b9-8144-5ba8-9940-a336647461cc","42754167-8a13-5e18-816d-809b706f337f","LN14-2012-v1","2012-03-09","","KENYA-LAW-LN14-2012","https://new.kenyalaw.org/akn/ke/act/ln/2012/14/eng@2022-12-31","","","pending","Boundary description is legally referenced; machine-readable geometry has not yet passed CRS and topology validation."
"4d2f1077-15c0-5366-a5a6-f7a9784b141a","880bdc05-7819-527c-b684-eb8020937912","LN14-2012-v1","2012-03-09","","KENYA-LAW-LN14-2012","https://new.kenyalaw.org/akn/ke/act/ln/2012/14/eng@2022-12-31","","","pending","Boundary description is legally referenced; machine-readable geometry has not yet passed CRS and topology validation."
"c9f240d8-e16a-5fa8-a6c0-4e8fdc8d1afb","f00c5480-eefb-50a8-80a2-a5d8944b6c98","LN14-2012-v1","2012-03-09","","KENYA-LAW-LN14-2012","https://new.kenyalaw.org/akn/ke/act/ln/2012/14/eng@2022-12-31","","","pending","Boundary description is legally referenced; machine-readable geometry has not yet passed CRS and topology validation."
"85c83b43-5676-52bb-93ed-bc75efddc97f","e829be2a-d203-50ad-a91f-f72f3a218401","LN14-2012-v1","2012-03-09","","KENYA-LAW-LN14-2012","https://new.kenyalaw.org/akn/ke/act/ln/2012/14/eng@2022-12-31","","","pending","Boundary description is legally referenced; machine-readable geometry has not yet passed CRS and topology validation."
"946da455-e918-5f19-8ab9-c8f170bfc39e","66b929aa-d23b-50f4-b99a-cb1540bdfeb3","LN14-2012-v1","2012-03-09","","KENYA-LAW-LN14-2012","https://new.kenyalaw.org/akn/ke/act/ln/2012/14/eng@2022-12-31","","","pending","Boundary description is legally referenced; machine-readable geometry has not yet passed CRS and topology validation."
"4863ab69-3821-5232-8442-4a63507c46d5","5816f7c3-322e-5e40-96b3-ca0e75eae8df","LN14-2012-v1","2012-03-09","","KENYA-LAW-LN14-2012","https://new.kenyalaw.org/akn/ke/act/ln/2012/14/eng@2022-12-31","","","pending","Boundary description is legally referenced; machine-readable geometry has not yet passed CRS and topology validation."
"3890caf2-f91e-5e36-b047-04c100894577","f89a4ed0-22a1-5c64-8fe9-2f6d995a7629","LN14-2012-v1","2012-03-09","","KENYA-LAW-LN14-2012","https://new.kenyalaw.org/akn/ke/act/ln/2012/14/eng@2022-12-31","","","pending","Boundary description is legally referenced; machine-readable geometry has not yet passed CRS and topology validation."
"7f56f879-1f35-5b9e-9c1d-6f5e09e8bc83","35225b9c-d3c1-53b1-b0d3-a7564bf0ea1a","LN14-2012-v1","2012-03-09","","KENYA-LAW-LN14-2012","https://new.kenyalaw.org/akn/ke/act/ln/2012/14/eng@2022-12-31","","","pending","Boundary description is legally referenced; machine-readable geometry has not yet passed CRS and topology validation."
"d2c87d5e-34cb-5699-8e5a-4bda1738e312","121da7da-9f66-5f0c-a1ee-ebd4f1ef5e6b","LN14-2012-v1","2012-03-09","","KENYA-LAW-LN14-2012","https://new.kenyalaw.org/akn/ke/act/ln/2012/14/eng@2022-12-31","","","pending","Boundary description is legally referenced; machine-readable geometry has not yet passed CRS and topology validation."
"44f4a31b-5b90-534a-bcd6-87a199a2a73e","e7c877c6-4e4b-53e7-860b-7676eda600bf","LN14-2012-v1","2012-03-09","","KENYA-LAW-LN14-2012","https://new.kenyalaw.org/akn/ke/act/ln/2012/14/eng@2022-12-31","","","pending","Boundary description is legally referenced; machine-readable geometry has not yet passed CRS and topology validation."
"2aac6ac4-3f26-5d6c-a364-ea473ae1ea47","ff90209f-58e7-5870-9ac6-8df9fb02d430","LN14-2012-v1","2012-03-09","","KENYA-LAW-LN14-2012","https://new.kenyalaw.org/akn/ke/act/ln/2012/14/eng@2022-12-31","","","pending","Boundary description is legally referenced; machine-readable geometry has not yet passed CRS and topology validation."
"a5ce549b-9a4f-5a36-9002-dbac12cf10c5","390fcefd-5bd5-563d-b59c-79de0ff7c4f2","LN14-2012-v1","2012-03-09","","KENYA-LAW-LN14-2012","https://new.kenyalaw.org/akn/ke/act/ln/2012/14/eng@2022-12-31","","","pending","Boundary description is legally referenced; machine-readable geometry has not yet passed CRS and topology validation."
"9d3662ab-aab4-563f-be30-5187888bffcf","1c452e86-cfd3-55b2-9072-d88b1598cc99","LN14-2012-v1","2012-03-09","","KENYA-LAW-LN14-2012","https://new.kenyalaw.org/akn/ke/act/ln/2012/14/eng@2022-12-31","","","pending","Boundary description is legally referenced; machine-readable geometry has not yet passed CRS and topology validation."
"8afc4353-b8b3-5c2b-8fad-8e4d8b89831f","ea50646b-71cf-5b94-9f3b-7277a3c42637","LN14-2012-v1","2012-03-09","","KENYA-LAW-LN14-2012","https://new.kenyalaw.org/akn/ke/act/ln/2012/14/eng@2022-12-31","","","pending","Boundary description is legally referenced; machine-readable geometry has not yet passed CRS and topology validation."
"32eeaab4-acfc-5fe3-8cbc-d0e881dfa0ab","d065c020-9f7a-547b-badf-e4ec6a23965b","LN14-2012-v1","2012-03-09","","KENYA-LAW-LN14-2012","https://new.kenyalaw.org/akn/ke/act/ln/2012/14/eng@2022-12-31","","","pending","Boundary description is legally referenced; machine-readable geometry has not yet passed CRS and topology validation."
"8c4864ef-dc2d-5e4e-9971-3912acd68879","598844f3-0b10-5f53-b6cb-8dcdc08df38c","LN14-2012-v1","2012-03-09","","KENYA-LAW-LN14-2012","https://new.kenyalaw.org/akn/ke/act/ln/2012/14/eng@2022-12-31","","","pending","Boundary description is legally referenced; machine-readable geometry has not yet passed CRS and topology validation."
"31ccaab4-1c48-520d-b4ed-bc990902e936","d34b6157-13cc-55b6-9b13-6717832d598b","LN14-2012-v1","2012-03-09","","KENYA-LAW-LN14-2012","https://new.kenyalaw.org/akn/ke/act/ln/2012/14/eng@2022-12-31","","","pending","Boundary description is legally referenced; machine-readable geometry has not yet passed CRS and topology validation."
"d4b5f994-3f21-5f25-ad09-d31d9ba7b50d","c0f58783-6964-5b95-9fd9-bef9b3c6fd64","LN14-2012-v1","2012-03-09","","KENYA-LAW-LN14-2012","https://new.kenyalaw.org/akn/ke/act/ln/2012/14/eng@2022-12-31","","","pending","Boundary description is legally referenced; machine-readable geometry has not yet passed CRS and topology validation."
"b719b81c-6633-570c-b67e-db37ec27f708","8f1f4a3a-5cd8-56d3-ac79-98d84211e15a","LN14-2012-v1","2012-03-09","","KENYA-LAW-LN14-2012","https://new.kenyalaw.org/akn/ke/act/ln/2012/14/eng@2022-12-31","","","pending","Boundary description is legally referenced; machine-readable geometry has not yet passed CRS and topology validation."
"95eaebba-a8a5-591e-a6a6-4fe6b43431fb","81dc31a3-3e36-5ea3-8f5c-f71f3f15edfa","LN14-2012-v1","2012-03-09","","KENYA-LAW-LN14-2012","https://new.kenyalaw.org/akn/ke/act/ln/2012/14/eng@2022-12-31","","","pending","Boundary description is legally referenced; machine-readable geometry has not yet passed CRS and topology validation."
"29156a61-b701-5b81-a99a-169d25ad87b9","08b41f8d-27f2-5520-8b85-7a273503fa5e","LN14-2012-v1","2012-03-09","","KENYA-LAW-LN14-2012","https://new.kenyalaw.org/akn/ke/act/ln/2012/14/eng@2022-12-31","","","pending","Boundary description is legally referenced; machine-readable geometry has not yet passed CRS and topology validation."
"00dd402a-69e2-58c3-8c65-3b117f0610fb","3326202a-dc41-5938-bdb7-dfb9cef0b9b8","LN14-2012-v1","2012-03-09","","KENYA-LAW-LN14-2012","https://new.kenyalaw.org/akn/ke/act/ln/2012/14/eng@2022-12-31","","","pending","Boundary description is legally referenced; machine-readable geometry has not yet passed CRS and topology validation."
"4bd39ec7-2bac-5cbd-af97-3f01ec5b91af","8b557473-ddec-59e1-aff5-cea5d9e4a706","LN14-2012-v1","2012-03-09","","KENYA-LAW-LN14-2012","https://new.kenyalaw.org/akn/ke/act/ln/2012/14/eng@2022-12-31","","","pending","Boundary description is legally referenced; machine-readable geometry has not yet passed CRS and topology validation."
"5d0baaad-7189-5265-9a8c-f1379fff3a10","047c821d-e9f3-5d06-ab35-0d9535936769","LN14-2012-v1","2012-03-09","","KENYA-LAW-LN14-2012","https://new.kenyalaw.org/akn/ke/act/ln/2012/14/eng@2022-12-31","","","pending","Boundary description is legally referenced; machine-readable geometry has not yet passed CRS and topology validation."
"80f6235d-e146-52b5-bc70-7e9b9ec7a596","0f3cb7ba-ccde-59ae-b1b6-21a117d73f7e","LN14-2012-v1","2012-03-09","","KENYA-LAW-LN14-2012","https://new.kenyalaw.org/akn/ke/act/ln/2012/14/eng@2022-12-31","","","pending","Boundary description is legally referenced; machine-readable geometry has not yet passed CRS and topology validation."
"0840f674-6080-59a4-a7a6-b97975f580a0","431d63a0-a6c3-50f9-ba34-5997e142b3a7","LN14-2012-v1","2012-03-09","","KENYA-LAW-LN14-2012","https://new.kenyalaw.org/akn/ke/act/ln/2012/14/eng@2022-12-31","","","pending","Boundary description is legally referenced; machine-readable geometry has not yet passed CRS and topology validation."
"4274633c-ba1d-52b0-b0dc-5be48182fea3","9422da77-bf1d-59f6-9095-8a182702b9af","LN14-2012-v1","2012-03-09","","KENYA-LAW-LN14-2012","https://new.kenyalaw.org/akn/ke/act/ln/2012/14/eng@2022-12-31","","","pending","Boundary description is legally referenced; machine-readable geometry has not yet passed CRS and topology validation."
"70839727-7a4b-59ba-b913-d735b777f68f","b62f4717-53b9-59f9-ae95-cb1a94aeab4f","LN14-2012-v1","2012-03-09","","KENYA-LAW-LN14-2012","https://new.kenyalaw.org/akn/ke/act/ln/2012/14/eng@2022-12-31","","","pending","Boundary description is legally referenced; machine-readable geometry has not yet passed CRS and topology validation."
"e12b8025-119b-56c2-a517-3330f6c315fc","6c0dab53-abe6-5e63-903c-36b2cbd5121a","LN14-2012-v1","2012-03-09","","KENYA-LAW-LN14-2012","https://new.kenyalaw.org/akn/ke/act/ln/2012/14/eng@2022-12-31","","","pending","Boundary description is legally referenced; machine-readable geometry has not yet passed CRS and topology validation."
"945ab79d-7f01-5341-ad13-f588935edb25","3028a725-0989-594e-8d29-54954dce800f","LN14-2012-v1","2012-03-09","","KENYA-LAW-LN14-2012","https://new.kenyalaw.org/akn/ke/act/ln/2012/14/eng@2022-12-31","","","pending","Boundary description is legally referenced; machine-readable geometry has not yet passed CRS and topology validation."
"5d5cd0c6-0211-529b-990e-46f140408c22","0e6fdbd9-60ac-5cfe-8f70-34ebca7e8fbb","LN14-2012-v1","2012-03-09","","KENYA-LAW-LN14-2012","https://new.kenyalaw.org/akn/ke/act/ln/2012/14/eng@2022-12-31","","","pending","Boundary description is legally referenced; machine-readable geometry has not yet passed CRS and topology validation."
"b9f20e8f-5720-56ed-abe4-23571fbd92d7","25c17996-ea65-5080-9bfc-42e648e36d9c","LN14-2012-v1","2012-03-09","","KENYA-LAW-LN14-2012","https://new.kenyalaw.org/akn/ke/act/ln/2012/14/eng@2022-12-31","","","pending","Boundary description is legally referenced; machine-readable geometry has not yet passed CRS and topology validation."
"41b35ea3-0fa9-5e0c-aef2-84d5cd23fa93","06dec909-0286-5b85-85a2-a3a074d344c3","LN14-2012-v1","2012-03-09","","KENYA-LAW-LN14-2012","https://new.kenyalaw.org/akn/ke/act/ln/2012/14/eng@2022-12-31","","","pending","Boundary description is legally referenced; machine-readable geometry has not yet passed CRS and topology validation."
"bf198206-6378-5096-95ee-032bdb074e55","30176442-16ee-5d59-beea-0dc4cea8deea","LN14-2012-v1","2012-03-09","","KENYA-LAW-LN14-2012","https://new.kenyalaw.org/akn/ke/act/ln/2012/14/eng@2022-12-31","","","pending","Boundary description is legally referenced; machine-readable geometry has not yet passed CRS and topology validation."
"4fc8d829-c258-54ef-9ed7-180964cb0cad","1166530d-52a2-5441-83b9-c96eecfc9b55","LN14-2012-v1","2012-03-09","","KENYA-LAW-LN14-2012","https://new.kenyalaw.org/akn/ke/act/ln/2012/14/eng@2022-12-31","","","pending","Boundary description is legally referenced; machine-readable geometry has not yet passed CRS and topology validation."
"ba06cea4-3719-59df-872b-02d06446dd51","10d5f78b-8c7e-5967-a2f2-d9848359a349","LN14-2012-v1","2012-03-09","","KENYA-LAW-LN14-2012","https://new.kenyalaw.org/akn/ke/act/ln/2012/14/eng@2022-12-31","","","pending","Boundary description is legally referenced; machine-readable geometry has not yet passed CRS and topology validation."
"870b8430-c2a5-5392-b0a4-37bc6f932a5b","c48941e1-72eb-5122-a9a2-9bd9243528b8","LN14-2012-v1","2012-03-09","","KENYA-LAW-LN14-2012","https://new.kenyalaw.org/akn/ke/act/ln/2012/14/eng@2022-12-31","","","pending","Boundary description is legally referenced; machine-readable geometry has not yet passed CRS and topology validation."
"717710cd-8bbd-5b43-bc40-4e1c15f9afd9","1eae2d15-e6aa-5480-be22-6b0a2fb5b852","LN14-2012-v1","2012-03-09","","KENYA-LAW-LN14-2012","https://new.kenyalaw.org/akn/ke/act/ln/2012/14/eng@2022-12-31","","","pending","Boundary description is legally referenced; machine-readable geometry has not yet passed CRS and topology validation."
"5b08204a-91af-5c3c-ada1-502846c67512","5f8c1e50-0eb1-552b-8214-e948be4a3296","LN14-2012-v1","2012-03-09","","KENYA-LAW-LN14-2012","https://new.kenyalaw.org/akn/ke/act/ln/2012/14/eng@2022-12-31","","","pending","Boundary description is legally referenced; machine-readable geometry has not yet passed CRS and topology validation."
"6f05a054-3c84-52c2-aadd-fc44ac2b1840","6ebd2047-3630-5b93-9b11-b736aa01a420","LN14-2012-v1","2012-03-09","","KENYA-LAW-LN14-2012","https://new.kenyalaw.org/akn/ke/act/ln/2012/14/eng@2022-12-31","","","pending","Boundary description is legally referenced; machine-readable geometry has not yet passed CRS and topology validation."
"00f80bb4-15e9-50cc-b799-f255cd1cda21","6863221f-36e1-51e1-a147-3e38184ab3d0","LN14-2012-v1","2012-03-09","","KENYA-LAW-LN14-2012","https://new.kenyalaw.org/akn/ke/act/ln/2012/14/eng@2022-12-31","","","pending","Boundary description is legally referenced; machine-readable geometry has not yet passed CRS and topology validation."
"3fe16cc8-8d9c-5571-99d1-f751157ed686","b250988b-b9c7-57b4-bcfb-9cff4424d376","LN14-2012-v1","2012-03-09","","KENYA-LAW-LN14-2012","https://new.kenyalaw.org/akn/ke/act/ln/2012/14/eng@2022-12-31","","","pending","Boundary description is legally referenced; machine-readable geometry has not yet passed CRS and topology validation."
"9d1968aa-eed5-5980-8d60-80d3ecb638a6","71e0fc8e-5176-5e52-885d-eb1dd21981ac","LN14-2012-v1","2012-03-09","","KENYA-LAW-LN14-2012","https://new.kenyalaw.org/akn/ke/act/ln/2012/14/eng@2022-12-31","","","pending","Boundary description is legally referenced; machine-readable geometry has not yet passed CRS and topology validation."
"1cfed8fc-94e3-51a3-9f76-68ef9c887e9b","416b9d79-5532-51f6-afc2-ec423254c7d6","LN14-2012-v1","2012-03-09","","KENYA-LAW-LN14-2012","https://new.kenyalaw.org/akn/ke/act/ln/2012/14/eng@2022-12-31","","","pending","Boundary description is legally referenced; machine-readable geometry has not yet passed CRS and topology validation."
"6c778a77-2a32-5de0-8338-376c19527f48","a06ad7a7-71b9-5fcd-9336-614325357c68","LN14-2012-v1","2012-03-09","","KENYA-LAW-LN14-2012","https://new.kenyalaw.org/akn/ke/act/ln/2012/14/eng@2022-12-31","","","pending","Boundary description is legally referenced; machine-readable geometry has not yet passed CRS and topology validation."
"a4110dda-62bc-5779-8d5d-82498e53c948","0f71c261-e587-5b6b-b13e-bb01590f79c0","LN14-2012-v1","2012-03-09","","KENYA-LAW-LN14-2012","https://new.kenyalaw.org/akn/ke/act/ln/2012/14/eng@2022-12-31","","","pending","Boundary description is legally referenced; machine-readable geometry has not yet passed CRS and topology validation."
"5ebca15d-9bba-587d-b4ef-993a2fe7d3d6","a45c145b-6d47-5754-8cc5-cf1d5bab580c","LN14-2012-v1","2012-03-09","","KENYA-LAW-LN14-2012","https://new.kenyalaw.org/akn/ke/act/ln/2012/14/eng@2022-12-31","","","pending","Boundary description is legally referenced; machine-readable geometry has not yet passed CRS and topology validation."
"42f2ee1d-d45d-5138-9642-c820743bfd7b","e5505c21-99dd-5e34-9b50-586b73dc7ecf","LN14-2012-v1","2012-03-09","","KENYA-LAW-LN14-2012","https://new.kenyalaw.org/akn/ke/act/ln/2012/14/eng@2022-12-31","","","pending","Boundary description is legally referenced; machine-readable geometry has not yet passed CRS and topology validation."
"5e056d13-fb0e-569a-a7b5-c1c07d553e58","06ad86ac-7471-52f7-b5b9-8c4e8e938a87","LN14-2012-v1","2012-03-09","","KENYA-LAW-LN14-2012","https://new.kenyalaw.org/akn/ke/act/ln/2012/14/eng@2022-12-31","","","pending","Boundary description is legally referenced; machine-readable geometry has not yet passed CRS and topology validation."
"554599ea-1782-52d1-8400-413c933ac6a0","62d59e38-3643-5351-9fc4-6e69a43a9754","LN14-2012-v1","2012-03-09","","KENYA-LAW-LN14-2012","https://new.kenyalaw.org/akn/ke/act/ln/2012/14/eng@2022-12-31","","","pending","Boundary description is legally referenced; machine-readable geometry has not yet passed CRS and topology validation."
"2a549818-e7c1-5d1e-85f0-2359c546b8c3","b661757a-e69e-5759-991b-7e7bcc4a3497","LN14-2012-v1","2012-03-09","","KENYA-LAW-LN14-2012","https://new.kenyalaw.org/akn/ke/act/ln/2012/14/eng@2022-12-31","","","pending","Boundary description is legally referenced; machine-readable geometry has not yet passed CRS and topology validation."
"0bc430f1-dde6-57b4-a55c-2228ef51ee1d","eeb872c8-2eb1-5ae9-98f2-ee617dd40dc5","LN14-2012-v1","2012-03-09","","KENYA-LAW-LN14-2012","https://new.kenyalaw.org/akn/ke/act/ln/2012/14/eng@2022-12-31","","","pending","Boundary description is legally referenced; machine-readable geometry has not yet passed CRS and topology validation."
"57e5c359-3d22-53a0-a12c-343afeff3dd4","aa33b99b-9bb3-5f2a-a748-4a598a93f3c7","LN14-2012-v1","2012-03-09","","KENYA-LAW-LN14-2012","https://new.kenyalaw.org/akn/ke/act/ln/2012/14/eng@2022-12-31","","","pending","Boundary description is legally referenced; machine-readable geometry has not yet passed CRS and topology validation."
"00066e4a-ba46-58b3-b2fc-a7563accc136","0266cad8-dd02-5263-abc3-919695e21dd8","LN14-2012-v1","2012-03-09","","KENYA-LAW-LN14-2012","https://new.kenyalaw.org/akn/ke/act/ln/2012/14/eng@2022-12-31","","","pending","Boundary description is legally referenced; machine-readable geometry has not yet passed CRS and topology validation."
"6a2a8a6e-9904-550f-b182-e5d6e4d33357","26e3be03-57a8-5492-9af0-7fb25f616ee9","LN14-2012-v1","2012-03-09","","KENYA-LAW-LN14-2012","https://new.kenyalaw.org/akn/ke/act/ln/2012/14/eng@2022-12-31","","","pending","Boundary description is legally referenced; machine-readable geometry has not yet passed CRS and topology validation."
"1dfa0d6d-cab7-5b89-a497-c697fc082dfa","82718d2c-8c2a-5c7f-896e-2e98a75266bf","LN14-2012-v1","2012-03-09","","KENYA-LAW-LN14-2012","https://new.kenyalaw.org/akn/ke/act/ln/2012/14/eng@2022-12-31","","","pending","Boundary description is legally referenced; machine-readable geometry has not yet passed CRS and topology validation."
"36d13f40-ece3-58ff-a3df-e353e4d8117d","64528db2-4924-5fb9-a3ec-89c06a9f9cc2","LN14-2012-v1","2012-03-09","","KENYA-LAW-LN14-2012","https://new.kenyalaw.org/akn/ke/act/ln/2012/14/eng@2022-12-31","","","pending","Boundary description is legally referenced; machine-readable geometry has not yet passed CRS and topology validation."
"8002b58e-7dd2-52c7-993d-717842662abc","e808b6a0-1a65-5978-a2d0-4eb336374659","LN14-2012-v1","2012-03-09","","KENYA-LAW-LN14-2012","https://new.kenyalaw.org/akn/ke/act/ln/2012/14/eng@2022-12-31","","","pending","Boundary description is legally referenced; machine-readable geometry has not yet passed CRS and topology validation."
"d9a118a2-8517-56a3-b441-cb0bc840e48d","78cf0619-5a47-57d8-b16d-266758601b3c","LN14-2012-v1","2012-03-09","","KENYA-LAW-LN14-2012","https://new.kenyalaw.org/akn/ke/act/ln/2012/14/eng@2022-12-31","","","pending","Boundary description is legally referenced; machine-readable geometry has not yet passed CRS and topology validation."
"199e1934-4469-5e27-8a5a-e056bacbe78a","68854ffc-e276-555e-832f-2d5230e87cc9","LN14-2012-v1","2012-03-09","","KENYA-LAW-LN14-2012","https://new.kenyalaw.org/akn/ke/act/ln/2012/14/eng@2022-12-31","","","pending","Boundary description is legally referenced; machine-readable geometry has not yet passed CRS and topology validation."
"ed46ba21-243a-5bd7-b59c-8b5fde9bdb88","434a6199-0def-5b7d-90d7-f5c96e61d7a5","LN14-2012-v1","2012-03-09","","KENYA-LAW-LN14-2012","https://new.kenyalaw.org/akn/ke/act/ln/2012/14/eng@2022-12-31","","","pending","Boundary description is legally referenced; machine-readable geometry has not yet passed CRS and topology validation."
"6ab32126-3719-5125-a03d-18d970d50b68","3eba48dc-bd75-5b71-a5c9-588a2a2a5347","LN14-2012-v1","2012-03-09","","KENYA-LAW-LN14-2012","https://new.kenyalaw.org/akn/ke/act/ln/2012/14/eng@2022-12-31","","","pending","Boundary description is legally referenced; machine-readable geometry has not yet passed CRS and topology validation."
"6f6b0273-fc07-5d54-9a48-bc71ff5ff413","ff061be7-fb75-5ce7-b1f4-bb418041d58e","LN14-2012-v1","2012-03-09","","KENYA-LAW-LN14-2012","https://new.kenyalaw.org/akn/ke/act/ln/2012/14/eng@2022-12-31","","","pending","Boundary description is legally referenced; machine-readable geometry has not yet passed CRS and topology validation."
"f4f24d78-c2e8-5fdc-b95e-8bffa63abebb","baa028af-a4db-57b6-95b6-6e955d0e1b7e","LN14-2012-v1","2012-03-09","","KENYA-LAW-LN14-2012","https://new.kenyalaw.org/akn/ke/act/ln/2012/14/eng@2022-12-31","","","pending","Boundary description is legally referenced; machine-readable geometry has not yet passed CRS and topology validation."
"41c15250-4160-584f-8ec5-ad8d3c1e56ca","d2611b75-1b9f-5620-ab45-f2dfb12c9a53","LN14-2012-v1","2012-03-09","","KENYA-LAW-LN14-2012","https://new.kenyalaw.org/akn/ke/act/ln/2012/14/eng@2022-12-31","","","pending","Boundary description is legally referenced; machine-readable geometry has not yet passed CRS and topology validation."
"8dd5d02c-dfe0-5c3d-92e8-88bbdae5ca70","0861bfad-0724-54ec-be90-b365d62320ac","LN14-2012-v1","2012-03-09","","KENYA-LAW-LN14-2012","https://new.kenyalaw.org/akn/ke/act/ln/2012/14/eng@2022-12-31","","","pending","Boundary description is legally referenced; machine-readable geometry has not yet passed CRS and topology validation."
"2f5575aa-3818-5578-b203-be28bedd3399","88037040-cb6c-5951-8f7b-da9e64ead972","LN14-2012-v1","2012-03-09","","KENYA-LAW-LN14-2012","https://new.kenyalaw.org/akn/ke/act/ln/2012/14/eng@2022-12-31","","","pending","Boundary description is legally referenced; machine-readable geometry has not yet passed CRS and topology validation."
"4b06d4db-4167-53c5-88f3-a7859117afe7","44f67d8d-0ded-53a6-8fd6-659e7960e21c","LN14-2012-v1","2012-03-09","","KENYA-LAW-LN14-2012","https://new.kenyalaw.org/akn/ke/act/ln/2012/14/eng@2022-12-31","","","pending","Boundary description is legally referenced; machine-readable geometry has not yet passed CRS and topology validation."
"920ba09b-bc1a-5b1b-9703-d0f47480f3dc","76f90874-04ee-5bd1-aa61-780cbcdeef87","LN14-2012-v1","2012-03-09","","KENYA-LAW-LN14-2012","https://new.kenyalaw.org/akn/ke/act/ln/2012/14/eng@2022-12-31","","","pending","Boundary description is legally referenced; machine-readable geometry has not yet passed CRS and topology validation."
"8861bfce-53b1-5362-958f-4a18080742d0","a68dc472-0b36-5e72-b7f2-a48ca7c427fe","LN14-2012-v1","2012-03-09","","KENYA-LAW-LN14-2012","https://new.kenyalaw.org/akn/ke/act/ln/2012/14/eng@2022-12-31","","","pending","Boundary description is legally referenced; machine-readable geometry has not yet passed CRS and topology validation."
"e6db4d0b-9afb-5003-bd8a-ae0ab97a8d5f","3129f918-87b4-5203-bb61-5281b7d3b41b","LN14-2012-v1","2012-03-09","","KENYA-LAW-LN14-2012","https://new.kenyalaw.org/akn/ke/act/ln/2012/14/eng@2022-12-31","","","pending","Boundary description is legally referenced; machine-readable geometry has not yet passed CRS and topology validation."
"3ab8d9e1-497e-5115-822d-007e41bf2b82","8f0c5f15-eacb-5192-8102-69d79bcfddbf","LN14-2012-v1","2012-03-09","","KENYA-LAW-LN14-2012","https://new.kenyalaw.org/akn/ke/act/ln/2012/14/eng@2022-12-31","","","pending","Boundary description is legally referenced; machine-readable geometry has not yet passed CRS and topology validation."
"42b8c606-8128-592e-a719-9466f8529857","d70a179e-0f87-56ea-b04a-90b3ee6b7248","LN14-2012-v1","2012-03-09","","KENYA-LAW-LN14-2012","https://new.kenyalaw.org/akn/ke/act/ln/2012/14/eng@2022-12-31","","","pending","Boundary description is legally referenced; machine-readable geometry has not yet passed CRS and topology validation."
"d0b3d12b-5051-582d-8f61-db633807d113","35b2497d-90a4-5524-848b-213a1f8e51a7","LN14-2012-v1","2012-03-09","","KENYA-LAW-LN14-2012","https://new.kenyalaw.org/akn/ke/act/ln/2012/14/eng@2022-12-31","","","pending","Boundary description is legally referenced; machine-readable geometry has not yet passed CRS and topology validation."
"defd4d1a-8911-5b2d-8fef-f4fcee2c56ec","593ffcaa-c4f6-5df3-9ac2-fdd80d0b691a","LN14-2012-v1","2012-03-09","","KENYA-LAW-LN14-2012","https://new.kenyalaw.org/akn/ke/act/ln/2012/14/eng@2022-12-31","","","pending","Boundary description is legally referenced; machine-readable geometry has not yet passed CRS and topology validation."
"b2b4e421-60dc-52d4-9a76-6550d1dd2d9d","e2e5f56e-07b4-5421-87e5-7bfa0806ce3e","LN14-2012-v1","2012-03-09","","KENYA-LAW-LN14-2012","https://new.kenyalaw.org/akn/ke/act/ln/2012/14/eng@2022-12-31","","","pending","Boundary description is legally referenced; machine-readable geometry has not yet passed CRS and topology validation."
"f8832313-63a0-5463-8936-3d74881844e9","d9f97503-f197-5359-bcfe-64c3cef65018","LN14-2012-v1","2012-03-09","","KENYA-LAW-LN14-2012","https://new.kenyalaw.org/akn/ke/act/ln/2012/14/eng@2022-12-31","","","pending","Boundary description is legally referenced; machine-readable geometry has not yet passed CRS and topology validation."
"f43f6b42-7a66-516a-a020-52dd87340dac","8bbccc88-9441-5ff1-9f65-eca7515c5ba2","LN14-2012-v1","2012-03-09","","KENYA-LAW-LN14-2012","https://new.kenyalaw.org/akn/ke/act/ln/2012/14/eng@2022-12-31","","","pending","Boundary description is legally referenced; machine-readable geometry has not yet passed CRS and topology validation."
"6594bd46-5b0e-57e4-8f1b-5f69f612fea5","21923211-de7d-542a-b9a8-db6186fa92a8","LN14-2012-v1","2012-03-09","","KENYA-LAW-LN14-2012","https://new.kenyalaw.org/akn/ke/act/ln/2012/14/eng@2022-12-31","","","pending","Boundary description is legally referenced; machine-readable geometry has not yet passed CRS and topology validation."
"af0a71bb-6456-55d4-a85c-925c4a48c6f8","eb12ad2b-9f08-56e7-a0fd-e2b17bc662db","LN14-2012-v1","2012-03-09","","KENYA-LAW-LN14-2012","https://new.kenyalaw.org/akn/ke/act/ln/2012/14/eng@2022-12-31","","","pending","Boundary description is legally referenced; machine-readable geometry has not yet passed CRS and topology validation."
"ffe53028-46c5-55f7-bb55-7e81cd70fafb","17e7a58c-fd66-5324-8ee7-b25989cff9c6","LN14-2012-v1","2012-03-09","","KENYA-LAW-LN14-2012","https://new.kenyalaw.org/akn/ke/act/ln/2012/14/eng@2022-12-31","","","pending","Boundary description is legally referenced; machine-readable geometry has not yet passed CRS and topology validation."
"52274bd0-97a1-5ba0-8dd8-17b02dfb6b40","c157b481-8e60-5bf2-bf8d-30c0de3bdde2","LN14-2012-v1","2012-03-09","","KENYA-LAW-LN14-2012","https://new.kenyalaw.org/akn/ke/act/ln/2012/14/eng@2022-12-31","","","pending","Boundary description is legally referenced; machine-readable geometry has not yet passed CRS and topology validation."
"900b8fa1-fc56-5871-835e-5782fa316b17","469efcde-a1cd-52fd-9405-7910e2d6c219","LN14-2012-v1","2012-03-09","","KENYA-LAW-LN14-2012","https://new.kenyalaw.org/akn/ke/act/ln/2012/14/eng@2022-12-31","","","pending","Boundary description is legally referenced; machine-readable geometry has not yet passed CRS and topology validation."
"04d8ce33-1cfc-5372-aa2d-76c969cdc2dc","2f141533-25fa-5b38-9444-062cd8f393c0","LN14-2012-v1","2012-03-09","","KENYA-LAW-LN14-2012","https://new.kenyalaw.org/akn/ke/act/ln/2012/14/eng@2022-12-31","","","pending","Boundary description is legally referenced; machine-readable geometry has not yet passed CRS and topology validation."
"db566c62-9267-5423-9738-6f0382a55870","871d919e-7628-53f9-909c-4fa8f3f5b54b","LN14-2012-v1","2012-03-09","","KENYA-LAW-LN14-2012","https://new.kenyalaw.org/akn/ke/act/ln/2012/14/eng@2022-12-31","","","pending","Boundary description is legally referenced; machine-readable geometry has not yet passed CRS and topology validation."
"99412427-26c4-5dd1-878f-8e5f46cfe284","f68073f9-dcdc-55ba-97bc-ec21200b2992","LN14-2012-v1","2012-03-09","","KENYA-LAW-LN14-2012","https://new.kenyalaw.org/akn/ke/act/ln/2012/14/eng@2022-12-31","","","pending","Boundary description is legally referenced; machine-readable geometry has not yet passed CRS and topology validation."
"bf656a44-2357-55b2-8c0b-05ae7018e04a","72df7326-9a59-5f92-bcc4-d04b20fd5fb8","LN14-2012-v1","2012-03-09","","KENYA-LAW-LN14-2012","https://new.kenyalaw.org/akn/ke/act/ln/2012/14/eng@2022-12-31","","","pending","Boundary description is legally referenced; machine-readable geometry has not yet passed CRS and topology validation."
"b13da01a-1fcc-5a23-b312-c208a36f7a84","777ce17a-bfcd-51d6-bb5d-d043863078db","LN14-2012-v1","2012-03-09","","KENYA-LAW-LN14-2012","https://new.kenyalaw.org/akn/ke/act/ln/2012/14/eng@2022-12-31","","","pending","Boundary description is legally referenced; machine-readable geometry has not yet passed CRS and topology validation."
"3e20a729-7309-5b67-83c6-04345462bf35","e1ea3293-6b40-5695-98e8-c8bcf5e2e254","LN14-2012-v1","2012-03-09","","KENYA-LAW-LN14-2012","https://new.kenyalaw.org/akn/ke/act/ln/2012/14/eng@2022-12-31","","","pending","Boundary description is legally referenced; machine-readable geometry has not yet passed CRS and topology validation."
"bf8daf72-a6ee-5f54-9b90-c7da7d4b991f","c7d3210a-ff3b-5e27-a352-d1d8e1012612","LN14-2012-v1","2012-03-09","","KENYA-LAW-LN14-2012","https://new.kenyalaw.org/akn/ke/act/ln/2012/14/eng@2022-12-31","","","pending","Boundary description is legally referenced; machine-readable geometry has not yet passed CRS and topology validation."
"393c5de4-866d-57cb-9141-cf6b2d88dbf3","0848a6a7-9b66-5a2f-a3e1-7da805e276c0","LN14-2012-v1","2012-03-09","","KENYA-LAW-LN14-2012","https://new.kenyalaw.org/akn/ke/act/ln/2012/14/eng@2022-12-31","","","pending","Boundary description is legally referenced; machine-readable geometry has not yet passed CRS and topology validation."
"aeedd1ed-0481-5d90-95d5-fb591206cd6c","e83a2c98-4eaf-5b5b-8e3f-4c72163e4628","LN14-2012-v1","2012-03-09","","KENYA-LAW-LN14-2012","https://new.kenyalaw.org/akn/ke/act/ln/2012/14/eng@2022-12-31","","","pending","Boundary description is legally referenced; machine-readable geometry has not yet passed CRS and topology validation."
"6900d56e-5f80-5a77-849f-3cc08f26d03d","3b026951-2a1b-517f-8cc5-4f99f3a35815","LN14-2012-v1","2012-03-09","","KENYA-LAW-LN14-2012","https://new.kenyalaw.org/akn/ke/act/ln/2012/14/eng@2022-12-31","","","pending","Boundary description is legally referenced; machine-readable geometry has not yet passed CRS and topology validation."
"37dedc32-c2b7-58c0-9baa-58ead1859213","67dc4c6e-0455-5721-b706-623fad58bab4","LN14-2012-v1","2012-03-09","","KENYA-LAW-LN14-2012","https://new.kenyalaw.org/akn/ke/act/ln/2012/14/eng@2022-12-31","","","pending","Boundary description is legally referenced; machine-readable geometry has not yet passed CRS and topology validation."
"a7448e63-bf79-5675-a203-63b941421f17","b6a2afa1-75ec-5260-ba6a-aca125ca5423","LN14-2012-v1","2012-03-09","","KENYA-LAW-LN14-2012","https://new.kenyalaw.org/akn/ke/act/ln/2012/14/eng@2022-12-31","","","pending","Boundary description is legally referenced; machine-readable geometry has not yet passed CRS and topology validation."
"4699f7ba-ead7-53c8-9fcd-a1339eb47169","a007793d-7aa1-514d-b28b-9131f05ae4ed","LN14-2012-v1","2012-03-09","","KENYA-LAW-LN14-2012","https://new.kenyalaw.org/akn/ke/act/ln/2012/14/eng@2022-12-31","","","pending","Boundary description is legally referenced; machine-readable geometry has not yet passed CRS and topology validation."
"2935b3c4-9981-5568-b925-787347c6822d","83a9fcfd-fdcc-57f9-b01b-68080275dc09","LN14-2012-v1","2012-03-09","","KENYA-LAW-LN14-2012","https://new.kenyalaw.org/akn/ke/act/ln/2012/14/eng@2022-12-31","","","pending","Boundary description is legally referenced; machine-readable geometry has not yet passed CRS and topology validation."
"dcd98a09-4682-5cee-8bf9-79f214685079","a78aede6-e5a5-5954-ad93-5233523ff146","LN14-2012-v1","2012-03-09","","KENYA-LAW-LN14-2012","https://new.kenyalaw.org/akn/ke/act/ln/2012/14/eng@2022-12-31","","","pending","Boundary description is legally referenced; machine-readable geometry has not yet passed CRS and topology validation."
"ac97604c-adba-5c82-8d33-534496db59fe","982939e3-2cc2-51a9-88b6-fff95921081f","LN14-2012-v1","2012-03-09","","KENYA-LAW-LN14-2012","https://new.kenyalaw.org/akn/ke/act/ln/2012/14/eng@2022-12-31","","","pending","Boundary description is legally referenced; machine-readable geometry has not yet passed CRS and topology validation."
"b71be172-e737-5b8f-b7ed-96ce89fc0f56","8a564392-d75a-59c1-a071-967646f29a76","LN14-2012-v1","2012-03-09","","KENYA-LAW-LN14-2012","https://new.kenyalaw.org/akn/ke/act/ln/2012/14/eng@2022-12-31","","","pending","Boundary description is legally referenced; machine-readable geometry has not yet passed CRS and topology validation."
"419f8f78-39a8-587a-a883-8929bfad9cc0","208f6a64-224d-5c5d-a62d-bb4a48057aa9","LN14-2012-v1","2012-03-09","","KENYA-LAW-LN14-2012","https://new.kenyalaw.org/akn/ke/act/ln/2012/14/eng@2022-12-31","","","pending","Boundary description is legally referenced; machine-readable geometry has not yet passed CRS and topology validation."
"f0b762e0-15d2-56e0-b278-a2cdad4c44cd","fe4cb03c-cf0b-5f7d-be91-3c114d714417","LN14-2012-v1","2012-03-09","","KENYA-LAW-LN14-2012","https://new.kenyalaw.org/akn/ke/act/ln/2012/14/eng@2022-12-31","","","pending","Boundary description is legally referenced; machine-readable geometry has not yet passed CRS and topology validation."
"9765de48-f364-530c-948f-6fd8563de330","38533f6b-64c5-5b8f-bd1f-039a8093c6bb","LN14-2012-v1","2012-03-09","","KENYA-LAW-LN14-2012","https://new.kenyalaw.org/akn/ke/act/ln/2012/14/eng@2022-12-31","","","pending","Boundary description is legally referenced; machine-readable geometry has not yet passed CRS and topology validation."
"8a8447fc-92ec-55c3-bcfe-209f90bddbeb","ff4cdee4-d340-501f-88e7-8961a580d6a6","LN14-2012-v1","2012-03-09","","KENYA-LAW-LN14-2012","https://new.kenyalaw.org/akn/ke/act/ln/2012/14/eng@2022-12-31","","","pending","Boundary description is legally referenced; machine-readable geometry has not yet passed CRS and topology validation."
"370733c3-7cc6-5e90-801e-9ebf9078be9d","93427d67-0817-5405-b901-8fb8b3ba3394","LN14-2012-v1","2012-03-09","","KENYA-LAW-LN14-2012","https://new.kenyalaw.org/akn/ke/act/ln/2012/14/eng@2022-12-31","","","pending","Boundary description is legally referenced; machine-readable geometry has not yet passed CRS and topology validation."
"73b50b3a-3ea8-54ba-9b87-e01381117a5a","429a0275-64d0-5166-bc6b-2cc9a79ad697","LN14-2012-v1","2012-03-09","","KENYA-LAW-LN14-2012","https://new.kenyalaw.org/akn/ke/act/ln/2012/14/eng@2022-12-31","","","pending","Boundary description is legally referenced; machine-readable geometry has not yet passed CRS and topology validation."
"ab511eac-c6d6-52ac-927f-db69c8e73d1d","9888ec24-6c1d-54f5-af51-3220f066a441","LN14-2012-v1","2012-03-09","","KENYA-LAW-LN14-2012","https://new.kenyalaw.org/akn/ke/act/ln/2012/14/eng@2022-12-31","","","pending","Boundary description is legally referenced; machine-readable geometry has not yet passed CRS and topology validation."
"15e646fb-3dba-5286-8c13-2aac5bee10be","49b2a9a8-2b2a-5ac1-bcfb-3983caf8ff6f","LN14-2012-v1","2012-03-09","","KENYA-LAW-LN14-2012","https://new.kenyalaw.org/akn/ke/act/ln/2012/14/eng@2022-12-31","","","pending","Boundary description is legally referenced; machine-readable geometry has not yet passed CRS and topology validation."
"3ec7eafb-665b-585b-923e-3e5c2fadf232","a8cf5d32-cb7f-5181-bbf3-6161fe57f23b","LN14-2012-v1","2012-03-09","","KENYA-LAW-LN14-2012","https://new.kenyalaw.org/akn/ke/act/ln/2012/14/eng@2022-12-31","","","pending","Boundary description is legally referenced; machine-readable geometry has not yet passed CRS and topology validation."
"56f42ebf-dc1e-5e52-b02c-a6c029a9a735","680f46eb-7b11-577e-8e6f-6b0c3d608570","LN14-2012-v1","2012-03-09","","KENYA-LAW-LN14-2012","https://new.kenyalaw.org/akn/ke/act/ln/2012/14/eng@2022-12-31","","","pending","Boundary description is legally referenced; machine-readable geometry has not yet passed CRS and topology validation."
"0a58d88d-125e-5355-b1f0-b7e295e1b3f7","ca425f89-e08d-5325-bb32-b40acc8e81ef","LN14-2012-v1","2012-03-09","","KENYA-LAW-LN14-2012","https://new.kenyalaw.org/akn/ke/act/ln/2012/14/eng@2022-12-31","","","pending","Boundary description is legally referenced; machine-readable geometry has not yet passed CRS and topology validation."
"493d3180-b2fc-5110-9cb6-31c5c9941600","23633eb0-9848-5059-9315-b1f4fa372f32","LN14-2012-v1","2012-03-09","","KENYA-LAW-LN14-2012","https://new.kenyalaw.org/akn/ke/act/ln/2012/14/eng@2022-12-31","","","pending","Boundary description is legally referenced; machine-readable geometry has not yet passed CRS and topology validation."
"c1679bd7-30da-5aea-9104-32915561379a","bf36cac4-152c-5a41-9452-4422871e891a","LN14-2012-v1","2012-03-09","","KENYA-LAW-LN14-2012","https://new.kenyalaw.org/akn/ke/act/ln/2012/14/eng@2022-12-31","","","pending","Boundary description is legally referenced; machine-readable geometry has not yet passed CRS and topology validation."
"6a9551dc-8f11-5819-b140-172e816ea2d0","9ed0925f-edc3-5fb9-a2db-f5420dd59472","LN14-2012-v1","2012-03-09","","KENYA-LAW-LN14-2012","https://new.kenyalaw.org/akn/ke/act/ln/2012/14/eng@2022-12-31","","","pending","Boundary description is legally referenced; machine-readable geometry has not yet passed CRS and topology validation."
"ed56d2d7-334e-5c3e-bec5-2bfab0fdae38","3ef2341c-c783-567b-9589-254cc45763fe","LN14-2012-v1","2012-03-09","","KENYA-LAW-LN14-2012","https://new.kenyalaw.org/akn/ke/act/ln/2012/14/eng@2022-12-31","","","pending","Boundary description is legally referenced; machine-readable geometry has not yet passed CRS and topology validation."
"068fc45f-a829-5d98-b2b7-629faac8aa2a","a17c20a9-932e-5bf0-8a34-c877d4adb94a","LN14-2012-v1","2012-03-09","","KENYA-LAW-LN14-2012","https://new.kenyalaw.org/akn/ke/act/ln/2012/14/eng@2022-12-31","","","pending","Boundary description is legally referenced; machine-readable geometry has not yet passed CRS and topology validation."
"4f97db93-2ade-59fe-ae0c-f4486fc6d27c","b6ab75e6-98ca-5474-b697-b9c2cf742bfa","LN14-2012-v1","2012-03-09","","KENYA-LAW-LN14-2012","https://new.kenyalaw.org/akn/ke/act/ln/2012/14/eng@2022-12-31","","","pending","Boundary description is legally referenced; machine-readable geometry has not yet passed CRS and topology validation."
"b4adb536-6138-5698-ac23-efd78b4779ad","7f5f0d83-11d2-52e8-9692-e25151e8c6b9","LN14-2012-v1","2012-03-09","","KENYA-LAW-LN14-2012","https://new.kenyalaw.org/akn/ke/act/ln/2012/14/eng@2022-12-31","","","pending","Boundary description is legally referenced; machine-readable geometry has not yet passed CRS and topology validation."
"6059b2e6-d981-577f-b56c-5862f013a880","39fa22ea-90d4-5ec8-8406-ee7d2f9b01c4","LN14-2012-v1","2012-03-09","","KENYA-LAW-LN14-2012","https://new.kenyalaw.org/akn/ke/act/ln/2012/14/eng@2022-12-31","","","pending","Boundary description is legally referenced; machine-readable geometry has not yet passed CRS and topology validation."
"8f1234f2-6199-5d79-8827-276a9fac702e","64f85e33-c56d-5d6a-952f-4d8238c490e7","LN14-2012-v1","2012-03-09","","KENYA-LAW-LN14-2012","https://new.kenyalaw.org/akn/ke/act/ln/2012/14/eng@2022-12-31","","","pending","Boundary description is legally referenced; machine-readable geometry has not yet passed CRS and topology validation."
"27a4ffff-319d-514f-ae04-529f7f20c698","40302229-5c34-5264-a04e-d199b3489c52","LN14-2012-v1","2012-03-09","","KENYA-LAW-LN14-2012","https://new.kenyalaw.org/akn/ke/act/ln/2012/14/eng@2022-12-31","","","pending","Boundary description is legally referenced; machine-readable geometry has not yet passed CRS and topology validation."
"29bdcfb5-fab6-552a-b16d-e2651ab2f74a","11d7e7f7-48c5-5ada-a9c9-80bd47ba559b","LN14-2012-v1","2012-03-09","","KENYA-LAW-LN14-2012","https://new.kenyalaw.org/akn/ke/act/ln/2012/14/eng@2022-12-31","","","pending","Boundary description is legally referenced; machine-readable geometry has not yet passed CRS and topology validation."
"0f505762-eb48-551e-8288-7f547a63c528","ee0c6c29-716e-5b0e-b901-45a8637bd184","LN14-2012-v1","2012-03-09","","KENYA-LAW-LN14-2012","https://new.kenyalaw.org/akn/ke/act/ln/2012/14/eng@2022-12-31","","","pending","Boundary description is legally referenced; machine-readable geometry has not yet passed CRS and topology validation."
"84a07398-112a-5919-9d32-13fc522bd819","f26ec836-a768-5365-97dc-91d1a1845b74","LN14-2012-v1","2012-03-09","","KENYA-LAW-LN14-2012","https://new.kenyalaw.org/akn/ke/act/ln/2012/14/eng@2022-12-31","","","pending","Boundary description is legally referenced; machine-readable geometry has not yet passed CRS and topology validation."
"2c4eb550-f717-54e2-acd7-4c15c7b2b3ec","c7e60d6f-f22e-5105-8451-6228557c1a0a","LN14-2012-v1","2012-03-09","","KENYA-LAW-LN14-2012","https://new.kenyalaw.org/akn/ke/act/ln/2012/14/eng@2022-12-31","","","pending","Boundary description is legally referenced; machine-readable geometry has not yet passed CRS and topology validation."
"a2f918e7-5834-5eee-97cb-c680adbc0047","c57c594a-d5b2-5e5e-b4a8-d765925e322d","LN14-2012-v1","2012-03-09","","KENYA-LAW-LN14-2012","https://new.kenyalaw.org/akn/ke/act/ln/2012/14/eng@2022-12-31","","","pending","Boundary description is legally referenced; machine-readable geometry has not yet passed CRS and topology validation."
"107c4378-9095-5e4f-9d61-ac77f34cfe52","21c0ad9b-d1fb-54da-b7ff-adcfd10849fb","LN14-2012-v1","2012-03-09","","KENYA-LAW-LN14-2012","https://new.kenyalaw.org/akn/ke/act/ln/2012/14/eng@2022-12-31","","","pending","Boundary description is legally referenced; machine-readable geometry has not yet passed CRS and topology validation."
"e3bbd4e7-09da-5720-a558-fa1d3d21dd99","6f576453-bb66-5d37-be26-20ea45282dc0","LN14-2012-v1","2012-03-09","","KENYA-LAW-LN14-2012","https://new.kenyalaw.org/akn/ke/act/ln/2012/14/eng@2022-12-31","","","pending","Boundary description is legally referenced; machine-readable geometry has not yet passed CRS and topology validation."
"b42ff40d-3696-59b2-ae16-292539f4a734","9e7b476f-5177-5e08-8302-c40bd01aea51","LN14-2012-v1","2012-03-09","","KENYA-LAW-LN14-2012","https://new.kenyalaw.org/akn/ke/act/ln/2012/14/eng@2022-12-31","","","pending","Boundary description is legally referenced; machine-readable geometry has not yet passed CRS and topology validation."
"9092e5ee-2fee-5f8f-8e71-f1697fcafd9d","098350a4-6b98-52d7-be22-826401157f0b","LN14-2012-v1","2012-03-09","","KENYA-LAW-LN14-2012","https://new.kenyalaw.org/akn/ke/act/ln/2012/14/eng@2022-12-31","","","pending","Boundary description is legally referenced; machine-readable geometry has not yet passed CRS and topology validation."
"bc5a4a28-ad76-513c-8181-dd358eb08c15","44e09676-b865-5caf-9954-5d26730f0985","LN14-2012-v1","2012-03-09","","KENYA-LAW-LN14-2012","https://new.kenyalaw.org/akn/ke/act/ln/2012/14/eng@2022-12-31","","","pending","Boundary description is legally referenced; machine-readable geometry has not yet passed CRS and topology validation."
"e4b1039f-ff15-5576-967d-171e62c63668","a90c79e6-a82e-5f70-b525-bcbbb0eb2772","LN14-2012-v1","2012-03-09","","KENYA-LAW-LN14-2012","https://new.kenyalaw.org/akn/ke/act/ln/2012/14/eng@2022-12-31","","","pending","Boundary description is legally referenced; machine-readable geometry has not yet passed CRS and topology validation."
"c5038828-aba0-5fd8-bc76-ae27b7adb5b8","d3e62bc7-c3e5-55fd-b146-f3da481b216d","LN14-2012-v1","2012-03-09","","KENYA-LAW-LN14-2012","https://new.kenyalaw.org/akn/ke/act/ln/2012/14/eng@2022-12-31","","","pending","Boundary description is legally referenced; machine-readable geometry has not yet passed CRS and topology validation."
"13a6826f-34cc-5fba-b03c-995dd89a22b0","55eac320-753e-5fca-93d9-08a85de731ba","LN14-2012-v1","2012-03-09","","KENYA-LAW-LN14-2012","https://new.kenyalaw.org/akn/ke/act/ln/2012/14/eng@2022-12-31","","","pending","Boundary description is legally referenced; machine-readable geometry has not yet passed CRS and topology validation."
"782e5043-7981-5c21-8058-271e61ecffd1","121c54e5-295d-50fa-a6c8-5679b3887eb8","LN14-2012-v1","2012-03-09","","KENYA-LAW-LN14-2012","https://new.kenyalaw.org/akn/ke/act/ln/2012/14/eng@2022-12-31","","","pending","Boundary description is legally referenced; machine-readable geometry has not yet passed CRS and topology validation."
"29d5e12f-c686-5c09-968a-aabdd517c5bc","5e400582-6847-5b8a-a215-4e32490308a0","LN14-2012-v1","2012-03-09","","KENYA-LAW-LN14-2012","https://new.kenyalaw.org/akn/ke/act/ln/2012/14/eng@2022-12-31","","","pending","Boundary description is legally referenced; machine-readable geometry has not yet passed CRS and topology validation."
"256c9d87-6bad-5b1d-9005-b06da71932ce","d8a13650-f258-5d86-a7ce-e87313d26048","LN14-2012-v1","2012-03-09","","KENYA-LAW-LN14-2012","https://new.kenyalaw.org/akn/ke/act/ln/2012/14/eng@2022-12-31","","","pending","Boundary description is legally referenced; machine-readable geometry has not yet passed CRS and topology validation."
"c3fe85aa-1e51-5715-aa29-62e6137fab6d","f4c03b76-0c0e-55d2-807c-960e62c53c02","LN14-2012-v1","2012-03-09","","KENYA-LAW-LN14-2012","https://new.kenyalaw.org/akn/ke/act/ln/2012/14/eng@2022-12-31","","","pending","Boundary description is legally referenced; machine-readable geometry has not yet passed CRS and topology validation."
"b06545a6-7bf4-534f-a534-a5151e59daf0","76abbb22-c600-5bac-839c-94f8342afbc8","LN14-2012-v1","2012-03-09","","KENYA-LAW-LN14-2012","https://new.kenyalaw.org/akn/ke/act/ln/2012/14/eng@2022-12-31","","","pending","Boundary description is legally referenced; machine-readable geometry has not yet passed CRS and topology validation."
"56eb1bbe-9fa9-5ecb-9ef3-e00c4acb3cb2","19331771-5def-5a63-bf75-2947fdc58bf3","LN14-2012-v1","2012-03-09","","KENYA-LAW-LN14-2012","https://new.kenyalaw.org/akn/ke/act/ln/2012/14/eng@2022-12-31","","","pending","Boundary description is legally referenced; machine-readable geometry has not yet passed CRS and topology validation."
"0d5d52e0-41ba-5ad5-8a36-23deffee5a64","c6418de8-2652-5ef8-8bcd-b348af7c0f4b","LN14-2012-v1","2012-03-09","","KENYA-LAW-LN14-2012","https://new.kenyalaw.org/akn/ke/act/ln/2012/14/eng@2022-12-31","","","pending","Boundary description is legally referenced; machine-readable geometry has not yet passed CRS and topology validation."
"2dd82f90-d2a0-50d8-a050-14bb5afbc58c","926e8763-ba7a-5cd1-98d4-a764fface7bb","LN14-2012-v1","2012-03-09","","KENYA-LAW-LN14-2012","https://new.kenyalaw.org/akn/ke/act/ln/2012/14/eng@2022-12-31","","","pending","Boundary description is legally referenced; machine-readable geometry has not yet passed CRS and topology validation."
"7cb95fe9-1878-5d89-9557-4809dd0bef64","ae060bc0-3003-5da4-9a17-0d3ba0b70492","LN14-2012-v1","2012-03-09","","KENYA-LAW-LN14-2012","https://new.kenyalaw.org/akn/ke/act/ln/2012/14/eng@2022-12-31","","","pending","Boundary description is legally referenced; machine-readable geometry has not yet passed CRS and topology validation."
"ea357a69-e2c0-53fc-bb33-19525790b012","e25e7f3f-04fd-5db9-a2dd-06b82e0323e3","LN14-2012-v1","2012-03-09","","KENYA-LAW-LN14-2012","https://new.kenyalaw.org/akn/ke/act/ln/2012/14/eng@2022-12-31","","","pending","Boundary description is legally referenced; machine-readable geometry has not yet passed CRS and topology validation."
"b52d1da7-bef5-5ec1-9039-33ab7065619d","85a21d2e-6ed0-5f81-b745-7e0f3997b830","LN14-2012-v1","2012-03-09","","KENYA-LAW-LN14-2012","https://new.kenyalaw.org/akn/ke/act/ln/2012/14/eng@2022-12-31","","","pending","Boundary description is legally referenced; machine-readable geometry has not yet passed CRS and topology validation."
"6deea103-31b4-5190-9626-244ca994f678","4fc5e8dc-4242-5872-8ff3-64f66eb73a26","LN14-2012-v1","2012-03-09","","KENYA-LAW-LN14-2012","https://new.kenyalaw.org/akn/ke/act/ln/2012/14/eng@2022-12-31","","","pending","Boundary description is legally referenced; machine-readable geometry has not yet passed CRS and topology validation."
"61f5edf2-8c80-5ff6-8be1-36dea87455ce","2264ee6b-56de-52ed-a18d-429101e882e7","LN14-2012-v1","2012-03-09","","KENYA-LAW-LN14-2012","https://new.kenyalaw.org/akn/ke/act/ln/2012/14/eng@2022-12-31","","","pending","Boundary description is legally referenced; machine-readable geometry has not yet passed CRS and topology validation."
"bc1a9deb-5f49-5413-99cc-a95c08e39086","5c1d6dc0-1c9e-54e3-b089-437b8b165b26","LN14-2012-v1","2012-03-09","","KENYA-LAW-LN14-2012","https://new.kenyalaw.org/akn/ke/act/ln/2012/14/eng@2022-12-31","","","pending","Boundary description is legally referenced; machine-readable geometry has not yet passed CRS and topology validation."
"c36bf555-4137-51d3-be12-43c6dce8fe69","7a99021e-0f4c-5049-be57-cb9d9ee4e07a","LN14-2012-v1","2012-03-09","","KENYA-LAW-LN14-2012","https://new.kenyalaw.org/akn/ke/act/ln/2012/14/eng@2022-12-31","","","pending","Boundary description is legally referenced; machine-readable geometry has not yet passed CRS and topology validation."
"ff07ba5b-056a-5730-a15b-4cf56cb1ddc6","3c5a18cb-1b99-5614-b68c-fbf1dd9f94b0","LN14-2012-v1","2012-03-09","","KENYA-LAW-LN14-2012","https://new.kenyalaw.org/akn/ke/act/ln/2012/14/eng@2022-12-31","","","pending","Boundary description is legally referenced; machine-readable geometry has not yet passed CRS and topology validation."
"55cfe6c1-9f7f-5191-ad2a-85e247a664cf","47c159b4-9c49-5041-a379-537bc713acf5","LN14-2012-v1","2012-03-09","","KENYA-LAW-LN14-2012","https://new.kenyalaw.org/akn/ke/act/ln/2012/14/eng@2022-12-31","","","pending","Boundary description is legally referenced; machine-readable geometry has not yet passed CRS and topology validation."
"dd3cfb83-40fb-52a6-87f5-9cd5e47557a7","0463e5a7-88c2-539d-9c9c-ee04b0495551","LN14-2012-v1","2012-03-09","","KENYA-LAW-LN14-2012","https://new.kenyalaw.org/akn/ke/act/ln/2012/14/eng@2022-12-31","","","pending","Boundary description is legally referenced; machine-readable geometry has not yet passed CRS and topology validation."
"415d08c1-9bb4-5aab-9904-8ebbf6cfa556","465bfee6-bbed-5d66-a57e-7409e94f8284","LN14-2012-v1","2012-03-09","","KENYA-LAW-LN14-2012","https://new.kenyalaw.org/akn/ke/act/ln/2012/14/eng@2022-12-31","","","pending","Boundary description is legally referenced; machine-readable geometry has not yet passed CRS and topology validation."
"6bb04573-e2e4-5884-851c-b263767dff93","cf87f312-4e6e-5fb0-9615-270048e3827f","LN14-2012-v1","2012-03-09","","KENYA-LAW-LN14-2012","https://new.kenyalaw.org/akn/ke/act/ln/2012/14/eng@2022-12-31","","","pending","Boundary description is legally referenced; machine-readable geometry has not yet passed CRS and topology validation."
"3e9f1775-5f0e-5152-977c-4944a54aaebb","36984ed0-6240-58ae-abc2-41b371314962","LN14-2012-v1","2012-03-09","","KENYA-LAW-LN14-2012","https://new.kenyalaw.org/akn/ke/act/ln/2012/14/eng@2022-12-31","","","pending","Boundary description is legally referenced; machine-readable geometry has not yet passed CRS and topology validation."
"41ce8856-5b3b-5016-9836-5b2d5d6e9136","b986aece-594a-5ab5-a801-88959e3c19f0","LN14-2012-v1","2012-03-09","","KENYA-LAW-LN14-2012","https://new.kenyalaw.org/akn/ke/act/ln/2012/14/eng@2022-12-31","","","pending","Boundary description is legally referenced; machine-readable geometry has not yet passed CRS and topology validation."
"327c1e00-588a-5e38-af82-7688436a61f6","eac79b61-6963-5eae-86dc-b9d02c42ad4d","LN14-2012-v1","2012-03-09","","KENYA-LAW-LN14-2012","https://new.kenyalaw.org/akn/ke/act/ln/2012/14/eng@2022-12-31","","","pending","Boundary description is legally referenced; machine-readable geometry has not yet passed CRS and topology validation."
"f5b1da9b-bac7-58c1-bdab-ac014cfbb188","a0093471-dba2-5802-ab02-e7ca5ae5a41e","LN14-2012-v1","2012-03-09","","KENYA-LAW-LN14-2012","https://new.kenyalaw.org/akn/ke/act/ln/2012/14/eng@2022-12-31","","","pending","Boundary description is legally referenced; machine-readable geometry has not yet passed CRS and topology validation."
"6ceed7e7-7067-57bc-aeca-9df98491a992","2ac97b8f-4e17-5718-9d6b-001cf9c42dba","LN14-2012-v1","2012-03-09","","KENYA-LAW-LN14-2012","https://new.kenyalaw.org/akn/ke/act/ln/2012/14/eng@2022-12-31","","","pending","Boundary description is legally referenced; machine-readable geometry has not yet passed CRS and topology validation."
"f9fe0958-170d-5b9c-900c-fe9ee7ac46f4","78b861bd-f480-5af5-ae3c-6513ff29bac1","LN14-2012-v1","2012-03-09","","KENYA-LAW-LN14-2012","https://new.kenyalaw.org/akn/ke/act/ln/2012/14/eng@2022-12-31","","","pending","Boundary description is legally referenced; machine-readable geometry has not yet passed CRS and topology validation."
"d8fd5729-b2c5-5db8-b3fe-1820d3006280","4fa47de4-70c9-5b80-8469-4c0570c35cea","LN14-2012-v1","2012-03-09","","KENYA-LAW-LN14-2012","https://new.kenyalaw.org/akn/ke/act/ln/2012/14/eng@2022-12-31","","","pending","Boundary description is legally referenced; machine-readable geometry has not yet passed CRS and topology validation."
"4fb61fe7-a2b9-5e37-8a78-4bcb7a6a189a","cda856b1-6d27-5594-b156-fd4b6eb4c237","LN14-2012-v1","2012-03-09","","KENYA-LAW-LN14-2012","https://new.kenyalaw.org/akn/ke/act/ln/2012/14/eng@2022-12-31","","","pending","Boundary description is legally referenced; machine-readable geometry has not yet passed CRS and topology validation."
"5badcfc4-3523-5ae8-b16a-020b4bd2ade7","0e8d83a9-3ad9-5330-b74e-5c4344e15ee2","LN14-2012-v1","2012-03-09","","KENYA-LAW-LN14-2012","https://new.kenyalaw.org/akn/ke/act/ln/2012/14/eng@2022-12-31","","","pending","Boundary description is legally referenced; machine-readable geometry has not yet passed CRS and topology validation."
"aa1a4dde-6566-55d3-b4bf-246c04a3ca8f","9b1cbb3b-19ea-566c-9d20-a626da3ac62d","LN14-2012-v1","2012-03-09","","KENYA-LAW-LN14-2012","https://new.kenyalaw.org/akn/ke/act/ln/2012/14/eng@2022-12-31","","","pending","Boundary description is legally referenced; machine-readable geometry has not yet passed CRS and topology validation."
"1e6b1e36-7e87-5da3-afdd-16f04ec1c322","675aab50-2a29-5ccc-81ab-260bd1a4ce5c","LN14-2012-v1","2012-03-09","","KENYA-LAW-LN14-2012","https://new.kenyalaw.org/akn/ke/act/ln/2012/14/eng@2022-12-31","","","pending","Boundary description is legally referenced; machine-readable geometry has not yet passed CRS and topology validation."
"bb10e41a-13f4-5ee3-836f-666d3d7a7804","0c8ec117-b0d0-5a8b-a1e7-32c3a9af0d0d","LN14-2012-v1","2012-03-09","","KENYA-LAW-LN14-2012","https://new.kenyalaw.org/akn/ke/act/ln/2012/14/eng@2022-12-31","","","pending","Boundary description is legally referenced; machine-readable geometry has not yet passed CRS and topology validation."
"995a2e04-dfc2-53b2-9fc3-706dfe71dab1","b27d2504-6244-5de3-a2e6-e5f494a2cf75","LN14-2012-v1","2012-03-09","","KENYA-LAW-LN14-2012","https://new.kenyalaw.org/akn/ke/act/ln/2012/14/eng@2022-12-31","","","pending","Boundary description is legally referenced; machine-readable geometry has not yet passed CRS and topology validation."
"133d98d8-40ff-5751-815f-60642928a09b","a05f9c2e-66f4-59bb-b4f8-0a4b1d2acfd3","LN14-2012-v1","2012-03-09","","KENYA-LAW-LN14-2012","https://new.kenyalaw.org/akn/ke/act/ln/2012/14/eng@2022-12-31","","","pending","Boundary description is legally referenced; machine-readable geometry has not yet passed CRS and topology validation."
"7d2453cd-fd8b-5308-864d-942aa27004e9","e792893d-8a05-5ac2-a793-c5d7a8e240fe","LN14-2012-v1","2012-03-09","","KENYA-LAW-LN14-2012","https://new.kenyalaw.org/akn/ke/act/ln/2012/14/eng@2022-12-31","","","pending","Boundary description is legally referenced; machine-readable geometry has not yet passed CRS and topology validation."
"1f1d7425-82f5-5583-8224-df44d9d78000","24af9d9f-1b18-5e7e-92be-83cbcffe60d0","LN14-2012-v1","2012-03-09","","KENYA-LAW-LN14-2012","https://new.kenyalaw.org/akn/ke/act/ln/2012/14/eng@2022-12-31","","","pending","Boundary description is legally referenced; machine-readable geometry has not yet passed CRS and topology validation."
"18f5320a-8038-5caf-a3ec-51df3fe0e95d","1197dcc1-a3c1-53e4-9d23-0385bfd22038","LN14-2012-v1","2012-03-09","","KENYA-LAW-LN14-2012","https://new.kenyalaw.org/akn/ke/act/ln/2012/14/eng@2022-12-31","","","pending","Boundary description is legally referenced; machine-readable geometry has not yet passed CRS and topology validation."
"f606611c-f370-552a-85e4-f87ffec72ad4","956228a2-75e3-5d5f-9c47-b757c7ab0e50","LN14-2012-v1","2012-03-09","","KENYA-LAW-LN14-2012","https://new.kenyalaw.org/akn/ke/act/ln/2012/14/eng@2022-12-31","","","pending","Boundary description is legally referenced; machine-readable geometry has not yet passed CRS and topology validation."
"d6d2b36f-8fde-53fa-a36f-9e0b0a1dabe5","7fa46083-d09c-58f1-abed-c127723f7c63","LN14-2012-v1","2012-03-09","","KENYA-LAW-LN14-2012","https://new.kenyalaw.org/akn/ke/act/ln/2012/14/eng@2022-12-31","","","pending","Boundary description is legally referenced; machine-readable geometry has not yet passed CRS and topology validation."
"a579ef39-f4e8-5c16-a62d-364d7399c80f","c35c52d8-60b5-5a0d-a843-3e66fd78694e","LN14-2012-v1","2012-03-09","","KENYA-LAW-LN14-2012","https://new.kenyalaw.org/akn/ke/act/ln/2012/14/eng@2022-12-31","","","pending","Boundary description is legally referenced; machine-readable geometry has not yet passed CRS and topology validation."
"d3e320da-ca09-5aa3-9e2e-f3bdc2faa489","b3c5ad30-b8d3-53b5-abe2-b423b63b8612","LN14-2012-v1","2012-03-09","","KENYA-LAW-LN14-2012","https://new.kenyalaw.org/akn/ke/act/ln/2012/14/eng@2022-12-31","","","pending","Boundary description is legally referenced; machine-readable geometry has not yet passed CRS and topology validation."
"a9c9e00e-da63-59f4-8841-e8d995d6651a","088efcf4-a4be-5e53-90c1-a05046753107","LN14-2012-v1","2012-03-09","","KENYA-LAW-LN14-2012","https://new.kenyalaw.org/akn/ke/act/ln/2012/14/eng@2022-12-31","","","pending","Boundary description is legally referenced; machine-readable geometry has not yet passed CRS and topology validation."
"058ed7bf-57a4-5785-abf6-6bdde3c07bac","e017929e-7f45-5b41-924e-fbe8e81f16b5","LN14-2012-v1","2012-03-09","","KENYA-LAW-LN14-2012","https://new.kenyalaw.org/akn/ke/act/ln/2012/14/eng@2022-12-31","","","pending","Boundary description is legally referenced; machine-readable geometry has not yet passed CRS and topology validation."
"37a30074-a917-5622-acd4-7d1c2514df2d","fda9b297-3768-5a36-afea-0bc2e2cc23a2","LN14-2012-v1","2012-03-09","","KENYA-LAW-LN14-2012","https://new.kenyalaw.org/akn/ke/act/ln/2012/14/eng@2022-12-31","","","pending","Boundary description is legally referenced; machine-readable geometry has not yet passed CRS and topology validation."
"8889a061-6874-5c6e-8a34-7832f0d3caa2","9ae3f6a0-8cf9-5742-8d4c-3ec146d0d7f0","LN14-2012-v1","2012-03-09","","KENYA-LAW-LN14-2012","https://new.kenyalaw.org/akn/ke/act/ln/2012/14/eng@2022-12-31","","","pending","Boundary description is legally referenced; machine-readable geometry has not yet passed CRS and topology validation."
"c09d115b-298c-5523-9315-7085a643a170","570619bb-3d4a-5b3b-93f8-b71734a7588a","LN14-2012-v1","2012-03-09","","KENYA-LAW-LN14-2012","https://new.kenyalaw.org/akn/ke/act/ln/2012/14/eng@2022-12-31","","","pending","Boundary description is legally referenced; machine-readable geometry has not yet passed CRS and topology validation."
"5df5cf0e-7672-5834-9111-19aad798deb1","0f9b5304-2c45-536a-bad7-7f6be63337b2","LN14-2012-v1","2012-03-09","","KENYA-LAW-LN14-2012","https://new.kenyalaw.org/akn/ke/act/ln/2012/14/eng@2022-12-31","","","pending","Boundary description is legally referenced; machine-readable geometry has not yet passed CRS and topology validation."
"7bf45845-6d3d-545d-9b2e-3b4e87eae233","521be53b-4f64-53b8-b4d3-c4a139705949","LN14-2012-v1","2012-03-09","","KENYA-LAW-LN14-2012","https://new.kenyalaw.org/akn/ke/act/ln/2012/14/eng@2022-12-31","","","pending","Boundary description is legally referenced; machine-readable geometry has not yet passed CRS and topology validation."
"168c7fa1-315a-54b1-850b-4633d1b495e7","4fe3624e-e7fd-5a50-a66c-ea9949aee092","LN14-2012-v1","2012-03-09","","KENYA-LAW-LN14-2012","https://new.kenyalaw.org/akn/ke/act/ln/2012/14/eng@2022-12-31","","","pending","Boundary description is legally referenced; machine-readable geometry has not yet passed CRS and topology validation."
"406bdf70-cf43-5b35-8756-dd40e8f5e365","df1b8c22-6f1f-51ec-8ea8-9fff3d2ae20c","LN14-2012-v1","2012-03-09","","KENYA-LAW-LN14-2012","https://new.kenyalaw.org/akn/ke/act/ln/2012/14/eng@2022-12-31","","","pending","Boundary description is legally referenced; machine-readable geometry has not yet passed CRS and topology validation."
"cf3d3e50-9ab5-5fd1-8dfe-462147987f4b","f46ca082-0828-57e5-b8f4-00d2c8b45484","LN14-2012-v1","2012-03-09","","KENYA-LAW-LN14-2012","https://new.kenyalaw.org/akn/ke/act/ln/2012/14/eng@2022-12-31","","","pending","Boundary description is legally referenced; machine-readable geometry has not yet passed CRS and topology validation."
"f33d7be3-68de-526a-b6d9-30bd6bcccdac","ba8f81bb-0248-5506-96e5-ec79ce5a5c60","LN14-2012-v1","2012-03-09","","KENYA-LAW-LN14-2012","https://new.kenyalaw.org/akn/ke/act/ln/2012/14/eng@2022-12-31","","","pending","Boundary description is legally referenced; machine-readable geometry has not yet passed CRS and topology validation."
"006d7a75-4f2a-5c8e-9756-c227959e4e42","70cc6860-64dd-5848-abab-9239ff443c54","LN14-2012-v1","2012-03-09","","KENYA-LAW-LN14-2012","https://new.kenyalaw.org/akn/ke/act/ln/2012/14/eng@2022-12-31","","","pending","Boundary description is legally referenced; machine-readable geometry has not yet passed CRS and topology validation."
"3b8665e3-d973-5e13-9f2d-43bd6dbe2922","9d4109c0-9b28-50a0-bcde-5e89b3db1b7b","LN14-2012-v1","2012-03-09","","KENYA-LAW-LN14-2012","https://new.kenyalaw.org/akn/ke/act/ln/2012/14/eng@2022-12-31","","","pending","Boundary description is legally referenced; machine-readable geometry has not yet passed CRS and topology validation."
"c209ed4b-d961-5adf-aa5c-1e53662358ab","d747986e-a05b-5d20-9a7a-1a798195adfc","LN14-2012-v1","2012-03-09","","KENYA-LAW-LN14-2012","https://new.kenyalaw.org/akn/ke/act/ln/2012/14/eng@2022-12-31","","","pending","Boundary description is legally referenced; machine-readable geometry has not yet passed CRS and topology validation."
"2575595e-73f2-50e9-a427-f0b1b316fd02","ae97ba8a-4823-58e1-b046-fe4d4321ed6d","LN14-2012-v1","2012-03-09","","KENYA-LAW-LN14-2012","https://new.kenyalaw.org/akn/ke/act/ln/2012/14/eng@2022-12-31","","","pending","Boundary description is legally referenced; machine-readable geometry has not yet passed CRS and topology validation."
"d0afb09c-fe84-5d9b-9c55-6490d4044ab4","90bfb4e0-245e-52e3-958d-24de0306f41d","LN14-2012-v1","2012-03-09","","KENYA-LAW-LN14-2012","https://new.kenyalaw.org/akn/ke/act/ln/2012/14/eng@2022-12-31","","","pending","Boundary description is legally referenced; machine-readable geometry has not yet passed CRS and topology validation."
"e702a08d-7933-5ba8-a1d6-ac07a772446e","5abf08c4-7168-5f7c-89b0-f68ea6ee5816","LN14-2012-v1","2012-03-09","","KENYA-LAW-LN14-2012","https://new.kenyalaw.org/akn/ke/act/ln/2012/14/eng@2022-12-31","","","pending","Boundary description is legally referenced; machine-readable geometry has not yet passed CRS and topology validation."
"e42955b1-799a-5324-a8b1-fac6d5e88a09","305627a2-13e3-5839-84ab-77f9645787ff","LN14-2012-v1","2012-03-09","","KENYA-LAW-LN14-2012","https://new.kenyalaw.org/akn/ke/act/ln/2012/14/eng@2022-12-31","","","pending","Boundary description is legally referenced; machine-readable geometry has not yet passed CRS and topology validation."
"1f60980e-9fa8-531b-81d7-acc3d96519de","53711a02-354c-59c2-9f09-bdb8d1a2987b","LN14-2012-v1","2012-03-09","","KENYA-LAW-LN14-2012","https://new.kenyalaw.org/akn/ke/act/ln/2012/14/eng@2022-12-31","","","pending","Boundary description is legally referenced; machine-readable geometry has not yet passed CRS and topology validation."
"d91ecc1c-af7f-5ef6-9cd3-904bebd71d9f","cb4a1e52-59c7-5d58-9127-82c8105a0149","LN14-2012-v1","2012-03-09","","KENYA-LAW-LN14-2012","https://new.kenyalaw.org/akn/ke/act/ln/2012/14/eng@2022-12-31","","","pending","Boundary description is legally referenced; machine-readable geometry has not yet passed CRS and topology validation."
"e39e27e0-48db-541e-9afd-4f664e4c1c23","0eab0f0f-6294-5145-9417-c038ada3cdf8","LN14-2012-v1","2012-03-09","","KENYA-LAW-LN14-2012","https://new.kenyalaw.org/akn/ke/act/ln/2012/14/eng@2022-12-31","","","pending","Boundary description is legally referenced; machine-readable geometry has not yet passed CRS and topology validation."
"efae1655-65ac-50f2-9a5b-3b4395849908","58cb5dc2-67de-5b6f-933f-9067bed3070f","LN14-2012-v1","2012-03-09","","KENYA-LAW-LN14-2012","https://new.kenyalaw.org/akn/ke/act/ln/2012/14/eng@2022-12-31","","","pending","Boundary description is legally referenced; machine-readable geometry has not yet passed CRS and topology validation."
"3c9496c9-055e-5ce7-9093-1583d9805eb7","f4bb8832-1bd9-5f92-8dc2-f44e96118210","LN14-2012-v1","2012-03-09","","KENYA-LAW-LN14-2012","https://new.kenyalaw.org/akn/ke/act/ln/2012/14/eng@2022-12-31","","","pending","Boundary description is legally referenced; machine-readable geometry has not yet passed CRS and topology validation."
"accc1438-46c5-5e92-832d-29ed39e83ceb","c34f244a-c5c7-54a1-8ed3-415a3eb3bd12","LN14-2012-v1","2012-03-09","","KENYA-LAW-LN14-2012","https://new.kenyalaw.org/akn/ke/act/ln/2012/14/eng@2022-12-31","","","pending","Boundary description is legally referenced; machine-readable geometry has not yet passed CRS and topology validation."
"1c55491a-04ea-5320-8bf4-62de683fcf5d","012e8130-8300-5345-a943-319f1c8f20dd","LN14-2012-v1","2012-03-09","","KENYA-LAW-LN14-2012","https://new.kenyalaw.org/akn/ke/act/ln/2012/14/eng@2022-12-31","","","pending","Boundary description is legally referenced; machine-readable geometry has not yet passed CRS and topology validation."
"58f3b00e-2939-525b-8354-634f975cadc1","47d9670e-624e-5dfc-bfba-2f394f8e4f5f","LN14-2012-v1","2012-03-09","","KENYA-LAW-LN14-2012","https://new.kenyalaw.org/akn/ke/act/ln/2012/14/eng@2022-12-31","","","pending","Boundary description is legally referenced; machine-readable geometry has not yet passed CRS and topology validation."
"bf70fc74-ad6b-5e28-84e6-eb4dc2a20953","317d89bc-6974-5598-99e6-751ee43261b8","LN14-2012-v1","2012-03-09","","KENYA-LAW-LN14-2012","https://new.kenyalaw.org/akn/ke/act/ln/2012/14/eng@2022-12-31","","","pending","Boundary description is legally referenced; machine-readable geometry has not yet passed CRS and topology validation."
"70ec4212-da87-51b8-9963-3738bfcc55c0","b32736ad-610c-5ed7-8bc2-8c36f1a333ea","LN14-2012-v1","2012-03-09","","KENYA-LAW-LN14-2012","https://new.kenyalaw.org/akn/ke/act/ln/2012/14/eng@2022-12-31","","","pending","Boundary description is legally referenced; machine-readable geometry has not yet passed CRS and topology validation."
"29a2a28c-2240-5c21-9dcf-4518512ea7c3","548f79b0-a09c-5c70-adde-a3b737fbce0d","LN14-2012-v1","2012-03-09","","KENYA-LAW-LN14-2012","https://new.kenyalaw.org/akn/ke/act/ln/2012/14/eng@2022-12-31","","","pending","Boundary description is legally referenced; machine-readable geometry has not yet passed CRS and topology validation."
"f391516b-658d-5fa8-9281-afbc8752f2fe","0dfacd50-540d-54a6-9fb0-6d73ca6553f7","LN14-2012-v1","2012-03-09","","KENYA-LAW-LN14-2012","https://new.kenyalaw.org/akn/ke/act/ln/2012/14/eng@2022-12-31","","","pending","Boundary description is legally referenced; machine-readable geometry has not yet passed CRS and topology validation."
"940af38c-1d51-5236-b009-f4d74da6680b","53c3994b-8520-52ee-8012-6bf407865539","LN14-2012-v1","2012-03-09","","KENYA-LAW-LN14-2012","https://new.kenyalaw.org/akn/ke/act/ln/2012/14/eng@2022-12-31","","","pending","Boundary description is legally referenced; machine-readable geometry has not yet passed CRS and topology validation."
"dfc0b459-1f0d-5666-a2b6-b6baa28416e0","7fa5d1dd-8f31-55d7-b380-f92efeff2e5b","LN14-2012-v1","2012-03-09","","KENYA-LAW-LN14-2012","https://new.kenyalaw.org/akn/ke/act/ln/2012/14/eng@2022-12-31","","","pending","Boundary description is legally referenced; machine-readable geometry has not yet passed CRS and topology validation."
"dd402eb9-bd04-534b-b9d9-b5affcb5a5a8","535c933d-c6fd-5572-bbbe-7192ce027b90","LN14-2012-v1","2012-03-09","","KENYA-LAW-LN14-2012","https://new.kenyalaw.org/akn/ke/act/ln/2012/14/eng@2022-12-31","","","pending","Boundary description is legally referenced; machine-readable geometry has not yet passed CRS and topology validation."
"e01c5f6c-7c9e-57d7-be73-f95a23c32a9c","38a0a054-36e8-54bb-b396-c231cc6db00a","LN14-2012-v1","2012-03-09","","KENYA-LAW-LN14-2012","https://new.kenyalaw.org/akn/ke/act/ln/2012/14/eng@2022-12-31","","","pending","Boundary description is legally referenced; machine-readable geometry has not yet passed CRS and topology validation."
"6335d604-e5d5-510f-b1d3-a0b1cda24469","b3f4bedf-94b9-5365-9934-c3678bb93219","LN14-2012-v1","2012-03-09","","KENYA-LAW-LN14-2012","https://new.kenyalaw.org/akn/ke/act/ln/2012/14/eng@2022-12-31","","","pending","Boundary description is legally referenced; machine-readable geometry has not yet passed CRS and topology validation."
"39f8177f-502b-5221-91a7-809bd2f92927","e764b4eb-1623-5d52-b90b-ace1756b9198","LN14-2012-v1","2012-03-09","","KENYA-LAW-LN14-2012","https://new.kenyalaw.org/akn/ke/act/ln/2012/14/eng@2022-12-31","","","pending","Boundary description is legally referenced; machine-readable geometry has not yet passed CRS and topology validation."
"3912a440-103e-506d-a91c-59821e3539c2","55493060-75e4-52bd-b3bd-7e2a787cd6a9","LN14-2012-v1","2012-03-09","","KENYA-LAW-LN14-2012","https://new.kenyalaw.org/akn/ke/act/ln/2012/14/eng@2022-12-31","","","pending","Boundary description is legally referenced; machine-readable geometry has not yet passed CRS and topology validation."
"d4943360-2263-5bd7-a1ef-607d9820c6fd","e8fca19f-c7a1-5735-9e1d-d6cf44acfabc","LN14-2012-v1","2012-03-09","","KENYA-LAW-LN14-2012","https://new.kenyalaw.org/akn/ke/act/ln/2012/14/eng@2022-12-31","","","pending","Boundary description is legally referenced; machine-readable geometry has not yet passed CRS and topology validation."
"5e74aa61-62fe-57c7-9bf0-45d844334733","65d71585-853c-5da7-94ff-8a86ff17e6fe","LN14-2012-v1","2012-03-09","","KENYA-LAW-LN14-2012","https://new.kenyalaw.org/akn/ke/act/ln/2012/14/eng@2022-12-31","","","pending","Boundary description is legally referenced; machine-readable geometry has not yet passed CRS and topology validation."
"b6951223-cc9b-5d28-bd75-06b5b2c5c16e","b3d2cbb6-59b6-55c7-842c-db5acc0b59f4","LN14-2012-v1","2012-03-09","","KENYA-LAW-LN14-2012","https://new.kenyalaw.org/akn/ke/act/ln/2012/14/eng@2022-12-31","","","pending","Boundary description is legally referenced; machine-readable geometry has not yet passed CRS and topology validation."
"abe37c72-285b-54a5-8631-5fe7c1210bad","b8520e77-36de-5fc9-9945-b62c50b8317f","LN14-2012-v1","2012-03-09","","KENYA-LAW-LN14-2012","https://new.kenyalaw.org/akn/ke/act/ln/2012/14/eng@2022-12-31","","","pending","Boundary description is legally referenced; machine-readable geometry has not yet passed CRS and topology validation."
"9c762c7f-948d-5e3f-b595-db770982994f","979de6dd-4c5b-5e87-8dab-6d3e58880d4d","LN14-2012-v1","2012-03-09","","KENYA-LAW-LN14-2012","https://new.kenyalaw.org/akn/ke/act/ln/2012/14/eng@2022-12-31","","","pending","Boundary description is legally referenced; machine-readable geometry has not yet passed CRS and topology validation."
"33c4705a-a111-5ee7-b797-a85421ec9396","c2cd14b0-adab-56c5-be87-93f9eaa206f7","LN14-2012-v1","2012-03-09","","KENYA-LAW-LN14-2012","https://new.kenyalaw.org/akn/ke/act/ln/2012/14/eng@2022-12-31","","","pending","Boundary description is legally referenced; machine-readable geometry has not yet passed CRS and topology validation."
"a5bff39d-5e0f-511b-a69e-dab7aefb6f69","4db6116d-ae94-538a-8a4f-3edc936d34e5","LN14-2012-v1","2012-03-09","","KENYA-LAW-LN14-2012","https://new.kenyalaw.org/akn/ke/act/ln/2012/14/eng@2022-12-31","","","pending","Boundary description is legally referenced; machine-readable geometry has not yet passed CRS and topology validation."
"0a03e353-5b43-5692-8fe1-ca9db49c5548","1904577f-9b6b-5c21-9c10-fffe450d4fa3","LN14-2012-v1","2012-03-09","","KENYA-LAW-LN14-2012","https://new.kenyalaw.org/akn/ke/act/ln/2012/14/eng@2022-12-31","","","pending","Boundary description is legally referenced; machine-readable geometry has not yet passed CRS and topology validation."
"bbefbc3a-58ea-59d6-99bf-33b7a116aff7","03ff5a09-d6a3-5dc3-bef1-1e84ae087db0","LN14-2012-v1","2012-03-09","","KENYA-LAW-LN14-2012","https://new.kenyalaw.org/akn/ke/act/ln/2012/14/eng@2022-12-31","","","pending","Boundary description is legally referenced; machine-readable geometry has not yet passed CRS and topology validation."
"ed07393b-acaf-5be0-ae87-84cec42a7819","701ce1ef-97d6-54eb-b799-5eb5d583e027","LN14-2012-v1","2012-03-09","","KENYA-LAW-LN14-2012","https://new.kenyalaw.org/akn/ke/act/ln/2012/14/eng@2022-12-31","","","pending","Boundary description is legally referenced; machine-readable geometry has not yet passed CRS and topology validation."
"7a2a7b82-1c84-54a4-8fb6-5e7fe5bc78eb","f646c6fc-50d2-52a3-9430-008778e92808","LN14-2012-v1","2012-03-09","","KENYA-LAW-LN14-2012","https://new.kenyalaw.org/akn/ke/act/ln/2012/14/eng@2022-12-31","","","pending","Boundary description is legally referenced; machine-readable geometry has not yet passed CRS and topology validation."
"80b3619c-333c-554e-8529-29ebd86c1b8e","d8dc27ed-144d-55bb-80b4-fe8293fbf66d","LN14-2012-v1","2012-03-09","","KENYA-LAW-LN14-2012","https://new.kenyalaw.org/akn/ke/act/ln/2012/14/eng@2022-12-31","","","pending","Boundary description is legally referenced; machine-readable geometry has not yet passed CRS and topology validation."
"366adef1-26a1-56b5-a7f8-e7f3f094f886","47afe396-5370-514e-853d-a842cc72dba2","LN14-2012-v1","2012-03-09","","KENYA-LAW-LN14-2012","https://new.kenyalaw.org/akn/ke/act/ln/2012/14/eng@2022-12-31","","","pending","Boundary description is legally referenced; machine-readable geometry has not yet passed CRS and topology validation."
"1e8ca042-05aa-5b60-983e-63f20dc881f7","6858e3fc-ba0a-5ed4-872a-a7fcf287f49d","LN14-2012-v1","2012-03-09","","KENYA-LAW-LN14-2012","https://new.kenyalaw.org/akn/ke/act/ln/2012/14/eng@2022-12-31","","","pending","Boundary description is legally referenced; machine-readable geometry has not yet passed CRS and topology validation."
"23d2006d-84f3-598f-926f-0368688b3b1d","cda51c7b-5e25-546c-b0ee-5704b0e05f17","LN14-2012-v1","2012-03-09","","KENYA-LAW-LN14-2012","https://new.kenyalaw.org/akn/ke/act/ln/2012/14/eng@2022-12-31","","","pending","Boundary description is legally referenced; machine-readable geometry has not yet passed CRS and topology validation."
"114db0cb-0f45-5d69-aab9-148a59e440f4","1bbe2fc3-c6d0-5f8a-ab16-8a7dc50dd851","LN14-2012-v1","2012-03-09","","KENYA-LAW-LN14-2012","https://new.kenyalaw.org/akn/ke/act/ln/2012/14/eng@2022-12-31","","","pending","Boundary description is legally referenced; machine-readable geometry has not yet passed CRS and topology validation."
"de8067d6-be4c-511d-adc9-3bddcb9f9c15","2837686b-d0ca-57b8-b1bf-1eabfac0fe36","LN14-2012-v1","2012-03-09","","KENYA-LAW-LN14-2012","https://new.kenyalaw.org/akn/ke/act/ln/2012/14/eng@2022-12-31","","","pending","Boundary description is legally referenced; machine-readable geometry has not yet passed CRS and topology validation."
"c60a8802-de3d-5cdc-b58a-8be6dfee37df","870d3e25-18d6-5b8a-abb4-47c4101718fe","LN14-2012-v1","2012-03-09","","KENYA-LAW-LN14-2012","https://new.kenyalaw.org/akn/ke/act/ln/2012/14/eng@2022-12-31","","","pending","Boundary description is legally referenced; machine-readable geometry has not yet passed CRS and topology validation."
"08e868ec-e0ba-5de2-93b3-aa359a12dab9","1d509de0-580e-5633-ac9a-d23546b81cb4","LN14-2012-v1","2012-03-09","","KENYA-LAW-LN14-2012","https://new.kenyalaw.org/akn/ke/act/ln/2012/14/eng@2022-12-31","","","pending","Boundary description is legally referenced; machine-readable geometry has not yet passed CRS and topology validation."
"acfb8e63-06e4-5630-908a-d8b6f4657db4","f2a93ffa-45c4-5efe-87ee-b5382bcc6cb7","LN14-2012-v1","2012-03-09","","KENYA-LAW-LN14-2012","https://new.kenyalaw.org/akn/ke/act/ln/2012/14/eng@2022-12-31","","","pending","Boundary description is legally referenced; machine-readable geometry has not yet passed CRS and topology validation."
"12e56d08-6b67-5156-bb55-f1234a75e7c1","b9232f9f-d8a1-561f-a99d-6919ba181e2e","LN14-2012-v1","2012-03-09","","KENYA-LAW-LN14-2012","https://new.kenyalaw.org/akn/ke/act/ln/2012/14/eng@2022-12-31","","","pending","Boundary description is legally referenced; machine-readable geometry has not yet passed CRS and topology validation."
"f4a75abe-fd49-59b2-bd03-4a6a2c0c9e8d","f87032e5-e965-51f7-9ae9-ba9e3705c875","LN14-2012-v1","2012-03-09","","KENYA-LAW-LN14-2012","https://new.kenyalaw.org/akn/ke/act/ln/2012/14/eng@2022-12-31","","","pending","Boundary description is legally referenced; machine-readable geometry has not yet passed CRS and topology validation."
"d76260c1-a338-54ec-a280-8ca98e08ddec","22237ec6-be76-5d2c-910c-b9e4074fbaa7","LN14-2012-v1","2012-03-09","","KENYA-LAW-LN14-2012","https://new.kenyalaw.org/akn/ke/act/ln/2012/14/eng@2022-12-31","","","pending","Boundary description is legally referenced; machine-readable geometry has not yet passed CRS and topology validation."
"c5f002a7-4b75-5f4d-893e-5cf042700447","dd62a3c7-ec38-5fc9-930a-b4ecf4d80bd1","LN14-2012-v1","2012-03-09","","KENYA-LAW-LN14-2012","https://new.kenyalaw.org/akn/ke/act/ln/2012/14/eng@2022-12-31","","","pending","Boundary description is legally referenced; machine-readable geometry has not yet passed CRS and topology validation."
"26e8e29c-0d94-566d-9437-44d2e30e2982","dc739ca7-2625-5e97-b9a9-adfdf3b266ac","LN14-2012-v1","2012-03-09","","KENYA-LAW-LN14-2012","https://new.kenyalaw.org/akn/ke/act/ln/2012/14/eng@2022-12-31","","","pending","Boundary description is legally referenced; machine-readable geometry has not yet passed CRS and topology validation."
"3466e3bc-cba8-5927-b20b-7c9bb1700f4c","bad9dc01-374d-558b-8990-d9b00558013b","LN14-2012-v1","2012-03-09","","KENYA-LAW-LN14-2012","https://new.kenyalaw.org/akn/ke/act/ln/2012/14/eng@2022-12-31","","","pending","Boundary description is legally referenced; machine-readable geometry has not yet passed CRS and topology validation."
"ce3f5e21-bb64-5803-8607-91c2d41f5c40","b45c7a54-926a-5f35-affc-4de42678ae3d","LN14-2012-v1","2012-03-09","","KENYA-LAW-LN14-2012","https://new.kenyalaw.org/akn/ke/act/ln/2012/14/eng@2022-12-31","","","pending","Boundary description is legally referenced; machine-readable geometry has not yet passed CRS and topology validation."
"1e653009-25cb-5231-b8fe-9f148f3242e1","65ad00cb-940e-5e6c-bc1b-a00466595f6f","LN14-2012-v1","2012-03-09","","KENYA-LAW-LN14-2012","https://new.kenyalaw.org/akn/ke/act/ln/2012/14/eng@2022-12-31","","","pending","Boundary description is legally referenced; machine-readable geometry has not yet passed CRS and topology validation."
"56b80d90-1d5e-5223-993d-dc2faf51d884","c7c9455c-ca25-5e84-a349-498d47b92c72","LN14-2012-v1","2012-03-09","","KENYA-LAW-LN14-2012","https://new.kenyalaw.org/akn/ke/act/ln/2012/14/eng@2022-12-31","","","pending","Boundary description is legally referenced; machine-readable geometry has not yet passed CRS and topology validation."
"bf4651a3-c543-56de-bb8b-8fd60bca9862","bddfa363-2483-5334-a88a-778d0f66f9d3","LN14-2012-v1","2012-03-09","","KENYA-LAW-LN14-2012","https://new.kenyalaw.org/akn/ke/act/ln/2012/14/eng@2022-12-31","","","pending","Boundary description is legally referenced; machine-readable geometry has not yet passed CRS and topology validation."
"eab0c9f6-c5a0-5e5b-aaf4-e94097554a70","2d51561e-e009-562c-91e6-8b09217b8f66","LN14-2012-v1","2012-03-09","","KENYA-LAW-LN14-2012","https://new.kenyalaw.org/akn/ke/act/ln/2012/14/eng@2022-12-31","","","pending","Boundary description is legally referenced; machine-readable geometry has not yet passed CRS and topology validation."
"d789521a-9066-5691-9b59-2bda789ed5d3","5bf94ab4-daf9-5ef4-a098-4cc6f4db7bd2","LN14-2012-v1","2012-03-09","","KENYA-LAW-LN14-2012","https://new.kenyalaw.org/akn/ke/act/ln/2012/14/eng@2022-12-31","","","pending","Boundary description is legally referenced; machine-readable geometry has not yet passed CRS and topology validation."
"3886cd37-4113-5866-b267-12d70735d585","ad97eb89-19dd-52f6-82b7-7cf31a15829a","LN14-2012-v1","2012-03-09","","KENYA-LAW-LN14-2012","https://new.kenyalaw.org/akn/ke/act/ln/2012/14/eng@2022-12-31","","","pending","Boundary description is legally referenced; machine-readable geometry has not yet passed CRS and topology validation."
"fcaa0c86-1efb-5d69-9987-a3222121bb1d","5e1b2568-ccda-57c9-9c04-47ec0de57863","LN14-2012-v1","2012-03-09","","KENYA-LAW-LN14-2012","https://new.kenyalaw.org/akn/ke/act/ln/2012/14/eng@2022-12-31","","","pending","Boundary description is legally referenced; machine-readable geometry has not yet passed CRS and topology validation."
"47029143-e7b6-5df0-aab6-bf53e79b473f","94926a61-e7b9-53fb-ae76-4f9aa5e85048","LN14-2012-v1","2012-03-09","","KENYA-LAW-LN14-2012","https://new.kenyalaw.org/akn/ke/act/ln/2012/14/eng@2022-12-31","","","pending","Boundary description is legally referenced; machine-readable geometry has not yet passed CRS and topology validation."
"4e1a18e3-6f98-5aa4-8378-bbf00ba200fe","9bec2a04-64fb-5115-ab79-6b9b621198fe","LN14-2012-v1","2012-03-09","","KENYA-LAW-LN14-2012","https://new.kenyalaw.org/akn/ke/act/ln/2012/14/eng@2022-12-31","","","pending","Boundary description is legally referenced; machine-readable geometry has not yet passed CRS and topology validation."
"ae64c043-6d90-5237-8311-64c4728621f6","ee786c49-86fd-511e-9403-6eb9274c6138","LN14-2012-v1","2012-03-09","","KENYA-LAW-LN14-2012","https://new.kenyalaw.org/akn/ke/act/ln/2012/14/eng@2022-12-31","","","pending","Boundary description is legally referenced; machine-readable geometry has not yet passed CRS and topology validation."
"1b2d5872-fe7a-5f0a-a8fa-54199b1c929d","32e414c8-cbe5-58f1-92e1-7d89158ce8c3","LN14-2012-v1","2012-03-09","","KENYA-LAW-LN14-2012","https://new.kenyalaw.org/akn/ke/act/ln/2012/14/eng@2022-12-31","","","pending","Boundary description is legally referenced; machine-readable geometry has not yet passed CRS and topology validation."
"2ec470b4-bb9c-527e-ba67-eba4b59c41c3","5f79a25d-f50e-59cb-8063-b21fbe78bbe9","LN14-2012-v1","2012-03-09","","KENYA-LAW-LN14-2012","https://new.kenyalaw.org/akn/ke/act/ln/2012/14/eng@2022-12-31","","","pending","Boundary description is legally referenced; machine-readable geometry has not yet passed CRS and topology validation."
"c07c3c59-3ca3-5166-8a0b-f1e674ec3b2e","d5d4af33-7834-5651-8028-f77a487d01d1","LN14-2012-v1","2012-03-09","","KENYA-LAW-LN14-2012","https://new.kenyalaw.org/akn/ke/act/ln/2012/14/eng@2022-12-31","","","pending","Boundary description is legally referenced; machine-readable geometry has not yet passed CRS and topology validation."
"a65e089e-f5bd-5c83-93a9-3fe8ccbd7ef5","ba11a5eb-9b7c-53b7-a26d-6a0b072026c6","LN14-2012-v1","2012-03-09","","KENYA-LAW-LN14-2012","https://new.kenyalaw.org/akn/ke/act/ln/2012/14/eng@2022-12-31","","","pending","Boundary description is legally referenced; machine-readable geometry has not yet passed CRS and topology validation."
"72ef7fbe-7d94-53f5-aa95-25f2a03eef91","64d1388a-e157-5259-8083-d4f5ca8864b8","LN14-2012-v1","2012-03-09","","KENYA-LAW-LN14-2012","https://new.kenyalaw.org/akn/ke/act/ln/2012/14/eng@2022-12-31","","","pending","Boundary description is legally referenced; machine-readable geometry has not yet passed CRS and topology validation."
"f74bdd9b-1173-54df-a2cf-89e686e7fcce","a0dfd5c0-02d3-5b48-90a1-a6df54377739","LN14-2012-v1","2012-03-09","","KENYA-LAW-LN14-2012","https://new.kenyalaw.org/akn/ke/act/ln/2012/14/eng@2022-12-31","","","pending","Boundary description is legally referenced; machine-readable geometry has not yet passed CRS and topology validation."
"b91971bd-cc82-542d-a28c-b555650af900","37e62cc6-b8cd-5a52-8b4b-62cb1bac5dee","LN14-2012-v1","2012-03-09","","KENYA-LAW-LN14-2012","https://new.kenyalaw.org/akn/ke/act/ln/2012/14/eng@2022-12-31","","","pending","Boundary description is legally referenced; machine-readable geometry has not yet passed CRS and topology validation."
"36cbbb19-4e5b-526e-89f6-5782e8323b3a","f3de9ae6-d57a-5f55-be24-e1dbdddcad68","LN14-2012-v1","2012-03-09","","KENYA-LAW-LN14-2012","https://new.kenyalaw.org/akn/ke/act/ln/2012/14/eng@2022-12-31","","","pending","Boundary description is legally referenced; machine-readable geometry has not yet passed CRS and topology validation."
"8f5574d7-4b6b-5453-96e4-d02bcee5c4ed","e5054a2a-90ee-5582-9c75-cf709bd96916","LN14-2012-v1","2012-03-09","","KENYA-LAW-LN14-2012","https://new.kenyalaw.org/akn/ke/act/ln/2012/14/eng@2022-12-31","","","pending","Boundary description is legally referenced; machine-readable geometry has not yet passed CRS and topology validation."
"bfa81010-4a19-5912-a0cd-1482760ac371","4a06d4d3-366c-5a71-949a-daf4b4ae1a0b","LN14-2012-v1","2012-03-09","","KENYA-LAW-LN14-2012","https://new.kenyalaw.org/akn/ke/act/ln/2012/14/eng@2022-12-31","","","pending","Boundary description is legally referenced; machine-readable geometry has not yet passed CRS and topology validation."
"f561e2f3-65cd-5a2e-ac00-bf4dec2d6f5c","b0ce2a3b-cd02-54b4-a081-e342531042a6","LN14-2012-v1","2012-03-09","","KENYA-LAW-LN14-2012","https://new.kenyalaw.org/akn/ke/act/ln/2012/14/eng@2022-12-31","","","pending","Boundary description is legally referenced; machine-readable geometry has not yet passed CRS and topology validation."
"a112c557-ceb3-59bb-a1f9-76736d2a49f1","09533600-c0c2-5c2b-95b9-e4c40d7503f0","LN14-2012-v1","2012-03-09","","KENYA-LAW-LN14-2012","https://new.kenyalaw.org/akn/ke/act/ln/2012/14/eng@2022-12-31","","","pending","Boundary description is legally referenced; machine-readable geometry has not yet passed CRS and topology validation."
"2cfc89d0-e020-5e47-a0fa-6f1cba25febd","c8dfdac6-c1f4-53f7-b08c-4b0b3ac490cb","LN14-2012-v1","2012-03-09","","KENYA-LAW-LN14-2012","https://new.kenyalaw.org/akn/ke/act/ln/2012/14/eng@2022-12-31","","","pending","Boundary description is legally referenced; machine-readable geometry has not yet passed CRS and topology validation."
"09dccc11-70b2-5fb2-87fb-6737c2204f53","a5224e22-03bb-5127-83c1-56b7400a5f25","LN14-2012-v1","2012-03-09","","KENYA-LAW-LN14-2012","https://new.kenyalaw.org/akn/ke/act/ln/2012/14/eng@2022-12-31","","","pending","Boundary description is legally referenced; machine-readable geometry has not yet passed CRS and topology validation."
"0db85b7f-33a1-5238-8a4e-00249852c6c3","e3c0631d-745e-5814-9fff-454347971a93","LN14-2012-v1","2012-03-09","","KENYA-LAW-LN14-2012","https://new.kenyalaw.org/akn/ke/act/ln/2012/14/eng@2022-12-31","","","pending","Boundary description is legally referenced; machine-readable geometry has not yet passed CRS and topology validation."
"d1d90744-4629-553a-9585-8bf6a036e9b1","d106779b-6b87-509e-9147-eb7e48542e0b","LN14-2012-v1","2012-03-09","","KENYA-LAW-LN14-2012","https://new.kenyalaw.org/akn/ke/act/ln/2012/14/eng@2022-12-31","","","pending","Boundary description is legally referenced; machine-readable geometry has not yet passed CRS and topology validation."
"352037ba-da5b-5a29-a459-f6887916496b","6c060fd7-aeb9-5cfd-8350-cae3daaf4b42","LN14-2012-v1","2012-03-09","","KENYA-LAW-LN14-2012","https://new.kenyalaw.org/akn/ke/act/ln/2012/14/eng@2022-12-31","","","pending","Boundary description is legally referenced; machine-readable geometry has not yet passed CRS and topology validation."
"16574a25-63b7-5042-9672-32c138132f9e","0b51c701-829e-56b8-b008-9379a18f20d3","LN14-2012-v1","2012-03-09","","KENYA-LAW-LN14-2012","https://new.kenyalaw.org/akn/ke/act/ln/2012/14/eng@2022-12-31","","","pending","Boundary description is legally referenced; machine-readable geometry has not yet passed CRS and topology validation."
"52be2f66-7253-5e79-940a-47ebbbed4f1c","a2a3ba8d-d0a9-52ff-bace-1c84b96573ac","LN14-2012-v1","2012-03-09","","KENYA-LAW-LN14-2012","https://new.kenyalaw.org/akn/ke/act/ln/2012/14/eng@2022-12-31","","","pending","Boundary description is legally referenced; machine-readable geometry has not yet passed CRS and topology validation."
"788e2fb1-8526-5f56-9aa0-8bde5aa3df65","a3b6948d-b965-52d4-9b49-31daa750aadc","LN14-2012-v1","2012-03-09","","KENYA-LAW-LN14-2012","https://new.kenyalaw.org/akn/ke/act/ln/2012/14/eng@2022-12-31","","","pending","Boundary description is legally referenced; machine-readable geometry has not yet passed CRS and topology validation."
"715100c8-f95c-5f98-be76-0584378d5f4a","bc9c535a-87dd-5189-9318-b996f1ad27cc","LN14-2012-v1","2012-03-09","","KENYA-LAW-LN14-2012","https://new.kenyalaw.org/akn/ke/act/ln/2012/14/eng@2022-12-31","","","pending","Boundary description is legally referenced; machine-readable geometry has not yet passed CRS and topology validation."
"396e7f9a-7866-5f6d-bbb1-870ecd1f8003","18e2dcb0-4066-53f4-96bc-f42a9b58318c","LN14-2012-v1","2012-03-09","","KENYA-LAW-LN14-2012","https://new.kenyalaw.org/akn/ke/act/ln/2012/14/eng@2022-12-31","","","pending","Boundary description is legally referenced; machine-readable geometry has not yet passed CRS and topology validation."
"b9dc0e2c-8665-527d-a232-90ab008a3288","4b4d444e-3b98-5124-b11c-67da0b1bb5ea","LN14-2012-v1","2012-03-09","","KENYA-LAW-LN14-2012","https://new.kenyalaw.org/akn/ke/act/ln/2012/14/eng@2022-12-31","","","pending","Boundary description is legally referenced; machine-readable geometry has not yet passed CRS and topology validation."
"2bc1f85a-402e-5c21-883b-44e22412542c","f0e28ab4-2cce-5c58-aea6-668a23462313","LN14-2012-v1","2012-03-09","","KENYA-LAW-LN14-2012","https://new.kenyalaw.org/akn/ke/act/ln/2012/14/eng@2022-12-31","","","pending","Boundary description is legally referenced; machine-readable geometry has not yet passed CRS and topology validation."
"d1ea3963-5e49-5e08-b51d-1b273e31d99b","78b06159-7010-58a0-a712-35a477f96446","LN14-2012-v1","2012-03-09","","KENYA-LAW-LN14-2012","https://new.kenyalaw.org/akn/ke/act/ln/2012/14/eng@2022-12-31","","","pending","Boundary description is legally referenced; machine-readable geometry has not yet passed CRS and topology validation."
"da7ea5b0-3777-5ab1-aae0-da5a0b1b9ea2","f44cc775-9f32-5dac-aa19-1e6f29d7d7bc","LN14-2012-v1","2012-03-09","","KENYA-LAW-LN14-2012","https://new.kenyalaw.org/akn/ke/act/ln/2012/14/eng@2022-12-31","","","pending","Boundary description is legally referenced; machine-readable geometry has not yet passed CRS and topology validation."
"9377e375-eac0-5da4-86b8-e4c7d3934013","54340cf0-f307-598d-85d5-166304b4d34a","LN14-2012-v1","2012-03-09","","KENYA-LAW-LN14-2012","https://new.kenyalaw.org/akn/ke/act/ln/2012/14/eng@2022-12-31","","","pending","Boundary description is legally referenced; machine-readable geometry has not yet passed CRS and topology validation."
"a4a55ebc-9735-5e6c-bd09-354e69bc0fc6","92f8cbab-8a82-549e-b169-1aec4d70443e","LN14-2012-v1","2012-03-09","","KENYA-LAW-LN14-2012","https://new.kenyalaw.org/akn/ke/act/ln/2012/14/eng@2022-12-31","","","pending","Boundary description is legally referenced; machine-readable geometry has not yet passed CRS and topology validation."
"7a6d0a22-7058-55d4-beee-260b672f1fab","05050949-09cd-5861-b616-fe97aee67899","LN14-2012-v1","2012-03-09","","KENYA-LAW-LN14-2012","https://new.kenyalaw.org/akn/ke/act/ln/2012/14/eng@2022-12-31","","","pending","Boundary description is legally referenced; machine-readable geometry has not yet passed CRS and topology validation."
"8e26a5a5-344c-5450-909d-60adae351663","f9d5b3b2-139e-525a-8866-c721931fbd4b","LN14-2012-v1","2012-03-09","","KENYA-LAW-LN14-2012","https://new.kenyalaw.org/akn/ke/act/ln/2012/14/eng@2022-12-31","","","pending","Boundary description is legally referenced; machine-readable geometry has not yet passed CRS and topology validation."
"86f23350-cf70-5a62-9bec-6bed0713b5c6","35b8492e-070c-50a2-a46b-6b8db7a88387","LN14-2012-v1","2012-03-09","","KENYA-LAW-LN14-2012","https://new.kenyalaw.org/akn/ke/act/ln/2012/14/eng@2022-12-31","","","pending","Boundary description is legally referenced; machine-readable geometry has not yet passed CRS and topology validation."
"1c4dfa2c-d0a7-5a37-a8e0-9d77b674840b","ca4fefaf-7c82-5900-aad1-d22666fe8c9c","LN14-2012-v1","2012-03-09","","KENYA-LAW-LN14-2012","https://new.kenyalaw.org/akn/ke/act/ln/2012/14/eng@2022-12-31","","","pending","Boundary description is legally referenced; machine-readable geometry has not yet passed CRS and topology validation."
"ca697fa6-a013-57fa-8748-28ca4c8e9962","43c95e0a-3544-59f7-991c-73d1431632f6","LN14-2012-v1","2012-03-09","","KENYA-LAW-LN14-2012","https://new.kenyalaw.org/akn/ke/act/ln/2012/14/eng@2022-12-31","","","pending","Boundary description is legally referenced; machine-readable geometry has not yet passed CRS and topology validation."
"bf9a1afb-f5eb-5c32-9f37-27fd7798b9ce","613fd9ff-032c-5acc-a827-6e46db693034","LN14-2012-v1","2012-03-09","","KENYA-LAW-LN14-2012","https://new.kenyalaw.org/akn/ke/act/ln/2012/14/eng@2022-12-31","","","pending","Boundary description is legally referenced; machine-readable geometry has not yet passed CRS and topology validation."
"01b82f34-0c89-5ff5-bbb5-c3b3e0dde70b","d637b839-3182-5ed7-999f-bdf41d26790b","LN14-2012-v1","2012-03-09","","KENYA-LAW-LN14-2012","https://new.kenyalaw.org/akn/ke/act/ln/2012/14/eng@2022-12-31","","","pending","Boundary description is legally referenced; machine-readable geometry has not yet passed CRS and topology validation."
"a15c82c8-1408-5a90-8df8-3d904fc3638d","909c9f0e-edd5-50e3-8d59-6083ae872acd","LN14-2012-v1","2012-03-09","","KENYA-LAW-LN14-2012","https://new.kenyalaw.org/akn/ke/act/ln/2012/14/eng@2022-12-31","","","pending","Boundary description is legally referenced; machine-readable geometry has not yet passed CRS and topology validation."
"0ee7a3b4-1b97-5b7e-8daa-fa10c7854d8b","74d699ae-411a-5d6c-8d4c-9a450355ac4d","LN14-2012-v1","2012-03-09","","KENYA-LAW-LN14-2012","https://new.kenyalaw.org/akn/ke/act/ln/2012/14/eng@2022-12-31","","","pending","Boundary description is legally referenced; machine-readable geometry has not yet passed CRS and topology validation."
"521da44e-7ead-5294-90e7-3e976db7e869","16a0f2c5-720a-52bc-84da-ec6ce40a31e6","LN14-2012-v1","2012-03-09","","KENYA-LAW-LN14-2012","https://new.kenyalaw.org/akn/ke/act/ln/2012/14/eng@2022-12-31","","","pending","Boundary description is legally referenced; machine-readable geometry has not yet passed CRS and topology validation."
"0466091e-a296-5e3f-a0af-007faa45fa0b","08d8cb77-6e6f-5133-8ec6-bc2e74799e81","LN14-2012-v1","2012-03-09","","KENYA-LAW-LN14-2012","https://new.kenyalaw.org/akn/ke/act/ln/2012/14/eng@2022-12-31","","","pending","Boundary description is legally referenced; machine-readable geometry has not yet passed CRS and topology validation."
"03c76d0f-1ba4-58ce-a909-696e9974683e","b4375bd8-576d-5759-8320-c5ac42920e49","LN14-2012-v1","2012-03-09","","KENYA-LAW-LN14-2012","https://new.kenyalaw.org/akn/ke/act/ln/2012/14/eng@2022-12-31","","","pending","Boundary description is legally referenced; machine-readable geometry has not yet passed CRS and topology validation."
"caa76b8b-d6a9-5ec4-96a5-ea93349177bf","5da36258-0d33-50f5-99e1-0d3cd0062cfd","LN14-2012-v1","2012-03-09","","KENYA-LAW-LN14-2012","https://new.kenyalaw.org/akn/ke/act/ln/2012/14/eng@2022-12-31","","","pending","Boundary description is legally referenced; machine-readable geometry has not yet passed CRS and topology validation."
"40d692bf-0560-5561-a779-6bed80c4733c","e1283696-c739-5280-bf95-80fb31742944","LN14-2012-v1","2012-03-09","","KENYA-LAW-LN14-2012","https://new.kenyalaw.org/akn/ke/act/ln/2012/14/eng@2022-12-31","","","pending","Boundary description is legally referenced; machine-readable geometry has not yet passed CRS and topology validation."
"69bac1ea-ad2d-5a74-a742-5a6bb074c954","4c32d4b7-31e5-54f2-b632-0ff2c61bc7ea","LN14-2012-v1","2012-03-09","","KENYA-LAW-LN14-2012","https://new.kenyalaw.org/akn/ke/act/ln/2012/14/eng@2022-12-31","","","pending","Boundary description is legally referenced; machine-readable geometry has not yet passed CRS and topology validation."
"4436f9e3-3a6f-53f5-89c8-9535732b4c85","e3da7548-4da4-5c2f-89eb-40efcc1f2a2a","LN14-2012-v1","2012-03-09","","KENYA-LAW-LN14-2012","https://new.kenyalaw.org/akn/ke/act/ln/2012/14/eng@2022-12-31","","","pending","Boundary description is legally referenced; machine-readable geometry has not yet passed CRS and topology validation."
"88411402-e97c-504d-961a-7b540341bf9e","bdeb1ecc-85ec-513b-a3ad-ba482981f997","LN14-2012-v1","2012-03-09","","KENYA-LAW-LN14-2012","https://new.kenyalaw.org/akn/ke/act/ln/2012/14/eng@2022-12-31","","","pending","Boundary description is legally referenced; machine-readable geometry has not yet passed CRS and topology validation."
"870a4744-aaf1-5ce5-be88-d82c86ffca0c","76a09d4e-5638-5c1e-a613-3938c7da2923","LN14-2012-v1","2012-03-09","","KENYA-LAW-LN14-2012","https://new.kenyalaw.org/akn/ke/act/ln/2012/14/eng@2022-12-31","","","pending","Boundary description is legally referenced; machine-readable geometry has not yet passed CRS and topology validation."
"e85522d7-1c74-5377-bc28-b07f5e2a4e31","8dac3b7d-07c5-5dc9-a651-513f71615528","LN14-2012-v1","2012-03-09","","KENYA-LAW-LN14-2012","https://new.kenyalaw.org/akn/ke/act/ln/2012/14/eng@2022-12-31","","","pending","Boundary description is legally referenced; machine-readable geometry has not yet passed CRS and topology validation."
"0d1f4df2-9ec5-5946-81c9-4b2338078d45","02829bf3-fa82-50a3-874c-697b4b0d213c","LN14-2012-v1","2012-03-09","","KENYA-LAW-LN14-2012","https://new.kenyalaw.org/akn/ke/act/ln/2012/14/eng@2022-12-31","","","pending","Boundary description is legally referenced; machine-readable geometry has not yet passed CRS and topology validation."
"9eb5a6d8-21f7-5cce-8df3-548b87c7686e","bae3a256-4c21-5f47-b0b1-8195770d189c","LN14-2012-v1","2012-03-09","","KENYA-LAW-LN14-2012","https://new.kenyalaw.org/akn/ke/act/ln/2012/14/eng@2022-12-31","","","pending","Boundary description is legally referenced; machine-readable geometry has not yet passed CRS and topology validation."
"a652eea8-e67c-50d3-8e8a-3ce35d9e8adc","f332a43d-b547-5cf3-af25-5d02087315db","LN14-2012-v1","2012-03-09","","KENYA-LAW-LN14-2012","https://new.kenyalaw.org/akn/ke/act/ln/2012/14/eng@2022-12-31","","","pending","Boundary description is legally referenced; machine-readable geometry has not yet passed CRS and topology validation."
"66c612dd-ce56-5fff-ba6f-284a54727728","75d62070-2772-578f-867c-daea27460d83","LN14-2012-v1","2012-03-09","","KENYA-LAW-LN14-2012","https://new.kenyalaw.org/akn/ke/act/ln/2012/14/eng@2022-12-31","","","pending","Boundary description is legally referenced; machine-readable geometry has not yet passed CRS and topology validation."
"f4f3f927-368d-50b4-90e1-10b518448656","d82d64dd-8706-5290-b32d-945929e92c9e","LN14-2012-v1","2012-03-09","","KENYA-LAW-LN14-2012","https://new.kenyalaw.org/akn/ke/act/ln/2012/14/eng@2022-12-31","","","pending","Boundary description is legally referenced; machine-readable geometry has not yet passed CRS and topology validation."
"33ff8e76-aa73-5d2b-b381-e6c736bdacff","437e32ce-bfdb-51b4-b75f-a0da6aad2f15","LN14-2012-v1","2012-03-09","","KENYA-LAW-LN14-2012","https://new.kenyalaw.org/akn/ke/act/ln/2012/14/eng@2022-12-31","","","pending","Boundary description is legally referenced; machine-readable geometry has not yet passed CRS and topology validation."
"fee221ee-6062-5385-a5a1-d15681fdd256","fbe92394-faa2-59e5-a265-ecc0da707d60","LN14-2012-v1","2012-03-09","","KENYA-LAW-LN14-2012","https://new.kenyalaw.org/akn/ke/act/ln/2012/14/eng@2022-12-31","","","pending","Boundary description is legally referenced; machine-readable geometry has not yet passed CRS and topology validation."
"76731369-8a4c-5333-9878-e12d5c51646a","83881b94-490f-5f71-83bf-d4856fe93c1f","LN14-2012-v1","2012-03-09","","KENYA-LAW-LN14-2012","https://new.kenyalaw.org/akn/ke/act/ln/2012/14/eng@2022-12-31","","","pending","Boundary description is legally referenced; machine-readable geometry has not yet passed CRS and topology validation."
"16ff2236-0f27-58ea-a4c8-bb058b7a6b97","cc9e262e-749f-523e-8cb7-51a9168b8812","LN14-2012-v1","2012-03-09","","KENYA-LAW-LN14-2012","https://new.kenyalaw.org/akn/ke/act/ln/2012/14/eng@2022-12-31","","","pending","Boundary description is legally referenced; machine-readable geometry has not yet passed CRS and topology validation."
"b4e9bc57-c31e-559c-b5ce-49db0c8dcd76","53f2b1f2-7ac2-5a76-a39b-bfe5c182f7b5","LN14-2012-v1","2012-03-09","","KENYA-LAW-LN14-2012","https://new.kenyalaw.org/akn/ke/act/ln/2012/14/eng@2022-12-31","","","pending","Boundary description is legally referenced; machine-readable geometry has not yet passed CRS and topology validation."
"a4318b01-be1a-54b0-a889-0da4863ba962","c8c3775d-0458-529c-b347-1d30b99b6984","LN14-2012-v1","2012-03-09","","KENYA-LAW-LN14-2012","https://new.kenyalaw.org/akn/ke/act/ln/2012/14/eng@2022-12-31","","","pending","Boundary description is legally referenced; machine-readable geometry has not yet passed CRS and topology validation."
"be5ce04f-062d-58d9-83fb-cb2347c48bd7","8fba00b8-4ff7-53c4-b1fa-c7930ce5d7fa","LN14-2012-v1","2012-03-09","","KENYA-LAW-LN14-2012","https://new.kenyalaw.org/akn/ke/act/ln/2012/14/eng@2022-12-31","","","pending","Boundary description is legally referenced; machine-readable geometry has not yet passed CRS and topology validation."
"bea79ccf-0a57-5ee4-9ad2-310e3400dc75","9c859a9e-d2c5-5190-b985-7982ccef76b2","LN14-2012-v1","2012-03-09","","KENYA-LAW-LN14-2012","https://new.kenyalaw.org/akn/ke/act/ln/2012/14/eng@2022-12-31","","","pending","Boundary description is legally referenced; machine-readable geometry has not yet passed CRS and topology validation."
"83ffcc29-a918-5b2b-87e1-ca96e95e2a4c","fc0707e1-b330-5b70-a509-f28c254774e3","LN14-2012-v1","2012-03-09","","KENYA-LAW-LN14-2012","https://new.kenyalaw.org/akn/ke/act/ln/2012/14/eng@2022-12-31","","","pending","Boundary description is legally referenced; machine-readable geometry has not yet passed CRS and topology validation."
"944ed035-f74c-55db-9cdd-d74ec92a5c1f","d1027da7-0c1e-578d-8225-fecb619348b4","LN14-2012-v1","2012-03-09","","KENYA-LAW-LN14-2012","https://new.kenyalaw.org/akn/ke/act/ln/2012/14/eng@2022-12-31","","","pending","Boundary description is legally referenced; machine-readable geometry has not yet passed CRS and topology validation."
"cb2d26ce-a2b0-5f3a-a34f-72990f7b321b","1598c3b8-8ca3-5875-a7ac-46a2420b363b","LN14-2012-v1","2012-03-09","","KENYA-LAW-LN14-2012","https://new.kenyalaw.org/akn/ke/act/ln/2012/14/eng@2022-12-31","","","pending","Boundary description is legally referenced; machine-readable geometry has not yet passed CRS and topology validation."
"23a80a5a-b7a3-5203-b50a-c5fdf746e8ef","59bddde9-c8a1-5155-a5da-c69077b4a0e2","LN14-2012-v1","2012-03-09","","KENYA-LAW-LN14-2012","https://new.kenyalaw.org/akn/ke/act/ln/2012/14/eng@2022-12-31","","","pending","Boundary description is legally referenced; machine-readable geometry has not yet passed CRS and topology validation."
"78d99ba0-e35f-5f52-9932-7a0a9a6212d8","dd12670b-7ef4-5b4f-b1aa-0aa6c1539f93","LN14-2012-v1","2012-03-09","","KENYA-LAW-LN14-2012","https://new.kenyalaw.org/akn/ke/act/ln/2012/14/eng@2022-12-31","","","pending","Boundary description is legally referenced; machine-readable geometry has not yet passed CRS and topology validation."
"f83ee988-c3d6-54b1-86e1-1d8d8caea368","3da57f0a-575a-542d-b302-1b0d98f1356d","LN14-2012-v1","2012-03-09","","KENYA-LAW-LN14-2012","https://new.kenyalaw.org/akn/ke/act/ln/2012/14/eng@2022-12-31","","","pending","Boundary description is legally referenced; machine-readable geometry has not yet passed CRS and topology validation."
"81f93a24-9757-5d73-be61-6e5de4803c8a","1334d104-d315-5d75-874b-de44483fe12c","LN14-2012-v1","2012-03-09","","KENYA-LAW-LN14-2012","https://new.kenyalaw.org/akn/ke/act/ln/2012/14/eng@2022-12-31","","","pending","Boundary description is legally referenced; machine-readable geometry has not yet passed CRS and topology validation."
"d5960fed-5901-5485-8202-98bf887ed61b","573d01b8-5572-575a-a0c2-cd76606e5160","LN14-2012-v1","2012-03-09","","KENYA-LAW-LN14-2012","https://new.kenyalaw.org/akn/ke/act/ln/2012/14/eng@2022-12-31","","","pending","Boundary description is legally referenced; machine-readable geometry has not yet passed CRS and topology validation."
"511166ca-2904-5aa5-a94b-33cc296a0b87","898dd524-5f21-5fba-8b8c-9d9e65e5ed43","LN14-2012-v1","2012-03-09","","KENYA-LAW-LN14-2012","https://new.kenyalaw.org/akn/ke/act/ln/2012/14/eng@2022-12-31","","","pending","Boundary description is legally referenced; machine-readable geometry has not yet passed CRS and topology validation."
"42d5e47a-3cd8-50ac-b9bc-d11ad92f2ccf","4c05c41c-4cb5-5bcc-b83a-e915d38613f9","LN14-2012-v1","2012-03-09","","KENYA-LAW-LN14-2012","https://new.kenyalaw.org/akn/ke/act/ln/2012/14/eng@2022-12-31","","","pending","Boundary description is legally referenced; machine-readable geometry has not yet passed CRS and topology validation."
"2db28457-fe99-5b84-8ae0-ae4210a4132f","cfc1e36f-b5aa-5da2-90d4-43d996b69279","LN14-2012-v1","2012-03-09","","KENYA-LAW-LN14-2012","https://new.kenyalaw.org/akn/ke/act/ln/2012/14/eng@2022-12-31","","","pending","Boundary description is legally referenced; machine-readable geometry has not yet passed CRS and topology validation."
"556c37fb-782a-5723-9d2b-cfff9f101cbb","f8a45b51-4005-5a3e-9efd-876f3996394e","LN14-2012-v1","2012-03-09","","KENYA-LAW-LN14-2012","https://new.kenyalaw.org/akn/ke/act/ln/2012/14/eng@2022-12-31","","","pending","Boundary description is legally referenced; machine-readable geometry has not yet passed CRS and topology validation."
"ca25ae0c-7fec-5600-a792-3916510cb765","f778e249-8501-51c8-aa9f-6ce776f1fa85","LN14-2012-v1","2012-03-09","","KENYA-LAW-LN14-2012","https://new.kenyalaw.org/akn/ke/act/ln/2012/14/eng@2022-12-31","","","pending","Boundary description is legally referenced; machine-readable geometry has not yet passed CRS and topology validation."
"a52fe725-1c57-52b0-88d4-85e8267b7bde","5baba020-5436-5067-98d9-13350e87f594","LN14-2012-v1","2012-03-09","","KENYA-LAW-LN14-2012","https://new.kenyalaw.org/akn/ke/act/ln/2012/14/eng@2022-12-31","","","pending","Boundary description is legally referenced; machine-readable geometry has not yet passed CRS and topology validation."
"ebab70dd-b2ab-58eb-afd9-5ef3143235f8","da5a5e7e-3929-588c-a9ee-2b2fb8dec673","LN14-2012-v1","2012-03-09","","KENYA-LAW-LN14-2012","https://new.kenyalaw.org/akn/ke/act/ln/2012/14/eng@2022-12-31","","","pending","Boundary description is legally referenced; machine-readable geometry has not yet passed CRS and topology validation."
"d68354f4-d31a-5d59-a9cc-cb5f853a3bc2","f48df194-269e-5bc5-8796-a8420b86cbc4","LN14-2012-v1","2012-03-09","","KENYA-LAW-LN14-2012","https://new.kenyalaw.org/akn/ke/act/ln/2012/14/eng@2022-12-31","","","pending","Boundary description is legally referenced; machine-readable geometry has not yet passed CRS and topology validation."
"a144af73-12c4-54dc-a6e9-f80b83402867","96899165-978e-5dc5-9e13-563fd55abc2f","LN14-2012-v1","2012-03-09","","KENYA-LAW-LN14-2012","https://new.kenyalaw.org/akn/ke/act/ln/2012/14/eng@2022-12-31","","","pending","Boundary description is legally referenced; machine-readable geometry has not yet passed CRS and topology validation."
"2d1357e2-9933-5ab5-ae79-4d0c0f214b9c","fe54909d-dca7-5f19-8ecd-75105d823d54","LN14-2012-v1","2012-03-09","","KENYA-LAW-LN14-2012","https://new.kenyalaw.org/akn/ke/act/ln/2012/14/eng@2022-12-31","","","pending","Boundary description is legally referenced; machine-readable geometry has not yet passed CRS and topology validation."
"609ecdc0-6f26-5bb6-be9b-574241d8c69e","ab4d3386-d299-5845-a084-9a3f2aa0adce","LN14-2012-v1","2012-03-09","","KENYA-LAW-LN14-2012","https://new.kenyalaw.org/akn/ke/act/ln/2012/14/eng@2022-12-31","","","pending","Boundary description is legally referenced; machine-readable geometry has not yet passed CRS and topology validation."
"c6bf051d-e86a-5e9c-90a2-e5b1591af352","fdd54cfa-0ea6-50d3-815d-07757474021e","LN14-2012-v1","2012-03-09","","KENYA-LAW-LN14-2012","https://new.kenyalaw.org/akn/ke/act/ln/2012/14/eng@2022-12-31","","","pending","Boundary description is legally referenced; machine-readable geometry has not yet passed CRS and topology validation."
"5ea45c34-f312-5086-a191-e17bf49ad719","fc0efec3-4ade-5cc4-9d4c-0e10b4aa905a","LN14-2012-v1","2012-03-09","","KENYA-LAW-LN14-2012","https://new.kenyalaw.org/akn/ke/act/ln/2012/14/eng@2022-12-31","","","pending","Boundary description is legally referenced; machine-readable geometry has not yet passed CRS and topology validation."
"bda8c455-6a6c-5a81-a30d-17d88e17d39c","25c4199b-66e1-54cb-8fcd-a8edbcaa0ee0","LN14-2012-v1","2012-03-09","","KENYA-LAW-LN14-2012","https://new.kenyalaw.org/akn/ke/act/ln/2012/14/eng@2022-12-31","","","pending","Boundary description is legally referenced; machine-readable geometry has not yet passed CRS and topology validation."
"5ee53259-356b-53ae-beb7-58501ebbc0f2","be5944db-90bf-5b65-b230-ffd66e6b4c72","LN14-2012-v1","2012-03-09","","KENYA-LAW-LN14-2012","https://new.kenyalaw.org/akn/ke/act/ln/2012/14/eng@2022-12-31","","","pending","Boundary description is legally referenced; machine-readable geometry has not yet passed CRS and topology validation."
"87778f3f-f696-5b1a-bca4-849f245b7fee","d51457cc-8845-541e-bdcb-04481d095e77","LN14-2012-v1","2012-03-09","","KENYA-LAW-LN14-2012","https://new.kenyalaw.org/akn/ke/act/ln/2012/14/eng@2022-12-31","","","pending","Boundary description is legally referenced; machine-readable geometry has not yet passed CRS and topology validation."
"a1e87a8a-7d07-5989-a34a-5fe6cad178c7","36eefe74-7cea-57c0-843a-ea42b45a15cd","LN14-2012-v1","2012-03-09","","KENYA-LAW-LN14-2012","https://new.kenyalaw.org/akn/ke/act/ln/2012/14/eng@2022-12-31","","","pending","Boundary description is legally referenced; machine-readable geometry has not yet passed CRS and topology validation."
"b96a5ee8-b913-5160-8ca8-c0e70831e9f1","baf73f53-d590-5409-8656-7f7d2fa00aac","LN14-2012-v1","2012-03-09","","KENYA-LAW-LN14-2012","https://new.kenyalaw.org/akn/ke/act/ln/2012/14/eng@2022-12-31","","","pending","Boundary description is legally referenced; machine-readable geometry has not yet passed CRS and topology validation."
"43475e6e-81d4-5cf7-a9d1-a5de95dde1f9","d63bf11b-f870-5c5f-a5f8-0c07d9dae0a4","LN14-2012-v1","2012-03-09","","KENYA-LAW-LN14-2012","https://new.kenyalaw.org/akn/ke/act/ln/2012/14/eng@2022-12-31","","","pending","Boundary description is legally referenced; machine-readable geometry has not yet passed CRS and topology validation."
"0590b1f7-da4f-5908-bbbc-66646db51e12","15babf6d-1c43-5024-9ae0-59cafaa4cfb9","LN14-2012-v1","2012-03-09","","KENYA-LAW-LN14-2012","https://new.kenyalaw.org/akn/ke/act/ln/2012/14/eng@2022-12-31","","","pending","Boundary description is legally referenced; machine-readable geometry has not yet passed CRS and topology validation."
"9408f855-3a09-5711-bc65-1aa69cd03fff","c393071c-fdbf-5fbc-ad27-3e9ac4929bb1","LN14-2012-v1","2012-03-09","","KENYA-LAW-LN14-2012","https://new.kenyalaw.org/akn/ke/act/ln/2012/14/eng@2022-12-31","","","pending","Boundary description is legally referenced; machine-readable geometry has not yet passed CRS and topology validation."
"dce4d1db-3ce7-5f29-af41-41f1e5ec4225","e8d5edb4-b141-55c5-82ff-b5fab2a3fb37","LN14-2012-v1","2012-03-09","","KENYA-LAW-LN14-2012","https://new.kenyalaw.org/akn/ke/act/ln/2012/14/eng@2022-12-31","","","pending","Boundary description is legally referenced; machine-readable geometry has not yet passed CRS and topology validation."
"3fe84925-33f5-518e-a5cd-ed3c49cc0c4e","087cab96-6bb0-5a21-a952-d16128a0d7c4","LN14-2012-v1","2012-03-09","","KENYA-LAW-LN14-2012","https://new.kenyalaw.org/akn/ke/act/ln/2012/14/eng@2022-12-31","","","pending","Boundary description is legally referenced; machine-readable geometry has not yet passed CRS and topology validation."
"2803553b-2504-5063-9cb1-772709f5abf3","eb1009b9-a2f5-54e1-9c55-f6cf2d6e8d4f","LN14-2012-v1","2012-03-09","","KENYA-LAW-LN14-2012","https://new.kenyalaw.org/akn/ke/act/ln/2012/14/eng@2022-12-31","","","pending","Boundary description is legally referenced; machine-readable geometry has not yet passed CRS and topology validation."
"69932ef1-b214-5989-b647-3818e2de9117","cb4c14cf-a6a3-5539-88b0-f5e1b01c1645","LN14-2012-v1","2012-03-09","","KENYA-LAW-LN14-2012","https://new.kenyalaw.org/akn/ke/act/ln/2012/14/eng@2022-12-31","","","pending","Boundary description is legally referenced; machine-readable geometry has not yet passed CRS and topology validation."
"e60e3bf5-0771-5ca3-89a8-a23aa2eb8419","ade21a3d-858b-547b-8745-7b5d2e4568ac","LN14-2012-v1","2012-03-09","","KENYA-LAW-LN14-2012","https://new.kenyalaw.org/akn/ke/act/ln/2012/14/eng@2022-12-31","","","pending","Boundary description is legally referenced; machine-readable geometry has not yet passed CRS and topology validation."
"43db4088-3962-558b-9664-22920790b0a2","24723f62-d3ca-5132-8be1-be55220a58d7","LN14-2012-v1","2012-03-09","","KENYA-LAW-LN14-2012","https://new.kenyalaw.org/akn/ke/act/ln/2012/14/eng@2022-12-31","","","pending","Boundary description is legally referenced; machine-readable geometry has not yet passed CRS and topology validation."
"4df5ab45-2e68-5f8e-82a2-2e5fb178a36a","85e8dc71-3ce1-51e5-bddb-9a76adfdc8f5","LN14-2012-v1","2012-03-09","","KENYA-LAW-LN14-2012","https://new.kenyalaw.org/akn/ke/act/ln/2012/14/eng@2022-12-31","","","pending","Boundary description is legally referenced; machine-readable geometry has not yet passed CRS and topology validation."
"658f2e08-d66e-519c-9061-8e2811d73600","f30e90c4-63d4-5bc9-8d22-2c52430acaf0","LN14-2012-v1","2012-03-09","","KENYA-LAW-LN14-2012","https://new.kenyalaw.org/akn/ke/act/ln/2012/14/eng@2022-12-31","","","pending","Boundary description is legally referenced; machine-readable geometry has not yet passed CRS and topology validation."
"024cc6f4-bf9b-5871-a6d2-2be6434a620f","c4aa03f3-439f-5cc5-aefa-980be7778437","LN14-2012-v1","2012-03-09","","KENYA-LAW-LN14-2012","https://new.kenyalaw.org/akn/ke/act/ln/2012/14/eng@2022-12-31","","","pending","Boundary description is legally referenced; machine-readable geometry has not yet passed CRS and topology validation."
"e76ebe05-903a-5ae7-ad6e-a01c6e4170dc","a2ac0106-cbca-56d9-85f3-fb21fe9bf63f","LN14-2012-v1","2012-03-09","","KENYA-LAW-LN14-2012","https://new.kenyalaw.org/akn/ke/act/ln/2012/14/eng@2022-12-31","","","pending","Boundary description is legally referenced; machine-readable geometry has not yet passed CRS and topology validation."
"b49fec80-739b-5a51-8da3-ca3765370c3a","1bedce60-9448-5cd5-8c68-cf9513da986d","LN14-2012-v1","2012-03-09","","KENYA-LAW-LN14-2012","https://new.kenyalaw.org/akn/ke/act/ln/2012/14/eng@2022-12-31","","","pending","Boundary description is legally referenced; machine-readable geometry has not yet passed CRS and topology validation."
"b63fc3e5-a59d-53d5-8d76-8a2c60b11bfc","893a7350-698d-5a59-ad9f-2ae248ffeba8","LN14-2012-v1","2012-03-09","","KENYA-LAW-LN14-2012","https://new.kenyalaw.org/akn/ke/act/ln/2012/14/eng@2022-12-31","","","pending","Boundary description is legally referenced; machine-readable geometry has not yet passed CRS and topology validation."
"182fa9f7-43f4-506e-a196-0b199d0c2ebb","11c9368e-4b8a-5417-a4ea-e5d3cae27166","LN14-2012-v1","2012-03-09","","KENYA-LAW-LN14-2012","https://new.kenyalaw.org/akn/ke/act/ln/2012/14/eng@2022-12-31","","","pending","Boundary description is legally referenced; machine-readable geometry has not yet passed CRS and topology validation."
"fd5b3981-a808-5208-bb90-97db4ba413c9","1e23f421-1e4f-58a7-96bf-632524d3502d","LN14-2012-v1","2012-03-09","","KENYA-LAW-LN14-2012","https://new.kenyalaw.org/akn/ke/act/ln/2012/14/eng@2022-12-31","","","pending","Boundary description is legally referenced; machine-readable geometry has not yet passed CRS and topology validation."
"f728fef0-2426-53ca-acb7-7c4fc3db1c46","88aa19fa-3ef4-53c5-9bd1-c6161427ad3a","LN14-2012-v1","2012-03-09","","KENYA-LAW-LN14-2012","https://new.kenyalaw.org/akn/ke/act/ln/2012/14/eng@2022-12-31","","","pending","Boundary description is legally referenced; machine-readable geometry has not yet passed CRS and topology validation."
"98e233f9-560e-5958-9d09-839d4ca9b81a","e686f691-9cf3-5f9b-b4bd-088da5b65db3","LN14-2012-v1","2012-03-09","","KENYA-LAW-LN14-2012","https://new.kenyalaw.org/akn/ke/act/ln/2012/14/eng@2022-12-31","","","pending","Boundary description is legally referenced; machine-readable geometry has not yet passed CRS and topology validation."
"f27903d6-0700-5370-b847-3c2729573a2b","21b2c9ce-7dcd-50fd-9236-211ee7964b75","LN14-2012-v1","2012-03-09","","KENYA-LAW-LN14-2012","https://new.kenyalaw.org/akn/ke/act/ln/2012/14/eng@2022-12-31","","","pending","Boundary description is legally referenced; machine-readable geometry has not yet passed CRS and topology validation."
"c8275a80-ab3e-5d78-b20b-b7ab2f206fbb","a50c54b7-7b29-5b60-95a2-85edf7ac0c7b","LN14-2012-v1","2012-03-09","","KENYA-LAW-LN14-2012","https://new.kenyalaw.org/akn/ke/act/ln/2012/14/eng@2022-12-31","","","pending","Boundary description is legally referenced; machine-readable geometry has not yet passed CRS and topology validation."
"6c5b4245-5870-54f4-9b92-13f19a73a9f9","4d82fc0e-2450-516e-aa4c-e7e03ea2d67e","LN14-2012-v1","2012-03-09","","KENYA-LAW-LN14-2012","https://new.kenyalaw.org/akn/ke/act/ln/2012/14/eng@2022-12-31","","","pending","Boundary description is legally referenced; machine-readable geometry has not yet passed CRS and topology validation."
"6b883962-5401-5f42-96d5-12ec6bba4044","e7e4043e-5e38-59b2-b70a-72be4a41392c","LN14-2012-v1","2012-03-09","","KENYA-LAW-LN14-2012","https://new.kenyalaw.org/akn/ke/act/ln/2012/14/eng@2022-12-31","","","pending","Boundary description is legally referenced; machine-readable geometry has not yet passed CRS and topology validation."
"40bccc88-76b5-5051-804a-5df862aacfdc","1c66e304-3ba8-5559-af8c-8ed166362bd8","LN14-2012-v1","2012-03-09","","KENYA-LAW-LN14-2012","https://new.kenyalaw.org/akn/ke/act/ln/2012/14/eng@2022-12-31","","","pending","Boundary description is legally referenced; machine-readable geometry has not yet passed CRS and topology validation."
"4f8f0bf2-ff18-5638-a7d7-749f27571c24","9d91ef23-cb15-5b8e-b2bf-1ff8e2cc08e2","LN14-2012-v1","2012-03-09","","KENYA-LAW-LN14-2012","https://new.kenyalaw.org/akn/ke/act/ln/2012/14/eng@2022-12-31","","","pending","Boundary description is legally referenced; machine-readable geometry has not yet passed CRS and topology validation."
"39490960-a67e-58f2-af77-d128e5725561","72c457ff-3d62-54ec-8e88-0465aad6cf7a","LN14-2012-v1","2012-03-09","","KENYA-LAW-LN14-2012","https://new.kenyalaw.org/akn/ke/act/ln/2012/14/eng@2022-12-31","","","pending","Boundary description is legally referenced; machine-readable geometry has not yet passed CRS and topology validation."
"b1d55e20-79fd-5790-8839-70ee58e09557","9affa358-609d-51ca-b662-8f043067837d","LN14-2012-v1","2012-03-09","","KENYA-LAW-LN14-2012","https://new.kenyalaw.org/akn/ke/act/ln/2012/14/eng@2022-12-31","","","pending","Boundary description is legally referenced; machine-readable geometry has not yet passed CRS and topology validation."
"9709a180-6e8f-51a2-8b1c-9ba8fbff4124","568b3878-1910-5251-ae16-c2f63d1f24e7","LN14-2012-v1","2012-03-09","","KENYA-LAW-LN14-2012","https://new.kenyalaw.org/akn/ke/act/ln/2012/14/eng@2022-12-31","","","pending","Boundary description is legally referenced; machine-readable geometry has not yet passed CRS and topology validation."
"acc6182c-3eb5-5617-8b54-28f433fbdf95","0846b5dc-61b1-5854-9ce3-ff78ffaa5ccf","LN14-2012-v1","2012-03-09","","KENYA-LAW-LN14-2012","https://new.kenyalaw.org/akn/ke/act/ln/2012/14/eng@2022-12-31","","","pending","Boundary description is legally referenced; machine-readable geometry has not yet passed CRS and topology validation."
"44eb35df-733b-50e5-9225-164cdf69ab9e","f69d54dc-459f-5250-902c-61ecd8469583","LN14-2012-v1","2012-03-09","","KENYA-LAW-LN14-2012","https://new.kenyalaw.org/akn/ke/act/ln/2012/14/eng@2022-12-31","","","pending","Boundary description is legally referenced; machine-readable geometry has not yet passed CRS and topology validation."
"9722f590-419e-5b13-94ca-a2fd73b7c83d","80194935-7a0b-5783-93c1-593421749f3a","LN14-2012-v1","2012-03-09","","KENYA-LAW-LN14-2012","https://new.kenyalaw.org/akn/ke/act/ln/2012/14/eng@2022-12-31","","","pending","Boundary description is legally referenced; machine-readable geometry has not yet passed CRS and topology validation."
"7012d1e9-484b-5fed-a71c-ad45d7166f22","9eaabb39-7b9c-5fb5-80f5-809e2fc5b040","LN14-2012-v1","2012-03-09","","KENYA-LAW-LN14-2012","https://new.kenyalaw.org/akn/ke/act/ln/2012/14/eng@2022-12-31","","","pending","Boundary description is legally referenced; machine-readable geometry has not yet passed CRS and topology validation."
"5093856a-c6a0-5a86-b7b8-ec44cfc283bb","9231efd8-98e2-530a-ad78-0387187f2c32","LN14-2012-v1","2012-03-09","","KENYA-LAW-LN14-2012","https://new.kenyalaw.org/akn/ke/act/ln/2012/14/eng@2022-12-31","","","pending","Boundary description is legally referenced; machine-readable geometry has not yet passed CRS and topology validation."
"9af0e358-9f6b-5d51-88b4-7c36b2d43be2","4574e52c-774f-518a-98a2-0ac95845d5ce","LN14-2012-v1","2012-03-09","","KENYA-LAW-LN14-2012","https://new.kenyalaw.org/akn/ke/act/ln/2012/14/eng@2022-12-31","","","pending","Boundary description is legally referenced; machine-readable geometry has not yet passed CRS and topology validation."
"06957ce0-735d-5fb5-8a7f-76f8d81b7718","1aa3922e-e89f-55b3-829c-44ab74c45bac","LN14-2012-v1","2012-03-09","","KENYA-LAW-LN14-2012","https://new.kenyalaw.org/akn/ke/act/ln/2012/14/eng@2022-12-31","","","pending","Boundary description is legally referenced; machine-readable geometry has not yet passed CRS and topology validation."
"f22035e8-ca09-5d31-8dfa-6e32a8a4ce20","67f393db-22ba-58f9-824c-63470cb84f01","LN14-2012-v1","2012-03-09","","KENYA-LAW-LN14-2012","https://new.kenyalaw.org/akn/ke/act/ln/2012/14/eng@2022-12-31","","","pending","Boundary description is legally referenced; machine-readable geometry has not yet passed CRS and topology validation."
"ff7b30e5-8623-5e33-bcdd-8e652bbc08c7","00a9905c-f26f-5908-be2f-7ad05faa28c5","LN14-2012-v1","2012-03-09","","KENYA-LAW-LN14-2012","https://new.kenyalaw.org/akn/ke/act/ln/2012/14/eng@2022-12-31","","","pending","Boundary description is legally referenced; machine-readable geometry has not yet passed CRS and topology validation."
"909dc42a-be4c-59f4-8661-95729243102d","8762a688-49f5-5a26-aef1-aee28090fbdb","LN14-2012-v1","2012-03-09","","KENYA-LAW-LN14-2012","https://new.kenyalaw.org/akn/ke/act/ln/2012/14/eng@2022-12-31","","","pending","Boundary description is legally referenced; machine-readable geometry has not yet passed CRS and topology validation."
"a69d9018-d92e-508f-9518-d2a61ddf62cb","7fc3a4c7-e352-5bf0-beb6-3e8d1cf0c533","LN14-2012-v1","2012-03-09","","KENYA-LAW-LN14-2012","https://new.kenyalaw.org/akn/ke/act/ln/2012/14/eng@2022-12-31","","","pending","Boundary description is legally referenced; machine-readable geometry has not yet passed CRS and topology validation."
"c963e8be-080e-5700-8ff9-db8172717cfe","ac795b0a-9b6c-5b9a-91b9-af6032bc86ef","LN14-2012-v1","2012-03-09","","KENYA-LAW-LN14-2012","https://new.kenyalaw.org/akn/ke/act/ln/2012/14/eng@2022-12-31","","","pending","Boundary description is legally referenced; machine-readable geometry has not yet passed CRS and topology validation."
"7488fd95-b461-59ee-b56c-c2728754cf7c","fd1a3839-9f19-51a6-aeae-a9da72271b29","LN14-2012-v1","2012-03-09","","KENYA-LAW-LN14-2012","https://new.kenyalaw.org/akn/ke/act/ln/2012/14/eng@2022-12-31","","","pending","Boundary description is legally referenced; machine-readable geometry has not yet passed CRS and topology validation."
"3bdfc0da-beac-5ba5-899b-6a02caa9ad3b","4146cbd0-3bd4-513b-8e75-33f2d9c79677","LN14-2012-v1","2012-03-09","","KENYA-LAW-LN14-2012","https://new.kenyalaw.org/akn/ke/act/ln/2012/14/eng@2022-12-31","","","pending","Boundary description is legally referenced; machine-readable geometry has not yet passed CRS and topology validation."
"69911e5c-b31c-5d62-9631-8dbb59bb78d8","f0fba172-9fd4-5330-9866-5e8d81560b04","LN14-2012-v1","2012-03-09","","KENYA-LAW-LN14-2012","https://new.kenyalaw.org/akn/ke/act/ln/2012/14/eng@2022-12-31","","","pending","Boundary description is legally referenced; machine-readable geometry has not yet passed CRS and topology validation."
"1bf03b63-8876-559e-98f3-82a8e969f548","b4083abe-9784-509c-8056-70c3b0295ed3","LN14-2012-v1","2012-03-09","","KENYA-LAW-LN14-2012","https://new.kenyalaw.org/akn/ke/act/ln/2012/14/eng@2022-12-31","","","pending","Boundary description is legally referenced; machine-readable geometry has not yet passed CRS and topology validation."
"65d1e3da-01a8-516a-95e8-d028860a1bc5","5dd6100d-1147-52f6-af83-03b056fcb043","LN14-2012-v1","2012-03-09","","KENYA-LAW-LN14-2012","https://new.kenyalaw.org/akn/ke/act/ln/2012/14/eng@2022-12-31","","","pending","Boundary description is legally referenced; machine-readable geometry has not yet passed CRS and topology validation."
"94b421a0-a031-514f-941f-5a439a639635","ebe84f33-4673-5684-9d1d-f60c21c1a94e","LN14-2012-v1","2012-03-09","","KENYA-LAW-LN14-2012","https://new.kenyalaw.org/akn/ke/act/ln/2012/14/eng@2022-12-31","","","pending","Boundary description is legally referenced; machine-readable geometry has not yet passed CRS and topology validation."
"ca78a49f-b37d-5278-958c-5f24628023d8","37886885-747d-5f8c-aa89-1c2557c951cd","LN14-2012-v1","2012-03-09","","KENYA-LAW-LN14-2012","https://new.kenyalaw.org/akn/ke/act/ln/2012/14/eng@2022-12-31","","","pending","Boundary description is legally referenced; machine-readable geometry has not yet passed CRS and topology validation."
"7676c5ec-878b-5be9-85bc-b183374186da","9a24a47f-4128-5f0d-ad74-8eb98691d904","LN14-2012-v1","2012-03-09","","KENYA-LAW-LN14-2012","https://new.kenyalaw.org/akn/ke/act/ln/2012/14/eng@2022-12-31","","","pending","Boundary description is legally referenced; machine-readable geometry has not yet passed CRS and topology validation."
"07047c3c-9851-55d9-8798-484e2582bd28","28e004f7-4546-5ca2-9efd-0ad77341d879","LN14-2012-v1","2012-03-09","","KENYA-LAW-LN14-2012","https://new.kenyalaw.org/akn/ke/act/ln/2012/14/eng@2022-12-31","","","pending","Boundary description is legally referenced; machine-readable geometry has not yet passed CRS and topology validation."
"bf7e99ab-145b-56a7-bbf4-19f68ac199e7","1a07cb07-ba4f-5448-a04b-a19840969361","LN14-2012-v1","2012-03-09","","KENYA-LAW-LN14-2012","https://new.kenyalaw.org/akn/ke/act/ln/2012/14/eng@2022-12-31","","","pending","Boundary description is legally referenced; machine-readable geometry has not yet passed CRS and topology validation."
"d0403f5c-4238-5698-adc9-439d045b3e4a","dc6b8315-7b7b-5e62-8dd3-1976f6a67374","LN14-2012-v1","2012-03-09","","KENYA-LAW-LN14-2012","https://new.kenyalaw.org/akn/ke/act/ln/2012/14/eng@2022-12-31","","","pending","Boundary description is legally referenced; machine-readable geometry has not yet passed CRS and topology validation."
"f7206fb8-6a9f-5b67-a741-0234b077eaa0","042a5fe1-cec7-5e84-ad75-a84e5c2328ab","LN14-2012-v1","2012-03-09","","KENYA-LAW-LN14-2012","https://new.kenyalaw.org/akn/ke/act/ln/2012/14/eng@2022-12-31","","","pending","Boundary description is legally referenced; machine-readable geometry has not yet passed CRS and topology validation."
"116e2ca0-abfe-5eaf-b3cf-0c728553a07f","1e81f0c8-62d3-56d5-9074-eea9279d7737","LN14-2012-v1","2012-03-09","","KENYA-LAW-LN14-2012","https://new.kenyalaw.org/akn/ke/act/ln/2012/14/eng@2022-12-31","","","pending","Boundary description is legally referenced; machine-readable geometry has not yet passed CRS and topology validation."
"056bd8e0-284f-57ba-8e54-403fb9966a44","a59a81bf-7b27-5808-ad4b-76bf31bcf0b4","LN14-2012-v1","2012-03-09","","KENYA-LAW-LN14-2012","https://new.kenyalaw.org/akn/ke/act/ln/2012/14/eng@2022-12-31","","","pending","Boundary description is legally referenced; machine-readable geometry has not yet passed CRS and topology validation."
"224a65dd-935e-5310-8c27-67aeaab47a53","0de10c7b-686f-55a9-9199-a76d2ef7cb84","LN14-2012-v1","2012-03-09","","KENYA-LAW-LN14-2012","https://new.kenyalaw.org/akn/ke/act/ln/2012/14/eng@2022-12-31","","","pending","Boundary description is legally referenced; machine-readable geometry has not yet passed CRS and topology validation."
"92c4c23d-f1b3-595d-8ff8-c1db33f4a6c4","1ec5ae96-d991-5e09-a817-a0d88c939dd8","LN14-2012-v1","2012-03-09","","KENYA-LAW-LN14-2012","https://new.kenyalaw.org/akn/ke/act/ln/2012/14/eng@2022-12-31","","","pending","Boundary description is legally referenced; machine-readable geometry has not yet passed CRS and topology validation."
"b31d8f97-3b7b-5812-9b25-e79d96ce46d2","8f349670-451c-5288-a9b0-72aa24709064","LN14-2012-v1","2012-03-09","","KENYA-LAW-LN14-2012","https://new.kenyalaw.org/akn/ke/act/ln/2012/14/eng@2022-12-31","","","pending","Boundary description is legally referenced; machine-readable geometry has not yet passed CRS and topology validation."
"a187992e-2610-5f91-a899-af4695fb7c00","3af685d6-47d4-5fd9-988f-49f8369af879","LN14-2012-v1","2012-03-09","","KENYA-LAW-LN14-2012","https://new.kenyalaw.org/akn/ke/act/ln/2012/14/eng@2022-12-31","","","pending","Boundary description is legally referenced; machine-readable geometry has not yet passed CRS and topology validation."
"d1a43a64-02ba-5da3-84c3-6a80af758939","abf00d26-b8ca-55d8-851e-f0b94267db82","LN14-2012-v1","2012-03-09","","KENYA-LAW-LN14-2012","https://new.kenyalaw.org/akn/ke/act/ln/2012/14/eng@2022-12-31","","","pending","Boundary description is legally referenced; machine-readable geometry has not yet passed CRS and topology validation."
"85792188-2549-5a64-9acc-227ab7612d61","0ecfbc8c-7de5-501b-b2ed-f59bdde9877d","LN14-2012-v1","2012-03-09","","KENYA-LAW-LN14-2012","https://new.kenyalaw.org/akn/ke/act/ln/2012/14/eng@2022-12-31","","","pending","Boundary description is legally referenced; machine-readable geometry has not yet passed CRS and topology validation."
"e0ecbd1d-8e93-595c-8bfd-04d63a9d1cc0","47ef51a7-8679-59e1-b925-1c2ab88412ab","LN14-2012-v1","2012-03-09","","KENYA-LAW-LN14-2012","https://new.kenyalaw.org/akn/ke/act/ln/2012/14/eng@2022-12-31","","","pending","Boundary description is legally referenced; machine-readable geometry has not yet passed CRS and topology validation."
"1b915ae2-7388-537f-ab5b-efb5511b26ae","f8a9f68a-bb3f-5340-9d17-c783c06515f0","LN14-2012-v1","2012-03-09","","KENYA-LAW-LN14-2012","https://new.kenyalaw.org/akn/ke/act/ln/2012/14/eng@2022-12-31","","","pending","Boundary description is legally referenced; machine-readable geometry has not yet passed CRS and topology validation."
"2625e976-7629-552b-bd64-3d1a2b233883","d1edd675-bfa0-5eb1-aa8e-c81868599395","LN14-2012-v1","2012-03-09","","KENYA-LAW-LN14-2012","https://new.kenyalaw.org/akn/ke/act/ln/2012/14/eng@2022-12-31","","","pending","Boundary description is legally referenced; machine-readable geometry has not yet passed CRS and topology validation."
"0806c5f2-e398-5304-af96-39d981e26e5c","227a7f92-57b5-5bf0-96cf-23c603e9536e","LN14-2012-v1","2012-03-09","","KENYA-LAW-LN14-2012","https://new.kenyalaw.org/akn/ke/act/ln/2012/14/eng@2022-12-31","","","pending","Boundary description is legally referenced; machine-readable geometry has not yet passed CRS and topology validation."
"f76d10cd-b461-58b2-98fc-4efefd1ebc76","8b47ff5d-cb6d-53d5-b8ca-f5154a9b0ee3","LN14-2012-v1","2012-03-09","","KENYA-LAW-LN14-2012","https://new.kenyalaw.org/akn/ke/act/ln/2012/14/eng@2022-12-31","","","pending","Boundary description is legally referenced; machine-readable geometry has not yet passed CRS and topology validation."
"ed6c6d59-7929-5f15-a520-98e618d104de","edd3054d-d9c9-502b-aeae-d3ea8c90d4f4","LN14-2012-v1","2012-03-09","","KENYA-LAW-LN14-2012","https://new.kenyalaw.org/akn/ke/act/ln/2012/14/eng@2022-12-31","","","pending","Boundary description is legally referenced; machine-readable geometry has not yet passed CRS and topology validation."
"f6e7c7fa-3007-526d-bae8-662f5728d321","53a9bf8e-da5f-5e45-a930-011feb1dbeca","LN14-2012-v1","2012-03-09","","KENYA-LAW-LN14-2012","https://new.kenyalaw.org/akn/ke/act/ln/2012/14/eng@2022-12-31","","","pending","Boundary description is legally referenced; machine-readable geometry has not yet passed CRS and topology validation."
"cfb657cc-aabc-52ee-a374-856df833fecd","a04bb7b6-aeb2-5205-8920-0277caa19257","LN14-2012-v1","2012-03-09","","KENYA-LAW-LN14-2012","https://new.kenyalaw.org/akn/ke/act/ln/2012/14/eng@2022-12-31","","","pending","Boundary description is legally referenced; machine-readable geometry has not yet passed CRS and topology validation."
"7ee57d0b-6ac5-54f8-ad0f-e45710f30795","7b72147c-57c3-54d0-a411-f5fdd40d5c9a","LN14-2012-v1","2012-03-09","","KENYA-LAW-LN14-2012","https://new.kenyalaw.org/akn/ke/act/ln/2012/14/eng@2022-12-31","","","pending","Boundary description is legally referenced; machine-readable geometry has not yet passed CRS and topology validation."
"e83a2615-dba4-517b-b3d1-5717293e6506","d2267fbd-3ba0-5355-a6d1-331c52e85a34","LN14-2012-v1","2012-03-09","","KENYA-LAW-LN14-2012","https://new.kenyalaw.org/akn/ke/act/ln/2012/14/eng@2022-12-31","","","pending","Boundary description is legally referenced; machine-readable geometry has not yet passed CRS and topology validation."
"ce2b3794-b532-53eb-bae4-98fa44c2583a","5ebd9e14-8495-5c09-963a-8e8b0b24ff04","LN14-2012-v1","2012-03-09","","KENYA-LAW-LN14-2012","https://new.kenyalaw.org/akn/ke/act/ln/2012/14/eng@2022-12-31","","","pending","Boundary description is legally referenced; machine-readable geometry has not yet passed CRS and topology validation."
"308a958d-b618-5ba5-99cd-0bb42974c6d0","a47fb0d0-e009-5f17-ac2c-41a429165cf4","LN14-2012-v1","2012-03-09","","KENYA-LAW-LN14-2012","https://new.kenyalaw.org/akn/ke/act/ln/2012/14/eng@2022-12-31","","","pending","Boundary description is legally referenced; machine-readable geometry has not yet passed CRS and topology validation."
"afc93877-43ba-51f8-bd17-1d487e4c4e0c","d34f4738-cb29-5500-89e3-2407ef75a3c9","LN14-2012-v1","2012-03-09","","KENYA-LAW-LN14-2012","https://new.kenyalaw.org/akn/ke/act/ln/2012/14/eng@2022-12-31","","","pending","Boundary description is legally referenced; machine-readable geometry has not yet passed CRS and topology validation."
"4ae1660b-9471-57fe-b8ca-59e0629c1dc1","b42d12a5-d601-55c1-825e-4b12a10c0454","LN14-2012-v1","2012-03-09","","KENYA-LAW-LN14-2012","https://new.kenyalaw.org/akn/ke/act/ln/2012/14/eng@2022-12-31","","","pending","Boundary description is legally referenced; machine-readable geometry has not yet passed CRS and topology validation."
"0ba658b1-f1ec-5547-8226-ddf22f4512bb","035f7720-d5df-5df3-9a98-337b2a5f41c5","LN14-2012-v1","2012-03-09","","KENYA-LAW-LN14-2012","https://new.kenyalaw.org/akn/ke/act/ln/2012/14/eng@2022-12-31","","","pending","Boundary description is legally referenced; machine-readable geometry has not yet passed CRS and topology validation."
"f1dcf1eb-1adc-51ee-88ee-f6301131f8a6","5bd17cec-cf5c-56b7-a771-234b0a47b37e","LN14-2012-v1","2012-03-09","","KENYA-LAW-LN14-2012","https://new.kenyalaw.org/akn/ke/act/ln/2012/14/eng@2022-12-31","","","pending","Boundary description is legally referenced; machine-readable geometry has not yet passed CRS and topology validation."
"6873533b-722c-5e90-a364-4d475024ebd7","82cfb3a8-2253-5bf3-a066-944c5b496bdc","LN14-2012-v1","2012-03-09","","KENYA-LAW-LN14-2012","https://new.kenyalaw.org/akn/ke/act/ln/2012/14/eng@2022-12-31","","","pending","Boundary description is legally referenced; machine-readable geometry has not yet passed CRS and topology validation."
"42474b0f-75e5-5ed7-be24-5899d176c4d5","a1f03d59-eaab-5026-aaa5-16eda71bdc0a","LN14-2012-v1","2012-03-09","","KENYA-LAW-LN14-2012","https://new.kenyalaw.org/akn/ke/act/ln/2012/14/eng@2022-12-31","","","pending","Boundary description is legally referenced; machine-readable geometry has not yet passed CRS and topology validation."
"e12ff67d-198b-53af-9c82-3af6aa767683","a42f9742-040a-571c-99bd-0b7800a2749d","LN14-2012-v1","2012-03-09","","KENYA-LAW-LN14-2012","https://new.kenyalaw.org/akn/ke/act/ln/2012/14/eng@2022-12-31","","","pending","Boundary description is legally referenced; machine-readable geometry has not yet passed CRS and topology validation."
"0574fcdc-8223-569e-acf8-bbb4a382332d","66633c8d-64a9-564f-af11-5b37635adec8","LN14-2012-v1","2012-03-09","","KENYA-LAW-LN14-2012","https://new.kenyalaw.org/akn/ke/act/ln/2012/14/eng@2022-12-31","","","pending","Boundary description is legally referenced; machine-readable geometry has not yet passed CRS and topology validation."
"26f3aaad-8e01-5cad-948a-8fa7d518e4f1","5ec4556f-0c65-593c-b58b-a17b1f08ba10","LN14-2012-v1","2012-03-09","","KENYA-LAW-LN14-2012","https://new.kenyalaw.org/akn/ke/act/ln/2012/14/eng@2022-12-31","","","pending","Boundary description is legally referenced; machine-readable geometry has not yet passed CRS and topology validation."
"fbb1150a-20c3-5c11-a39d-7099f1602655","0367fb6c-6b24-5592-a3dc-e83f2b47014a","LN14-2012-v1","2012-03-09","","KENYA-LAW-LN14-2012","https://new.kenyalaw.org/akn/ke/act/ln/2012/14/eng@2022-12-31","","","pending","Boundary description is legally referenced; machine-readable geometry has not yet passed CRS and topology validation."
"eec56a5b-369c-5089-8fde-1254fed2d83d","e46ad16b-572f-5773-8a6f-089a7d1079ba","LN14-2012-v1","2012-03-09","","KENYA-LAW-LN14-2012","https://new.kenyalaw.org/akn/ke/act/ln/2012/14/eng@2022-12-31","","","pending","Boundary description is legally referenced; machine-readable geometry has not yet passed CRS and topology validation."
"3e0c7b93-72b8-5d05-b625-e310bba44fb5","66a76513-0196-52ce-bc39-db125b1cbc55","LN14-2012-v1","2012-03-09","","KENYA-LAW-LN14-2012","https://new.kenyalaw.org/akn/ke/act/ln/2012/14/eng@2022-12-31","","","pending","Boundary description is legally referenced; machine-readable geometry has not yet passed CRS and topology validation."
"80e646e5-0ee9-57a5-907c-79df3df8c269","60ccda4d-453a-5ad7-8da1-edda1ab7537e","LN14-2012-v1","2012-03-09","","KENYA-LAW-LN14-2012","https://new.kenyalaw.org/akn/ke/act/ln/2012/14/eng@2022-12-31","","","pending","Boundary description is legally referenced; machine-readable geometry has not yet passed CRS and topology validation."
"5c10d617-4a33-5738-8ac8-cb8109fe19d2","a07cb7bf-ce0e-58b8-affa-da9a9db653d0","LN14-2012-v1","2012-03-09","","KENYA-LAW-LN14-2012","https://new.kenyalaw.org/akn/ke/act/ln/2012/14/eng@2022-12-31","","","pending","Boundary description is legally referenced; machine-readable geometry has not yet passed CRS and topology validation."
"2aa3be80-3a68-5f27-bfad-dd2cdebf5d9e","6df52416-2269-58b0-8230-b16c7538ebfd","LN14-2012-v1","2012-03-09","","KENYA-LAW-LN14-2012","https://new.kenyalaw.org/akn/ke/act/ln/2012/14/eng@2022-12-31","","","pending","Boundary description is legally referenced; machine-readable geometry has not yet passed CRS and topology validation."
"be3a17be-8d72-5775-a1ee-85995ee326b3","da809517-b9de-5f12-86f5-0fd751019715","LN14-2012-v1","2012-03-09","","KENYA-LAW-LN14-2012","https://new.kenyalaw.org/akn/ke/act/ln/2012/14/eng@2022-12-31","","","pending","Boundary description is legally referenced; machine-readable geometry has not yet passed CRS and topology validation."
"8f635968-e300-5400-a363-d549f8adf63b","b3a9a73a-f8e4-59b1-ae55-67f2effa39cf","LN14-2012-v1","2012-03-09","","KENYA-LAW-LN14-2012","https://new.kenyalaw.org/akn/ke/act/ln/2012/14/eng@2022-12-31","","","pending","Boundary description is legally referenced; machine-readable geometry has not yet passed CRS and topology validation."
"74297cb3-af2d-530b-ad0c-f03070b77cd9","ac5041f0-c7e6-50a1-8794-bcf8e1d9fab1","LN14-2012-v1","2012-03-09","","KENYA-LAW-LN14-2012","https://new.kenyalaw.org/akn/ke/act/ln/2012/14/eng@2022-12-31","","","pending","Boundary description is legally referenced; machine-readable geometry has not yet passed CRS and topology validation."
"7e1ee4ea-6b66-5b35-bd6b-059abb63ef17","c953657c-5416-5886-8f58-465921c5751b","LN14-2012-v1","2012-03-09","","KENYA-LAW-LN14-2012","https://new.kenyalaw.org/akn/ke/act/ln/2012/14/eng@2022-12-31","","","pending","Boundary description is legally referenced; machine-readable geometry has not yet passed CRS and topology validation."
"eab836f2-1557-5656-a385-306df85351a3","203de5db-0919-57aa-83d5-e448bfc89c35","LN14-2012-v1","2012-03-09","","KENYA-LAW-LN14-2012","https://new.kenyalaw.org/akn/ke/act/ln/2012/14/eng@2022-12-31","","","pending","Boundary description is legally referenced; machine-readable geometry has not yet passed CRS and topology validation."
"cfb75430-c2ea-5bdc-b5f4-2c50e65a812a","e6531225-9d5b-5117-b0e5-4aed823907b9","LN14-2012-v1","2012-03-09","","KENYA-LAW-LN14-2012","https://new.kenyalaw.org/akn/ke/act/ln/2012/14/eng@2022-12-31","","","pending","Boundary description is legally referenced; machine-readable geometry has not yet passed CRS and topology validation."
"30f8ac5e-a672-50a7-9d7c-f7c7703dcd00","d5b02981-9d87-5ea9-bb32-282821d5c1a8","LN14-2012-v1","2012-03-09","","KENYA-LAW-LN14-2012","https://new.kenyalaw.org/akn/ke/act/ln/2012/14/eng@2022-12-31","","","pending","Boundary description is legally referenced; machine-readable geometry has not yet passed CRS and topology validation."
"cf38b5c2-cc8d-532d-8cb2-89550e498e18","6055cad4-f39b-5b2d-9732-d5d8d5ef06ee","LN14-2012-v1","2012-03-09","","KENYA-LAW-LN14-2012","https://new.kenyalaw.org/akn/ke/act/ln/2012/14/eng@2022-12-31","","","pending","Boundary description is legally referenced; machine-readable geometry has not yet passed CRS and topology validation."
"8f6e375d-46c4-5df6-b3ec-c1dca81fbb3c","92fa4d59-6884-5c19-b229-2b90c4317002","LN14-2012-v1","2012-03-09","","KENYA-LAW-LN14-2012","https://new.kenyalaw.org/akn/ke/act/ln/2012/14/eng@2022-12-31","","","pending","Boundary description is legally referenced; machine-readable geometry has not yet passed CRS and topology validation."
"8a889d1f-c7dc-5b84-a69a-807e160547a1","625e4f0f-68f0-5c34-ac04-b8e796872def","LN14-2012-v1","2012-03-09","","KENYA-LAW-LN14-2012","https://new.kenyalaw.org/akn/ke/act/ln/2012/14/eng@2022-12-31","","","pending","Boundary description is legally referenced; machine-readable geometry has not yet passed CRS and topology validation."
"a859312b-0d2d-5140-b000-8d9e1d53e897","ff719278-32f8-5f19-ba07-2c0b55c2b798","LN14-2012-v1","2012-03-09","","KENYA-LAW-LN14-2012","https://new.kenyalaw.org/akn/ke/act/ln/2012/14/eng@2022-12-31","","","pending","Boundary description is legally referenced; machine-readable geometry has not yet passed CRS and topology validation."
"5930ee9e-7b74-54bd-b14e-c4f654e3e051","96cd9e92-89fe-5406-9482-f181d0a09cf9","LN14-2012-v1","2012-03-09","","KENYA-LAW-LN14-2012","https://new.kenyalaw.org/akn/ke/act/ln/2012/14/eng@2022-12-31","","","pending","Boundary description is legally referenced; machine-readable geometry has not yet passed CRS and topology validation."
"1dd3ff1a-dce1-559c-a613-2617c4b9d424","0a07dda3-b5b4-5530-9aed-f4c037547d55","LN14-2012-v1","2012-03-09","","KENYA-LAW-LN14-2012","https://new.kenyalaw.org/akn/ke/act/ln/2012/14/eng@2022-12-31","","","pending","Boundary description is legally referenced; machine-readable geometry has not yet passed CRS and topology validation."
"a7628855-2036-5cb3-85c7-ce4f0f5df75d","48d5a28d-e67e-586a-9050-ec0ee301596c","LN14-2012-v1","2012-03-09","","KENYA-LAW-LN14-2012","https://new.kenyalaw.org/akn/ke/act/ln/2012/14/eng@2022-12-31","","","pending","Boundary description is legally referenced; machine-readable geometry has not yet passed CRS and topology validation."
"3d989ed8-79c1-5967-820c-a499174bcf21","c1ba405f-efc5-56b1-b529-b674d29ff306","LN14-2012-v1","2012-03-09","","KENYA-LAW-LN14-2012","https://new.kenyalaw.org/akn/ke/act/ln/2012/14/eng@2022-12-31","","","pending","Boundary description is legally referenced; machine-readable geometry has not yet passed CRS and topology validation."
"e49b7af4-6066-5f02-acf3-a133d39567b4","d29f3d39-bb57-5c92-a5f8-02d05e16589c","LN14-2012-v1","2012-03-09","","KENYA-LAW-LN14-2012","https://new.kenyalaw.org/akn/ke/act/ln/2012/14/eng@2022-12-31","","","pending","Boundary description is legally referenced; machine-readable geometry has not yet passed CRS and topology validation."
"f55d03ac-749f-54bc-b7e0-c9bf1ad5d814","888845ee-b315-5392-9f88-f869ccb7f1be","LN14-2012-v1","2012-03-09","","KENYA-LAW-LN14-2012","https://new.kenyalaw.org/akn/ke/act/ln/2012/14/eng@2022-12-31","","","pending","Boundary description is legally referenced; machine-readable geometry has not yet passed CRS and topology validation."
"d388a326-2f8c-59f3-933a-289515e70f4f","2ecd29b8-41a2-571e-9265-235f93cfadb9","LN14-2012-v1","2012-03-09","","KENYA-LAW-LN14-2012","https://new.kenyalaw.org/akn/ke/act/ln/2012/14/eng@2022-12-31","","","pending","Boundary description is legally referenced; machine-readable geometry has not yet passed CRS and topology validation."
"9169aa41-630c-5d17-9cda-15d1a7b3a311","9daa35db-0c8f-5202-a0b0-2ac76b065425","LN14-2012-v1","2012-03-09","","KENYA-LAW-LN14-2012","https://new.kenyalaw.org/akn/ke/act/ln/2012/14/eng@2022-12-31","","","pending","Boundary description is legally referenced; machine-readable geometry has not yet passed CRS and topology validation."
"d61bbf5d-c70f-59da-92f3-7539c8eaf7cc","77161df4-1252-57f7-ad7c-30c7a5b2f7c5","LN14-2012-v1","2012-03-09","","KENYA-LAW-LN14-2012","https://new.kenyalaw.org/akn/ke/act/ln/2012/14/eng@2022-12-31","","","pending","Boundary description is legally referenced; machine-readable geometry has not yet passed CRS and topology validation."
"f84754c9-348f-5cf8-b59d-9f0cbd183245","8843c16c-241d-5158-8971-d371fb1c8e7c","LN14-2012-v1","2012-03-09","","KENYA-LAW-LN14-2012","https://new.kenyalaw.org/akn/ke/act/ln/2012/14/eng@2022-12-31","","","pending","Boundary description is legally referenced; machine-readable geometry has not yet passed CRS and topology validation."
"93ebc417-7d1c-5d9f-bf92-49dd4a6c3045","2e49f3da-952c-5430-bd8f-bedd13e2a268","LN14-2012-v1","2012-03-09","","KENYA-LAW-LN14-2012","https://new.kenyalaw.org/akn/ke/act/ln/2012/14/eng@2022-12-31","","","pending","Boundary description is legally referenced; machine-readable geometry has not yet passed CRS and topology validation."
"f627bd70-c85d-5e09-8144-a2c96c646718","1d51158a-58f9-5764-b35b-496219c5b6f3","LN14-2012-v1","2012-03-09","","KENYA-LAW-LN14-2012","https://new.kenyalaw.org/akn/ke/act/ln/2012/14/eng@2022-12-31","","","pending","Boundary description is legally referenced; machine-readable geometry has not yet passed CRS and topology validation."
"baf2c604-c396-5827-aa73-0c25cc52209d","18b38b9f-780a-5519-b2fb-b8d1478371b2","LN14-2012-v1","2012-03-09","","KENYA-LAW-LN14-2012","https://new.kenyalaw.org/akn/ke/act/ln/2012/14/eng@2022-12-31","","","pending","Boundary description is legally referenced; machine-readable geometry has not yet passed CRS and topology validation."
"23f3097f-61fc-5e2d-8bfa-d986e2ec9c77","7c46050e-0141-59d6-bbde-be083b0f2892","LN14-2012-v1","2012-03-09","","KENYA-LAW-LN14-2012","https://new.kenyalaw.org/akn/ke/act/ln/2012/14/eng@2022-12-31","","","pending","Boundary description is legally referenced; machine-readable geometry has not yet passed CRS and topology validation."
"03c97b20-7a9c-563c-b083-121cc3e5bf21","d5b3bdeb-fc26-5f6d-b5ca-cf0be5665ffe","LN14-2012-v1","2012-03-09","","KENYA-LAW-LN14-2012","https://new.kenyalaw.org/akn/ke/act/ln/2012/14/eng@2022-12-31","","","pending","Boundary description is legally referenced; machine-readable geometry has not yet passed CRS and topology validation."
"18b0e02b-6e5e-5820-afd1-fcffd85835ae","0e5bab52-c1b9-5596-8aa9-c31e890d637c","LN14-2012-v1","2012-03-09","","KENYA-LAW-LN14-2012","https://new.kenyalaw.org/akn/ke/act/ln/2012/14/eng@2022-12-31","","","pending","Boundary description is legally referenced; machine-readable geometry has not yet passed CRS and topology validation."
"80d1be2f-57a1-5565-b7f5-2bb7aa6c064e","a88d747e-8844-590d-b03d-a1d63e53d1f1","LN14-2012-v1","2012-03-09","","KENYA-LAW-LN14-2012","https://new.kenyalaw.org/akn/ke/act/ln/2012/14/eng@2022-12-31","","","pending","Boundary description is legally referenced; machine-readable geometry has not yet passed CRS and topology validation."
"742881f9-9f6e-56c3-a2fc-9c8b3b5bf955","0245e385-8e1f-5361-be95-4181e323cd0e","LN14-2012-v1","2012-03-09","","KENYA-LAW-LN14-2012","https://new.kenyalaw.org/akn/ke/act/ln/2012/14/eng@2022-12-31","","","pending","Boundary description is legally referenced; machine-readable geometry has not yet passed CRS and topology validation."
"72ce9af6-7dd8-5ab5-9b2a-ed81a54eec59","4e3b2f50-4154-5e18-9c91-be4144cf006b","LN14-2012-v1","2012-03-09","","KENYA-LAW-LN14-2012","https://new.kenyalaw.org/akn/ke/act/ln/2012/14/eng@2022-12-31","","","pending","Boundary description is legally referenced; machine-readable geometry has not yet passed CRS and topology validation."
"964e726f-70b6-5744-b708-81592b1abec6","622eb925-a6be-5c8e-8378-9ebd4895d531","LN14-2012-v1","2012-03-09","","KENYA-LAW-LN14-2012","https://new.kenyalaw.org/akn/ke/act/ln/2012/14/eng@2022-12-31","","","pending","Boundary description is legally referenced; machine-readable geometry has not yet passed CRS and topology validation."
"1e126687-dfcb-5454-b34b-cfe486d3319f","95baca33-4b84-5f6d-b597-b5a395d1af90","LN14-2012-v1","2012-03-09","","KENYA-LAW-LN14-2012","https://new.kenyalaw.org/akn/ke/act/ln/2012/14/eng@2022-12-31","","","pending","Boundary description is legally referenced; machine-readable geometry has not yet passed CRS and topology validation."
"da11ca82-e9a8-5421-8427-5277defd913d","c8fcbfaa-e009-50ad-8a48-561f40b2df9e","LN14-2012-v1","2012-03-09","","KENYA-LAW-LN14-2012","https://new.kenyalaw.org/akn/ke/act/ln/2012/14/eng@2022-12-31","","","pending","Boundary description is legally referenced; machine-readable geometry has not yet passed CRS and topology validation."
"aa8e83ce-c467-5bfb-874d-49ce5c8f1328","1992c3d9-8fae-5e6e-9e50-3b5b11a2b379","LN14-2012-v1","2012-03-09","","KENYA-LAW-LN14-2012","https://new.kenyalaw.org/akn/ke/act/ln/2012/14/eng@2022-12-31","","","pending","Boundary description is legally referenced; machine-readable geometry has not yet passed CRS and topology validation."
"3a773fc9-fdb5-51c2-8628-3a0c1118dc42","625499f7-5dc4-5ca6-9360-d73223f8ecce","LN14-2012-v1","2012-03-09","","KENYA-LAW-LN14-2012","https://new.kenyalaw.org/akn/ke/act/ln/2012/14/eng@2022-12-31","","","pending","Boundary description is legally referenced; machine-readable geometry has not yet passed CRS and topology validation."
"27c98132-ae12-52b3-b2ef-ee13c4198be6","0086fe47-b692-5461-ab53-254d67a48ce5","LN14-2012-v1","2012-03-09","","KENYA-LAW-LN14-2012","https://new.kenyalaw.org/akn/ke/act/ln/2012/14/eng@2022-12-31","","","pending","Boundary description is legally referenced; machine-readable geometry has not yet passed CRS and topology validation."
"b8e82b0c-42fa-5016-8855-1fe9f27a1348","669c2d7f-6d4a-57a5-bc32-2590f82d9d10","LN14-2012-v1","2012-03-09","","KENYA-LAW-LN14-2012","https://new.kenyalaw.org/akn/ke/act/ln/2012/14/eng@2022-12-31","","","pending","Boundary description is legally referenced; machine-readable geometry has not yet passed CRS and topology validation."
"b580a221-68a9-5dba-9eca-efa6c1886494","ef2305e4-90cc-5bfb-b5ca-562c4f7bee5e","LN14-2012-v1","2012-03-09","","KENYA-LAW-LN14-2012","https://new.kenyalaw.org/akn/ke/act/ln/2012/14/eng@2022-12-31","","","pending","Boundary description is legally referenced; machine-readable geometry has not yet passed CRS and topology validation."
"8ac25fc9-4178-570f-ac17-8c0f97545cd1","7517aa5a-505a-5539-83c3-40258d959b36","LN14-2012-v1","2012-03-09","","KENYA-LAW-LN14-2012","https://new.kenyalaw.org/akn/ke/act/ln/2012/14/eng@2022-12-31","","","pending","Boundary description is legally referenced; machine-readable geometry has not yet passed CRS and topology validation."
"01f4e354-fabf-518c-a47b-a073eddb035f","cba13575-66ee-54c2-9906-c60e7c5b779b","LN14-2012-v1","2012-03-09","","KENYA-LAW-LN14-2012","https://new.kenyalaw.org/akn/ke/act/ln/2012/14/eng@2022-12-31","","","pending","Boundary description is legally referenced; machine-readable geometry has not yet passed CRS and topology validation."
"ad37af37-cba6-5436-9fda-fb16f367ec97","09b46523-2fb5-55c5-bd8e-ed16b605ce7f","LN14-2012-v1","2012-03-09","","KENYA-LAW-LN14-2012","https://new.kenyalaw.org/akn/ke/act/ln/2012/14/eng@2022-12-31","","","pending","Boundary description is legally referenced; machine-readable geometry has not yet passed CRS and topology validation."
"ded03666-e622-51af-b79a-ab3772188e1d","a7cc8f7d-238c-5469-8cdf-a6a85a189737","LN14-2012-v1","2012-03-09","","KENYA-LAW-LN14-2012","https://new.kenyalaw.org/akn/ke/act/ln/2012/14/eng@2022-12-31","","","pending","Boundary description is legally referenced; machine-readable geometry has not yet passed CRS and topology validation."
"ea1e5243-594f-528c-bba6-287ed659f339","1d168f9e-a89b-5f2f-bad4-09196fe68fec","LN14-2012-v1","2012-03-09","","KENYA-LAW-LN14-2012","https://new.kenyalaw.org/akn/ke/act/ln/2012/14/eng@2022-12-31","","","pending","Boundary description is legally referenced; machine-readable geometry has not yet passed CRS and topology validation."
"198ac74a-e1f7-5c27-ba9f-2406ccda83b8","0ad1b566-9705-5aac-a485-ccdf391d63a0","LN14-2012-v1","2012-03-09","","KENYA-LAW-LN14-2012","https://new.kenyalaw.org/akn/ke/act/ln/2012/14/eng@2022-12-31","","","pending","Boundary description is legally referenced; machine-readable geometry has not yet passed CRS and topology validation."
"53701acc-b4b2-5b4a-8833-ecd5ebfce920","538ebd36-1cd7-5263-ac55-7db409052194","LN14-2012-v1","2012-03-09","","KENYA-LAW-LN14-2012","https://new.kenyalaw.org/akn/ke/act/ln/2012/14/eng@2022-12-31","","","pending","Boundary description is legally referenced; machine-readable geometry has not yet passed CRS and topology validation."
"5e41879c-c8c6-5a33-8317-d52dbe76da7a","136c00a3-5a0d-5c48-8b81-c99afb372b95","LN14-2012-v1","2012-03-09","","KENYA-LAW-LN14-2012","https://new.kenyalaw.org/akn/ke/act/ln/2012/14/eng@2022-12-31","","","pending","Boundary description is legally referenced; machine-readable geometry has not yet passed CRS and topology validation."
"87c45d5c-bee9-5112-906c-aaf950f741cb","9521e2ac-6a45-5f24-bcf7-7a33c9d54996","LN14-2012-v1","2012-03-09","","KENYA-LAW-LN14-2012","https://new.kenyalaw.org/akn/ke/act/ln/2012/14/eng@2022-12-31","","","pending","Boundary description is legally referenced; machine-readable geometry has not yet passed CRS and topology validation."
"0076165b-b865-5599-9f22-8780bd49dc8a","4c5c61c6-cb18-56fa-a214-d267e394f02d","LN14-2012-v1","2012-03-09","","KENYA-LAW-LN14-2012","https://new.kenyalaw.org/akn/ke/act/ln/2012/14/eng@2022-12-31","","","pending","Boundary description is legally referenced; machine-readable geometry has not yet passed CRS and topology validation."
"f7acc690-a9b0-5da8-aa62-6840715de2f0","37fa7cba-3611-5f1d-899d-95aefe6c622d","LN14-2012-v1","2012-03-09","","KENYA-LAW-LN14-2012","https://new.kenyalaw.org/akn/ke/act/ln/2012/14/eng@2022-12-31","","","pending","Boundary description is legally referenced; machine-readable geometry has not yet passed CRS and topology validation."
"af0c440e-58be-5e6c-9c01-6d59b183fa44","3359bba9-a182-5106-a3f6-61d17b773e2b","LN14-2012-v1","2012-03-09","","KENYA-LAW-LN14-2012","https://new.kenyalaw.org/akn/ke/act/ln/2012/14/eng@2022-12-31","","","pending","Boundary description is legally referenced; machine-readable geometry has not yet passed CRS and topology validation."
"fc5ddd40-4170-5c5a-8c21-c0c671a1e94d","c9943452-aea6-5297-a0c8-0795e5c0c102","LN14-2012-v1","2012-03-09","","KENYA-LAW-LN14-2012","https://new.kenyalaw.org/akn/ke/act/ln/2012/14/eng@2022-12-31","","","pending","Boundary description is legally referenced; machine-readable geometry has not yet passed CRS and topology validation."
"eb3b2850-0bdc-5e36-be90-291d76572f59","1719f46f-9872-5ce5-940a-a43f7c8b9ae4","LN14-2012-v1","2012-03-09","","KENYA-LAW-LN14-2012","https://new.kenyalaw.org/akn/ke/act/ln/2012/14/eng@2022-12-31","","","pending","Boundary description is legally referenced; machine-readable geometry has not yet passed CRS and topology validation."
"109bb912-4157-5be2-b60a-a1ba5c0dcac3","4120e243-cf08-5344-9b41-23aee8ae477a","LN14-2012-v1","2012-03-09","","KENYA-LAW-LN14-2012","https://new.kenyalaw.org/akn/ke/act/ln/2012/14/eng@2022-12-31","","","pending","Boundary description is legally referenced; machine-readable geometry has not yet passed CRS and topology validation."
"b5213012-1694-5a69-b87e-cbcb9d651b8d","8b5ffb2e-fde0-5dda-9bc2-72209dcaf20d","LN14-2012-v1","2012-03-09","","KENYA-LAW-LN14-2012","https://new.kenyalaw.org/akn/ke/act/ln/2012/14/eng@2022-12-31","","","pending","Boundary description is legally referenced; machine-readable geometry has not yet passed CRS and topology validation."
"796f5b38-54a3-5f0e-ba07-897c465d4e72","ed2abe4a-897e-5336-bef7-e11becff0f0a","LN14-2012-v1","2012-03-09","","KENYA-LAW-LN14-2012","https://new.kenyalaw.org/akn/ke/act/ln/2012/14/eng@2022-12-31","","","pending","Boundary description is legally referenced; machine-readable geometry has not yet passed CRS and topology validation."
"35d925e8-8d3f-5f85-a8f5-d4dd7f77d255","c5a5d0bc-3a9f-5fa6-ba3e-c5b9abd29eb3","LN14-2012-v1","2012-03-09","","KENYA-LAW-LN14-2012","https://new.kenyalaw.org/akn/ke/act/ln/2012/14/eng@2022-12-31","","","pending","Boundary description is legally referenced; machine-readable geometry has not yet passed CRS and topology validation."
"dfc58f00-90d4-5d36-ac85-af05cb1024f5","280e1e16-109c-571b-b3e0-82dfc3dae992","LN14-2012-v1","2012-03-09","","KENYA-LAW-LN14-2012","https://new.kenyalaw.org/akn/ke/act/ln/2012/14/eng@2022-12-31","","","pending","Boundary description is legally referenced; machine-readable geometry has not yet passed CRS and topology validation."
"bbd43d05-dcee-5c76-b381-f48804b77e8a","778cccb7-bed2-56c3-a543-09f81b13d859","LN14-2012-v1","2012-03-09","","KENYA-LAW-LN14-2012","https://new.kenyalaw.org/akn/ke/act/ln/2012/14/eng@2022-12-31","","","pending","Boundary description is legally referenced; machine-readable geometry has not yet passed CRS and topology validation."
"2d07751d-f615-5a4f-a1c0-0cfc59a9d5ef","9292d11b-20fa-5195-af67-9601977b8bac","LN14-2012-v1","2012-03-09","","KENYA-LAW-LN14-2012","https://new.kenyalaw.org/akn/ke/act/ln/2012/14/eng@2022-12-31","","","pending","Boundary description is legally referenced; machine-readable geometry has not yet passed CRS and topology validation."
"8715ef61-fb37-5f41-a1bd-c54bcbe2f924","195a1862-65f9-5308-88c1-bc6552a0f471","LN14-2012-v1","2012-03-09","","KENYA-LAW-LN14-2012","https://new.kenyalaw.org/akn/ke/act/ln/2012/14/eng@2022-12-31","","","pending","Boundary description is legally referenced; machine-readable geometry has not yet passed CRS and topology validation."
"f8f172c4-7f8d-5df7-9092-be2e65098c04","6cd7ba86-5d80-5523-84b4-a918dc7afee1","LN14-2012-v1","2012-03-09","","KENYA-LAW-LN14-2012","https://new.kenyalaw.org/akn/ke/act/ln/2012/14/eng@2022-12-31","","","pending","Boundary description is legally referenced; machine-readable geometry has not yet passed CRS and topology validation."
"b8cb8617-9f57-56ad-8be5-1e8348a39f2d","ac1ae088-fb8b-5b50-abb6-f7ef6af38209","LN14-2012-v1","2012-03-09","","KENYA-LAW-LN14-2012","https://new.kenyalaw.org/akn/ke/act/ln/2012/14/eng@2022-12-31","","","pending","Boundary description is legally referenced; machine-readable geometry has not yet passed CRS and topology validation."
"2220cec6-35a4-5fda-a4b0-fe049a99ffa9","df900e23-25cf-5932-9671-6b39be047929","LN14-2012-v1","2012-03-09","","KENYA-LAW-LN14-2012","https://new.kenyalaw.org/akn/ke/act/ln/2012/14/eng@2022-12-31","","","pending","Boundary description is legally referenced; machine-readable geometry has not yet passed CRS and topology validation."
"4755c09e-07fb-569b-98ad-a17041c597c5","a8e55479-1b81-5778-891e-458f094b393f","LN14-2012-v1","2012-03-09","","KENYA-LAW-LN14-2012","https://new.kenyalaw.org/akn/ke/act/ln/2012/14/eng@2022-12-31","","","pending","Boundary description is legally referenced; machine-readable geometry has not yet passed CRS and topology validation."
"f7273cc3-bc20-5d88-b6f8-146814254592","8dcea636-b7b3-5756-98ee-2d01f9c20911","LN14-2012-v1","2012-03-09","","KENYA-LAW-LN14-2012","https://new.kenyalaw.org/akn/ke/act/ln/2012/14/eng@2022-12-31","","","pending","Boundary description is legally referenced; machine-readable geometry has not yet passed CRS and topology validation."
"15003e26-2e6f-511a-88f6-48496133ae36","409e34eb-dbf7-5188-af18-34481bb2c8b4","LN14-2012-v1","2012-03-09","","KENYA-LAW-LN14-2012","https://new.kenyalaw.org/akn/ke/act/ln/2012/14/eng@2022-12-31","","","pending","Boundary description is legally referenced; machine-readable geometry has not yet passed CRS and topology validation."
"89c7e8dc-a6e7-5127-99b4-ea64c708117e","3a60f103-ebfd-5807-b9bb-2554398983b3","LN14-2012-v1","2012-03-09","","KENYA-LAW-LN14-2012","https://new.kenyalaw.org/akn/ke/act/ln/2012/14/eng@2022-12-31","","","pending","Boundary description is legally referenced; machine-readable geometry has not yet passed CRS and topology validation."
"7b524703-fd98-52e3-8d65-41356b448c68","d11f7c61-70af-58ae-b2bf-6d6f1f233917","LN14-2012-v1","2012-03-09","","KENYA-LAW-LN14-2012","https://new.kenyalaw.org/akn/ke/act/ln/2012/14/eng@2022-12-31","","","pending","Boundary description is legally referenced; machine-readable geometry has not yet passed CRS and topology validation."
"8e3e4019-d993-5c75-94cc-43ec414b7911","2913bcc7-bb8b-5fef-99a2-fdee2f5798f5","LN14-2012-v1","2012-03-09","","KENYA-LAW-LN14-2012","https://new.kenyalaw.org/akn/ke/act/ln/2012/14/eng@2022-12-31","","","pending","Boundary description is legally referenced; machine-readable geometry has not yet passed CRS and topology validation."
"67e8a5ce-c743-5fe8-af44-47625ac986dd","5ac43a0a-7524-55bd-8f24-42d96e003fff","LN14-2012-v1","2012-03-09","","KENYA-LAW-LN14-2012","https://new.kenyalaw.org/akn/ke/act/ln/2012/14/eng@2022-12-31","","","pending","Boundary description is legally referenced; machine-readable geometry has not yet passed CRS and topology validation."
"045fb0b3-8400-5f97-8727-565413efab2d","b809bb68-1ae5-5ae2-b0d7-57b8c33beeda","LN14-2012-v1","2012-03-09","","KENYA-LAW-LN14-2012","https://new.kenyalaw.org/akn/ke/act/ln/2012/14/eng@2022-12-31","","","pending","Boundary description is legally referenced; machine-readable geometry has not yet passed CRS and topology validation."
"da4df4b7-0c92-5199-ae1e-48c3b021d000","f4dc6a18-b474-5f76-a64f-f59c927f1d20","LN14-2012-v1","2012-03-09","","KENYA-LAW-LN14-2012","https://new.kenyalaw.org/akn/ke/act/ln/2012/14/eng@2022-12-31","","","pending","Boundary description is legally referenced; machine-readable geometry has not yet passed CRS and topology validation."
"0b83621d-9370-5bcd-b1b9-4d2c0150d2a2","9a1761c5-4a4a-599b-b606-077b64436021","LN14-2012-v1","2012-03-09","","KENYA-LAW-LN14-2012","https://new.kenyalaw.org/akn/ke/act/ln/2012/14/eng@2022-12-31","","","pending","Boundary description is legally referenced; machine-readable geometry has not yet passed CRS and topology validation."
"22f50194-29cf-5440-9c39-1f7c8227ae4b","10582ad2-5cd0-54b1-a538-331af49812d3","LN14-2012-v1","2012-03-09","","KENYA-LAW-LN14-2012","https://new.kenyalaw.org/akn/ke/act/ln/2012/14/eng@2022-12-31","","","pending","Boundary description is legally referenced; machine-readable geometry has not yet passed CRS and topology validation."
"d6def9f5-ec45-55fe-9e55-fe31c786f464","f3a5b656-66f0-53db-af93-c1b4e73ff23f","LN14-2012-v1","2012-03-09","","KENYA-LAW-LN14-2012","https://new.kenyalaw.org/akn/ke/act/ln/2012/14/eng@2022-12-31","","","pending","Boundary description is legally referenced; machine-readable geometry has not yet passed CRS and topology validation."
"99682885-da98-5533-9578-9d80e8df26c8","ca3e8db8-e595-56fa-a009-407b07578732","LN14-2012-v1","2012-03-09","","KENYA-LAW-LN14-2012","https://new.kenyalaw.org/akn/ke/act/ln/2012/14/eng@2022-12-31","","","pending","Boundary description is legally referenced; machine-readable geometry has not yet passed CRS and topology validation."
"12dbc57f-ab4b-5b1c-822c-aa57ac6ef817","72c3b5cd-ece5-504b-8a9d-87452cbd7601","LN14-2012-v1","2012-03-09","","KENYA-LAW-LN14-2012","https://new.kenyalaw.org/akn/ke/act/ln/2012/14/eng@2022-12-31","","","pending","Boundary description is legally referenced; machine-readable geometry has not yet passed CRS and topology validation."
"d1a95cc1-e4f7-59ef-8c22-b1ae3970fa4d","168eeca0-af07-5cc5-9cfd-6658b23c54b6","LN14-2012-v1","2012-03-09","","KENYA-LAW-LN14-2012","https://new.kenyalaw.org/akn/ke/act/ln/2012/14/eng@2022-12-31","","","pending","Boundary description is legally referenced; machine-readable geometry has not yet passed CRS and topology validation."
"6e27720d-29cc-5dd7-99dc-d8451f6a4809","93526b8e-8b3c-5a1c-9ad7-4dc1587c899e","LN14-2012-v1","2012-03-09","","KENYA-LAW-LN14-2012","https://new.kenyalaw.org/akn/ke/act/ln/2012/14/eng@2022-12-31","","","pending","Boundary description is legally referenced; machine-readable geometry has not yet passed CRS and topology validation."
"27fd293a-e112-51a2-8590-3ac028eafb75","d2b922e2-45d1-58b8-a30d-7364aebb41ca","LN14-2012-v1","2012-03-09","","KENYA-LAW-LN14-2012","https://new.kenyalaw.org/akn/ke/act/ln/2012/14/eng@2022-12-31","","","pending","Boundary description is legally referenced; machine-readable geometry has not yet passed CRS and topology validation."
"36943f81-c454-57f9-b26f-5f42f02fb3c3","ed8a8528-ce95-58bb-bcd3-1beecb233810","LN14-2012-v1","2012-03-09","","KENYA-LAW-LN14-2012","https://new.kenyalaw.org/akn/ke/act/ln/2012/14/eng@2022-12-31","","","pending","Boundary description is legally referenced; machine-readable geometry has not yet passed CRS and topology validation."
"766fb1a0-af4b-5f12-9101-6692b11ccefa","06657c29-fe32-50b3-b37e-bc87ecdc3580","LN14-2012-v1","2012-03-09","","KENYA-LAW-LN14-2012","https://new.kenyalaw.org/akn/ke/act/ln/2012/14/eng@2022-12-31","","","pending","Boundary description is legally referenced; machine-readable geometry has not yet passed CRS and topology validation."
"3d8447f8-9893-55e4-9428-0042f882d505","bf82544d-f32a-5b14-bef5-8d9be8e1a05c","LN14-2012-v1","2012-03-09","","KENYA-LAW-LN14-2012","https://new.kenyalaw.org/akn/ke/act/ln/2012/14/eng@2022-12-31","","","pending","Boundary description is legally referenced; machine-readable geometry has not yet passed CRS and topology validation."
"24f4e586-f97f-506d-937b-f9334b41f592","fab5726b-0cb3-582a-8c3a-d6a036a9403a","LN14-2012-v1","2012-03-09","","KENYA-LAW-LN14-2012","https://new.kenyalaw.org/akn/ke/act/ln/2012/14/eng@2022-12-31","","","pending","Boundary description is legally referenced; machine-readable geometry has not yet passed CRS and topology validation."
"9a26f6a7-6464-555a-a913-c3dd647ba923","61b6f60e-c3c1-5e73-9b6c-04ca3e66efa1","LN14-2012-v1","2012-03-09","","KENYA-LAW-LN14-2012","https://new.kenyalaw.org/akn/ke/act/ln/2012/14/eng@2022-12-31","","","pending","Boundary description is legally referenced; machine-readable geometry has not yet passed CRS and topology validation."
"138867af-d8e7-57f7-86bd-7a78c729caec","4e88749e-4329-58b6-916f-7e2f9c0b869c","LN14-2012-v1","2012-03-09","","KENYA-LAW-LN14-2012","https://new.kenyalaw.org/akn/ke/act/ln/2012/14/eng@2022-12-31","","","pending","Boundary description is legally referenced; machine-readable geometry has not yet passed CRS and topology validation."
"013e2381-2131-54d0-b809-9da7fb93ee48","1cc90820-14dd-564e-9cb3-2d71b83a89c6","LN14-2012-v1","2012-03-09","","KENYA-LAW-LN14-2012","https://new.kenyalaw.org/akn/ke/act/ln/2012/14/eng@2022-12-31","","","pending","Boundary description is legally referenced; machine-readable geometry has not yet passed CRS and topology validation."
"19d1b25a-3a22-5c46-a06e-a19c3748381d","910c5634-b9d5-5b0a-be64-852ea58901aa","LN14-2012-v1","2012-03-09","","KENYA-LAW-LN14-2012","https://new.kenyalaw.org/akn/ke/act/ln/2012/14/eng@2022-12-31","","","pending","Boundary description is legally referenced; machine-readable geometry has not yet passed CRS and topology validation."
"ec22a9e6-ced3-53d1-8355-568d0dff6c19","c21848ef-a309-515c-b42c-cf91d022f932","LN14-2012-v1","2012-03-09","","KENYA-LAW-LN14-2012","https://new.kenyalaw.org/akn/ke/act/ln/2012/14/eng@2022-12-31","","","pending","Boundary description is legally referenced; machine-readable geometry has not yet passed CRS and topology validation."
"44f34432-f5cd-5690-a4b7-b84071076a40","3d6915d1-cac9-5be8-9628-162b6ac437f5","LN14-2012-v1","2012-03-09","","KENYA-LAW-LN14-2012","https://new.kenyalaw.org/akn/ke/act/ln/2012/14/eng@2022-12-31","","","pending","Boundary description is legally referenced; machine-readable geometry has not yet passed CRS and topology validation."
"c0d96c8d-5e0c-5e31-be37-50628ffbea73","36680ac5-1afb-574f-af73-712fc2c101c6","LN14-2012-v1","2012-03-09","","KENYA-LAW-LN14-2012","https://new.kenyalaw.org/akn/ke/act/ln/2012/14/eng@2022-12-31","","","pending","Boundary description is legally referenced; machine-readable geometry has not yet passed CRS and topology validation."
"cea24c60-1a14-5145-ba4c-40ae71a6e011","7d092348-01bb-5f73-8bb8-b47df9589ed7","LN14-2012-v1","2012-03-09","","KENYA-LAW-LN14-2012","https://new.kenyalaw.org/akn/ke/act/ln/2012/14/eng@2022-12-31","","","pending","Boundary description is legally referenced; machine-readable geometry has not yet passed CRS and topology validation."
"d80a3f3a-3d3a-53f7-9267-3b46ef2366dc","bd2d34a8-6109-56af-8392-aa2a15f08f22","LN14-2012-v1","2012-03-09","","KENYA-LAW-LN14-2012","https://new.kenyalaw.org/akn/ke/act/ln/2012/14/eng@2022-12-31","","","pending","Boundary description is legally referenced; machine-readable geometry has not yet passed CRS and topology validation."
"fec06b83-d3a5-5c35-ad30-eee01385ddae","90301b6e-6eb0-58db-b1a1-68e7109c0de8","LN14-2012-v1","2012-03-09","","KENYA-LAW-LN14-2012","https://new.kenyalaw.org/akn/ke/act/ln/2012/14/eng@2022-12-31","","","pending","Boundary description is legally referenced; machine-readable geometry has not yet passed CRS and topology validation."
"8fc6827c-a08f-5c7c-9337-7b86214edbc7","33df1d69-2189-532c-b394-06431ec38b6d","LN14-2012-v1","2012-03-09","","KENYA-LAW-LN14-2012","https://new.kenyalaw.org/akn/ke/act/ln/2012/14/eng@2022-12-31","","","pending","Boundary description is legally referenced; machine-readable geometry has not yet passed CRS and topology validation."
"e9900d1e-5f87-5bf9-b597-b199420f1a4c","74c5a239-905d-5304-be5e-50439deff581","LN14-2012-v1","2012-03-09","","KENYA-LAW-LN14-2012","https://new.kenyalaw.org/akn/ke/act/ln/2012/14/eng@2022-12-31","","","pending","Boundary description is legally referenced; machine-readable geometry has not yet passed CRS and topology validation."
"38f03423-a519-5f1d-a240-f7decb842a7a","e3c9e34e-2e8c-5274-8d60-4a6b4b9cf7ff","LN14-2012-v1","2012-03-09","","KENYA-LAW-LN14-2012","https://new.kenyalaw.org/akn/ke/act/ln/2012/14/eng@2022-12-31","","","pending","Boundary description is legally referenced; machine-readable geometry has not yet passed CRS and topology validation."
"b4e5b531-7827-5ddb-852f-ed957c823673","7aaa0585-fa69-5e3a-80f2-8eebd38ac542","LN14-2012-v1","2012-03-09","","KENYA-LAW-LN14-2012","https://new.kenyalaw.org/akn/ke/act/ln/2012/14/eng@2022-12-31","","","pending","Boundary description is legally referenced; machine-readable geometry has not yet passed CRS and topology validation."
"303087a5-ecbd-5756-bb2f-b27e9863d0b1","7b588c65-ac80-5a5e-88fb-76339a7c04df","LN14-2012-v1","2012-03-09","","KENYA-LAW-LN14-2012","https://new.kenyalaw.org/akn/ke/act/ln/2012/14/eng@2022-12-31","","","pending","Boundary description is legally referenced; machine-readable geometry has not yet passed CRS and topology validation."
"976ccc86-88e6-501e-b9f5-5dc705169196","3ac795a4-4a47-5c71-8f46-53cfe84f1087","LN14-2012-v1","2012-03-09","","KENYA-LAW-LN14-2012","https://new.kenyalaw.org/akn/ke/act/ln/2012/14/eng@2022-12-31","","","pending","Boundary description is legally referenced; machine-readable geometry has not yet passed CRS and topology validation."
"07fefae2-a015-569f-8608-dd7e6762ebd7","0a07d101-3108-51b0-a47d-807f29f8120c","LN14-2012-v1","2012-03-09","","KENYA-LAW-LN14-2012","https://new.kenyalaw.org/akn/ke/act/ln/2012/14/eng@2022-12-31","","","pending","Boundary description is legally referenced; machine-readable geometry has not yet passed CRS and topology validation."
"8f66cf3b-ce68-50ae-8ff7-b70bc829755d","33d05cc4-c40f-51c5-acd9-8bb6de1d07f8","LN14-2012-v1","2012-03-09","","KENYA-LAW-LN14-2012","https://new.kenyalaw.org/akn/ke/act/ln/2012/14/eng@2022-12-31","","","pending","Boundary description is legally referenced; machine-readable geometry has not yet passed CRS and topology validation."
"2aa0c900-c93a-5adb-a3d6-9882f84f4757","e8fc928f-fd15-5520-80b1-c25e30a5a8f0","LN14-2012-v1","2012-03-09","","KENYA-LAW-LN14-2012","https://new.kenyalaw.org/akn/ke/act/ln/2012/14/eng@2022-12-31","","","pending","Boundary description is legally referenced; machine-readable geometry has not yet passed CRS and topology validation."
"dced32a6-9c7f-58cf-ba5b-02a54ad64a81","f1152f7e-52ad-5ae9-af96-2f01ccd072a4","LN14-2012-v1","2012-03-09","","KENYA-LAW-LN14-2012","https://new.kenyalaw.org/akn/ke/act/ln/2012/14/eng@2022-12-31","","","pending","Boundary description is legally referenced; machine-readable geometry has not yet passed CRS and topology validation."
"5b3fc1d5-7757-55f9-8dc8-a9bccbbb81a5","1a4b28b4-fa61-5687-b518-3575a533e32b","LN14-2012-v1","2012-03-09","","KENYA-LAW-LN14-2012","https://new.kenyalaw.org/akn/ke/act/ln/2012/14/eng@2022-12-31","","","pending","Boundary description is legally referenced; machine-readable geometry has not yet passed CRS and topology validation."
"19990451-2315-569f-a7f6-8f719d67efbd","5ef2216a-5740-5bd2-b227-691cca41c77c","LN14-2012-v1","2012-03-09","","KENYA-LAW-LN14-2012","https://new.kenyalaw.org/akn/ke/act/ln/2012/14/eng@2022-12-31","","","pending","Boundary description is legally referenced; machine-readable geometry has not yet passed CRS and topology validation."
"b9ef4cec-fb40-5edb-8698-0063c96c8ad2","a01228a3-704a-5659-9e81-ff216fc9e9c1","LN14-2012-v1","2012-03-09","","KENYA-LAW-LN14-2012","https://new.kenyalaw.org/akn/ke/act/ln/2012/14/eng@2022-12-31","","","pending","Boundary description is legally referenced; machine-readable geometry has not yet passed CRS and topology validation."
"f033df51-b058-570a-9b5e-19b3782a5356","2454c959-938c-5196-a1e2-5bccff4957ad","LN14-2012-v1","2012-03-09","","KENYA-LAW-LN14-2012","https://new.kenyalaw.org/akn/ke/act/ln/2012/14/eng@2022-12-31","","","pending","Boundary description is legally referenced; machine-readable geometry has not yet passed CRS and topology validation."
"6a06ec6f-f46c-5b17-b5c1-ec256a6a088c","2b5a5016-2642-54b7-8f32-2ef1cc1a5871","LN14-2012-v1","2012-03-09","","KENYA-LAW-LN14-2012","https://new.kenyalaw.org/akn/ke/act/ln/2012/14/eng@2022-12-31","","","pending","Boundary description is legally referenced; machine-readable geometry has not yet passed CRS and topology validation."
"06fa1a47-8c5b-5a35-a01f-9b653f95f13c","3aac112a-d194-571b-bf23-e2c30ab5b9ab","LN14-2012-v1","2012-03-09","","KENYA-LAW-LN14-2012","https://new.kenyalaw.org/akn/ke/act/ln/2012/14/eng@2022-12-31","","","pending","Boundary description is legally referenced; machine-readable geometry has not yet passed CRS and topology validation."
"d1ca6466-880a-5ae3-bdae-e1fab625442f","6bbc9a44-0938-54b1-87e4-217f80e38616","LN14-2012-v1","2012-03-09","","KENYA-LAW-LN14-2012","https://new.kenyalaw.org/akn/ke/act/ln/2012/14/eng@2022-12-31","","","pending","Boundary description is legally referenced; machine-readable geometry has not yet passed CRS and topology validation."
"deaefe50-616a-5b18-aa48-99c8e40b303b","a5438db4-23bc-5717-a3f6-fee49036e20f","LN14-2012-v1","2012-03-09","","KENYA-LAW-LN14-2012","https://new.kenyalaw.org/akn/ke/act/ln/2012/14/eng@2022-12-31","","","pending","Boundary description is legally referenced; machine-readable geometry has not yet passed CRS and topology validation."
"4c166ff5-efeb-5586-827b-0ab376eb75d9","aa0caea0-a3bc-53a2-920e-f740ddece5a6","LN14-2012-v1","2012-03-09","","KENYA-LAW-LN14-2012","https://new.kenyalaw.org/akn/ke/act/ln/2012/14/eng@2022-12-31","","","pending","Boundary description is legally referenced; machine-readable geometry has not yet passed CRS and topology validation."
"ccbf6cc6-7782-5cd3-bfa2-913640c2bea2","574d4d76-b07e-5078-b5ed-d9d4bc737d1d","LN14-2012-v1","2012-03-09","","KENYA-LAW-LN14-2012","https://new.kenyalaw.org/akn/ke/act/ln/2012/14/eng@2022-12-31","","","pending","Boundary description is legally referenced; machine-readable geometry has not yet passed CRS and topology validation."
"4de26a48-ac03-59f9-a234-2ba902cfff14","24d029c9-a51b-5134-8ac4-980ece0a4d81","LN14-2012-v1","2012-03-09","","KENYA-LAW-LN14-2012","https://new.kenyalaw.org/akn/ke/act/ln/2012/14/eng@2022-12-31","","","pending","Boundary description is legally referenced; machine-readable geometry has not yet passed CRS and topology validation."
"66a6ed5f-2591-5c1a-b66a-cf90c1b2830c","d3bb994b-5233-574d-95b5-1095fa5ebfcd","LN14-2012-v1","2012-03-09","","KENYA-LAW-LN14-2012","https://new.kenyalaw.org/akn/ke/act/ln/2012/14/eng@2022-12-31","","","pending","Boundary description is legally referenced; machine-readable geometry has not yet passed CRS and topology validation."
"ba19417e-b710-581d-915a-2b993bea896a","9c7cf939-8deb-536b-a76c-aac0cd8e9984","LN14-2012-v1","2012-03-09","","KENYA-LAW-LN14-2012","https://new.kenyalaw.org/akn/ke/act/ln/2012/14/eng@2022-12-31","","","pending","Boundary description is legally referenced; machine-readable geometry has not yet passed CRS and topology validation."
"b44151ed-a14a-519a-8d48-82a14099593a","8a6ff3d4-33b9-5b85-9b73-55d8a405de7d","LN14-2012-v1","2012-03-09","","KENYA-LAW-LN14-2012","https://new.kenyalaw.org/akn/ke/act/ln/2012/14/eng@2022-12-31","","","pending","Boundary description is legally referenced; machine-readable geometry has not yet passed CRS and topology validation."
"f424fdc2-9c5f-5672-b705-537e4ab6cc83","54e54e54-70f8-548b-b1c8-64a0e0f1b5a1","LN14-2012-v1","2012-03-09","","KENYA-LAW-LN14-2012","https://new.kenyalaw.org/akn/ke/act/ln/2012/14/eng@2022-12-31","","","pending","Boundary description is legally referenced; machine-readable geometry has not yet passed CRS and topology validation."
"3b44a976-55d7-54f4-81d8-88a88d0dd301","4f53ec59-db6a-566e-8c3d-b7e45fb96f10","LN14-2012-v1","2012-03-09","","KENYA-LAW-LN14-2012","https://new.kenyalaw.org/akn/ke/act/ln/2012/14/eng@2022-12-31","","","pending","Boundary description is legally referenced; machine-readable geometry has not yet passed CRS and topology validation."
"c22fd19d-53ea-52ee-92bc-8afe5c517fc9","9b7f88ee-7b51-5dd0-9fa9-f8623c5a40fa","LN14-2012-v1","2012-03-09","","KENYA-LAW-LN14-2012","https://new.kenyalaw.org/akn/ke/act/ln/2012/14/eng@2022-12-31","","","pending","Boundary description is legally referenced; machine-readable geometry has not yet passed CRS and topology validation."
"ff9ae08e-2c66-5562-b138-9c6f98e831eb","45db7b54-721a-599e-9c97-5ba593fe8241","LN14-2012-v1","2012-03-09","","KENYA-LAW-LN14-2012","https://new.kenyalaw.org/akn/ke/act/ln/2012/14/eng@2022-12-31","","","pending","Boundary description is legally referenced; machine-readable geometry has not yet passed CRS and topology validation."
"0768b5d1-0e54-5c5a-854f-de8faa217263","c5b9c816-256e-53f0-a649-49c09badea88","LN14-2012-v1","2012-03-09","","KENYA-LAW-LN14-2012","https://new.kenyalaw.org/akn/ke/act/ln/2012/14/eng@2022-12-31","","","pending","Boundary description is legally referenced; machine-readable geometry has not yet passed CRS and topology validation."
"07127d30-b948-51ba-bd84-bea65a750cf5","eff295b2-512b-5faf-b3dc-8f4b328c5cfa","LN14-2012-v1","2012-03-09","","KENYA-LAW-LN14-2012","https://new.kenyalaw.org/akn/ke/act/ln/2012/14/eng@2022-12-31","","","pending","Boundary description is legally referenced; machine-readable geometry has not yet passed CRS and topology validation."
"cfc50419-1845-5604-b0b7-295a0c842a25","40523adc-6848-5aac-b3d6-39f1fdb6b9ed","LN14-2012-v1","2012-03-09","","KENYA-LAW-LN14-2012","https://new.kenyalaw.org/akn/ke/act/ln/2012/14/eng@2022-12-31","","","pending","Boundary description is legally referenced; machine-readable geometry has not yet passed CRS and topology validation."
"ebc250c5-6977-553a-8a5a-623cda3a4249","2cb11569-ea94-54c2-b244-d8b472c7967e","LN14-2012-v1","2012-03-09","","KENYA-LAW-LN14-2012","https://new.kenyalaw.org/akn/ke/act/ln/2012/14/eng@2022-12-31","","","pending","Boundary description is legally referenced; machine-readable geometry has not yet passed CRS and topology validation."
"002e2468-813d-50d6-98f2-08baf58ff87c","319a0629-e354-57c3-91b0-f66c1615f1c3","LN14-2012-v1","2012-03-09","","KENYA-LAW-LN14-2012","https://new.kenyalaw.org/akn/ke/act/ln/2012/14/eng@2022-12-31","","","pending","Boundary description is legally referenced; machine-readable geometry has not yet passed CRS and topology validation."
"442877e7-d3aa-5d88-8540-d00ff10bb97e","04eaf587-ef92-50a3-9734-0a1a38e276ca","LN14-2012-v1","2012-03-09","","KENYA-LAW-LN14-2012","https://new.kenyalaw.org/akn/ke/act/ln/2012/14/eng@2022-12-31","","","pending","Boundary description is legally referenced; machine-readable geometry has not yet passed CRS and topology validation."
"74008000-c8e2-5bdd-aea6-d023bea0f2c1","0bd1ea44-a540-584f-9da2-a67d8ca8d57a","LN14-2012-v1","2012-03-09","","KENYA-LAW-LN14-2012","https://new.kenyalaw.org/akn/ke/act/ln/2012/14/eng@2022-12-31","","","pending","Boundary description is legally referenced; machine-readable geometry has not yet passed CRS and topology validation."
"3c2388cb-e736-591e-8eb2-cba1e51eb3ba","cceebc2f-ff47-5be9-869e-67ef2d680d4a","LN14-2012-v1","2012-03-09","","KENYA-LAW-LN14-2012","https://new.kenyalaw.org/akn/ke/act/ln/2012/14/eng@2022-12-31","","","pending","Boundary description is legally referenced; machine-readable geometry has not yet passed CRS and topology validation."
"fb1d4c40-f1c8-503c-8967-4b057b7eadac","3ddfb630-72aa-5d83-8e0f-26d9d94e9544","LN14-2012-v1","2012-03-09","","KENYA-LAW-LN14-2012","https://new.kenyalaw.org/akn/ke/act/ln/2012/14/eng@2022-12-31","","","pending","Boundary description is legally referenced; machine-readable geometry has not yet passed CRS and topology validation."
"258ae1b6-0c1e-5be2-bb65-62898c00d2e1","5dbf02a2-30ac-591e-8f83-5132f8182b9a","LN14-2012-v1","2012-03-09","","KENYA-LAW-LN14-2012","https://new.kenyalaw.org/akn/ke/act/ln/2012/14/eng@2022-12-31","","","pending","Boundary description is legally referenced; machine-readable geometry has not yet passed CRS and topology validation."
"78db44ed-3405-5d45-82a8-0b34b597ac7f","ca304b9d-4609-562f-b653-4d6cdaea905d","LN14-2012-v1","2012-03-09","","KENYA-LAW-LN14-2012","https://new.kenyalaw.org/akn/ke/act/ln/2012/14/eng@2022-12-31","","","pending","Boundary description is legally referenced; machine-readable geometry has not yet passed CRS and topology validation."
"1a5704f0-7097-5aa0-8b9c-56cd5834613a","123afce4-fdc4-5b20-8d9c-448edb04a4ab","LN14-2012-v1","2012-03-09","","KENYA-LAW-LN14-2012","https://new.kenyalaw.org/akn/ke/act/ln/2012/14/eng@2022-12-31","","","pending","Boundary description is legally referenced; machine-readable geometry has not yet passed CRS and topology validation."
"7eaec436-c869-58be-8004-50cea9e40b8b","84f6825f-ef73-5f7a-af58-d49accefb092","LN14-2012-v1","2012-03-09","","KENYA-LAW-LN14-2012","https://new.kenyalaw.org/akn/ke/act/ln/2012/14/eng@2022-12-31","","","pending","Boundary description is legally referenced; machine-readable geometry has not yet passed CRS and topology validation."
"bfb68a9c-183f-5257-b8d5-423230d55834","55632580-622d-5a4a-bf60-f3324414b0c5","LN14-2012-v1","2012-03-09","","KENYA-LAW-LN14-2012","https://new.kenyalaw.org/akn/ke/act/ln/2012/14/eng@2022-12-31","","","pending","Boundary description is legally referenced; machine-readable geometry has not yet passed CRS and topology validation."
"70589e36-70f1-5a2c-ae7d-d618c9333f73","9ba576cc-af4c-56eb-ab25-177d22778d35","LN14-2012-v1","2012-03-09","","KENYA-LAW-LN14-2012","https://new.kenyalaw.org/akn/ke/act/ln/2012/14/eng@2022-12-31","","","pending","Boundary description is legally referenced; machine-readable geometry has not yet passed CRS and topology validation."
"ccee6c37-ef8e-5b54-ae0c-7fff85a52664","e945773a-f122-5625-b88c-d1631796bcf3","LN14-2012-v1","2012-03-09","","KENYA-LAW-LN14-2012","https://new.kenyalaw.org/akn/ke/act/ln/2012/14/eng@2022-12-31","","","pending","Boundary description is legally referenced; machine-readable geometry has not yet passed CRS and topology validation."
"621c7910-853a-57d8-94a6-606f4f49b031","0d5b554e-5ae4-5f44-843a-6f0cdf973469","LN14-2012-v1","2012-03-09","","KENYA-LAW-LN14-2012","https://new.kenyalaw.org/akn/ke/act/ln/2012/14/eng@2022-12-31","","","pending","Boundary description is legally referenced; machine-readable geometry has not yet passed CRS and topology validation."
"de1a6c38-d228-5e88-80f1-a4c78dd73cd2","b441785e-f998-54f1-804f-1002598b7619","LN14-2012-v1","2012-03-09","","KENYA-LAW-LN14-2012","https://new.kenyalaw.org/akn/ke/act/ln/2012/14/eng@2022-12-31","","","pending","Boundary description is legally referenced; machine-readable geometry has not yet passed CRS and topology validation."
"b50697a5-748d-504c-be90-6e8a568d0f6e","618cd45c-ad21-55ad-94b4-6ced0ab79eeb","LN14-2012-v1","2012-03-09","","KENYA-LAW-LN14-2012","https://new.kenyalaw.org/akn/ke/act/ln/2012/14/eng@2022-12-31","","","pending","Boundary description is legally referenced; machine-readable geometry has not yet passed CRS and topology validation."
"318534d0-0f01-5c24-bf39-4e7515bcc20f","dbc175fd-b773-591d-a133-a29e1faa2757","LN14-2012-v1","2012-03-09","","KENYA-LAW-LN14-2012","https://new.kenyalaw.org/akn/ke/act/ln/2012/14/eng@2022-12-31","","","pending","Boundary description is legally referenced; machine-readable geometry has not yet passed CRS and topology validation."
"d5ad35df-b4c3-5593-ab58-362eabecc652","8be40247-a306-5119-8de2-cff2bcd6b254","LN14-2012-v1","2012-03-09","","KENYA-LAW-LN14-2012","https://new.kenyalaw.org/akn/ke/act/ln/2012/14/eng@2022-12-31","","","pending","Boundary description is legally referenced; machine-readable geometry has not yet passed CRS and topology validation."
"5c8cc8c6-d6f8-59ba-8bcb-f0ebe870ed45","1d961b1f-837b-53ea-a64b-b48854290510","LN14-2012-v1","2012-03-09","","KENYA-LAW-LN14-2012","https://new.kenyalaw.org/akn/ke/act/ln/2012/14/eng@2022-12-31","","","pending","Boundary description is legally referenced; machine-readable geometry has not yet passed CRS and topology validation."
"da4548d4-ff4d-5094-8d6b-1a1db6b70fb6","1e78947f-2e4a-5eeb-8922-7aeccfcd89a4","LN14-2012-v1","2012-03-09","","KENYA-LAW-LN14-2012","https://new.kenyalaw.org/akn/ke/act/ln/2012/14/eng@2022-12-31","","","pending","Boundary description is legally referenced; machine-readable geometry has not yet passed CRS and topology validation."
"8653676d-a7fe-59a9-ad6b-7a1bea66c691","3b39a803-ce18-5294-ab2d-1a5b9344a79a","LN14-2012-v1","2012-03-09","","KENYA-LAW-LN14-2012","https://new.kenyalaw.org/akn/ke/act/ln/2012/14/eng@2022-12-31","","","pending","Boundary description is legally referenced; machine-readable geometry has not yet passed CRS and topology validation."
"7652fb16-291a-5a1d-9bab-42f56b3d6306","7e90788a-94d9-55fe-9a99-72bf63335c0d","LN14-2012-v1","2012-03-09","","KENYA-LAW-LN14-2012","https://new.kenyalaw.org/akn/ke/act/ln/2012/14/eng@2022-12-31","","","pending","Boundary description is legally referenced; machine-readable geometry has not yet passed CRS and topology validation."
"85a69a6b-e669-5012-bf18-eced1fb241ff","10fb0cd8-94ec-56d8-a6df-c9a8c1ae4e9d","LN14-2012-v1","2012-03-09","","KENYA-LAW-LN14-2012","https://new.kenyalaw.org/akn/ke/act/ln/2012/14/eng@2022-12-31","","","pending","Boundary description is legally referenced; machine-readable geometry has not yet passed CRS and topology validation."
"6fcfe099-add7-5158-bd82-4d82d22ace01","081f48b2-a854-5ed8-bd30-fcedc115d49a","LN14-2012-v1","2012-03-09","","KENYA-LAW-LN14-2012","https://new.kenyalaw.org/akn/ke/act/ln/2012/14/eng@2022-12-31","","","pending","Boundary description is legally referenced; machine-readable geometry has not yet passed CRS and topology validation."
"5131a29c-c265-51de-8cc4-4994a2f9eefc","21050223-7ec5-5f14-8cc8-27eff584e4fa","LN14-2012-v1","2012-03-09","","KENYA-LAW-LN14-2012","https://new.kenyalaw.org/akn/ke/act/ln/2012/14/eng@2022-12-31","","","pending","Boundary description is legally referenced; machine-readable geometry has not yet passed CRS and topology validation."
"daa309fb-b07a-5d27-b0a4-693000cf2d0e","4da4baf7-0af2-5a97-9126-3d311293defb","LN14-2012-v1","2012-03-09","","KENYA-LAW-LN14-2012","https://new.kenyalaw.org/akn/ke/act/ln/2012/14/eng@2022-12-31","","","pending","Boundary description is legally referenced; machine-readable geometry has not yet passed CRS and topology validation."
"340a065b-5584-55d8-99dc-425db28f9649","9b7c2884-bdc4-57c5-ad3e-0e9a46f4911a","LN14-2012-v1","2012-03-09","","KENYA-LAW-LN14-2012","https://new.kenyalaw.org/akn/ke/act/ln/2012/14/eng@2022-12-31","","","pending","Boundary description is legally referenced; machine-readable geometry has not yet passed CRS and topology validation."
"315a7128-9ab6-5835-8620-b264052f3b1d","6c92492f-777c-5880-a98a-576e5ba8f90e","LN14-2012-v1","2012-03-09","","KENYA-LAW-LN14-2012","https://new.kenyalaw.org/akn/ke/act/ln/2012/14/eng@2022-12-31","","","pending","Boundary description is legally referenced; machine-readable geometry has not yet passed CRS and topology validation."
"e63bbc42-0272-51cd-9958-eb09924808aa","3d624c0e-682c-554b-88ae-299183890a88","LN14-2012-v1","2012-03-09","","KENYA-LAW-LN14-2012","https://new.kenyalaw.org/akn/ke/act/ln/2012/14/eng@2022-12-31","","","pending","Boundary description is legally referenced; machine-readable geometry has not yet passed CRS and topology validation."
"67a06c04-0d50-5115-9585-e7cd1b2feee9","1b75b3e5-ca8e-53ce-8887-6bebcc4c8cc5","LN14-2012-v1","2012-03-09","","KENYA-LAW-LN14-2012","https://new.kenyalaw.org/akn/ke/act/ln/2012/14/eng@2022-12-31","","","pending","Boundary description is legally referenced; machine-readable geometry has not yet passed CRS and topology validation."
"a86be84a-2421-5f90-a297-254059948ad3","89c1a6e3-be34-576d-81f5-76f9366dc830","LN14-2012-v1","2012-03-09","","KENYA-LAW-LN14-2012","https://new.kenyalaw.org/akn/ke/act/ln/2012/14/eng@2022-12-31","","","pending","Boundary description is legally referenced; machine-readable geometry has not yet passed CRS and topology validation."
"24659aa3-2ac3-5391-9cc9-46a9e07f7ffa","1b9d2073-7f35-55fc-b7e3-a63f867350d2","LN14-2012-v1","2012-03-09","","KENYA-LAW-LN14-2012","https://new.kenyalaw.org/akn/ke/act/ln/2012/14/eng@2022-12-31","","","pending","Boundary description is legally referenced; machine-readable geometry has not yet passed CRS and topology validation."
"2f868f55-1ea9-59ee-b1b0-80ef677d1661","310fa137-133d-50a7-9866-a944efe0e41e","LN14-2012-v1","2012-03-09","","KENYA-LAW-LN14-2012","https://new.kenyalaw.org/akn/ke/act/ln/2012/14/eng@2022-12-31","","","pending","Boundary description is legally referenced; machine-readable geometry has not yet passed CRS and topology validation."
"da98082a-8cdd-5486-a402-e23e2799b012","72fbec84-1803-57c2-a7bf-58e7e12cbc4f","LN14-2012-v1","2012-03-09","","KENYA-LAW-LN14-2012","https://new.kenyalaw.org/akn/ke/act/ln/2012/14/eng@2022-12-31","","","pending","Boundary description is legally referenced; machine-readable geometry has not yet passed CRS and topology validation."
"c44a45a5-a3be-598a-9734-7eebbcc01ba1","6bf232a3-5e45-59d0-836e-fd4e3e2694ad","LN14-2012-v1","2012-03-09","","KENYA-LAW-LN14-2012","https://new.kenyalaw.org/akn/ke/act/ln/2012/14/eng@2022-12-31","","","pending","Boundary description is legally referenced; machine-readable geometry has not yet passed CRS and topology validation."
"c7ae9816-7928-5193-9f8b-b49b268f1b9e","dcb53816-17ff-5b82-879f-873074158a27","LN14-2012-v1","2012-03-09","","KENYA-LAW-LN14-2012","https://new.kenyalaw.org/akn/ke/act/ln/2012/14/eng@2022-12-31","","","pending","Boundary description is legally referenced; machine-readable geometry has not yet passed CRS and topology validation."
"a5d052c6-0dd7-5de5-84a6-248bbd891861","caa76556-3256-52c4-a0d8-7f024a4e2b96","LN14-2012-v1","2012-03-09","","KENYA-LAW-LN14-2012","https://new.kenyalaw.org/akn/ke/act/ln/2012/14/eng@2022-12-31","","","pending","Boundary description is legally referenced; machine-readable geometry has not yet passed CRS and topology validation."
"bb4025e1-0f64-50a9-98e3-131121bb6e91","01d2f04d-5141-5c24-ad5a-8590c6c0427a","LN14-2012-v1","2012-03-09","","KENYA-LAW-LN14-2012","https://new.kenyalaw.org/akn/ke/act/ln/2012/14/eng@2022-12-31","","","pending","Boundary description is legally referenced; machine-readable geometry has not yet passed CRS and topology validation."
"1f5ce49a-636d-59c0-be44-fabb741dd865","87ad9e52-438e-58d6-be76-fcce0caa5646","LN14-2012-v1","2012-03-09","","KENYA-LAW-LN14-2012","https://new.kenyalaw.org/akn/ke/act/ln/2012/14/eng@2022-12-31","","","pending","Boundary description is legally referenced; machine-readable geometry has not yet passed CRS and topology validation."
"5c360c2b-f326-5619-941c-d7b0754d3a28","d31b5eb4-df87-5ee0-8b37-f6b1b719e2f7","LN14-2012-v1","2012-03-09","","KENYA-LAW-LN14-2012","https://new.kenyalaw.org/akn/ke/act/ln/2012/14/eng@2022-12-31","","","pending","Boundary description is legally referenced; machine-readable geometry has not yet passed CRS and topology validation."
"91fc513b-8b29-582a-a65b-c30bde7a248d","cec86685-bfa1-5015-a389-89f5e9af5321","LN14-2012-v1","2012-03-09","","KENYA-LAW-LN14-2012","https://new.kenyalaw.org/akn/ke/act/ln/2012/14/eng@2022-12-31","","","pending","Boundary description is legally referenced; machine-readable geometry has not yet passed CRS and topology validation."
"ec8a1b99-9ace-5148-b6b9-90ae353091f9","3576865a-cdc7-5b3e-8f0f-f34f3133047e","LN14-2012-v1","2012-03-09","","KENYA-LAW-LN14-2012","https://new.kenyalaw.org/akn/ke/act/ln/2012/14/eng@2022-12-31","","","pending","Boundary description is legally referenced; machine-readable geometry has not yet passed CRS and topology validation."
"496104ce-0f00-53bf-ac50-f310de32a8e5","702274c6-1d94-5c23-89a2-34cadcc1a295","LN14-2012-v1","2012-03-09","","KENYA-LAW-LN14-2012","https://new.kenyalaw.org/akn/ke/act/ln/2012/14/eng@2022-12-31","","","pending","Boundary description is legally referenced; machine-readable geometry has not yet passed CRS and topology validation."
"d65349d1-ec47-5992-b530-3f8e32e3d17c","8d7221fd-d47a-5577-8b4f-4d9898e204d6","LN14-2012-v1","2012-03-09","","KENYA-LAW-LN14-2012","https://new.kenyalaw.org/akn/ke/act/ln/2012/14/eng@2022-12-31","","","pending","Boundary description is legally referenced; machine-readable geometry has not yet passed CRS and topology validation."
"7cf03ae2-b378-569c-9d86-1bb03c8b9932","db37a855-ba5c-57ea-96ab-18d2d977f571","LN14-2012-v1","2012-03-09","","KENYA-LAW-LN14-2012","https://new.kenyalaw.org/akn/ke/act/ln/2012/14/eng@2022-12-31","","","pending","Boundary description is legally referenced; machine-readable geometry has not yet passed CRS and topology validation."
"11c2711c-8a73-5612-b5c4-30f507fff05d","9d5ac2f8-10cd-538e-8cb8-dff2b67689d6","LN14-2012-v1","2012-03-09","","KENYA-LAW-LN14-2012","https://new.kenyalaw.org/akn/ke/act/ln/2012/14/eng@2022-12-31","","","pending","Boundary description is legally referenced; machine-readable geometry has not yet passed CRS and topology validation."
"82e82f6e-cdc5-5fb3-adc0-a6e5a5ec2ebb","1bf64a47-ac9d-5c0d-bb14-eee772951f0c","LN14-2012-v1","2012-03-09","","KENYA-LAW-LN14-2012","https://new.kenyalaw.org/akn/ke/act/ln/2012/14/eng@2022-12-31","","","pending","Boundary description is legally referenced; machine-readable geometry has not yet passed CRS and topology validation."
"0ded56ca-a3ab-517d-b5a8-fe478bf39d2f","081fd295-f9bc-55b7-a1b2-29d3af145e9e","LN14-2012-v1","2012-03-09","","KENYA-LAW-LN14-2012","https://new.kenyalaw.org/akn/ke/act/ln/2012/14/eng@2022-12-31","","","pending","Boundary description is legally referenced; machine-readable geometry has not yet passed CRS and topology validation."
"ad1f5d52-1d83-51ab-b5d1-35e7e17531bc","4f5b8bde-7332-5500-b129-ed3655d86aa1","LN14-2012-v1","2012-03-09","","KENYA-LAW-LN14-2012","https://new.kenyalaw.org/akn/ke/act/ln/2012/14/eng@2022-12-31","","","pending","Boundary description is legally referenced; machine-readable geometry has not yet passed CRS and topology validation."
"557f3cdb-5d4e-5782-965f-a128bdadc6b3","c196d5f4-fb3d-5ff5-b4a0-129303ccfaca","LN14-2012-v1","2012-03-09","","KENYA-LAW-LN14-2012","https://new.kenyalaw.org/akn/ke/act/ln/2012/14/eng@2022-12-31","","","pending","Boundary description is legally referenced; machine-readable geometry has not yet passed CRS and topology validation."
"21912077-f513-5acb-8350-6d7fec49f133","34896f0a-e432-5b03-b6f2-00d52c5b4861","LN14-2012-v1","2012-03-09","","KENYA-LAW-LN14-2012","https://new.kenyalaw.org/akn/ke/act/ln/2012/14/eng@2022-12-31","","","pending","Boundary description is legally referenced; machine-readable geometry has not yet passed CRS and topology validation."
"10c073cc-5668-5ed6-bdf1-543d182edd80","0ac893ad-cd6e-5e23-908b-43b89bc3e16e","LN14-2012-v1","2012-03-09","","KENYA-LAW-LN14-2012","https://new.kenyalaw.org/akn/ke/act/ln/2012/14/eng@2022-12-31","","","pending","Boundary description is legally referenced; machine-readable geometry has not yet passed CRS and topology validation."
"7ed105f6-adc0-599e-b9e2-1fb48c9f7925","d383470b-fe78-5a15-b2f7-0109d6b51a37","LN14-2012-v1","2012-03-09","","KENYA-LAW-LN14-2012","https://new.kenyalaw.org/akn/ke/act/ln/2012/14/eng@2022-12-31","","","pending","Boundary description is legally referenced; machine-readable geometry has not yet passed CRS and topology validation."
"64890696-3f01-5257-a4f4-3a45c80b506b","2bb33dc7-0089-5458-98c2-f5f0c06f0964","LN14-2012-v1","2012-03-09","","KENYA-LAW-LN14-2012","https://new.kenyalaw.org/akn/ke/act/ln/2012/14/eng@2022-12-31","","","pending","Boundary description is legally referenced; machine-readable geometry has not yet passed CRS and topology validation."
"7682e790-b3ed-5f9b-8fa5-323b64c3614a","fac8df3e-a0e5-5e06-be49-f299a10e15e1","LN14-2012-v1","2012-03-09","","KENYA-LAW-LN14-2012","https://new.kenyalaw.org/akn/ke/act/ln/2012/14/eng@2022-12-31","","","pending","Boundary description is legally referenced; machine-readable geometry has not yet passed CRS and topology validation."
"0ce2c523-7046-51e0-8e7b-83f72d1911a8","40e11619-a153-569d-be61-039648071c6c","LN14-2012-v1","2012-03-09","","KENYA-LAW-LN14-2012","https://new.kenyalaw.org/akn/ke/act/ln/2012/14/eng@2022-12-31","","","pending","Boundary description is legally referenced; machine-readable geometry has not yet passed CRS and topology validation."
"54d67e20-41da-56cb-a234-c339cbf71732","2071ff9f-ae9e-5b6b-9d05-52b390dfb703","LN14-2012-v1","2012-03-09","","KENYA-LAW-LN14-2012","https://new.kenyalaw.org/akn/ke/act/ln/2012/14/eng@2022-12-31","","","pending","Boundary description is legally referenced; machine-readable geometry has not yet passed CRS and topology validation."
"dca24073-819f-5c9f-9c93-8bd0b65af993","1d641a1f-591b-54e6-b243-e08e33c88631","LN14-2012-v1","2012-03-09","","KENYA-LAW-LN14-2012","https://new.kenyalaw.org/akn/ke/act/ln/2012/14/eng@2022-12-31","","","pending","Boundary description is legally referenced; machine-readable geometry has not yet passed CRS and topology validation."
"7dc0b9b4-7929-5595-b25d-423438388c81","34bebfef-8d19-5224-a640-91dfe8e0de18","LN14-2012-v1","2012-03-09","","KENYA-LAW-LN14-2012","https://new.kenyalaw.org/akn/ke/act/ln/2012/14/eng@2022-12-31","","","pending","Boundary description is legally referenced; machine-readable geometry has not yet passed CRS and topology validation."
"af0e48cd-1847-58d0-9656-f122221c882c","259ccce4-0255-5eeb-9e94-6c4949d2dfbb","LN14-2012-v1","2012-03-09","","KENYA-LAW-LN14-2012","https://new.kenyalaw.org/akn/ke/act/ln/2012/14/eng@2022-12-31","","","pending","Boundary description is legally referenced; machine-readable geometry has not yet passed CRS and topology validation."
"56a4036f-634d-54a6-89b7-b3d7439f564d","1d7d4965-a553-5041-9249-5eb1f8cb381c","LN14-2012-v1","2012-03-09","","KENYA-LAW-LN14-2012","https://new.kenyalaw.org/akn/ke/act/ln/2012/14/eng@2022-12-31","","","pending","Boundary description is legally referenced; machine-readable geometry has not yet passed CRS and topology validation."
"3c644653-3555-56d6-b5fa-5290a5a40714","b2d98b87-f08b-5131-aef4-acdca49b98fc","LN14-2012-v1","2012-03-09","","KENYA-LAW-LN14-2012","https://new.kenyalaw.org/akn/ke/act/ln/2012/14/eng@2022-12-31","","","pending","Boundary description is legally referenced; machine-readable geometry has not yet passed CRS and topology validation."
"5101238e-2f07-57b9-9d44-2f78e7247ca8","b20053b9-657a-5924-b782-136d08bc89a3","LN14-2012-v1","2012-03-09","","KENYA-LAW-LN14-2012","https://new.kenyalaw.org/akn/ke/act/ln/2012/14/eng@2022-12-31","","","pending","Boundary description is legally referenced; machine-readable geometry has not yet passed CRS and topology validation."
"d68b327d-554b-5236-8da6-4448958c81af","d512ce1f-4e09-525c-8626-9f69f7c148c1","LN14-2012-v1","2012-03-09","","KENYA-LAW-LN14-2012","https://new.kenyalaw.org/akn/ke/act/ln/2012/14/eng@2022-12-31","","","pending","Boundary description is legally referenced; machine-readable geometry has not yet passed CRS and topology validation."
"195bbde6-a4d4-542e-8081-48a2495f8e37","8fd8fcbb-1941-5cef-a965-4051b0ba2e12","LN14-2012-v1","2012-03-09","","KENYA-LAW-LN14-2012","https://new.kenyalaw.org/akn/ke/act/ln/2012/14/eng@2022-12-31","","","pending","Boundary description is legally referenced; machine-readable geometry has not yet passed CRS and topology validation."
"f3ef51bb-74fa-515c-b6b5-bfaa74fac42a","43d5a403-e704-58f0-ad55-a3e31c3135b7","LN14-2012-v1","2012-03-09","","KENYA-LAW-LN14-2012","https://new.kenyalaw.org/akn/ke/act/ln/2012/14/eng@2022-12-31","","","pending","Boundary description is legally referenced; machine-readable geometry has not yet passed CRS and topology validation."
"9e3d708a-463f-5cd1-bd95-346ffd857356","1982fdae-656e-536c-949a-9df95fb50584","LN14-2012-v1","2012-03-09","","KENYA-LAW-LN14-2012","https://new.kenyalaw.org/akn/ke/act/ln/2012/14/eng@2022-12-31","","","pending","Boundary description is legally referenced; machine-readable geometry has not yet passed CRS and topology validation."
"d227bb10-9929-566d-8cac-7104f0178528","6c4579d2-c195-56f0-97b5-e038306fed5e","LN14-2012-v1","2012-03-09","","KENYA-LAW-LN14-2012","https://new.kenyalaw.org/akn/ke/act/ln/2012/14/eng@2022-12-31","","","pending","Boundary description is legally referenced; machine-readable geometry has not yet passed CRS and topology validation."
"86eb4b04-6fbf-5b6d-bd8b-391cc9fc3168","d710916c-3a32-5815-a93d-0728f3c3f2d1","LN14-2012-v1","2012-03-09","","KENYA-LAW-LN14-2012","https://new.kenyalaw.org/akn/ke/act/ln/2012/14/eng@2022-12-31","","","pending","Boundary description is legally referenced; machine-readable geometry has not yet passed CRS and topology validation."
"98dacb1f-d6b1-5549-b93e-6e6003b6eb1a","d91f7730-187f-54ea-99dc-72bf645f3bb3","LN14-2012-v1","2012-03-09","","KENYA-LAW-LN14-2012","https://new.kenyalaw.org/akn/ke/act/ln/2012/14/eng@2022-12-31","","","pending","Boundary description is legally referenced; machine-readable geometry has not yet passed CRS and topology validation."
"30918981-0bad-5307-8eb8-63392e3f4bd9","5da2b8f2-dc97-5e14-bb35-f4485b832311","LN14-2012-v1","2012-03-09","","KENYA-LAW-LN14-2012","https://new.kenyalaw.org/akn/ke/act/ln/2012/14/eng@2022-12-31","","","pending","Boundary description is legally referenced; machine-readable geometry has not yet passed CRS and topology validation."
"31707852-5791-58da-a2fd-5b4a1444419e","335178a9-aaee-572e-b6f0-d2e000102c5a","LN14-2012-v1","2012-03-09","","KENYA-LAW-LN14-2012","https://new.kenyalaw.org/akn/ke/act/ln/2012/14/eng@2022-12-31","","","pending","Boundary description is legally referenced; machine-readable geometry has not yet passed CRS and topology validation."
"497c2978-1cd5-5b9d-8702-bf8739d9afb7","4c26c661-4740-5569-a0ba-a4fc5f7b6356","LN14-2012-v1","2012-03-09","","KENYA-LAW-LN14-2012","https://new.kenyalaw.org/akn/ke/act/ln/2012/14/eng@2022-12-31","","","pending","Boundary description is legally referenced; machine-readable geometry has not yet passed CRS and topology validation."
"5148c788-c99c-5c38-9f37-d5e90c4f6585","7eb3d7ff-d6e8-55cf-a23b-dd60c04306a9","LN14-2012-v1","2012-03-09","","KENYA-LAW-LN14-2012","https://new.kenyalaw.org/akn/ke/act/ln/2012/14/eng@2022-12-31","","","pending","Boundary description is legally referenced; machine-readable geometry has not yet passed CRS and topology validation."
"f5a55672-8158-5128-adcf-6b16d71786ef","ac04431b-31ba-5022-bb2b-0e47fccc6ea8","LN14-2012-v1","2012-03-09","","KENYA-LAW-LN14-2012","https://new.kenyalaw.org/akn/ke/act/ln/2012/14/eng@2022-12-31","","","pending","Boundary description is legally referenced; machine-readable geometry has not yet passed CRS and topology validation."
"07ad40fe-2c10-5596-9f7c-f618e40e6ea8","01039267-a336-5461-ac38-3885c309cc3b","LN14-2012-v1","2012-03-09","","KENYA-LAW-LN14-2012","https://new.kenyalaw.org/akn/ke/act/ln/2012/14/eng@2022-12-31","","","pending","Boundary description is legally referenced; machine-readable geometry has not yet passed CRS and topology validation."
"92bfc638-aead-5966-829c-4433df179571","4233ef85-57dc-59e0-ba5b-6f451dd5063d","LN14-2012-v1","2012-03-09","","KENYA-LAW-LN14-2012","https://new.kenyalaw.org/akn/ke/act/ln/2012/14/eng@2022-12-31","","","pending","Boundary description is legally referenced; machine-readable geometry has not yet passed CRS and topology validation."
"dc377a2f-e8bb-54b0-9f69-dc021ad95c67","c7e017d8-4622-5b7b-b49b-63851ca6c844","LN14-2012-v1","2012-03-09","","KENYA-LAW-LN14-2012","https://new.kenyalaw.org/akn/ke/act/ln/2012/14/eng@2022-12-31","","","pending","Boundary description is legally referenced; machine-readable geometry has not yet passed CRS and topology validation."
"88ec23fa-b416-5eba-8ea6-d0d667cd01ac","501c2472-bf5a-554d-8a5e-04daefede651","LN14-2012-v1","2012-03-09","","KENYA-LAW-LN14-2012","https://new.kenyalaw.org/akn/ke/act/ln/2012/14/eng@2022-12-31","","","pending","Boundary description is legally referenced; machine-readable geometry has not yet passed CRS and topology validation."
"7bb5ca34-d43c-59d7-8478-64131a4d4eb0","581bbaea-42b2-51e5-a696-9e1d73f7f9f1","LN14-2012-v1","2012-03-09","","KENYA-LAW-LN14-2012","https://new.kenyalaw.org/akn/ke/act/ln/2012/14/eng@2022-12-31","","","pending","Boundary description is legally referenced; machine-readable geometry has not yet passed CRS and topology validation."
"bab488d5-2fb5-5e91-a027-8c9f071e97ce","8cf4b7f5-c01e-5707-beaf-20d2814778df","LN14-2012-v1","2012-03-09","","KENYA-LAW-LN14-2012","https://new.kenyalaw.org/akn/ke/act/ln/2012/14/eng@2022-12-31","","","pending","Boundary description is legally referenced; machine-readable geometry has not yet passed CRS and topology validation."
"cab4d062-945c-5842-8258-5643478e6048","ceb66230-e32d-505a-8783-6ac942c02e0e","LN14-2012-v1","2012-03-09","","KENYA-LAW-LN14-2012","https://new.kenyalaw.org/akn/ke/act/ln/2012/14/eng@2022-12-31","","","pending","Boundary description is legally referenced; machine-readable geometry has not yet passed CRS and topology validation."
"8c80642e-36f5-5193-9e7a-9903e06bec8f","7d3d76a4-3391-5b73-b301-3fce754669ba","LN14-2012-v1","2012-03-09","","KENYA-LAW-LN14-2012","https://new.kenyalaw.org/akn/ke/act/ln/2012/14/eng@2022-12-31","","","pending","Boundary description is legally referenced; machine-readable geometry has not yet passed CRS and topology validation."
"9f4ef499-78c6-5e0d-b01d-d8a744952934","cdb9c883-093d-5c5a-a596-c76a3545395c","LN14-2012-v1","2012-03-09","","KENYA-LAW-LN14-2012","https://new.kenyalaw.org/akn/ke/act/ln/2012/14/eng@2022-12-31","","","pending","Boundary description is legally referenced; machine-readable geometry has not yet passed CRS and topology validation."
"cfc8ebea-a94c-5268-9c73-a05baf705011","4ccb076e-4731-51a1-9f90-167314959c98","LN14-2012-v1","2012-03-09","","KENYA-LAW-LN14-2012","https://new.kenyalaw.org/akn/ke/act/ln/2012/14/eng@2022-12-31","","","pending","Boundary description is legally referenced; machine-readable geometry has not yet passed CRS and topology validation."
"61e83f29-ede5-5ed3-bbc5-6e491e6fc6dd","b1680afd-eab1-5857-8306-8a8ed49349b9","LN14-2012-v1","2012-03-09","","KENYA-LAW-LN14-2012","https://new.kenyalaw.org/akn/ke/act/ln/2012/14/eng@2022-12-31","","","pending","Boundary description is legally referenced; machine-readable geometry has not yet passed CRS and topology validation."
"79a8105a-caaa-5b01-8bdf-e91082fb0094","83a3d291-a040-500e-931d-3deb8c5bd8d8","LN14-2012-v1","2012-03-09","","KENYA-LAW-LN14-2012","https://new.kenyalaw.org/akn/ke/act/ln/2012/14/eng@2022-12-31","","","pending","Boundary description is legally referenced; machine-readable geometry has not yet passed CRS and topology validation."
"fc76d21a-b47f-5c5c-8d12-ad284f12d473","381f942e-60f8-5126-8cd0-a3b9362664c3","LN14-2012-v1","2012-03-09","","KENYA-LAW-LN14-2012","https://new.kenyalaw.org/akn/ke/act/ln/2012/14/eng@2022-12-31","","","pending","Boundary description is legally referenced; machine-readable geometry has not yet passed CRS and topology validation."
"a60f66cf-e275-51bd-830b-eca70efcff0b","00ffc6ac-0f86-575c-96f1-4bb2f19d4938","LN14-2012-v1","2012-03-09","","KENYA-LAW-LN14-2012","https://new.kenyalaw.org/akn/ke/act/ln/2012/14/eng@2022-12-31","","","pending","Boundary description is legally referenced; machine-readable geometry has not yet passed CRS and topology validation."
"8a244054-88f1-52f3-9578-10953150b773","32bfb12b-403e-5610-9a97-26de9d832977","LN14-2012-v1","2012-03-09","","KENYA-LAW-LN14-2012","https://new.kenyalaw.org/akn/ke/act/ln/2012/14/eng@2022-12-31","","","pending","Boundary description is legally referenced; machine-readable geometry has not yet passed CRS and topology validation."
"aea38f15-238b-5def-b4ef-44b3c021fb9b","1d4241ab-9112-563e-9cb4-5737b833f903","LN14-2012-v1","2012-03-09","","KENYA-LAW-LN14-2012","https://new.kenyalaw.org/akn/ke/act/ln/2012/14/eng@2022-12-31","","","pending","Boundary description is legally referenced; machine-readable geometry has not yet passed CRS and topology validation."
"09537ab1-6dc8-5d9b-833f-bdeefb642587","82c0f84f-6739-5c41-8e55-cd42e1c0007c","LN14-2012-v1","2012-03-09","","KENYA-LAW-LN14-2012","https://new.kenyalaw.org/akn/ke/act/ln/2012/14/eng@2022-12-31","","","pending","Boundary description is legally referenced; machine-readable geometry has not yet passed CRS and topology validation."
"509b1b95-456f-5579-bb5a-bfa0c862103a","12bd775f-aba9-506e-bc50-e71cb3bc023d","LN14-2012-v1","2012-03-09","","KENYA-LAW-LN14-2012","https://new.kenyalaw.org/akn/ke/act/ln/2012/14/eng@2022-12-31","","","pending","Boundary description is legally referenced; machine-readable geometry has not yet passed CRS and topology validation."
"cedbff57-a5e7-5a48-aed5-cd6eb2b230a2","3e615ed4-4c7c-50d9-ae32-8fa323ce25d3","LN14-2012-v1","2012-03-09","","KENYA-LAW-LN14-2012","https://new.kenyalaw.org/akn/ke/act/ln/2012/14/eng@2022-12-31","","","pending","Boundary description is legally referenced; machine-readable geometry has not yet passed CRS and topology validation."
"17e9f885-482a-5a71-af54-0e5385026219","2c679b58-ca1a-5c73-a38e-bd4448a818e0","LN14-2012-v1","2012-03-09","","KENYA-LAW-LN14-2012","https://new.kenyalaw.org/akn/ke/act/ln/2012/14/eng@2022-12-31","","","pending","Boundary description is legally referenced; machine-readable geometry has not yet passed CRS and topology validation."
"f88806b2-756a-5caf-bc36-428b22b47899","931a7ffb-2f11-5d25-808b-313b56721090","LN14-2012-v1","2012-03-09","","KENYA-LAW-LN14-2012","https://new.kenyalaw.org/akn/ke/act/ln/2012/14/eng@2022-12-31","","","pending","Boundary description is legally referenced; machine-readable geometry has not yet passed CRS and topology validation."
"4b05f6e5-879b-57cf-b7e5-da99fc990f28","8ae2de40-29da-5cce-bb78-c7a4c591ff66","LN14-2012-v1","2012-03-09","","KENYA-LAW-LN14-2012","https://new.kenyalaw.org/akn/ke/act/ln/2012/14/eng@2022-12-31","","","pending","Boundary description is legally referenced; machine-readable geometry has not yet passed CRS and topology validation."
"916db8e9-8f7c-5033-94ac-e2e7ec32c152","1319dabb-c650-5166-b4ca-78d06a2ca95b","LN14-2012-v1","2012-03-09","","KENYA-LAW-LN14-2012","https://new.kenyalaw.org/akn/ke/act/ln/2012/14/eng@2022-12-31","","","pending","Boundary description is legally referenced; machine-readable geometry has not yet passed CRS and topology validation."
"d5fc5d45-18e9-512c-8915-c9deb0764bf4","167c2713-bdf5-5e93-9176-2bd5a44f6a69","LN14-2012-v1","2012-03-09","","KENYA-LAW-LN14-2012","https://new.kenyalaw.org/akn/ke/act/ln/2012/14/eng@2022-12-31","","","pending","Boundary description is legally referenced; machine-readable geometry has not yet passed CRS and topology validation."
"a31e6c4c-03e0-57c5-ad23-831930bd1583","765680c3-1ee2-52c1-81c5-5195914f5115","LN14-2012-v1","2012-03-09","","KENYA-LAW-LN14-2012","https://new.kenyalaw.org/akn/ke/act/ln/2012/14/eng@2022-12-31","","","pending","Boundary description is legally referenced; machine-readable geometry has not yet passed CRS and topology validation."
"0c8b3171-0187-5000-8006-93449e3b5de6","90be15a5-2634-5bc0-b658-a83a96ea96d7","LN14-2012-v1","2012-03-09","","KENYA-LAW-LN14-2012","https://new.kenyalaw.org/akn/ke/act/ln/2012/14/eng@2022-12-31","","","pending","Boundary description is legally referenced; machine-readable geometry has not yet passed CRS and topology validation."
"963b7ace-8434-5103-b492-d527337903b0","2eee4e3b-27e4-581a-ba44-f212212455b8","LN14-2012-v1","2012-03-09","","KENYA-LAW-LN14-2012","https://new.kenyalaw.org/akn/ke/act/ln/2012/14/eng@2022-12-31","","","pending","Boundary description is legally referenced; machine-readable geometry has not yet passed CRS and topology validation."
"942a35b0-fac7-57c4-80e1-af34566930d7","d988fc1a-25db-57b0-90f8-5feef3c4f8b9","LN14-2012-v1","2012-03-09","","KENYA-LAW-LN14-2012","https://new.kenyalaw.org/akn/ke/act/ln/2012/14/eng@2022-12-31","","","pending","Boundary description is legally referenced; machine-readable geometry has not yet passed CRS and topology validation."
"b52d57da-fcd0-5e1c-903d-3a221e08c88a","cb088e83-dc07-5ddf-94ea-88f061bd8c72","LN14-2012-v1","2012-03-09","","KENYA-LAW-LN14-2012","https://new.kenyalaw.org/akn/ke/act/ln/2012/14/eng@2022-12-31","","","pending","Boundary description is legally referenced; machine-readable geometry has not yet passed CRS and topology validation."
"0f5739a1-f636-5911-b168-675887eaed4a","7f1a7569-0b18-56b0-9630-b4de89c6f0af","LN14-2012-v1","2012-03-09","","KENYA-LAW-LN14-2012","https://new.kenyalaw.org/akn/ke/act/ln/2012/14/eng@2022-12-31","","","pending","Boundary description is legally referenced; machine-readable geometry has not yet passed CRS and topology validation."
"17cd4a44-bb5e-52f4-96db-cc1a3282f686","eb7c6ae7-f9de-5fea-b13a-c641a31e04e1","LN14-2012-v1","2012-03-09","","KENYA-LAW-LN14-2012","https://new.kenyalaw.org/akn/ke/act/ln/2012/14/eng@2022-12-31","","","pending","Boundary description is legally referenced; machine-readable geometry has not yet passed CRS and topology validation."
"9f2438f4-e883-55dc-bec4-bd8c3bf47c02","e3c15ee5-ddca-529f-a71f-172c45d49c61","LN14-2012-v1","2012-03-09","","KENYA-LAW-LN14-2012","https://new.kenyalaw.org/akn/ke/act/ln/2012/14/eng@2022-12-31","","","pending","Boundary description is legally referenced; machine-readable geometry has not yet passed CRS and topology validation."
"f34b7bac-daeb-5f1f-a7bf-290ac19bccf4","e26fece9-abfa-5d8a-ba0f-c6c1a3c8305b","LN14-2012-v1","2012-03-09","","KENYA-LAW-LN14-2012","https://new.kenyalaw.org/akn/ke/act/ln/2012/14/eng@2022-12-31","","","pending","Boundary description is legally referenced; machine-readable geometry has not yet passed CRS and topology validation."
"b9cb0e58-4d5c-5f9e-b679-df389b821612","b97eb211-0cf3-5c60-a1bd-9ad8203c66d5","LN14-2012-v1","2012-03-09","","KENYA-LAW-LN14-2012","https://new.kenyalaw.org/akn/ke/act/ln/2012/14/eng@2022-12-31","","","pending","Boundary description is legally referenced; machine-readable geometry has not yet passed CRS and topology validation."
"85d83311-7d71-57cf-b20a-9d3875c4a4ee","0e04b8f2-ac93-5de1-8112-ad1380459da0","LN14-2012-v1","2012-03-09","","KENYA-LAW-LN14-2012","https://new.kenyalaw.org/akn/ke/act/ln/2012/14/eng@2022-12-31","","","pending","Boundary description is legally referenced; machine-readable geometry has not yet passed CRS and topology validation."
"c794fccb-f19b-5e4c-a85b-e1b434357224","34d69dff-8607-5153-b956-013306567e22","LN14-2012-v1","2012-03-09","","KENYA-LAW-LN14-2012","https://new.kenyalaw.org/akn/ke/act/ln/2012/14/eng@2022-12-31","","","pending","Boundary description is legally referenced; machine-readable geometry has not yet passed CRS and topology validation."
"445bfcc9-2e9b-59d3-ad7d-3f1eba2927a0","05161d67-3977-5604-9e5a-6716d075cb3b","LN14-2012-v1","2012-03-09","","KENYA-LAW-LN14-2012","https://new.kenyalaw.org/akn/ke/act/ln/2012/14/eng@2022-12-31","","","pending","Boundary description is legally referenced; machine-readable geometry has not yet passed CRS and topology validation."
"c085be89-7153-59b2-ab7d-761baa6a99d2","a6461500-fecd-51fc-8066-bd5fca66c5d3","LN14-2012-v1","2012-03-09","","KENYA-LAW-LN14-2012","https://new.kenyalaw.org/akn/ke/act/ln/2012/14/eng@2022-12-31","","","pending","Boundary description is legally referenced; machine-readable geometry has not yet passed CRS and topology validation."
"f4b116b5-1d3f-512f-9222-95dace856728","1db75654-afbe-5175-bcdf-d41667a233f9","LN14-2012-v1","2012-03-09","","KENYA-LAW-LN14-2012","https://new.kenyalaw.org/akn/ke/act/ln/2012/14/eng@2022-12-31","","","pending","Boundary description is legally referenced; machine-readable geometry has not yet passed CRS and topology validation."
"b314711e-2482-5369-9a64-bf47ce030783","aafb9012-25ea-5544-96d5-1db839bac77b","LN14-2012-v1","2012-03-09","","KENYA-LAW-LN14-2012","https://new.kenyalaw.org/akn/ke/act/ln/2012/14/eng@2022-12-31","","","pending","Boundary description is legally referenced; machine-readable geometry has not yet passed CRS and topology validation."
"d670dc4d-71c4-57a0-b6fb-1a85073ad000","19d843f3-25c1-5501-9e7d-e3271efe0b1e","LN14-2012-v1","2012-03-09","","KENYA-LAW-LN14-2012","https://new.kenyalaw.org/akn/ke/act/ln/2012/14/eng@2022-12-31","","","pending","Boundary description is legally referenced; machine-readable geometry has not yet passed CRS and topology validation."
"2b20d223-b798-5799-bbbb-f641cbdf945b","d5629212-c33d-5a3c-bc23-4659bdaeda34","LN14-2012-v1","2012-03-09","","KENYA-LAW-LN14-2012","https://new.kenyalaw.org/akn/ke/act/ln/2012/14/eng@2022-12-31","","","pending","Boundary description is legally referenced; machine-readable geometry has not yet passed CRS and topology validation."
"381a2d70-4dfb-533b-bd37-f780a1dc5a11","c16422de-5262-5efa-8c23-c238123bedd0","LN14-2012-v1","2012-03-09","","KENYA-LAW-LN14-2012","https://new.kenyalaw.org/akn/ke/act/ln/2012/14/eng@2022-12-31","","","pending","Boundary description is legally referenced; machine-readable geometry has not yet passed CRS and topology validation."
"626728f5-ad91-5123-8256-2dbe19e97648","8fd68e06-257b-5afc-9c89-0a53ed30ce3b","LN14-2012-v1","2012-03-09","","KENYA-LAW-LN14-2012","https://new.kenyalaw.org/akn/ke/act/ln/2012/14/eng@2022-12-31","","","pending","Boundary description is legally referenced; machine-readable geometry has not yet passed CRS and topology validation."
"a1b89255-f3ef-5b5d-9d11-c3ec2f40b3a2","98e2220d-94a2-55bc-af4b-a934ac685468","LN14-2012-v1","2012-03-09","","KENYA-LAW-LN14-2012","https://new.kenyalaw.org/akn/ke/act/ln/2012/14/eng@2022-12-31","","","pending","Boundary description is legally referenced; machine-readable geometry has not yet passed CRS and topology validation."
"7b5b6b87-bbe8-5197-badd-728d3faf09f5","4ff2bc48-10ea-564c-a8a6-805b40c79fdb","LN14-2012-v1","2012-03-09","","KENYA-LAW-LN14-2012","https://new.kenyalaw.org/akn/ke/act/ln/2012/14/eng@2022-12-31","","","pending","Boundary description is legally referenced; machine-readable geometry has not yet passed CRS and topology validation."
"4b1c45cc-b02c-5c41-a908-67f1393b75f5","423e8df1-5316-5583-8e9f-63d48e2f0626","LN14-2012-v1","2012-03-09","","KENYA-LAW-LN14-2012","https://new.kenyalaw.org/akn/ke/act/ln/2012/14/eng@2022-12-31","","","pending","Boundary description is legally referenced; machine-readable geometry has not yet passed CRS and topology validation."
"5672cb6d-36bb-58c1-bef2-3971558ba500","a6440159-7d32-5000-8acd-fdf9b51c2a5b","LN14-2012-v1","2012-03-09","","KENYA-LAW-LN14-2012","https://new.kenyalaw.org/akn/ke/act/ln/2012/14/eng@2022-12-31","","","pending","Boundary description is legally referenced; machine-readable geometry has not yet passed CRS and topology validation."
"b98ea037-f48a-571f-b533-e0200ad8a2e5","4183b4aa-8df1-5022-a5df-339b46248609","LN14-2012-v1","2012-03-09","","KENYA-LAW-LN14-2012","https://new.kenyalaw.org/akn/ke/act/ln/2012/14/eng@2022-12-31","","","pending","Boundary description is legally referenced; machine-readable geometry has not yet passed CRS and topology validation."
"ce01cae5-89c9-5dd7-b6c2-530e88a10530","44b030f5-0b07-5fee-9ea2-a082e494896f","LN14-2012-v1","2012-03-09","","KENYA-LAW-LN14-2012","https://new.kenyalaw.org/akn/ke/act/ln/2012/14/eng@2022-12-31","","","pending","Boundary description is legally referenced; machine-readable geometry has not yet passed CRS and topology validation."
"29b35d96-956a-5f76-bb62-dd44f1abb1d7","96e0c0ee-dcb0-5c50-9c42-a9e12078fdbb","LN14-2012-v1","2012-03-09","","KENYA-LAW-LN14-2012","https://new.kenyalaw.org/akn/ke/act/ln/2012/14/eng@2022-12-31","","","pending","Boundary description is legally referenced; machine-readable geometry has not yet passed CRS and topology validation."
"f8f194b2-5183-510f-ac32-8430bfdd9e77","59178a94-8b79-5053-bb7e-4c3cc3689531","LN14-2012-v1","2012-03-09","","KENYA-LAW-LN14-2012","https://new.kenyalaw.org/akn/ke/act/ln/2012/14/eng@2022-12-31","","","pending","Boundary description is legally referenced; machine-readable geometry has not yet passed CRS and topology validation."
"3c8240ff-f60c-5bd8-b6c9-8edd2faacc3a","1fae7dd2-ca2d-5abf-93b3-03b904ae3974","LN14-2012-v1","2012-03-09","","KENYA-LAW-LN14-2012","https://new.kenyalaw.org/akn/ke/act/ln/2012/14/eng@2022-12-31","","","pending","Boundary description is legally referenced; machine-readable geometry has not yet passed CRS and topology validation."
"6f6ab8fd-b344-58ce-88f2-23f3f9da8f32","515f49cf-6719-572f-8d50-f7f692252fb0","LN14-2012-v1","2012-03-09","","KENYA-LAW-LN14-2012","https://new.kenyalaw.org/akn/ke/act/ln/2012/14/eng@2022-12-31","","","pending","Boundary description is legally referenced; machine-readable geometry has not yet passed CRS and topology validation."
"038bf8af-0ec1-5db4-920a-50238c457f49","8ed1239d-75aa-5342-a4c5-94cdca9eb80c","LN14-2012-v1","2012-03-09","","KENYA-LAW-LN14-2012","https://new.kenyalaw.org/akn/ke/act/ln/2012/14/eng@2022-12-31","","","pending","Boundary description is legally referenced; machine-readable geometry has not yet passed CRS and topology validation."
"56bb0abc-23b8-5d10-9a0c-7e62db90119a","27614586-9543-5a9a-9f5f-f4ea5a29f560","LN14-2012-v1","2012-03-09","","KENYA-LAW-LN14-2012","https://new.kenyalaw.org/akn/ke/act/ln/2012/14/eng@2022-12-31","","","pending","Boundary description is legally referenced; machine-readable geometry has not yet passed CRS and topology validation."
"5443aef8-dd73-5648-bc7a-af8ccc026195","d9d6e0dc-64ac-574b-8dab-4929a6060fbb","LN14-2012-v1","2012-03-09","","KENYA-LAW-LN14-2012","https://new.kenyalaw.org/akn/ke/act/ln/2012/14/eng@2022-12-31","","","pending","Boundary description is legally referenced; machine-readable geometry has not yet passed CRS and topology validation."
"0afc344a-6dce-5f5b-a479-35e7faf1ac09","9418abc4-a13e-5cb8-a160-47d028381932","LN14-2012-v1","2012-03-09","","KENYA-LAW-LN14-2012","https://new.kenyalaw.org/akn/ke/act/ln/2012/14/eng@2022-12-31","","","pending","Boundary description is legally referenced; machine-readable geometry has not yet passed CRS and topology validation."
"4288cb4b-e4ee-5a14-bed5-be3fc224c3ad","bde86d59-a59f-5b87-9e31-50e5c664b1d6","LN14-2012-v1","2012-03-09","","KENYA-LAW-LN14-2012","https://new.kenyalaw.org/akn/ke/act/ln/2012/14/eng@2022-12-31","","","pending","Boundary description is legally referenced; machine-readable geometry has not yet passed CRS and topology validation."
"93f1105b-2fcc-5b96-9c96-7bb973869a4d","776480b9-f3a5-508c-b54a-e74b8359e531","LN14-2012-v1","2012-03-09","","KENYA-LAW-LN14-2012","https://new.kenyalaw.org/akn/ke/act/ln/2012/14/eng@2022-12-31","","","pending","Boundary description is legally referenced; machine-readable geometry has not yet passed CRS and topology validation."
"55673dec-105d-594a-9ceb-057fd7839d66","c3dbb9fb-925b-58d5-bbc2-a66bf8a61993","LN14-2012-v1","2012-03-09","","KENYA-LAW-LN14-2012","https://new.kenyalaw.org/akn/ke/act/ln/2012/14/eng@2022-12-31","","","pending","Boundary description is legally referenced; machine-readable geometry has not yet passed CRS and topology validation."
"f30facd4-87f1-508c-9188-96f42c5ff172","6c8f5b50-60e2-5b33-ab94-176d01652435","LN14-2012-v1","2012-03-09","","KENYA-LAW-LN14-2012","https://new.kenyalaw.org/akn/ke/act/ln/2012/14/eng@2022-12-31","","","pending","Boundary description is legally referenced; machine-readable geometry has not yet passed CRS and topology validation."
"67937794-71f9-57de-8e55-5b55312d4862","614350b7-8eb7-5149-80c0-bc19d04a7ebd","LN14-2012-v1","2012-03-09","","KENYA-LAW-LN14-2012","https://new.kenyalaw.org/akn/ke/act/ln/2012/14/eng@2022-12-31","","","pending","Boundary description is legally referenced; machine-readable geometry has not yet passed CRS and topology validation."
"a6cdcb64-0f5c-5264-8847-430627ce4c6e","d0ecfa60-4ad6-5afa-b62c-32690d139275","LN14-2012-v1","2012-03-09","","KENYA-LAW-LN14-2012","https://new.kenyalaw.org/akn/ke/act/ln/2012/14/eng@2022-12-31","","","pending","Boundary description is legally referenced; machine-readable geometry has not yet passed CRS and topology validation."
"641b1948-5286-5fb6-a16f-4756e083fcdc","abfc99e6-9f0b-5f31-ad4d-f14828291be8","LN14-2012-v1","2012-03-09","","KENYA-LAW-LN14-2012","https://new.kenyalaw.org/akn/ke/act/ln/2012/14/eng@2022-12-31","","","pending","Boundary description is legally referenced; machine-readable geometry has not yet passed CRS and topology validation."
"ffed3f82-8005-5740-9c0e-bdc3665afa15","9ae1edb2-553e-599e-ad97-af9234c596fa","LN14-2012-v1","2012-03-09","","KENYA-LAW-LN14-2012","https://new.kenyalaw.org/akn/ke/act/ln/2012/14/eng@2022-12-31","","","pending","Boundary description is legally referenced; machine-readable geometry has not yet passed CRS and topology validation."
"52ab1374-ed4f-54e2-b03b-dc84364bc29b","b1ef16f3-05c9-5394-a507-d05e7fcd32ba","LN14-2012-v1","2012-03-09","","KENYA-LAW-LN14-2012","https://new.kenyalaw.org/akn/ke/act/ln/2012/14/eng@2022-12-31","","","pending","Boundary description is legally referenced; machine-readable geometry has not yet passed CRS and topology validation."
"2de0b2a7-6065-5baa-9eb0-4888aff69d52","e7c5c8a0-9fff-54f7-bde0-d88ac0be446b","LN14-2012-v1","2012-03-09","","KENYA-LAW-LN14-2012","https://new.kenyalaw.org/akn/ke/act/ln/2012/14/eng@2022-12-31","","","pending","Boundary description is legally referenced; machine-readable geometry has not yet passed CRS and topology validation."
"f53b7b68-370c-5ddb-a8c0-6c1d8f3811dd","ba5bcd57-11c9-5a4a-b0e6-8b9c0a9d0ef9","LN14-2012-v1","2012-03-09","","KENYA-LAW-LN14-2012","https://new.kenyalaw.org/akn/ke/act/ln/2012/14/eng@2022-12-31","","","pending","Boundary description is legally referenced; machine-readable geometry has not yet passed CRS and topology validation."
"95d94a83-40a9-5e72-b884-73ae8d7d6d33","21b1fab0-4bcf-56b9-8107-ac73c1c48893","LN14-2012-v1","2012-03-09","","KENYA-LAW-LN14-2012","https://new.kenyalaw.org/akn/ke/act/ln/2012/14/eng@2022-12-31","","","pending","Boundary description is legally referenced; machine-readable geometry has not yet passed CRS and topology validation."
"94966dc4-a060-5eda-aef0-91b93dba69d1","0838b92e-18bf-5225-9648-6263fc56d5ae","LN14-2012-v1","2012-03-09","","KENYA-LAW-LN14-2012","https://new.kenyalaw.org/akn/ke/act/ln/2012/14/eng@2022-12-31","","","pending","Boundary description is legally referenced; machine-readable geometry has not yet passed CRS and topology validation."
"74825749-f70f-5c25-aa38-26f826786df2","2b0d1e52-aea0-5c01-960c-2237f93c8776","LN14-2012-v1","2012-03-09","","KENYA-LAW-LN14-2012","https://new.kenyalaw.org/akn/ke/act/ln/2012/14/eng@2022-12-31","","","pending","Boundary description is legally referenced; machine-readable geometry has not yet passed CRS and topology validation."
"a8fb5540-1733-561c-bdf2-bbdce0d6a66c","d6d11c6b-ab9e-52dc-beed-42437f210421","LN14-2012-v1","2012-03-09","","KENYA-LAW-LN14-2012","https://new.kenyalaw.org/akn/ke/act/ln/2012/14/eng@2022-12-31","","","pending","Boundary description is legally referenced; machine-readable geometry has not yet passed CRS and topology validation."
"7c71c294-64a9-5b9e-a8f0-15affe5142d6","fee88ed2-0688-532a-b291-610792faa273","LN14-2012-v1","2012-03-09","","KENYA-LAW-LN14-2012","https://new.kenyalaw.org/akn/ke/act/ln/2012/14/eng@2022-12-31","","","pending","Boundary description is legally referenced; machine-readable geometry has not yet passed CRS and topology validation."
"3581be11-2e9d-5bf4-b2fc-ede98356775e","e6af4d0e-f80b-53d3-af27-6ed751d25271","LN14-2012-v1","2012-03-09","","KENYA-LAW-LN14-2012","https://new.kenyalaw.org/akn/ke/act/ln/2012/14/eng@2022-12-31","","","pending","Boundary description is legally referenced; machine-readable geometry has not yet passed CRS and topology validation."
"5c80db7e-9554-592b-9693-beda6672f59c","6c5bdcad-8c95-5948-ae3e-07b748eff107","LN14-2012-v1","2012-03-09","","KENYA-LAW-LN14-2012","https://new.kenyalaw.org/akn/ke/act/ln/2012/14/eng@2022-12-31","","","pending","Boundary description is legally referenced; machine-readable geometry has not yet passed CRS and topology validation."
"9c0fd644-ab48-5cf5-867a-0e02d2d693bc","45d0320a-1a19-586b-a3d0-94a69206aff0","LN14-2012-v1","2012-03-09","","KENYA-LAW-LN14-2012","https://new.kenyalaw.org/akn/ke/act/ln/2012/14/eng@2022-12-31","","","pending","Boundary description is legally referenced; machine-readable geometry has not yet passed CRS and topology validation."
"b44b8cae-1188-5533-9bf2-e1f119353c11","267ab6b2-283a-5cc9-b280-6e5d0d6b8a67","LN14-2012-v1","2012-03-09","","KENYA-LAW-LN14-2012","https://new.kenyalaw.org/akn/ke/act/ln/2012/14/eng@2022-12-31","","","pending","Boundary description is legally referenced; machine-readable geometry has not yet passed CRS and topology validation."
"73e99cfd-3f56-5c1e-9776-eb164eee7962","37496cd9-a87a-57d7-88d6-e85c73841bd6","LN14-2012-v1","2012-03-09","","KENYA-LAW-LN14-2012","https://new.kenyalaw.org/akn/ke/act/ln/2012/14/eng@2022-12-31","","","pending","Boundary description is legally referenced; machine-readable geometry has not yet passed CRS and topology validation."
"46e14e53-2bfa-55c2-9fe7-519c7a8d7728","eb0cede5-1d03-5fb0-8872-131239d12c61","LN14-2012-v1","2012-03-09","","KENYA-LAW-LN14-2012","https://new.kenyalaw.org/akn/ke/act/ln/2012/14/eng@2022-12-31","","","pending","Boundary description is legally referenced; machine-readable geometry has not yet passed CRS and topology validation."
"b94944a5-9f4f-5ffc-9661-920d62368717","1d6b4eb1-5412-54dc-90ad-32c940799745","LN14-2012-v1","2012-03-09","","KENYA-LAW-LN14-2012","https://new.kenyalaw.org/akn/ke/act/ln/2012/14/eng@2022-12-31","","","pending","Boundary description is legally referenced; machine-readable geometry has not yet passed CRS and topology validation."
"25482a98-0272-5625-9dfa-70e41657ad93","b08791d9-fbe0-5cf9-a368-8f5d545a3fdf","LN14-2012-v1","2012-03-09","","KENYA-LAW-LN14-2012","https://new.kenyalaw.org/akn/ke/act/ln/2012/14/eng@2022-12-31","","","pending","Boundary description is legally referenced; machine-readable geometry has not yet passed CRS and topology validation."
"fd50d4d6-9a6a-5109-909b-940e39c74216","15cf51ef-b7a6-5131-befa-d0e400bc9c3b","LN14-2012-v1","2012-03-09","","KENYA-LAW-LN14-2012","https://new.kenyalaw.org/akn/ke/act/ln/2012/14/eng@2022-12-31","","","pending","Boundary description is legally referenced; machine-readable geometry has not yet passed CRS and topology validation."
"98ae288b-d2f0-58df-bc12-3d76aaf4f884","c6a36774-d218-5402-80fe-e04949436502","LN14-2012-v1","2012-03-09","","KENYA-LAW-LN14-2012","https://new.kenyalaw.org/akn/ke/act/ln/2012/14/eng@2022-12-31","","","pending","Boundary description is legally referenced; machine-readable geometry has not yet passed CRS and topology validation."
"0138c22a-8da4-52b6-80a4-753f2928347f","0c072163-608e-5417-a3fc-8e092dc9c7c2","LN14-2012-v1","2012-03-09","","KENYA-LAW-LN14-2012","https://new.kenyalaw.org/akn/ke/act/ln/2012/14/eng@2022-12-31","","","pending","Boundary description is legally referenced; machine-readable geometry has not yet passed CRS and topology validation."
"56e73b3d-7249-5fab-8f32-5ac3de6c1e81","41aa7b01-1d2d-5374-91b1-874540695f90","LN14-2012-v1","2012-03-09","","KENYA-LAW-LN14-2012","https://new.kenyalaw.org/akn/ke/act/ln/2012/14/eng@2022-12-31","","","pending","Boundary description is legally referenced; machine-readable geometry has not yet passed CRS and topology validation."
"2541abcd-3816-5a42-ba22-de18e1f43d28","f2631aaf-ac2b-5bd8-8cba-193bd9f9b835","LN14-2012-v1","2012-03-09","","KENYA-LAW-LN14-2012","https://new.kenyalaw.org/akn/ke/act/ln/2012/14/eng@2022-12-31","","","pending","Boundary description is legally referenced; machine-readable geometry has not yet passed CRS and topology validation."
"c12d65e6-7496-5ce1-a530-92bfb41299b3","7ddd61f5-e6b9-504d-8b53-5ee1b2d680f4","LN14-2012-v1","2012-03-09","","KENYA-LAW-LN14-2012","https://new.kenyalaw.org/akn/ke/act/ln/2012/14/eng@2022-12-31","","","pending","Boundary description is legally referenced; machine-readable geometry has not yet passed CRS and topology validation."
"e0a5958e-b89a-5a62-a6e4-6de4e3fb8384","55be01ef-1d64-54ec-9efb-75ac14c954e6","LN14-2012-v1","2012-03-09","","KENYA-LAW-LN14-2012","https://new.kenyalaw.org/akn/ke/act/ln/2012/14/eng@2022-12-31","","","pending","Boundary description is legally referenced; machine-readable geometry has not yet passed CRS and topology validation."
"53bd4585-ecdf-58eb-9a79-bd646c20598b","6212a6f9-18db-5f25-b644-a8cf33fdadac","LN14-2012-v1","2012-03-09","","KENYA-LAW-LN14-2012","https://new.kenyalaw.org/akn/ke/act/ln/2012/14/eng@2022-12-31","","","pending","Boundary description is legally referenced; machine-readable geometry has not yet passed CRS and topology validation."
"781af07c-364e-5cee-8ad8-17fcb16f5236","5f537447-e8c2-5e57-993e-ee549973d032","LN14-2012-v1","2012-03-09","","KENYA-LAW-LN14-2012","https://new.kenyalaw.org/akn/ke/act/ln/2012/14/eng@2022-12-31","","","pending","Boundary description is legally referenced; machine-readable geometry has not yet passed CRS and topology validation."
"c1c2078f-e588-5826-9576-5bede11f02be","4b2d6e52-5ad1-51ec-b4e6-eaf8fb145ca7","LN14-2012-v1","2012-03-09","","KENYA-LAW-LN14-2012","https://new.kenyalaw.org/akn/ke/act/ln/2012/14/eng@2022-12-31","","","pending","Boundary description is legally referenced; machine-readable geometry has not yet passed CRS and topology validation."
"43317e80-9d78-50cb-a98b-c285abfaa08d","3a8bfeca-e916-5291-a63d-16782984db66","LN14-2012-v1","2012-03-09","","KENYA-LAW-LN14-2012","https://new.kenyalaw.org/akn/ke/act/ln/2012/14/eng@2022-12-31","","","pending","Boundary description is legally referenced; machine-readable geometry has not yet passed CRS and topology validation."
"27f99d86-0ceb-5988-b791-95fc9bee86f9","c09b1fc8-ec13-522a-9ac1-108df70eb233","LN14-2012-v1","2012-03-09","","KENYA-LAW-LN14-2012","https://new.kenyalaw.org/akn/ke/act/ln/2012/14/eng@2022-12-31","","","pending","Boundary description is legally referenced; machine-readable geometry has not yet passed CRS and topology validation."
"9f8a6358-f9d4-5a06-a826-b418c2e5979e","e5d05a59-7dda-5aa4-bc87-8c0997cada8b","LN14-2012-v1","2012-03-09","","KENYA-LAW-LN14-2012","https://new.kenyalaw.org/akn/ke/act/ln/2012/14/eng@2022-12-31","","","pending","Boundary description is legally referenced; machine-readable geometry has not yet passed CRS and topology validation."
"13bbc3a2-c2c3-53cc-a58a-a7fd2725ebe2","13741a18-076b-54e8-9ba9-f7ff3cc7a554","LN14-2012-v1","2012-03-09","","KENYA-LAW-LN14-2012","https://new.kenyalaw.org/akn/ke/act/ln/2012/14/eng@2022-12-31","","","pending","Boundary description is legally referenced; machine-readable geometry has not yet passed CRS and topology validation."
"5faa8180-25d8-5382-a67d-3949a09f8cb2","ef704308-9268-58c1-8013-9c79c7f89d8e","LN14-2012-v1","2012-03-09","","KENYA-LAW-LN14-2012","https://new.kenyalaw.org/akn/ke/act/ln/2012/14/eng@2022-12-31","","","pending","Boundary description is legally referenced; machine-readable geometry has not yet passed CRS and topology validation."
"1966a40a-275f-5d8c-bce6-27b5377d1824","3187fb82-7eaf-5d40-a101-d7ae17b34302","LN14-2012-v1","2012-03-09","","KENYA-LAW-LN14-2012","https://new.kenyalaw.org/akn/ke/act/ln/2012/14/eng@2022-12-31","","","pending","Boundary description is legally referenced; machine-readable geometry has not yet passed CRS and topology validation."
"df1ae437-b8ae-556c-be70-d25092e95902","91ae9df0-d3d8-5498-9f41-bf82a003797f","LN14-2012-v1","2012-03-09","","KENYA-LAW-LN14-2012","https://new.kenyalaw.org/akn/ke/act/ln/2012/14/eng@2022-12-31","","","pending","Boundary description is legally referenced; machine-readable geometry has not yet passed CRS and topology validation."
"57b341ea-bc4d-5394-a75c-f2297ca71e8a","da66f446-7e6e-5268-87ae-4f2b3bb82b91","LN14-2012-v1","2012-03-09","","KENYA-LAW-LN14-2012","https://new.kenyalaw.org/akn/ke/act/ln/2012/14/eng@2022-12-31","","","pending","Boundary description is legally referenced; machine-readable geometry has not yet passed CRS and topology validation."
"1a79923f-489c-5a8d-a66e-03adb43120b0","1e987c13-6293-5d65-bef8-b1b4658992d9","LN14-2012-v1","2012-03-09","","KENYA-LAW-LN14-2012","https://new.kenyalaw.org/akn/ke/act/ln/2012/14/eng@2022-12-31","","","pending","Boundary description is legally referenced; machine-readable geometry has not yet passed CRS and topology validation."
"7756ada7-eec5-59b5-9000-641c0dd94271","a6a4126d-b584-5fda-bda8-0b2565b9e128","LN14-2012-v1","2012-03-09","","KENYA-LAW-LN14-2012","https://new.kenyalaw.org/akn/ke/act/ln/2012/14/eng@2022-12-31","","","pending","Boundary description is legally referenced; machine-readable geometry has not yet passed CRS and topology validation."
"50099d04-03fb-53f8-b82d-1edcc5c3a124","60b81648-cf7d-55ca-93fb-a4b9e46b6514","LN14-2012-v1","2012-03-09","","KENYA-LAW-LN14-2012","https://new.kenyalaw.org/akn/ke/act/ln/2012/14/eng@2022-12-31","","","pending","Boundary description is legally referenced; machine-readable geometry has not yet passed CRS and topology validation."
"ec050c9b-eb5d-5ece-ada0-1d4e0c044ead","e6f18a00-000c-5298-93f8-09646febba5c","LN14-2012-v1","2012-03-09","","KENYA-LAW-LN14-2012","https://new.kenyalaw.org/akn/ke/act/ln/2012/14/eng@2022-12-31","","","pending","Boundary description is legally referenced; machine-readable geometry has not yet passed CRS and topology validation."
"8b74e81a-861a-55d8-8a80-c53477a7a29d","d171ad7d-ec4e-54a3-b3dc-78642e706027","LN14-2012-v1","2012-03-09","","KENYA-LAW-LN14-2012","https://new.kenyalaw.org/akn/ke/act/ln/2012/14/eng@2022-12-31","","","pending","Boundary description is legally referenced; machine-readable geometry has not yet passed CRS and topology validation."
"9c9a5ab3-1344-55e6-82f3-467342a2bf05","9ff72920-15f9-5f67-8337-365f949b9ec1","LN14-2012-v1","2012-03-09","","KENYA-LAW-LN14-2012","https://new.kenyalaw.org/akn/ke/act/ln/2012/14/eng@2022-12-31","","","pending","Boundary description is legally referenced; machine-readable geometry has not yet passed CRS and topology validation."
"02d07ed3-d80a-5774-ae8e-8c419780b0d6","363bc1be-245c-5d85-ac53-511fa29b4de2","LN14-2012-v1","2012-03-09","","KENYA-LAW-LN14-2012","https://new.kenyalaw.org/akn/ke/act/ln/2012/14/eng@2022-12-31","","","pending","Boundary description is legally referenced; machine-readable geometry has not yet passed CRS and topology validation."
"de17b880-8900-5616-904e-c9c08b7dde1c","02239875-4e9b-56ac-8c55-551f3c891be5","LN14-2012-v1","2012-03-09","","KENYA-LAW-LN14-2012","https://new.kenyalaw.org/akn/ke/act/ln/2012/14/eng@2022-12-31","","","pending","Boundary description is legally referenced; machine-readable geometry has not yet passed CRS and topology validation."
"dee1fbc4-7e76-55ba-8937-6fffac71e8a1","049183f8-18c7-57bc-b519-72b95971a7e1","LN14-2012-v1","2012-03-09","","KENYA-LAW-LN14-2012","https://new.kenyalaw.org/akn/ke/act/ln/2012/14/eng@2022-12-31","","","pending","Boundary description is legally referenced; machine-readable geometry has not yet passed CRS and topology validation."
"dc392a58-0027-5aaa-9e5f-de580c51045a","879bdd7c-c8f8-583d-a0bf-89562c235c8b","LN14-2012-v1","2012-03-09","","KENYA-LAW-LN14-2012","https://new.kenyalaw.org/akn/ke/act/ln/2012/14/eng@2022-12-31","","","pending","Boundary description is legally referenced; machine-readable geometry has not yet passed CRS and topology validation."
"cc3151c6-ac1f-57b4-836e-1142fffbb7d6","2aa689e5-9f7b-563c-ab3d-eaf2a8140ce6","LN14-2012-v1","2012-03-09","","KENYA-LAW-LN14-2012","https://new.kenyalaw.org/akn/ke/act/ln/2012/14/eng@2022-12-31","","","pending","Boundary description is legally referenced; machine-readable geometry has not yet passed CRS and topology validation."
"df905403-c943-5d82-8480-a60634199603","daaade63-e22a-59d2-a2cb-7e9e4b567e1f","LN14-2012-v1","2012-03-09","","KENYA-LAW-LN14-2012","https://new.kenyalaw.org/akn/ke/act/ln/2012/14/eng@2022-12-31","","","pending","Boundary description is legally referenced; machine-readable geometry has not yet passed CRS and topology validation."
"e5013024-12c6-54ff-a9c2-e823ace33b84","4f1a718f-363f-5229-a184-01e947d6f914","LN14-2012-v1","2012-03-09","","KENYA-LAW-LN14-2012","https://new.kenyalaw.org/akn/ke/act/ln/2012/14/eng@2022-12-31","","","pending","Boundary description is legally referenced; machine-readable geometry has not yet passed CRS and topology validation."
"4e38949c-ecaa-55b2-bdd5-31e98306eec8","66fc548b-94d9-5248-872d-b9c3e4f7b78c","LN14-2012-v1","2012-03-09","","KENYA-LAW-LN14-2012","https://new.kenyalaw.org/akn/ke/act/ln/2012/14/eng@2022-12-31","","","pending","Boundary description is legally referenced; machine-readable geometry has not yet passed CRS and topology validation."
"924f0d60-6998-5b6e-a13d-846c45953375","52271d9e-42ae-560c-9737-a1a0bf1265ab","LN14-2012-v1","2012-03-09","","KENYA-LAW-LN14-2012","https://new.kenyalaw.org/akn/ke/act/ln/2012/14/eng@2022-12-31","","","pending","Boundary description is legally referenced; machine-readable geometry has not yet passed CRS and topology validation."
"db94240c-c1f2-5a9c-a1f6-d69169444796","1094351a-3349-5f46-996d-2e6176fe394d","LN14-2012-v1","2012-03-09","","KENYA-LAW-LN14-2012","https://new.kenyalaw.org/akn/ke/act/ln/2012/14/eng@2022-12-31","","","pending","Boundary description is legally referenced; machine-readable geometry has not yet passed CRS and topology validation."
"fa5e9691-707e-5def-a37f-7f6ad3270d41","504a7f01-b83c-5a03-a738-c4c0291d460f","LN14-2012-v1","2012-03-09","","KENYA-LAW-LN14-2012","https://new.kenyalaw.org/akn/ke/act/ln/2012/14/eng@2022-12-31","","","pending","Boundary description is legally referenced; machine-readable geometry has not yet passed CRS and topology validation."
"3a1a83e9-cc56-58fa-bac6-9e2778d361ee","acc5bf7f-f292-508d-bc66-ffc9617ab353","LN14-2012-v1","2012-03-09","","KENYA-LAW-LN14-2012","https://new.kenyalaw.org/akn/ke/act/ln/2012/14/eng@2022-12-31","","","pending","Boundary description is legally referenced; machine-readable geometry has not yet passed CRS and topology validation."
"0c144200-97b4-5f2a-aa37-facf6b4b2be2","312c2afa-6ebf-597e-9408-bade50deecdc","LN14-2012-v1","2012-03-09","","KENYA-LAW-LN14-2012","https://new.kenyalaw.org/akn/ke/act/ln/2012/14/eng@2022-12-31","","","pending","Boundary description is legally referenced; machine-readable geometry has not yet passed CRS and topology validation."
"dbd54f71-012d-54f5-8cd9-b9225ce745b1","9e8ead57-b1d3-5781-bb03-fb454049bebb","LN14-2012-v1","2012-03-09","","KENYA-LAW-LN14-2012","https://new.kenyalaw.org/akn/ke/act/ln/2012/14/eng@2022-12-31","","","pending","Boundary description is legally referenced; machine-readable geometry has not yet passed CRS and topology validation."
"eb804f9e-9ed0-52fd-928b-8e09b6d4766f","ffc8ed32-5c9b-59dd-b6d3-d99b791c481a","LN14-2012-v1","2012-03-09","","KENYA-LAW-LN14-2012","https://new.kenyalaw.org/akn/ke/act/ln/2012/14/eng@2022-12-31","","","pending","Boundary description is legally referenced; machine-readable geometry has not yet passed CRS and topology validation."
"1a49854b-2339-58d0-826d-8d5c381ad350","2bd81f93-14f5-5d91-bd02-5462573d9949","LN14-2012-v1","2012-03-09","","KENYA-LAW-LN14-2012","https://new.kenyalaw.org/akn/ke/act/ln/2012/14/eng@2022-12-31","","","pending","Boundary description is legally referenced; machine-readable geometry has not yet passed CRS and topology validation."
"7aa42c49-3bbb-511c-afe6-dd2fef5da583","d219f571-b54d-5b0c-8f93-91f25cd1a56a","LN14-2012-v1","2012-03-09","","KENYA-LAW-LN14-2012","https://new.kenyalaw.org/akn/ke/act/ln/2012/14/eng@2022-12-31","","","pending","Boundary description is legally referenced; machine-readable geometry has not yet passed CRS and topology validation."
"46053793-0377-508f-b42e-4fbd416ef60e","05cd9d65-0484-552e-ad73-106d0afd5804","LN14-2012-v1","2012-03-09","","KENYA-LAW-LN14-2012","https://new.kenyalaw.org/akn/ke/act/ln/2012/14/eng@2022-12-31","","","pending","Boundary description is legally referenced; machine-readable geometry has not yet passed CRS and topology validation."
"13e1a548-4c06-5014-881b-6f99d98b7bdb","93773962-c573-5d0d-baed-56a29bb09144","LN14-2012-v1","2012-03-09","","KENYA-LAW-LN14-2012","https://new.kenyalaw.org/akn/ke/act/ln/2012/14/eng@2022-12-31","","","pending","Boundary description is legally referenced; machine-readable geometry has not yet passed CRS and topology validation."
"a1484933-98e8-5ccf-8e88-00bc50948f92","8795e1a0-cd34-57f5-9947-d94cdfab7788","LN14-2012-v1","2012-03-09","","KENYA-LAW-LN14-2012","https://new.kenyalaw.org/akn/ke/act/ln/2012/14/eng@2022-12-31","","","pending","Boundary description is legally referenced; machine-readable geometry has not yet passed CRS and topology validation."
"07f07ab5-9aeb-5c27-ba96-fae173300886","97949b5f-430c-52fc-ab56-fda686096428","LN14-2012-v1","2012-03-09","","KENYA-LAW-LN14-2012","https://new.kenyalaw.org/akn/ke/act/ln/2012/14/eng@2022-12-31","","","pending","Boundary description is legally referenced; machine-readable geometry has not yet passed CRS and topology validation."
"d9a6d8b9-f9e1-58ce-879a-9f946cff9495","2a6a44ca-a3e5-58d5-86e5-0351a4076e97","LN14-2012-v1","2012-03-09","","KENYA-LAW-LN14-2012","https://new.kenyalaw.org/akn/ke/act/ln/2012/14/eng@2022-12-31","","","pending","Boundary description is legally referenced; machine-readable geometry has not yet passed CRS and topology validation."
"d5083a7c-91ec-538a-ad67-0c2564b1ace5","cc88ba76-88f3-5289-89d5-2fa2bc1e02ff","LN14-2012-v1","2012-03-09","","KENYA-LAW-LN14-2012","https://new.kenyalaw.org/akn/ke/act/ln/2012/14/eng@2022-12-31","","","pending","Boundary description is legally referenced; machine-readable geometry has not yet passed CRS and topology validation."
"0852732d-bd55-514f-9b28-752aa611a920","0afea870-26a3-5723-8431-4f1233bffd27","LN14-2012-v1","2012-03-09","","KENYA-LAW-LN14-2012","https://new.kenyalaw.org/akn/ke/act/ln/2012/14/eng@2022-12-31","","","pending","Boundary description is legally referenced; machine-readable geometry has not yet passed CRS and topology validation."
"e8f57ed1-9ec9-5c57-a578-e736636fc092","2d0b24be-fe93-5007-9c2f-f58c7a594d90","LN14-2012-v1","2012-03-09","","KENYA-LAW-LN14-2012","https://new.kenyalaw.org/akn/ke/act/ln/2012/14/eng@2022-12-31","","","pending","Boundary description is legally referenced; machine-readable geometry has not yet passed CRS and topology validation."
"97c7125f-1401-5fc1-a992-410b028535e3","380c31c7-b394-5e93-b2e4-72da935ffdf3","LN14-2012-v1","2012-03-09","","KENYA-LAW-LN14-2012","https://new.kenyalaw.org/akn/ke/act/ln/2012/14/eng@2022-12-31","","","pending","Boundary description is legally referenced; machine-readable geometry has not yet passed CRS and topology validation."
"ef2547ed-1c28-554d-afa3-f75cd024bd7d","e50e8f58-79cc-5172-9e84-56b7123f4d8e","LN14-2012-v1","2012-03-09","","KENYA-LAW-LN14-2012","https://new.kenyalaw.org/akn/ke/act/ln/2012/14/eng@2022-12-31","","","pending","Boundary description is legally referenced; machine-readable geometry has not yet passed CRS and topology validation."
"3f34d83c-349a-5642-a182-7d930d48c69b","08524d9e-b252-5929-b922-707703d7057b","LN14-2012-v1","2012-03-09","","KENYA-LAW-LN14-2012","https://new.kenyalaw.org/akn/ke/act/ln/2012/14/eng@2022-12-31","","","pending","Boundary description is legally referenced; machine-readable geometry has not yet passed CRS and topology validation."
"b1ec7abc-7ffa-52f1-bbdf-19143a45d8dd","bb375caf-0bd6-54fb-98b1-91ecd202edd1","LN14-2012-v1","2012-03-09","","KENYA-LAW-LN14-2012","https://new.kenyalaw.org/akn/ke/act/ln/2012/14/eng@2022-12-31","","","pending","Boundary description is legally referenced; machine-readable geometry has not yet passed CRS and topology validation."
"1a051e56-222b-566d-a958-79c407676500","37154bd7-3e23-5d7d-9588-9a733618ab22","LN14-2012-v1","2012-03-09","","KENYA-LAW-LN14-2012","https://new.kenyalaw.org/akn/ke/act/ln/2012/14/eng@2022-12-31","","","pending","Boundary description is legally referenced; machine-readable geometry has not yet passed CRS and topology validation."
"f35fb832-27ae-5ffc-9904-43e73f4dd0ee","0db6efb1-c20e-574d-a521-e55eac1c2282","LN14-2012-v1","2012-03-09","","KENYA-LAW-LN14-2012","https://new.kenyalaw.org/akn/ke/act/ln/2012/14/eng@2022-12-31","","","pending","Boundary description is legally referenced; machine-readable geometry has not yet passed CRS and topology validation."
"56b48460-fcbe-5c3e-aae3-32155af5507e","05eb238b-f043-5236-b1a9-5972686b9b8f","LN14-2012-v1","2012-03-09","","KENYA-LAW-LN14-2012","https://new.kenyalaw.org/akn/ke/act/ln/2012/14/eng@2022-12-31","","","pending","Boundary description is legally referenced; machine-readable geometry has not yet passed CRS and topology validation."
"dac7595a-54d3-551f-aafe-0d7da0abe60e","93d0677f-b139-569d-9640-f4926ec4f67d","LN14-2012-v1","2012-03-09","","KENYA-LAW-LN14-2012","https://new.kenyalaw.org/akn/ke/act/ln/2012/14/eng@2022-12-31","","","pending","Boundary description is legally referenced; machine-readable geometry has not yet passed CRS and topology validation."
"432fab07-093c-553e-8178-490b19799740","c93e4b88-bab3-5d91-b2f9-69407e690038","LN14-2012-v1","2012-03-09","","KENYA-LAW-LN14-2012","https://new.kenyalaw.org/akn/ke/act/ln/2012/14/eng@2022-12-31","","","pending","Boundary description is legally referenced; machine-readable geometry has not yet passed CRS and topology validation."
"8018cafe-9217-591f-9691-9ecfab1e3bd7","29c930e8-718c-5966-b770-9ca0dc4e5807","LN14-2012-v1","2012-03-09","","KENYA-LAW-LN14-2012","https://new.kenyalaw.org/akn/ke/act/ln/2012/14/eng@2022-12-31","","","pending","Boundary description is legally referenced; machine-readable geometry has not yet passed CRS and topology validation."
"7c169afa-56fb-5f43-ba0a-ba8c6ac79a1b","4f165195-1e6c-54f0-8e4c-55ec21f5ce12","LN14-2012-v1","2012-03-09","","KENYA-LAW-LN14-2012","https://new.kenyalaw.org/akn/ke/act/ln/2012/14/eng@2022-12-31","","","pending","Boundary description is legally referenced; machine-readable geometry has not yet passed CRS and topology validation."
"14bfd7fe-0af7-5342-88b0-4162f4f4eee4","d923a0b8-61ca-5a08-94f1-8bff4355dd0b","LN14-2012-v1","2012-03-09","","KENYA-LAW-LN14-2012","https://new.kenyalaw.org/akn/ke/act/ln/2012/14/eng@2022-12-31","","","pending","Boundary description is legally referenced; machine-readable geometry has not yet passed CRS and topology validation."
"d7fab1ec-493f-544c-8898-26c3213a332b","71c6cd71-6322-53e1-a76e-a9da40671447","LN14-2012-v1","2012-03-09","","KENYA-LAW-LN14-2012","https://new.kenyalaw.org/akn/ke/act/ln/2012/14/eng@2022-12-31","","","pending","Boundary description is legally referenced; machine-readable geometry has not yet passed CRS and topology validation."
"3c072c2d-2e0c-5c80-bd58-8e7cb39c767b","8537d6eb-c78b-509f-8871-e5bdf91353f1","LN14-2012-v1","2012-03-09","","KENYA-LAW-LN14-2012","https://new.kenyalaw.org/akn/ke/act/ln/2012/14/eng@2022-12-31","","","pending","Boundary description is legally referenced; machine-readable geometry has not yet passed CRS and topology validation."
"3c49ee80-7402-577f-809a-1de4d6824706","f2b06d4f-5bfd-55fc-82e6-c83e6a3881de","LN14-2012-v1","2012-03-09","","KENYA-LAW-LN14-2012","https://new.kenyalaw.org/akn/ke/act/ln/2012/14/eng@2022-12-31","","","pending","Boundary description is legally referenced; machine-readable geometry has not yet passed CRS and topology validation."
"f961c43c-afda-5935-815e-7032bb5afd80","4f09c1d5-f070-5e45-9afb-8d1a822df49c","LN14-2012-v1","2012-03-09","","KENYA-LAW-LN14-2012","https://new.kenyalaw.org/akn/ke/act/ln/2012/14/eng@2022-12-31","","","pending","Boundary description is legally referenced; machine-readable geometry has not yet passed CRS and topology validation."
"9e3a81af-048e-5ba9-a341-f842b669b087","36157e51-161d-511c-8c4e-25925f045397","LN14-2012-v1","2012-03-09","","KENYA-LAW-LN14-2012","https://new.kenyalaw.org/akn/ke/act/ln/2012/14/eng@2022-12-31","","","pending","Boundary description is legally referenced; machine-readable geometry has not yet passed CRS and topology validation."
"387118dc-0d12-58aa-816a-380445b37c49","8d4e6dfc-8a95-5405-b495-d3eb3b6cf471","LN14-2012-v1","2012-03-09","","KENYA-LAW-LN14-2012","https://new.kenyalaw.org/akn/ke/act/ln/2012/14/eng@2022-12-31","","","pending","Boundary description is legally referenced; machine-readable geometry has not yet passed CRS and topology validation."
"a829fb81-4090-5561-a33d-63305b9b8585","839755f6-77a0-5e51-ad5f-8827c875505a","LN14-2012-v1","2012-03-09","","KENYA-LAW-LN14-2012","https://new.kenyalaw.org/akn/ke/act/ln/2012/14/eng@2022-12-31","","","pending","Boundary description is legally referenced; machine-readable geometry has not yet passed CRS and topology validation."
"e7a00928-4f6f-5191-bff8-b45b4e1e70d1","75368005-8ee3-5bc1-85f0-ddae0a4220fe","LN14-2012-v1","2012-03-09","","KENYA-LAW-LN14-2012","https://new.kenyalaw.org/akn/ke/act/ln/2012/14/eng@2022-12-31","","","pending","Boundary description is legally referenced; machine-readable geometry has not yet passed CRS and topology validation."
"ed71ad20-7825-5eff-897a-efd59e26e709","4de46729-04b1-5fc3-88e3-9cf3e122f336","LN14-2012-v1","2012-03-09","","KENYA-LAW-LN14-2012","https://new.kenyalaw.org/akn/ke/act/ln/2012/14/eng@2022-12-31","","","pending","Boundary description is legally referenced; machine-readable geometry has not yet passed CRS and topology validation."
"78f3b550-3b9b-5419-8a35-5fcb81e77d1d","89000eee-f937-560a-b76f-73734afe3e48","LN14-2012-v1","2012-03-09","","KENYA-LAW-LN14-2012","https://new.kenyalaw.org/akn/ke/act/ln/2012/14/eng@2022-12-31","","","pending","Boundary description is legally referenced; machine-readable geometry has not yet passed CRS and topology validation."
"d4d97de6-fb61-5c93-94f8-fd3f37b8e89e","0dbb9d23-7901-5de5-b2e9-0f3d6ad8fd14","LN14-2012-v1","2012-03-09","","KENYA-LAW-LN14-2012","https://new.kenyalaw.org/akn/ke/act/ln/2012/14/eng@2022-12-31","","","pending","Boundary description is legally referenced; machine-readable geometry has not yet passed CRS and topology validation."
"6a0ef898-f90d-59e7-bf9f-0cd8af5497dc","e4e71972-ffa6-5e8e-a590-cf038425b12a","LN14-2012-v1","2012-03-09","","KENYA-LAW-LN14-2012","https://new.kenyalaw.org/akn/ke/act/ln/2012/14/eng@2022-12-31","","","pending","Boundary description is legally referenced; machine-readable geometry has not yet passed CRS and topology validation."
"0427b5f2-ff36-5e78-9d7d-d6ae0f2937ab","b726cdfb-145e-594f-92ea-dc67f04e146e","LN14-2012-v1","2012-03-09","","KENYA-LAW-LN14-2012","https://new.kenyalaw.org/akn/ke/act/ln/2012/14/eng@2022-12-31","","","pending","Boundary description is legally referenced; machine-readable geometry has not yet passed CRS and topology validation."
"e82822e8-6972-5c2e-b81a-c806768d2680","72c0ffa4-8bd0-5e0b-9a66-1bd68e50726d","LN14-2012-v1","2012-03-09","","KENYA-LAW-LN14-2012","https://new.kenyalaw.org/akn/ke/act/ln/2012/14/eng@2022-12-31","","","pending","Boundary description is legally referenced; machine-readable geometry has not yet passed CRS and topology validation."
"aedbe6c3-a22d-5712-ad31-499e789f947c","4ecd6d4d-58d6-555c-ba83-52fa6ca35b3b","LN14-2012-v1","2012-03-09","","KENYA-LAW-LN14-2012","https://new.kenyalaw.org/akn/ke/act/ln/2012/14/eng@2022-12-31","","","pending","Boundary description is legally referenced; machine-readable geometry has not yet passed CRS and topology validation."
"feaad471-5a44-5901-9afa-af1f1ad9609b","dfee79e5-8717-54cf-954c-d82aa418363a","LN14-2012-v1","2012-03-09","","KENYA-LAW-LN14-2012","https://new.kenyalaw.org/akn/ke/act/ln/2012/14/eng@2022-12-31","","","pending","Boundary description is legally referenced; machine-readable geometry has not yet passed CRS and topology validation."
"cddb53f6-5e08-5a60-b3e6-bc48fe72559e","37d007a3-2607-5602-bdbe-05cc32429a14","LN14-2012-v1","2012-03-09","","KENYA-LAW-LN14-2012","https://new.kenyalaw.org/akn/ke/act/ln/2012/14/eng@2022-12-31","","","pending","Boundary description is legally referenced; machine-readable geometry has not yet passed CRS and topology validation."
"1208afc1-63d2-5af1-b3e2-74b6619e00cf","8bd366c3-cc1e-5b4a-9d72-bf0bb0fea0ad","LN14-2012-v1","2012-03-09","","KENYA-LAW-LN14-2012","https://new.kenyalaw.org/akn/ke/act/ln/2012/14/eng@2022-12-31","","","pending","Boundary description is legally referenced; machine-readable geometry has not yet passed CRS and topology validation."
"0d751322-5dd0-5914-843b-22c031b0642a","f184ab2f-516a-5853-ac14-191ac02baa72","LN14-2012-v1","2012-03-09","","KENYA-LAW-LN14-2012","https://new.kenyalaw.org/akn/ke/act/ln/2012/14/eng@2022-12-31","","","pending","Boundary description is legally referenced; machine-readable geometry has not yet passed CRS and topology validation."
"4fda1798-eff6-5e20-a565-e200fc9d3662","1c4a77fa-f396-5b04-adca-5406c69c2afc","LN14-2012-v1","2012-03-09","","KENYA-LAW-LN14-2012","https://new.kenyalaw.org/akn/ke/act/ln/2012/14/eng@2022-12-31","","","pending","Boundary description is legally referenced; machine-readable geometry has not yet passed CRS and topology validation."
"c16843bc-f79c-56c1-9181-425b4028d657","939756f4-f529-5e04-b80e-af956429c5c2","LN14-2012-v1","2012-03-09","","KENYA-LAW-LN14-2012","https://new.kenyalaw.org/akn/ke/act/ln/2012/14/eng@2022-12-31","","","pending","Boundary description is legally referenced; machine-readable geometry has not yet passed CRS and topology validation."
"5f64cbb3-229d-517d-b125-8597c347982b","5d357fcc-5b3f-5b00-9390-0e14cc8806ab","LN14-2012-v1","2012-03-09","","KENYA-LAW-LN14-2012","https://new.kenyalaw.org/akn/ke/act/ln/2012/14/eng@2022-12-31","","","pending","Boundary description is legally referenced; machine-readable geometry has not yet passed CRS and topology validation."
"958aa012-1088-54a8-aca9-06de20575a0d","72f89257-9b90-5e93-b5a7-f765a8f2415f","LN14-2012-v1","2012-03-09","","KENYA-LAW-LN14-2012","https://new.kenyalaw.org/akn/ke/act/ln/2012/14/eng@2022-12-31","","","pending","Boundary description is legally referenced; machine-readable geometry has not yet passed CRS and topology validation."
"eaf43c6d-353c-54e6-94fe-064addb95849","4edec943-0d1d-5bc1-bb31-fbf8406c9f49","LN14-2012-v1","2012-03-09","","KENYA-LAW-LN14-2012","https://new.kenyalaw.org/akn/ke/act/ln/2012/14/eng@2022-12-31","","","pending","Boundary description is legally referenced; machine-readable geometry has not yet passed CRS and topology validation."
"73f113c3-e161-5240-b622-924a845d3473","d6aefe6e-8041-5ea3-8930-2aa36eb5c2ec","LN14-2012-v1","2012-03-09","","KENYA-LAW-LN14-2012","https://new.kenyalaw.org/akn/ke/act/ln/2012/14/eng@2022-12-31","","","pending","Boundary description is legally referenced; machine-readable geometry has not yet passed CRS and topology validation."
"e1dbec5b-0d72-57d7-8be9-026fdcb4396a","5525128b-01dc-56d7-8c1e-a3568efb9943","LN14-2012-v1","2012-03-09","","KENYA-LAW-LN14-2012","https://new.kenyalaw.org/akn/ke/act/ln/2012/14/eng@2022-12-31","","","pending","Boundary description is legally referenced; machine-readable geometry has not yet passed CRS and topology validation."
"79c7b301-8c06-5717-902c-31de9464ac47","3c3f247b-7e13-5ea0-89c2-29d2c34b3ee3","LN14-2012-v1","2012-03-09","","KENYA-LAW-LN14-2012","https://new.kenyalaw.org/akn/ke/act/ln/2012/14/eng@2022-12-31","","","pending","Boundary description is legally referenced; machine-readable geometry has not yet passed CRS and topology validation."
"98550a6c-fe35-5693-adc5-718a6188c0da","1f8d6d2e-c85a-52b3-b2fa-649ac7a1fe07","LN14-2012-v1","2012-03-09","","KENYA-LAW-LN14-2012","https://new.kenyalaw.org/akn/ke/act/ln/2012/14/eng@2022-12-31","","","pending","Boundary description is legally referenced; machine-readable geometry has not yet passed CRS and topology validation."
"714499e4-e771-5d77-80ea-05ced07fa2da","5b38bb75-889e-5c94-9180-e32d5b2bc876","LN14-2012-v1","2012-03-09","","KENYA-LAW-LN14-2012","https://new.kenyalaw.org/akn/ke/act/ln/2012/14/eng@2022-12-31","","","pending","Boundary description is legally referenced; machine-readable geometry has not yet passed CRS and topology validation."
"ec663ce3-9e93-510f-a3f8-cdf99e5443c8","ef43dfd0-1456-52c3-8535-071e79cf4b1d","LN14-2012-v1","2012-03-09","","KENYA-LAW-LN14-2012","https://new.kenyalaw.org/akn/ke/act/ln/2012/14/eng@2022-12-31","","","pending","Boundary description is legally referenced; machine-readable geometry has not yet passed CRS and topology validation."
"c0d0a2ea-27ff-5d96-86f4-e25e23f63d7b","5cf9d0fd-5c67-5936-9b4f-1679b163861b","LN14-2012-v1","2012-03-09","","KENYA-LAW-LN14-2012","https://new.kenyalaw.org/akn/ke/act/ln/2012/14/eng@2022-12-31","","","pending","Boundary description is legally referenced; machine-readable geometry has not yet passed CRS and topology validation."
"5fe14812-0d7b-58f2-806c-f303a5f4f58f","9cbe8b61-f136-50ef-a4cb-1d846363ba80","LN14-2012-v1","2012-03-09","","KENYA-LAW-LN14-2012","https://new.kenyalaw.org/akn/ke/act/ln/2012/14/eng@2022-12-31","","","pending","Boundary description is legally referenced; machine-readable geometry has not yet passed CRS and topology validation."
"8fc163f8-5a7a-5005-81e7-b94c86c636d7","fb1d4ea3-08c2-5d36-9897-9b19a44d7c88","LN14-2012-v1","2012-03-09","","KENYA-LAW-LN14-2012","https://new.kenyalaw.org/akn/ke/act/ln/2012/14/eng@2022-12-31","","","pending","Boundary description is legally referenced; machine-readable geometry has not yet passed CRS and topology validation."
"1035b70e-bec2-5f7c-9f55-97be07e9105e","2cd59abd-bce3-50b3-a2ec-2e9fcd685874","LN14-2012-v1","2012-03-09","","KENYA-LAW-LN14-2012","https://new.kenyalaw.org/akn/ke/act/ln/2012/14/eng@2022-12-31","","","pending","Boundary description is legally referenced; machine-readable geometry has not yet passed CRS and topology validation."
"b22f3667-619f-50d7-a5a8-d6117e4afe0d","320a54a1-175f-597e-bbce-94134b2d9d2c","LN14-2012-v1","2012-03-09","","KENYA-LAW-LN14-2012","https://new.kenyalaw.org/akn/ke/act/ln/2012/14/eng@2022-12-31","","","pending","Boundary description is legally referenced; machine-readable geometry has not yet passed CRS and topology validation."
"f201aa0f-aa16-550b-b31a-24c826955b8b","d05597b5-babf-5ec2-bf4d-e21cc321a0c2","LN14-2012-v1","2012-03-09","","KENYA-LAW-LN14-2012","https://new.kenyalaw.org/akn/ke/act/ln/2012/14/eng@2022-12-31","","","pending","Boundary description is legally referenced; machine-readable geometry has not yet passed CRS and topology validation."
"5563e667-9841-5161-905a-a29fb36ca652","775b8594-aaf7-5519-b0f0-ec46c5007073","LN14-2012-v1","2012-03-09","","KENYA-LAW-LN14-2012","https://new.kenyalaw.org/akn/ke/act/ln/2012/14/eng@2022-12-31","","","pending","Boundary description is legally referenced; machine-readable geometry has not yet passed CRS and topology validation."
"aedb7fd3-24bd-5f79-8900-b4460a0f4faf","b6ccbd98-d008-5b50-9519-dc7725e4fe71","LN14-2012-v1","2012-03-09","","KENYA-LAW-LN14-2012","https://new.kenyalaw.org/akn/ke/act/ln/2012/14/eng@2022-12-31","","","pending","Boundary description is legally referenced; machine-readable geometry has not yet passed CRS and topology validation."
"b0ed9dc5-f1ad-51fb-b653-4a2266152852","d073dafd-36b1-5e83-8461-513efb845b7a","LN14-2012-v1","2012-03-09","","KENYA-LAW-LN14-2012","https://new.kenyalaw.org/akn/ke/act/ln/2012/14/eng@2022-12-31","","","pending","Boundary description is legally referenced; machine-readable geometry has not yet passed CRS and topology validation."
"72756b5e-1498-5168-acc3-6b04618d7faf","3e041b19-160a-5cd4-bd9d-7418c20efb5c","LN14-2012-v1","2012-03-09","","KENYA-LAW-LN14-2012","https://new.kenyalaw.org/akn/ke/act/ln/2012/14/eng@2022-12-31","","","pending","Boundary description is legally referenced; machine-readable geometry has not yet passed CRS and topology validation."
"3cd0190a-47c9-5f03-9823-182005feb862","97e35064-2f0f-5efa-b247-709d8d5130f0","LN14-2012-v1","2012-03-09","","KENYA-LAW-LN14-2012","https://new.kenyalaw.org/akn/ke/act/ln/2012/14/eng@2022-12-31","","","pending","Boundary description is legally referenced; machine-readable geometry has not yet passed CRS and topology validation."
"92c627f0-eb00-592a-9954-a4b012e07d0c","e985ef20-7ad5-5ba5-816c-0434f26d1999","LN14-2012-v1","2012-03-09","","KENYA-LAW-LN14-2012","https://new.kenyalaw.org/akn/ke/act/ln/2012/14/eng@2022-12-31","","","pending","Boundary description is legally referenced; machine-readable geometry has not yet passed CRS and topology validation."
"f2f0b818-9d91-5d88-9e90-12fb288fc54c","a0bf0897-b64d-51f7-ac08-28d3dfe7c059","LN14-2012-v1","2012-03-09","","KENYA-LAW-LN14-2012","https://new.kenyalaw.org/akn/ke/act/ln/2012/14/eng@2022-12-31","","","pending","Boundary description is legally referenced; machine-readable geometry has not yet passed CRS and topology validation."
"32f8ec01-7925-518d-be81-60f9a33cb6fd","f0c01755-fb3c-565c-8e53-ed4b62712b65","LN14-2012-v1","2012-03-09","","KENYA-LAW-LN14-2012","https://new.kenyalaw.org/akn/ke/act/ln/2012/14/eng@2022-12-31","","","pending","Boundary description is legally referenced; machine-readable geometry has not yet passed CRS and topology validation."
"879ca3ae-6664-5cbd-b2ca-21c895df7103","706e0668-5733-52b8-a69a-e53ac5878613","LN14-2012-v1","2012-03-09","","KENYA-LAW-LN14-2012","https://new.kenyalaw.org/akn/ke/act/ln/2012/14/eng@2022-12-31","","","pending","Boundary description is legally referenced; machine-readable geometry has not yet passed CRS and topology validation."
"05ebbb59-b80d-59b1-8e03-39931c8801af","63e9f3ee-4de6-5b7e-9660-fa4ccae8cccf","LN14-2012-v1","2012-03-09","","KENYA-LAW-LN14-2012","https://new.kenyalaw.org/akn/ke/act/ln/2012/14/eng@2022-12-31","","","pending","Boundary description is legally referenced; machine-readable geometry has not yet passed CRS and topology validation."
"f94b2293-7e74-55b3-8c35-f32922437f49","5e55575e-32f1-5ee8-8753-31afa4eb9894","LN14-2012-v1","2012-03-09","","KENYA-LAW-LN14-2012","https://new.kenyalaw.org/akn/ke/act/ln/2012/14/eng@2022-12-31","","","pending","Boundary description is legally referenced; machine-readable geometry has not yet passed CRS and topology validation."
"829932a6-b7b6-5711-a030-2ee53465021a","da8a0c65-9f3c-52d0-8e11-028255649201","LN14-2012-v1","2012-03-09","","KENYA-LAW-LN14-2012","https://new.kenyalaw.org/akn/ke/act/ln/2012/14/eng@2022-12-31","","","pending","Boundary description is legally referenced; machine-readable geometry has not yet passed CRS and topology validation."
"1d7cbe42-7327-5f0b-87e8-34e0519f03ec","2c5f8ce4-30dc-5e4b-89ba-4aa22c6d8db1","LN14-2012-v1","2012-03-09","","KENYA-LAW-LN14-2012","https://new.kenyalaw.org/akn/ke/act/ln/2012/14/eng@2022-12-31","","","pending","Boundary description is legally referenced; machine-readable geometry has not yet passed CRS and topology validation."
"c72c84fb-bab7-513d-984d-25557f72c323","09775b1d-88b9-51aa-986e-0431eda6b330","LN14-2012-v1","2012-03-09","","KENYA-LAW-LN14-2012","https://new.kenyalaw.org/akn/ke/act/ln/2012/14/eng@2022-12-31","","","pending","Boundary description is legally referenced; machine-readable geometry has not yet passed CRS and topology validation."
"d24d8885-9cfe-50fc-a7a5-9d94dbaa0ca1","0ce88011-ca34-5322-b835-f4abff2c9cba","LN14-2012-v1","2012-03-09","","KENYA-LAW-LN14-2012","https://new.kenyalaw.org/akn/ke/act/ln/2012/14/eng@2022-12-31","","","pending","Boundary description is legally referenced; machine-readable geometry has not yet passed CRS and topology validation."
"713104c1-4857-5575-83a7-efb99d19dcc9","8a40a56b-dac4-51b6-9423-1ec5cb22b907","LN14-2012-v1","2012-03-09","","KENYA-LAW-LN14-2012","https://new.kenyalaw.org/akn/ke/act/ln/2012/14/eng@2022-12-31","","","pending","Boundary description is legally referenced; machine-readable geometry has not yet passed CRS and topology validation."
"b2343bc6-4c54-50f1-9442-4bc69fbce521","c047f130-7d3a-5b95-ba1a-9048be700951","LN14-2012-v1","2012-03-09","","KENYA-LAW-LN14-2012","https://new.kenyalaw.org/akn/ke/act/ln/2012/14/eng@2022-12-31","","","pending","Boundary description is legally referenced; machine-readable geometry has not yet passed CRS and topology validation."
"46c0b13a-b6c2-5c1b-92b3-5b395f8a3cae","67625560-6cb2-5878-ba5b-108c8e80704c","LN14-2012-v1","2012-03-09","","KENYA-LAW-LN14-2012","https://new.kenyalaw.org/akn/ke/act/ln/2012/14/eng@2022-12-31","","","pending","Boundary description is legally referenced; machine-readable geometry has not yet passed CRS and topology validation."
"7551d4db-1683-5d8b-b8a8-4ce92ceaee4d","20366d0c-a3a4-5027-80ea-262195b416c7","LN14-2012-v1","2012-03-09","","KENYA-LAW-LN14-2012","https://new.kenyalaw.org/akn/ke/act/ln/2012/14/eng@2022-12-31","","","pending","Boundary description is legally referenced; machine-readable geometry has not yet passed CRS and topology validation."
"472793db-c9a7-5289-abfe-288ac2f8a5f5","1067c641-e8ba-58e9-adf3-009a73663658","LN14-2012-v1","2012-03-09","","KENYA-LAW-LN14-2012","https://new.kenyalaw.org/akn/ke/act/ln/2012/14/eng@2022-12-31","","","pending","Boundary description is legally referenced; machine-readable geometry has not yet passed CRS and topology validation."
"75db6a3b-46bd-5ee4-84c1-6428ed956831","dc6df351-d64a-5895-a76e-ff34a3c119ec","LN14-2012-v1","2012-03-09","","KENYA-LAW-LN14-2012","https://new.kenyalaw.org/akn/ke/act/ln/2012/14/eng@2022-12-31","","","pending","Boundary description is legally referenced; machine-readable geometry has not yet passed CRS and topology validation."
"d76044cd-6e22-5c4b-8174-d402154178ab","6330fe6b-abf6-59ee-bf1c-692a60511755","LN14-2012-v1","2012-03-09","","KENYA-LAW-LN14-2012","https://new.kenyalaw.org/akn/ke/act/ln/2012/14/eng@2022-12-31","","","pending","Boundary description is legally referenced; machine-readable geometry has not yet passed CRS and topology validation."
"296b28f0-a188-55d3-ae59-548c7a94cc44","e2b5dbd5-a291-5ecc-bb70-14073ea93663","LN14-2012-v1","2012-03-09","","KENYA-LAW-LN14-2012","https://new.kenyalaw.org/akn/ke/act/ln/2012/14/eng@2022-12-31","","","pending","Boundary description is legally referenced; machine-readable geometry has not yet passed CRS and topology validation."
"96dad30d-88b4-52cf-b507-e5a40f98d323","18860d72-0b6d-5427-b7fd-c003c2fdb939","LN14-2012-v1","2012-03-09","","KENYA-LAW-LN14-2012","https://new.kenyalaw.org/akn/ke/act/ln/2012/14/eng@2022-12-31","","","pending","Boundary description is legally referenced; machine-readable geometry has not yet passed CRS and topology validation."
"21f1a7e0-3629-521b-a067-4b8a48152238","cadb7db1-5b26-5a03-a999-6d96532a730e","LN14-2012-v1","2012-03-09","","KENYA-LAW-LN14-2012","https://new.kenyalaw.org/akn/ke/act/ln/2012/14/eng@2022-12-31","","","pending","Boundary description is legally referenced; machine-readable geometry has not yet passed CRS and topology validation."
"9400157b-1b81-55e8-afc4-0510b77bcf2f","d9dd58f7-85ac-53d7-8461-04db2836cb19","LN14-2012-v1","2012-03-09","","KENYA-LAW-LN14-2012","https://new.kenyalaw.org/akn/ke/act/ln/2012/14/eng@2022-12-31","","","pending","Boundary description is legally referenced; machine-readable geometry has not yet passed CRS and topology validation."
"c3a809e5-739e-569a-a41c-eedec213e45f","86248de5-5a96-5498-8d8c-f78769eea7c1","LN14-2012-v1","2012-03-09","","KENYA-LAW-LN14-2012","https://new.kenyalaw.org/akn/ke/act/ln/2012/14/eng@2022-12-31","","","pending","Boundary description is legally referenced; machine-readable geometry has not yet passed CRS and topology validation."
"cf02c6d9-66a8-55fd-b2b8-197f5d14e992","b3227a0a-8d23-59ad-9564-505bf10520e0","LN14-2012-v1","2012-03-09","","KENYA-LAW-LN14-2012","https://new.kenyalaw.org/akn/ke/act/ln/2012/14/eng@2022-12-31","","","pending","Boundary description is legally referenced; machine-readable geometry has not yet passed CRS and topology validation."
"113eed09-2000-585f-851d-fa836b8a0431","ba6eac18-b450-52fa-b80c-0454d3597687","LN14-2012-v1","2012-03-09","","KENYA-LAW-LN14-2012","https://new.kenyalaw.org/akn/ke/act/ln/2012/14/eng@2022-12-31","","","pending","Boundary description is legally referenced; machine-readable geometry has not yet passed CRS and topology validation."
"ec70f655-47b6-59a5-b799-4892516c7405","db93e8f3-ca09-5728-8bac-c59aa0d425cc","LN14-2012-v1","2012-03-09","","KENYA-LAW-LN14-2012","https://new.kenyalaw.org/akn/ke/act/ln/2012/14/eng@2022-12-31","","","pending","Boundary description is legally referenced; machine-readable geometry has not yet passed CRS and topology validation."
"7f817cda-7222-5985-8ed3-2f2249dc6494","9d514d69-258e-52d3-a6fd-04ccce880781","LN14-2012-v1","2012-03-09","","KENYA-LAW-LN14-2012","https://new.kenyalaw.org/akn/ke/act/ln/2012/14/eng@2022-12-31","","","pending","Boundary description is legally referenced; machine-readable geometry has not yet passed CRS and topology validation."
"fe322d43-bf0a-5803-82a7-1c30d0386a68","9f9a1f6a-0a2f-5b13-a726-13e4793fc5db","LN14-2012-v1","2012-03-09","","KENYA-LAW-LN14-2012","https://new.kenyalaw.org/akn/ke/act/ln/2012/14/eng@2022-12-31","","","pending","Boundary description is legally referenced; machine-readable geometry has not yet passed CRS and topology validation."
"8a524532-6808-5276-9ece-ebe0a9f6285d","730d17ca-a148-5d37-b34a-2ecf37189209","LN14-2012-v1","2012-03-09","","KENYA-LAW-LN14-2012","https://new.kenyalaw.org/akn/ke/act/ln/2012/14/eng@2022-12-31","","","pending","Boundary description is legally referenced; machine-readable geometry has not yet passed CRS and topology validation."
"2d5e84f7-52ce-516c-ba8f-40fd39585f6a","4fbf1b9f-0a6b-52cd-9df4-c8abab02180e","LN14-2012-v1","2012-03-09","","KENYA-LAW-LN14-2012","https://new.kenyalaw.org/akn/ke/act/ln/2012/14/eng@2022-12-31","","","pending","Boundary description is legally referenced; machine-readable geometry has not yet passed CRS and topology validation."
"49038e06-8b5d-5a10-bc23-676477749215","f235b4d6-6c0e-5927-acaf-2a36b56d41fb","LN14-2012-v1","2012-03-09","","KENYA-LAW-LN14-2012","https://new.kenyalaw.org/akn/ke/act/ln/2012/14/eng@2022-12-31","","","pending","Boundary description is legally referenced; machine-readable geometry has not yet passed CRS and topology validation."
"3248edc1-29dc-5ea1-a5ee-acae639e0ba1","321c0b9e-08b9-5746-b784-d19cc71eb518","LN14-2012-v1","2012-03-09","","KENYA-LAW-LN14-2012","https://new.kenyalaw.org/akn/ke/act/ln/2012/14/eng@2022-12-31","","","pending","Boundary description is legally referenced; machine-readable geometry has not yet passed CRS and topology validation."
"1893b574-5ba0-58a4-a603-2be072ef86f5","75731714-e665-512a-bf30-2985094c240f","LN14-2012-v1","2012-03-09","","KENYA-LAW-LN14-2012","https://new.kenyalaw.org/akn/ke/act/ln/2012/14/eng@2022-12-31","","","pending","Boundary description is legally referenced; machine-readable geometry has not yet passed CRS and topology validation."
"5ada524d-847a-5bd7-b1d4-473716232f5f","82cb4801-8bc8-5dd0-a289-a6d8c34f9d83","LN14-2012-v1","2012-03-09","","KENYA-LAW-LN14-2012","https://new.kenyalaw.org/akn/ke/act/ln/2012/14/eng@2022-12-31","","","pending","Boundary description is legally referenced; machine-readable geometry has not yet passed CRS and topology validation."
"c6570baf-dd19-56f5-80b3-233e58d2a1ba","0be4399b-1e81-5fad-831b-50e75e567d3e","LN14-2012-v1","2012-03-09","","KENYA-LAW-LN14-2012","https://new.kenyalaw.org/akn/ke/act/ln/2012/14/eng@2022-12-31","","","pending","Boundary description is legally referenced; machine-readable geometry has not yet passed CRS and topology validation."
"ad4e2f6f-612f-5f7c-9d21-2b8e0e654a63","97fad844-64c5-5071-9a06-86e71fdefb83","LN14-2012-v1","2012-03-09","","KENYA-LAW-LN14-2012","https://new.kenyalaw.org/akn/ke/act/ln/2012/14/eng@2022-12-31","","","pending","Boundary description is legally referenced; machine-readable geometry has not yet passed CRS and topology validation."
"9a6de410-7978-5f51-ab62-7aeba35eb9ba","33b9d1cd-d80f-5822-b7b5-2205b6c84f22","LN14-2012-v1","2012-03-09","","KENYA-LAW-LN14-2012","https://new.kenyalaw.org/akn/ke/act/ln/2012/14/eng@2022-12-31","","","pending","Boundary description is legally referenced; machine-readable geometry has not yet passed CRS and topology validation."
"0d0ceff2-3e9b-5d61-b119-f16a2a48a9b5","323503d6-3cbf-59ce-a60c-c91c80f01c89","LN14-2012-v1","2012-03-09","","KENYA-LAW-LN14-2012","https://new.kenyalaw.org/akn/ke/act/ln/2012/14/eng@2022-12-31","","","pending","Boundary description is legally referenced; machine-readable geometry has not yet passed CRS and topology validation."
"ef387ee6-b3e6-5e41-aa8f-e8fdb3d1edbd","00fdd31c-c67e-5374-8fa3-fbba8407c7a9","LN14-2012-v1","2012-03-09","","KENYA-LAW-LN14-2012","https://new.kenyalaw.org/akn/ke/act/ln/2012/14/eng@2022-12-31","","","pending","Boundary description is legally referenced; machine-readable geometry has not yet passed CRS and topology validation."
"5eca4a01-b164-5169-bcdc-f7df8edc202c","5b56488e-43bf-542e-9903-8efdbe71fc01","LN14-2012-v1","2012-03-09","","KENYA-LAW-LN14-2012","https://new.kenyalaw.org/akn/ke/act/ln/2012/14/eng@2022-12-31","","","pending","Boundary description is legally referenced; machine-readable geometry has not yet passed CRS and topology validation."
"6828919d-82c7-5353-a3e9-d264a0e33ed4","accf07a4-ef0e-5006-a8ca-7797582420a9","LN14-2012-v1","2012-03-09","","KENYA-LAW-LN14-2012","https://new.kenyalaw.org/akn/ke/act/ln/2012/14/eng@2022-12-31","","","pending","Boundary description is legally referenced; machine-readable geometry has not yet passed CRS and topology validation."
"39fcb602-d5e8-5511-abca-47aec7eaa6da","2fd5a689-6e9b-57ea-930d-cbcb956939f5","LN14-2012-v1","2012-03-09","","KENYA-LAW-LN14-2012","https://new.kenyalaw.org/akn/ke/act/ln/2012/14/eng@2022-12-31","","","pending","Boundary description is legally referenced; machine-readable geometry has not yet passed CRS and topology validation."
"3c2d6da7-74c8-5158-97f9-7902e7c16660","6653a38c-734f-5a57-a849-f118761f7f03","LN14-2012-v1","2012-03-09","","KENYA-LAW-LN14-2012","https://new.kenyalaw.org/akn/ke/act/ln/2012/14/eng@2022-12-31","","","pending","Boundary description is legally referenced; machine-readable geometry has not yet passed CRS and topology validation."
"608365f3-45e1-593e-8538-7c197760a30e","92006ae0-191c-5520-9240-abccbbe7c791","LN14-2012-v1","2012-03-09","","KENYA-LAW-LN14-2012","https://new.kenyalaw.org/akn/ke/act/ln/2012/14/eng@2022-12-31","","","pending","Boundary description is legally referenced; machine-readable geometry has not yet passed CRS and topology validation."
"1bf2234a-be42-56dd-a961-54605851ea61","17d9362b-8cd5-5ddd-8814-46d151f52d6e","LN14-2012-v1","2012-03-09","","KENYA-LAW-LN14-2012","https://new.kenyalaw.org/akn/ke/act/ln/2012/14/eng@2022-12-31","","","pending","Boundary description is legally referenced; machine-readable geometry has not yet passed CRS and topology validation."
"ffb69189-f908-5a93-acd4-c8d8380f202b","479d1b8e-aae3-52ba-adc1-b687f4e69fa9","LN14-2012-v1","2012-03-09","","KENYA-LAW-LN14-2012","https://new.kenyalaw.org/akn/ke/act/ln/2012/14/eng@2022-12-31","","","pending","Boundary description is legally referenced; machine-readable geometry has not yet passed CRS and topology validation."
"bdb688b0-01ff-5064-86ba-ddbc3245bb1d","97bd515e-0960-55c6-bc68-b2be0965e537","LN14-2012-v1","2012-03-09","","KENYA-LAW-LN14-2012","https://new.kenyalaw.org/akn/ke/act/ln/2012/14/eng@2022-12-31","","","pending","Boundary description is legally referenced; machine-readable geometry has not yet passed CRS and topology validation."
"57ce0eb9-bb72-5c18-a5f8-cd9b7d85a9f9","ec80da91-7bb0-5fb4-9a39-764aabf280b1","LN14-2012-v1","2012-03-09","","KENYA-LAW-LN14-2012","https://new.kenyalaw.org/akn/ke/act/ln/2012/14/eng@2022-12-31","","","pending","Boundary description is legally referenced; machine-readable geometry has not yet passed CRS and topology validation."
"3ae9129b-4c4f-5464-92df-d183b0a640aa","e0359e72-401f-59b5-a4d9-038ff151fe63","LN14-2012-v1","2012-03-09","","KENYA-LAW-LN14-2012","https://new.kenyalaw.org/akn/ke/act/ln/2012/14/eng@2022-12-31","","","pending","Boundary description is legally referenced; machine-readable geometry has not yet passed CRS and topology validation."
"811a3d0f-002f-5cf8-889a-5cf2895b2bee","ab598963-6c62-5ba4-a415-e994442cdc18","LN14-2012-v1","2012-03-09","","KENYA-LAW-LN14-2012","https://new.kenyalaw.org/akn/ke/act/ln/2012/14/eng@2022-12-31","","","pending","Boundary description is legally referenced; machine-readable geometry has not yet passed CRS and topology validation."
"51ab57b3-3c80-5249-8d8d-84c22fc0e1ca","0f8bbbee-1093-5a2a-9a89-db4af79bc5d8","LN14-2012-v1","2012-03-09","","KENYA-LAW-LN14-2012","https://new.kenyalaw.org/akn/ke/act/ln/2012/14/eng@2022-12-31","","","pending","Boundary description is legally referenced; machine-readable geometry has not yet passed CRS and topology validation."
"4dbe2691-0af5-55c4-b6b5-fe137ff36f0d","5513d8a4-e04b-5a59-9699-5185ef99e4c6","LN14-2012-v1","2012-03-09","","KENYA-LAW-LN14-2012","https://new.kenyalaw.org/akn/ke/act/ln/2012/14/eng@2022-12-31","","","pending","Boundary description is legally referenced; machine-readable geometry has not yet passed CRS and topology validation."
"e8a1705d-1948-57aa-ac81-d02c72447203","1d17395a-1ef0-53cb-90c1-47048cad35fd","LN14-2012-v1","2012-03-09","","KENYA-LAW-LN14-2012","https://new.kenyalaw.org/akn/ke/act/ln/2012/14/eng@2022-12-31","","","pending","Boundary description is legally referenced; machine-readable geometry has not yet passed CRS and topology validation."
"b3e0fb24-7034-5f2a-8887-00838d1634a0","0d87caa3-1b54-5224-b2be-2f7f832f665b","LN14-2012-v1","2012-03-09","","KENYA-LAW-LN14-2012","https://new.kenyalaw.org/akn/ke/act/ln/2012/14/eng@2022-12-31","","","pending","Boundary description is legally referenced; machine-readable geometry has not yet passed CRS and topology validation."
"6b1253c6-ef92-58b5-8194-0a43ac766284","cfb496a0-0530-555d-918b-869ab5887de5","LN14-2012-v1","2012-03-09","","KENYA-LAW-LN14-2012","https://new.kenyalaw.org/akn/ke/act/ln/2012/14/eng@2022-12-31","","","pending","Boundary description is legally referenced; machine-readable geometry has not yet passed CRS and topology validation."
"f0c42b4c-0a9f-5e6a-85d5-dc9a4c7f2cd2","6ce2dc8c-083d-554d-b2bd-ce9286aec25f","LN14-2012-v1","2012-03-09","","KENYA-LAW-LN14-2012","https://new.kenyalaw.org/akn/ke/act/ln/2012/14/eng@2022-12-31","","","pending","Boundary description is legally referenced; machine-readable geometry has not yet passed CRS and topology validation."
"416df77d-4f0b-52c5-a0dd-b1698ea74b95","ce40a1f6-9479-5915-9480-f2bbb571a6aa","LN14-2012-v1","2012-03-09","","KENYA-LAW-LN14-2012","https://new.kenyalaw.org/akn/ke/act/ln/2012/14/eng@2022-12-31","","","pending","Boundary description is legally referenced; machine-readable geometry has not yet passed CRS and topology validation."
"44f0cc49-51c7-5e76-853f-0497cdede965","e0ea5d82-504d-5389-b6e2-1597d32d7fa0","LN14-2012-v1","2012-03-09","","KENYA-LAW-LN14-2012","https://new.kenyalaw.org/akn/ke/act/ln/2012/14/eng@2022-12-31","","","pending","Boundary description is legally referenced; machine-readable geometry has not yet passed CRS and topology validation."
"5c3ed0bf-3c05-5205-96ab-045dec22d628","44190e90-f00b-55c1-b8dc-5d9e4bdffe17","LN14-2012-v1","2012-03-09","","KENYA-LAW-LN14-2012","https://new.kenyalaw.org/akn/ke/act/ln/2012/14/eng@2022-12-31","","","pending","Boundary description is legally referenced; machine-readable geometry has not yet passed CRS and topology validation."
"65022717-d97d-5ef2-9a2c-16629cac103c","53903353-beef-5d31-a501-440afe10ab1c","LN14-2012-v1","2012-03-09","","KENYA-LAW-LN14-2012","https://new.kenyalaw.org/akn/ke/act/ln/2012/14/eng@2022-12-31","","","pending","Boundary description is legally referenced; machine-readable geometry has not yet passed CRS and topology validation."
"cd3b99a5-393d-5c95-8660-10a8c265967d","a53ccfdf-80ad-5e67-9464-ee42d84169ea","LN14-2012-v1","2012-03-09","","KENYA-LAW-LN14-2012","https://new.kenyalaw.org/akn/ke/act/ln/2012/14/eng@2022-12-31","","","pending","Boundary description is legally referenced; machine-readable geometry has not yet passed CRS and topology validation."
"60ee560c-4fc2-57ee-ba50-da4bebadb706","d8305e29-2d05-5e35-8a86-9cd3a10c6e49","LN14-2012-v1","2012-03-09","","KENYA-LAW-LN14-2012","https://new.kenyalaw.org/akn/ke/act/ln/2012/14/eng@2022-12-31","","","pending","Boundary description is legally referenced; machine-readable geometry has not yet passed CRS and topology validation."
"114c7b85-4b76-5c71-834d-20db5af63f68","4ffda508-f27e-59fb-bbb7-6881d3d084d7","LN14-2012-v1","2012-03-09","","KENYA-LAW-LN14-2012","https://new.kenyalaw.org/akn/ke/act/ln/2012/14/eng@2022-12-31","","","pending","Boundary description is legally referenced; machine-readable geometry has not yet passed CRS and topology validation."
"a71bc476-5d99-51e4-80fe-9b8504fff1ee","f1013a64-751a-58d5-83d2-e3e713b31c02","LN14-2012-v1","2012-03-09","","KENYA-LAW-LN14-2012","https://new.kenyalaw.org/akn/ke/act/ln/2012/14/eng@2022-12-31","","","pending","Boundary description is legally referenced; machine-readable geometry has not yet passed CRS and topology validation."
"4258048d-577f-5bf6-a3e0-45a5da9d3838","dd8e42fc-14df-5a97-a388-182c5f434cd7","LN14-2012-v1","2012-03-09","","KENYA-LAW-LN14-2012","https://new.kenyalaw.org/akn/ke/act/ln/2012/14/eng@2022-12-31","","","pending","Boundary description is legally referenced; machine-readable geometry has not yet passed CRS and topology validation."
"a84deb08-0d31-5ccd-97fe-479802dc58ad","4873aa79-5c41-5e13-8368-5fd174e9328c","LN14-2012-v1","2012-03-09","","KENYA-LAW-LN14-2012","https://new.kenyalaw.org/akn/ke/act/ln/2012/14/eng@2022-12-31","","","pending","Boundary description is legally referenced; machine-readable geometry has not yet passed CRS and topology validation."
"6b4f5b3b-d13b-589e-900e-cd9821fae7f5","2fa56000-647e-5d03-806f-2ac9fae57ff4","LN14-2012-v1","2012-03-09","","KENYA-LAW-LN14-2012","https://new.kenyalaw.org/akn/ke/act/ln/2012/14/eng@2022-12-31","","","pending","Boundary description is legally referenced; machine-readable geometry has not yet passed CRS and topology validation."
"e8992145-3582-571e-a540-5152d2b1a0b7","56b31b72-854b-5363-aa50-0505e9b7f867","LN14-2012-v1","2012-03-09","","KENYA-LAW-LN14-2012","https://new.kenyalaw.org/akn/ke/act/ln/2012/14/eng@2022-12-31","","","pending","Boundary description is legally referenced; machine-readable geometry has not yet passed CRS and topology validation."
"4dd3dc62-e456-5051-848d-9f4e85d3e882","8ed528bb-0cff-5ca5-8536-738c3b0c8c3f","LN14-2012-v1","2012-03-09","","KENYA-LAW-LN14-2012","https://new.kenyalaw.org/akn/ke/act/ln/2012/14/eng@2022-12-31","","","pending","Boundary description is legally referenced; machine-readable geometry has not yet passed CRS and topology validation."
"939ec047-f450-582f-b740-6d7230a52467","d36f128a-65bb-5a33-ae10-71642e79bb4a","LN14-2012-v1","2012-03-09","","KENYA-LAW-LN14-2012","https://new.kenyalaw.org/akn/ke/act/ln/2012/14/eng@2022-12-31","","","pending","Boundary description is legally referenced; machine-readable geometry has not yet passed CRS and topology validation."
"2397d1cf-372d-5181-9511-c2abfc397ea7","93031437-2fe6-534b-b192-57bf454aecfa","LN14-2012-v1","2012-03-09","","KENYA-LAW-LN14-2012","https://new.kenyalaw.org/akn/ke/act/ln/2012/14/eng@2022-12-31","","","pending","Boundary description is legally referenced; machine-readable geometry has not yet passed CRS and topology validation."
"f399ba9d-2a9c-5b0c-b1d8-7a432d877a3d","ea7bbe41-a045-573f-802f-313af3a879c6","LN14-2012-v1","2012-03-09","","KENYA-LAW-LN14-2012","https://new.kenyalaw.org/akn/ke/act/ln/2012/14/eng@2022-12-31","","","pending","Boundary description is legally referenced; machine-readable geometry has not yet passed CRS and topology validation."
"8b9e8739-8822-588f-9ebb-87dc63d37b71","155c3d24-c171-5a52-8c6b-bcc5a7f5646d","LN14-2012-v1","2012-03-09","","KENYA-LAW-LN14-2012","https://new.kenyalaw.org/akn/ke/act/ln/2012/14/eng@2022-12-31","","","pending","Boundary description is legally referenced; machine-readable geometry has not yet passed CRS and topology validation."
"fa298403-1273-5693-bd35-2af8ddb9dc17","c0365bd4-18e4-5343-a8d2-37c856d862eb","LN14-2012-v1","2012-03-09","","KENYA-LAW-LN14-2012","https://new.kenyalaw.org/akn/ke/act/ln/2012/14/eng@2022-12-31","","","pending","Boundary description is legally referenced; machine-readable geometry has not yet passed CRS and topology validation."
"5b9af7d0-2934-5237-aa87-cdc0c4c594f1","22d65520-0fa2-55cf-9181-4c2653dd0d74","LN14-2012-v1","2012-03-09","","KENYA-LAW-LN14-2012","https://new.kenyalaw.org/akn/ke/act/ln/2012/14/eng@2022-12-31","","","pending","Boundary description is legally referenced; machine-readable geometry has not yet passed CRS and topology validation."
"087df09a-f0a7-57a2-a8e5-f23807152eca","b3c1e94c-a850-52d1-ae33-e0bf7f16c2c2","LN14-2012-v1","2012-03-09","","KENYA-LAW-LN14-2012","https://new.kenyalaw.org/akn/ke/act/ln/2012/14/eng@2022-12-31","","","pending","Boundary description is legally referenced; machine-readable geometry has not yet passed CRS and topology validation."
"e1c46d0c-83f7-5957-85f8-e855ab4ae24f","bb44c441-87a1-5784-bcbe-80e804b63720","LN14-2012-v1","2012-03-09","","KENYA-LAW-LN14-2012","https://new.kenyalaw.org/akn/ke/act/ln/2012/14/eng@2022-12-31","","","pending","Boundary description is legally referenced; machine-readable geometry has not yet passed CRS and topology validation."
"f66ccb49-b564-51b7-8fc7-e57effbc99e2","7cf28e7d-9d3c-5973-9636-e523132f68d1","LN14-2012-v1","2012-03-09","","KENYA-LAW-LN14-2012","https://new.kenyalaw.org/akn/ke/act/ln/2012/14/eng@2022-12-31","","","pending","Boundary description is legally referenced; machine-readable geometry has not yet passed CRS and topology validation."
"92453548-66f3-5bf6-ba93-f6e6e773a160","e48d6a79-4dd1-58e4-abca-73971043ce3c","LN14-2012-v1","2012-03-09","","KENYA-LAW-LN14-2012","https://new.kenyalaw.org/akn/ke/act/ln/2012/14/eng@2022-12-31","","","pending","Boundary description is legally referenced; machine-readable geometry has not yet passed CRS and topology validation."
"44d61af6-98f8-50a5-95e4-c17039a98d95","48249e68-88ab-58eb-b64c-a1413099e8b3","LN14-2012-v1","2012-03-09","","KENYA-LAW-LN14-2012","https://new.kenyalaw.org/akn/ke/act/ln/2012/14/eng@2022-12-31","","","pending","Boundary description is legally referenced; machine-readable geometry has not yet passed CRS and topology validation."
"49a72c8d-9968-51e7-9149-084481211db7","50a59a81-07dd-54a2-a824-386cfcc28c11","LN14-2012-v1","2012-03-09","","KENYA-LAW-LN14-2012","https://new.kenyalaw.org/akn/ke/act/ln/2012/14/eng@2022-12-31","","","pending","Boundary description is legally referenced; machine-readable geometry has not yet passed CRS and topology validation."
"e8c7f95c-43e9-5d63-92a9-27ac30a95725","79c37e3a-0886-5fbe-9333-029f26a63a62","LN14-2012-v1","2012-03-09","","KENYA-LAW-LN14-2012","https://new.kenyalaw.org/akn/ke/act/ln/2012/14/eng@2022-12-31","","","pending","Boundary description is legally referenced; machine-readable geometry has not yet passed CRS and topology validation."
"b98b383a-fa21-513f-9c2d-b3a0fcf01b66","6d2a1ccd-f493-5d24-ae8a-a54d88c3ebcd","LN14-2012-v1","2012-03-09","","KENYA-LAW-LN14-2012","https://new.kenyalaw.org/akn/ke/act/ln/2012/14/eng@2022-12-31","","","pending","Boundary description is legally referenced; machine-readable geometry has not yet passed CRS and topology validation."
"d050771f-7701-5ac3-a671-47cb23363d62","403ee4e4-3cf7-5449-810d-7aa349511a2c","LN14-2012-v1","2012-03-09","","KENYA-LAW-LN14-2012","https://new.kenyalaw.org/akn/ke/act/ln/2012/14/eng@2022-12-31","","","pending","Boundary description is legally referenced; machine-readable geometry has not yet passed CRS and topology validation."
"8402ee9a-848f-5f0b-8e42-2e19af437345","0167757f-328e-55ea-96ef-7b0d4e415bc4","LN14-2012-v1","2012-03-09","","KENYA-LAW-LN14-2012","https://new.kenyalaw.org/akn/ke/act/ln/2012/14/eng@2022-12-31","","","pending","Boundary description is legally referenced; machine-readable geometry has not yet passed CRS and topology validation."
"623c5761-f135-5ead-8448-c760323e4c02","a277b205-40fb-5dfd-af65-d90631aab30a","LN14-2012-v1","2012-03-09","","KENYA-LAW-LN14-2012","https://new.kenyalaw.org/akn/ke/act/ln/2012/14/eng@2022-12-31","","","pending","Boundary description is legally referenced; machine-readable geometry has not yet passed CRS and topology validation."
"4f281ed5-21f6-5526-93c7-352fded3103f","7c7d8d76-13a3-5ed5-8b28-cdc001f3af0d","LN14-2012-v1","2012-03-09","","KENYA-LAW-LN14-2012","https://new.kenyalaw.org/akn/ke/act/ln/2012/14/eng@2022-12-31","","","pending","Boundary description is legally referenced; machine-readable geometry has not yet passed CRS and topology validation."
"68cbcb74-5b74-573a-99cc-20ec632d38ff","95782537-eb57-5a8a-ad5e-29fcb17c9faf","LN14-2012-v1","2012-03-09","","KENYA-LAW-LN14-2012","https://new.kenyalaw.org/akn/ke/act/ln/2012/14/eng@2022-12-31","","","pending","Boundary description is legally referenced; machine-readable geometry has not yet passed CRS and topology validation."
"e2f34ea1-e1b7-5bf6-a175-fdc1e4e40cf1","a9d500be-6ce7-585e-9714-5bae2680cae5","LN14-2012-v1","2012-03-09","","KENYA-LAW-LN14-2012","https://new.kenyalaw.org/akn/ke/act/ln/2012/14/eng@2022-12-31","","","pending","Boundary description is legally referenced; machine-readable geometry has not yet passed CRS and topology validation."
"91671049-a7e1-59db-b9cb-39eeca7870de","bc86506d-5ac9-54b0-85e1-dca6c48fe6b9","LN14-2012-v1","2012-03-09","","KENYA-LAW-LN14-2012","https://new.kenyalaw.org/akn/ke/act/ln/2012/14/eng@2022-12-31","","","pending","Boundary description is legally referenced; machine-readable geometry has not yet passed CRS and topology validation."
"d04a4cfb-9869-5ffd-a153-ffb236f86127","4a79972d-c5b7-56a7-bfa4-0256ccc970b5","LN14-2012-v1","2012-03-09","","KENYA-LAW-LN14-2012","https://new.kenyalaw.org/akn/ke/act/ln/2012/14/eng@2022-12-31","","","pending","Boundary description is legally referenced; machine-readable geometry has not yet passed CRS and topology validation."
"a3eb9a3c-40cb-5347-8a35-74cb2339c5a9","cb1913d0-804e-5c6f-9462-e178f6a91fad","LN14-2012-v1","2012-03-09","","KENYA-LAW-LN14-2012","https://new.kenyalaw.org/akn/ke/act/ln/2012/14/eng@2022-12-31","","","pending","Boundary description is legally referenced; machine-readable geometry has not yet passed CRS and topology validation."
"34f8a5fa-2af0-5a24-94cf-f821d36466e4","f84b0e4b-20b9-510f-b9c0-241318b22628","LN14-2012-v1","2012-03-09","","KENYA-LAW-LN14-2012","https://new.kenyalaw.org/akn/ke/act/ln/2012/14/eng@2022-12-31","","","pending","Boundary description is legally referenced; machine-readable geometry has not yet passed CRS and topology validation."
"d800e8ad-8a7b-5386-9229-06fc2e347898","1954437f-c86a-5650-a18f-08834ab3e875","LN14-2012-v1","2012-03-09","","KENYA-LAW-LN14-2012","https://new.kenyalaw.org/akn/ke/act/ln/2012/14/eng@2022-12-31","","","pending","Boundary description is legally referenced; machine-readable geometry has not yet passed CRS and topology validation."
"b69efda5-7a03-501b-a2e7-51ae16fb2cda","383c925b-547d-5db6-a035-4fef5cdf9565","LN14-2012-v1","2012-03-09","","KENYA-LAW-LN14-2012","https://new.kenyalaw.org/akn/ke/act/ln/2012/14/eng@2022-12-31","","","pending","Boundary description is legally referenced; machine-readable geometry has not yet passed CRS and topology validation."
"6e80a1ac-1815-5e96-af6b-25742ad7a235","862fd879-d30c-5a33-84c4-ae1f056f7673","LN14-2012-v1","2012-03-09","","KENYA-LAW-LN14-2012","https://new.kenyalaw.org/akn/ke/act/ln/2012/14/eng@2022-12-31","","","pending","Boundary description is legally referenced; machine-readable geometry has not yet passed CRS and topology validation."
"9a7d4d1b-c6f5-54da-9b53-efefd4075e0d","84f66174-1017-5486-81df-b4d2b4e15bb4","LN14-2012-v1","2012-03-09","","KENYA-LAW-LN14-2012","https://new.kenyalaw.org/akn/ke/act/ln/2012/14/eng@2022-12-31","","","pending","Boundary description is legally referenced; machine-readable geometry has not yet passed CRS and topology validation."
"4ade466c-f8da-5c02-a775-21ad088908bb","90ef8a46-b9a3-5fe1-b66d-a052207a6445","LN14-2012-v1","2012-03-09","","KENYA-LAW-LN14-2012","https://new.kenyalaw.org/akn/ke/act/ln/2012/14/eng@2022-12-31","","","pending","Boundary description is legally referenced; machine-readable geometry has not yet passed CRS and topology validation."
"747c3a23-f800-50f2-8ca1-bba5730f35c0","2b7a2daa-9c02-5981-a91f-047014e6670e","LN14-2012-v1","2012-03-09","","KENYA-LAW-LN14-2012","https://new.kenyalaw.org/akn/ke/act/ln/2012/14/eng@2022-12-31","","","pending","Boundary description is legally referenced; machine-readable geometry has not yet passed CRS and topology validation."
"ae7a1e37-4bd7-5660-aa60-c5adb7814507","2ecc2d66-b746-5fb0-ab7d-ec56f6d12c86","LN14-2012-v1","2012-03-09","","KENYA-LAW-LN14-2012","https://new.kenyalaw.org/akn/ke/act/ln/2012/14/eng@2022-12-31","","","pending","Boundary description is legally referenced; machine-readable geometry has not yet passed CRS and topology validation."
"c72c375f-1d32-55ef-8c62-c389429d45ab","abee459f-405e-5c24-a034-da2263704b31","LN14-2012-v1","2012-03-09","","KENYA-LAW-LN14-2012","https://new.kenyalaw.org/akn/ke/act/ln/2012/14/eng@2022-12-31","","","pending","Boundary description is legally referenced; machine-readable geometry has not yet passed CRS and topology validation."
"b8ba7612-c5e0-5236-a552-d2c153aed2da","35a36201-daec-5f28-b9b6-ba4aad6e5d30","LN14-2012-v1","2012-03-09","","KENYA-LAW-LN14-2012","https://new.kenyalaw.org/akn/ke/act/ln/2012/14/eng@2022-12-31","","","pending","Boundary description is legally referenced; machine-readable geometry has not yet passed CRS and topology validation."
"1d4139e3-1fc5-56d9-a875-759996c0d30e","b6301c30-a726-5bd5-931c-587a332f0672","LN14-2012-v1","2012-03-09","","KENYA-LAW-LN14-2012","https://new.kenyalaw.org/akn/ke/act/ln/2012/14/eng@2022-12-31","","","pending","Boundary description is legally referenced; machine-readable geometry has not yet passed CRS and topology validation."
"4d313853-5aa4-524e-877d-96c73c984c4a","c146ee21-e57a-5bdf-982c-6d8313a0eba5","LN14-2012-v1","2012-03-09","","KENYA-LAW-LN14-2012","https://new.kenyalaw.org/akn/ke/act/ln/2012/14/eng@2022-12-31","","","pending","Boundary description is legally referenced; machine-readable geometry has not yet passed CRS and topology validation."
"2558f12e-9b2a-5deb-b0eb-c1dde1002351","2318f8e3-5c2e-5804-8ac8-7c12d1241dc0","LN14-2012-v1","2012-03-09","","KENYA-LAW-LN14-2012","https://new.kenyalaw.org/akn/ke/act/ln/2012/14/eng@2022-12-31","","","pending","Boundary description is legally referenced; machine-readable geometry has not yet passed CRS and topology validation."
"f5c0798d-2de5-573b-abce-14575cb731a8","4cf3f4b0-7c38-5574-9384-972b6a6d1d34","LN14-2012-v1","2012-03-09","","KENYA-LAW-LN14-2012","https://new.kenyalaw.org/akn/ke/act/ln/2012/14/eng@2022-12-31","","","pending","Boundary description is legally referenced; machine-readable geometry has not yet passed CRS and topology validation."
"74974072-0f48-5bc3-aa34-c7ebf5bc417a","98522d74-78a9-5e07-abf3-3d43c0fc903c","LN14-2012-v1","2012-03-09","","KENYA-LAW-LN14-2012","https://new.kenyalaw.org/akn/ke/act/ln/2012/14/eng@2022-12-31","","","pending","Boundary description is legally referenced; machine-readable geometry has not yet passed CRS and topology validation."
"4d93bfa3-2d2c-5c45-9ff6-956e91fc0818","815b134a-2988-5a40-9d49-e4ac1d247960","LN14-2012-v1","2012-03-09","","KENYA-LAW-LN14-2012","https://new.kenyalaw.org/akn/ke/act/ln/2012/14/eng@2022-12-31","","","pending","Boundary description is legally referenced; machine-readable geometry has not yet passed CRS and topology validation."
"ea458e17-f810-5675-a722-a57ad7e01725","1b06cb2e-febb-5e93-a3a2-e6fa7a737931","LN14-2012-v1","2012-03-09","","KENYA-LAW-LN14-2012","https://new.kenyalaw.org/akn/ke/act/ln/2012/14/eng@2022-12-31","","","pending","Boundary description is legally referenced; machine-readable geometry has not yet passed CRS and topology validation."
"d0473e8c-3399-5729-aeca-5e96cbe7eb19","9cac94d6-4e1d-5ee2-8bb4-844e3a13a3d2","LN14-2012-v1","2012-03-09","","KENYA-LAW-LN14-2012","https://new.kenyalaw.org/akn/ke/act/ln/2012/14/eng@2022-12-31","","","pending","Boundary description is legally referenced; machine-readable geometry has not yet passed CRS and topology validation."
"adcc1f2d-37e8-5ca2-845e-67741ddb4f14","ee1a273a-c3fd-55bc-b221-fc788cdafa4a","LN14-2012-v1","2012-03-09","","KENYA-LAW-LN14-2012","https://new.kenyalaw.org/akn/ke/act/ln/2012/14/eng@2022-12-31","","","pending","Boundary description is legally referenced; machine-readable geometry has not yet passed CRS and topology validation."
"53946994-692e-5ea5-95b4-1a1bcebd3a5b","93e7fe55-dc1c-5b35-bb1c-95b153a5dac4","LN14-2012-v1","2012-03-09","","KENYA-LAW-LN14-2012","https://new.kenyalaw.org/akn/ke/act/ln/2012/14/eng@2022-12-31","","","pending","Boundary description is legally referenced; machine-readable geometry has not yet passed CRS and topology validation."
"448d2fd4-f124-5502-b7e5-0ad07f38cc5d","4160ac94-8333-535d-8183-3dfb3b7f40dc","LN14-2012-v1","2012-03-09","","KENYA-LAW-LN14-2012","https://new.kenyalaw.org/akn/ke/act/ln/2012/14/eng@2022-12-31","","","pending","Boundary description is legally referenced; machine-readable geometry has not yet passed CRS and topology validation."
"83f15321-83ec-5ca1-929a-5e277a46e7fa","ead465a9-abff-51eb-9797-cbe6127b0241","LN14-2012-v1","2012-03-09","","KENYA-LAW-LN14-2012","https://new.kenyalaw.org/akn/ke/act/ln/2012/14/eng@2022-12-31","","","pending","Boundary description is legally referenced; machine-readable geometry has not yet passed CRS and topology validation."
"f69da188-ca78-521d-8560-b1b3da898300","412ee5af-3708-5975-ac55-797e348e7496","LN14-2012-v1","2012-03-09","","KENYA-LAW-LN14-2012","https://new.kenyalaw.org/akn/ke/act/ln/2012/14/eng@2022-12-31","","","pending","Boundary description is legally referenced; machine-readable geometry has not yet passed CRS and topology validation."
"ed97000f-9031-54b1-af0c-ed9ccd70f7d1","1db13deb-5e6b-5ecb-a22b-ca3c15a79d52","LN14-2012-v1","2012-03-09","","KENYA-LAW-LN14-2012","https://new.kenyalaw.org/akn/ke/act/ln/2012/14/eng@2022-12-31","","","pending","Boundary description is legally referenced; machine-readable geometry has not yet passed CRS and topology validation."
"f713a0be-c820-5f51-ae30-cf68e72e8eb3","d07b7c79-0829-5161-b062-13bd2516f347","LN14-2012-v1","2012-03-09","","KENYA-LAW-LN14-2012","https://new.kenyalaw.org/akn/ke/act/ln/2012/14/eng@2022-12-31","","","pending","Boundary description is legally referenced; machine-readable geometry has not yet passed CRS and topology validation."
"d9c02786-c938-56f4-ac96-b33a34718fc0","12b54b09-5e79-55cc-b244-e196e26a7e88","LN14-2012-v1","2012-03-09","","KENYA-LAW-LN14-2012","https://new.kenyalaw.org/akn/ke/act/ln/2012/14/eng@2022-12-31","","","pending","Boundary description is legally referenced; machine-readable geometry has not yet passed CRS and topology validation."
"9091320b-f64f-54be-aa34-1c4c1be537b9","574534e9-144e-51b0-9578-9c0e50ba855d","LN14-2012-v1","2012-03-09","","KENYA-LAW-LN14-2012","https://new.kenyalaw.org/akn/ke/act/ln/2012/14/eng@2022-12-31","","","pending","Boundary description is legally referenced; machine-readable geometry has not yet passed CRS and topology validation."
"7cb2b044-6a18-5c3b-97b0-0ba729596e0b","bca730b7-3472-5753-b6fa-11cbe03f77fa","LN14-2012-v1","2012-03-09","","KENYA-LAW-LN14-2012","https://new.kenyalaw.org/akn/ke/act/ln/2012/14/eng@2022-12-31","","","pending","Boundary description is legally referenced; machine-readable geometry has not yet passed CRS and topology validation."
"b008846d-83d5-5dca-beef-5c1caaefe3a6","1266d67c-99a7-56c4-a036-bff4e83fe249","LN14-2012-v1","2012-03-09","","KENYA-LAW-LN14-2012","https://new.kenyalaw.org/akn/ke/act/ln/2012/14/eng@2022-12-31","","","pending","Boundary description is legally referenced; machine-readable geometry has not yet passed CRS and topology validation."
"642576fb-d8a8-5754-ab49-ebb177c90a81","4193729a-7b87-5f66-ab74-2c6247d5d2fc","LN14-2012-v1","2012-03-09","","KENYA-LAW-LN14-2012","https://new.kenyalaw.org/akn/ke/act/ln/2012/14/eng@2022-12-31","","","pending","Boundary description is legally referenced; machine-readable geometry has not yet passed CRS and topology validation."
"25058039-210a-58a2-8640-2a23e52d232a","bd9a8b05-6b82-594e-8887-09d31d9ea5a5","LN14-2012-v1","2012-03-09","","KENYA-LAW-LN14-2012","https://new.kenyalaw.org/akn/ke/act/ln/2012/14/eng@2022-12-31","","","pending","Boundary description is legally referenced; machine-readable geometry has not yet passed CRS and topology validation."
"7772d68c-b069-560f-aa41-eb298eaa84ea","1757f078-96e5-5422-bc4a-3c9089b26fa0","LN14-2012-v1","2012-03-09","","KENYA-LAW-LN14-2012","https://new.kenyalaw.org/akn/ke/act/ln/2012/14/eng@2022-12-31","","","pending","Boundary description is legally referenced; machine-readable geometry has not yet passed CRS and topology validation."
"133bd672-391f-5e80-a421-3c4f2d01b9a3","0f919a2d-d1e6-56d9-94cf-73f17ce26a71","LN14-2012-v1","2012-03-09","","KENYA-LAW-LN14-2012","https://new.kenyalaw.org/akn/ke/act/ln/2012/14/eng@2022-12-31","","","pending","Boundary description is legally referenced; machine-readable geometry has not yet passed CRS and topology validation."
"191ef627-d2ea-55fc-a3e0-de405bd2c583","b24819d2-16e7-555e-86ea-3e06861876fb","LN14-2012-v1","2012-03-09","","KENYA-LAW-LN14-2012","https://new.kenyalaw.org/akn/ke/act/ln/2012/14/eng@2022-12-31","","","pending","Boundary description is legally referenced; machine-readable geometry has not yet passed CRS and topology validation."
"92b1e2a9-b53e-5335-92f3-531a44156164","03162d2c-f158-58e9-b21a-e073ece41f0f","LN14-2012-v1","2012-03-09","","KENYA-LAW-LN14-2012","https://new.kenyalaw.org/akn/ke/act/ln/2012/14/eng@2022-12-31","","","pending","Boundary description is legally referenced; machine-readable geometry has not yet passed CRS and topology validation."
"36798d63-65fe-56b8-8d49-bb593504b11d","b02ea31d-7f24-5855-b0a5-c30672168b66","LN14-2012-v1","2012-03-09","","KENYA-LAW-LN14-2012","https://new.kenyalaw.org/akn/ke/act/ln/2012/14/eng@2022-12-31","","","pending","Boundary description is legally referenced; machine-readable geometry has not yet passed CRS and topology validation."
"a921aa26-e524-5a26-a9db-a0f4b890f423","bc4238d5-7eda-5a63-ad41-22ff5ac3bde3","LN14-2012-v1","2012-03-09","","KENYA-LAW-LN14-2012","https://new.kenyalaw.org/akn/ke/act/ln/2012/14/eng@2022-12-31","","","pending","Boundary description is legally referenced; machine-readable geometry has not yet passed CRS and topology validation."
"491f651a-21cd-5b4b-a6dc-5d507e6713e8","1b19ed56-b36f-5a8f-ba8a-417490ffa1f3","LN14-2012-v1","2012-03-09","","KENYA-LAW-LN14-2012","https://new.kenyalaw.org/akn/ke/act/ln/2012/14/eng@2022-12-31","","","pending","Boundary description is legally referenced; machine-readable geometry has not yet passed CRS and topology validation."
"f99acbff-8138-5d1b-be4e-9c5bc9033d65","3c86024f-89b4-59bc-a6f1-7a0bb00c9b77","LN14-2012-v1","2012-03-09","","KENYA-LAW-LN14-2012","https://new.kenyalaw.org/akn/ke/act/ln/2012/14/eng@2022-12-31","","","pending","Boundary description is legally referenced; machine-readable geometry has not yet passed CRS and topology validation."
"f45ff7ec-99c6-5de5-9d7a-99f4a07140d6","10403f5c-19cb-5678-ba5d-5042c5c0cf3f","LN14-2012-v1","2012-03-09","","KENYA-LAW-LN14-2012","https://new.kenyalaw.org/akn/ke/act/ln/2012/14/eng@2022-12-31","","","pending","Boundary description is legally referenced; machine-readable geometry has not yet passed CRS and topology validation."
"a78105b3-baf7-53b7-899d-55e6294e4c49","bc37e32d-1cd4-5599-b0e2-bb2756bb5e0d","LN14-2012-v1","2012-03-09","","KENYA-LAW-LN14-2012","https://new.kenyalaw.org/akn/ke/act/ln/2012/14/eng@2022-12-31","","","pending","Boundary description is legally referenced; machine-readable geometry has not yet passed CRS and topology validation."
"de51d6a3-5db9-539f-97bb-8b62bd746b12","0d613bd8-0a67-5360-9ea5-e41790396f8b","LN14-2012-v1","2012-03-09","","KENYA-LAW-LN14-2012","https://new.kenyalaw.org/akn/ke/act/ln/2012/14/eng@2022-12-31","","","pending","Boundary description is legally referenced; machine-readable geometry has not yet passed CRS and topology validation."
"4f97e8e8-a393-54c9-99cd-4d0aa371e82c","64f2a905-a6c0-511a-ada2-113146c9b214","LN14-2012-v1","2012-03-09","","KENYA-LAW-LN14-2012","https://new.kenyalaw.org/akn/ke/act/ln/2012/14/eng@2022-12-31","","","pending","Boundary description is legally referenced; machine-readable geometry has not yet passed CRS and topology validation."
"860085cb-9a9d-5933-bf60-c4aace5a2406","ec047fc4-cff4-50d3-93ed-6cebf1ae1ee7","LN14-2012-v1","2012-03-09","","KENYA-LAW-LN14-2012","https://new.kenyalaw.org/akn/ke/act/ln/2012/14/eng@2022-12-31","","","pending","Boundary description is legally referenced; machine-readable geometry has not yet passed CRS and topology validation."
"3287880d-9d80-53d0-bd58-9590b6e46af9","0c905c24-1a44-5537-a679-4f94ad0ecdc4","LN14-2012-v1","2012-03-09","","KENYA-LAW-LN14-2012","https://new.kenyalaw.org/akn/ke/act/ln/2012/14/eng@2022-12-31","","","pending","Boundary description is legally referenced; machine-readable geometry has not yet passed CRS and topology validation."
"b060c62e-c8a7-5c8d-ac02-ffc185e6b2e7","1d9df2e5-cae3-5306-ae7a-83db8ca11204","LN14-2012-v1","2012-03-09","","KENYA-LAW-LN14-2012","https://new.kenyalaw.org/akn/ke/act/ln/2012/14/eng@2022-12-31","","","pending","Boundary description is legally referenced; machine-readable geometry has not yet passed CRS and topology validation."
"7102ba9d-f8ad-5c96-81de-bbbdd5e05c8d","57aa7ae8-bcca-5c09-b472-1283578504e4","LN14-2012-v1","2012-03-09","","KENYA-LAW-LN14-2012","https://new.kenyalaw.org/akn/ke/act/ln/2012/14/eng@2022-12-31","","","pending","Boundary description is legally referenced; machine-readable geometry has not yet passed CRS and topology validation."
"9200fbae-ed4a-56aa-bbaf-76e6d5eecc23","7dfb8f8e-036d-51cf-a7ae-0555d161bda7","LN14-2012-v1","2012-03-09","","KENYA-LAW-LN14-2012","https://new.kenyalaw.org/akn/ke/act/ln/2012/14/eng@2022-12-31","","","pending","Boundary description is legally referenced; machine-readable geometry has not yet passed CRS and topology validation."
"32767157-22dd-5e27-8a95-d11af0a8001f","261b7773-a643-5c80-a0de-11abf80d63c3","LN14-2012-v1","2012-03-09","","KENYA-LAW-LN14-2012","https://new.kenyalaw.org/akn/ke/act/ln/2012/14/eng@2022-12-31","","","pending","Boundary description is legally referenced; machine-readable geometry has not yet passed CRS and topology validation."
"989b6efa-9267-531e-882f-5e589aa51b93","ca6e758d-9c10-5362-9340-bff6f43c0d24","LN14-2012-v1","2012-03-09","","KENYA-LAW-LN14-2012","https://new.kenyalaw.org/akn/ke/act/ln/2012/14/eng@2022-12-31","","","pending","Boundary description is legally referenced; machine-readable geometry has not yet passed CRS and topology validation."
"3822d9a9-6b79-5027-921a-9e3a3513439c","91b22b2c-58b7-58a2-aae5-8121e4b084e6","LN14-2012-v1","2012-03-09","","KENYA-LAW-LN14-2012","https://new.kenyalaw.org/akn/ke/act/ln/2012/14/eng@2022-12-31","","","pending","Boundary description is legally referenced; machine-readable geometry has not yet passed CRS and topology validation."
"9183f2e2-0f15-5875-8ae2-a7f973e17013","e930a06a-7ecf-57e6-b4f0-ee142a4708e5","LN14-2012-v1","2012-03-09","","KENYA-LAW-LN14-2012","https://new.kenyalaw.org/akn/ke/act/ln/2012/14/eng@2022-12-31","","","pending","Boundary description is legally referenced; machine-readable geometry has not yet passed CRS and topology validation."
"1cf0d8e5-9f2b-56dc-bae1-ad337e578583","ed86454e-8e35-558a-827b-67a4cbf4f1f5","LN14-2012-v1","2012-03-09","","KENYA-LAW-LN14-2012","https://new.kenyalaw.org/akn/ke/act/ln/2012/14/eng@2022-12-31","","","pending","Boundary description is legally referenced; machine-readable geometry has not yet passed CRS and topology validation."
"f648f9bc-e69e-5ad3-8242-5e00ceb908b3","5dd9d58d-b7a1-5064-8fbb-269e95b8f038","LN14-2012-v1","2012-03-09","","KENYA-LAW-LN14-2012","https://new.kenyalaw.org/akn/ke/act/ln/2012/14/eng@2022-12-31","","","pending","Boundary description is legally referenced; machine-readable geometry has not yet passed CRS and topology validation."
"2a3a8c1a-8855-543b-8342-f90b7f94fb1a","1730bb83-4ebc-5dda-852e-15370b6431a3","LN14-2012-v1","2012-03-09","","KENYA-LAW-LN14-2012","https://new.kenyalaw.org/akn/ke/act/ln/2012/14/eng@2022-12-31","","","pending","Boundary description is legally referenced; machine-readable geometry has not yet passed CRS and topology validation."
"7e0471d9-de61-5d7b-9af5-654e76d7c596","b2656421-f5dd-5017-b815-fed93374ac4e","LN14-2012-v1","2012-03-09","","KENYA-LAW-LN14-2012","https://new.kenyalaw.org/akn/ke/act/ln/2012/14/eng@2022-12-31","","","pending","Boundary description is legally referenced; machine-readable geometry has not yet passed CRS and topology validation."
"9ba57bda-bf44-5218-8845-d0ead17e137f","64b93ecc-a8af-5b7f-85cb-8117a76401d1","LN14-2012-v1","2012-03-09","","KENYA-LAW-LN14-2012","https://new.kenyalaw.org/akn/ke/act/ln/2012/14/eng@2022-12-31","","","pending","Boundary description is legally referenced; machine-readable geometry has not yet passed CRS and topology validation."
"ff25b812-d110-5ae1-be2b-ced3a0466d75","d6dbcdf3-bd42-5343-8410-e96c9fae71f6","LN14-2012-v1","2012-03-09","","KENYA-LAW-LN14-2012","https://new.kenyalaw.org/akn/ke/act/ln/2012/14/eng@2022-12-31","","","pending","Boundary description is legally referenced; machine-readable geometry has not yet passed CRS and topology validation."
"d14f564b-0fb6-5743-a651-cc499d9104a0","5957d6b4-460c-5602-a7a3-7b48c1a9fb23","LN14-2012-v1","2012-03-09","","KENYA-LAW-LN14-2012","https://new.kenyalaw.org/akn/ke/act/ln/2012/14/eng@2022-12-31","","","pending","Boundary description is legally referenced; machine-readable geometry has not yet passed CRS and topology validation."
"f25c20c7-733e-530e-a88f-6a575407d8ff","a3ed7b7d-9ecf-5e3e-8e5b-9d34b8743ea9","LN14-2012-v1","2012-03-09","","KENYA-LAW-LN14-2012","https://new.kenyalaw.org/akn/ke/act/ln/2012/14/eng@2022-12-31","","","pending","Boundary description is legally referenced; machine-readable geometry has not yet passed CRS and topology validation."
"100f6a99-8f22-5cbd-9e8f-1cb77cb5e139","bb37a257-498f-5f33-bd45-60bda76257be","LN14-2012-v1","2012-03-09","","KENYA-LAW-LN14-2012","https://new.kenyalaw.org/akn/ke/act/ln/2012/14/eng@2022-12-31","","","pending","Boundary description is legally referenced; machine-readable geometry has not yet passed CRS and topology validation."
"bae4a1c0-b6cb-5f93-b0bd-7d9feb77eb06","efd93329-2298-5c1c-b612-155d8b59e612","LN14-2012-v1","2012-03-09","","KENYA-LAW-LN14-2012","https://new.kenyalaw.org/akn/ke/act/ln/2012/14/eng@2022-12-31","","","pending","Boundary description is legally referenced; machine-readable geometry has not yet passed CRS and topology validation."
"f8787015-35ae-5ac9-b8da-61b2e9b602d6","235f37f3-6f01-5507-b8c7-c21327274038","LN14-2012-v1","2012-03-09","","KENYA-LAW-LN14-2012","https://new.kenyalaw.org/akn/ke/act/ln/2012/14/eng@2022-12-31","","","pending","Boundary description is legally referenced; machine-readable geometry has not yet passed CRS and topology validation."
"d0260298-489c-5e8c-b523-bb91e5a89dd2","1f57e97a-c8b0-543d-941e-0629b3f71ea7","LN14-2012-v1","2012-03-09","","KENYA-LAW-LN14-2012","https://new.kenyalaw.org/akn/ke/act/ln/2012/14/eng@2022-12-31","","","pending","Boundary description is legally referenced; machine-readable geometry has not yet passed CRS and topology validation."
"b591202d-6f75-5d6e-a608-8414db453961","312da177-4e8d-5d53-af1e-a6381f90db13","LN14-2012-v1","2012-03-09","","KENYA-LAW-LN14-2012","https://new.kenyalaw.org/akn/ke/act/ln/2012/14/eng@2022-12-31","","","pending","Boundary description is legally referenced; machine-readable geometry has not yet passed CRS and topology validation."
"2092c61e-2a2a-568d-bb11-2ace56aa8f32","17d33a1e-bae0-54c8-ac79-5c053ecb2454","LN14-2012-v1","2012-03-09","","KENYA-LAW-LN14-2012","https://new.kenyalaw.org/akn/ke/act/ln/2012/14/eng@2022-12-31","","","pending","Boundary description is legally referenced; machine-readable geometry has not yet passed CRS and topology validation."
"13f08538-6d97-5bb5-a9fb-4297b7cfb7e2","35585b65-3ed0-5635-bf5a-c77ec0d2d6ab","LN14-2012-v1","2012-03-09","","KENYA-LAW-LN14-2012","https://new.kenyalaw.org/akn/ke/act/ln/2012/14/eng@2022-12-31","","","pending","Boundary description is legally referenced; machine-readable geometry has not yet passed CRS and topology validation."
"1748913f-3844-5a62-b2d4-7091da8a5527","f1be565b-e82d-5c4d-b89d-4ea582772535","LN14-2012-v1","2012-03-09","","KENYA-LAW-LN14-2012","https://new.kenyalaw.org/akn/ke/act/ln/2012/14/eng@2022-12-31","","","pending","Boundary description is legally referenced; machine-readable geometry has not yet passed CRS and topology validation."
"a8a17940-499f-5723-8cba-549b3a5e4c6d","4ea7bdfd-aa38-50ce-8c35-a6e1a393bccd","LN14-2012-v1","2012-03-09","","KENYA-LAW-LN14-2012","https://new.kenyalaw.org/akn/ke/act/ln/2012/14/eng@2022-12-31","","","pending","Boundary description is legally referenced; machine-readable geometry has not yet passed CRS and topology validation."
"ad424f1f-d09b-538e-8c19-50866cba377e","3539e7ee-c0d5-512f-b3a4-c896692cda76","LN14-2012-v1","2012-03-09","","KENYA-LAW-LN14-2012","https://new.kenyalaw.org/akn/ke/act/ln/2012/14/eng@2022-12-31","","","pending","Boundary description is legally referenced; machine-readable geometry has not yet passed CRS and topology validation."
"00b245a5-1afa-5a0e-96f4-4a71d4bb7efc","b9c1e848-3fb6-5db5-aece-15a8f6801b0d","LN14-2012-v1","2012-03-09","","KENYA-LAW-LN14-2012","https://new.kenyalaw.org/akn/ke/act/ln/2012/14/eng@2022-12-31","","","pending","Boundary description is legally referenced; machine-readable geometry has not yet passed CRS and topology validation."
"4fe01aa7-9f05-578b-84f8-19bec58b70d5","0101d978-265b-5c6b-b3fb-96f7cd51b984","LN14-2012-v1","2012-03-09","","KENYA-LAW-LN14-2012","https://new.kenyalaw.org/akn/ke/act/ln/2012/14/eng@2022-12-31","","","pending","Boundary description is legally referenced; machine-readable geometry has not yet passed CRS and topology validation."
"be0f19da-f9c3-5819-a2c2-0b2a77cc742b","232e6a30-64e8-53f9-be55-d56ea6027530","LN14-2012-v1","2012-03-09","","KENYA-LAW-LN14-2012","https://new.kenyalaw.org/akn/ke/act/ln/2012/14/eng@2022-12-31","","","pending","Boundary description is legally referenced; machine-readable geometry has not yet passed CRS and topology validation."
"92b1522c-ad6c-5e47-a4d4-72baea7fe7ea","2a3943a5-db9e-5af7-9ca8-abec061333d4","LN14-2012-v1","2012-03-09","","KENYA-LAW-LN14-2012","https://new.kenyalaw.org/akn/ke/act/ln/2012/14/eng@2022-12-31","","","pending","Boundary description is legally referenced; machine-readable geometry has not yet passed CRS and topology validation."
"c219991c-7745-5080-a764-d4c81fb306e0","f7aebc7f-6ee3-5435-833e-f4ff52ddc6d3","LN14-2012-v1","2012-03-09","","KENYA-LAW-LN14-2012","https://new.kenyalaw.org/akn/ke/act/ln/2012/14/eng@2022-12-31","","","pending","Boundary description is legally referenced; machine-readable geometry has not yet passed CRS and topology validation."
"ba25766e-9233-5c3f-a9b0-83896da38e36","30a65559-53fd-5802-9de0-10f08f2e04c1","LN14-2012-v1","2012-03-09","","KENYA-LAW-LN14-2012","https://new.kenyalaw.org/akn/ke/act/ln/2012/14/eng@2022-12-31","","","pending","Boundary description is legally referenced; machine-readable geometry has not yet passed CRS and topology validation."
"5dd5afe7-22aa-5480-ba7e-0c428710b746","b195555a-32bb-5e69-b834-5b80d3533e25","LN14-2012-v1","2012-03-09","","KENYA-LAW-LN14-2012","https://new.kenyalaw.org/akn/ke/act/ln/2012/14/eng@2022-12-31","","","pending","Boundary description is legally referenced; machine-readable geometry has not yet passed CRS and topology validation."
"94f5f1ee-e5ff-50aa-b42b-73374750cc7c","5271d321-0c69-5a38-b1bb-e56d7d15bd89","LN14-2012-v1","2012-03-09","","KENYA-LAW-LN14-2012","https://new.kenyalaw.org/akn/ke/act/ln/2012/14/eng@2022-12-31","","","pending","Boundary description is legally referenced; machine-readable geometry has not yet passed CRS and topology validation."
"30c35828-808b-5327-aad7-f97a74db0357","52c98aa9-2105-5055-bc42-1db9ca5e403b","LN14-2012-v1","2012-03-09","","KENYA-LAW-LN14-2012","https://new.kenyalaw.org/akn/ke/act/ln/2012/14/eng@2022-12-31","","","pending","Boundary description is legally referenced; machine-readable geometry has not yet passed CRS and topology validation."
"b3384bc7-201b-5ec8-b656-2e0b99bef603","3179074a-347a-55cc-9c6f-8ba4407ef301","LN14-2012-v1","2012-03-09","","KENYA-LAW-LN14-2012","https://new.kenyalaw.org/akn/ke/act/ln/2012/14/eng@2022-12-31","","","pending","Boundary description is legally referenced; machine-readable geometry has not yet passed CRS and topology validation."
"d7313bde-83d3-5534-ae96-6415bb3c3d7f","673f84f3-3193-5260-ae11-e0e58ccb68ae","LN14-2012-v1","2012-03-09","","KENYA-LAW-LN14-2012","https://new.kenyalaw.org/akn/ke/act/ln/2012/14/eng@2022-12-31","","","pending","Boundary description is legally referenced; machine-readable geometry has not yet passed CRS and topology validation."
"994079d3-0def-5eae-9d1c-222e32b7a554","c5229c1c-becc-5d31-938a-9dd936ab0dd4","LN14-2012-v1","2012-03-09","","KENYA-LAW-LN14-2012","https://new.kenyalaw.org/akn/ke/act/ln/2012/14/eng@2022-12-31","","","pending","Boundary description is legally referenced; machine-readable geometry has not yet passed CRS and topology validation."
"319cd01d-6d64-5c1a-a4b2-55dea6071fcd","3f3d4c00-8b96-5270-b75d-5a10680f2879","LN14-2012-v1","2012-03-09","","KENYA-LAW-LN14-2012","https://new.kenyalaw.org/akn/ke/act/ln/2012/14/eng@2022-12-31","","","pending","Boundary description is legally referenced; machine-readable geometry has not yet passed CRS and topology validation."
"2b2cc950-f1d4-5cda-aa50-d3ebce0c82f3","fef9e357-7318-506c-86b5-c2e084cb84de","LN14-2012-v1","2012-03-09","","KENYA-LAW-LN14-2012","https://new.kenyalaw.org/akn/ke/act/ln/2012/14/eng@2022-12-31","","","pending","Boundary description is legally referenced; machine-readable geometry has not yet passed CRS and topology validation."
"59a32585-d85e-5582-a6d5-a614e0aa02a0","6eed4ace-c134-535d-8042-ef2aad1623df","LN14-2012-v1","2012-03-09","","KENYA-LAW-LN14-2012","https://new.kenyalaw.org/akn/ke/act/ln/2012/14/eng@2022-12-31","","","pending","Boundary description is legally referenced; machine-readable geometry has not yet passed CRS and topology validation."
"5577cfb4-44c8-5ce4-9c5d-c982f74f0770","e771e654-543b-54c5-ac78-1fa1c03dd0d6","LN14-2012-v1","2012-03-09","","KENYA-LAW-LN14-2012","https://new.kenyalaw.org/akn/ke/act/ln/2012/14/eng@2022-12-31","","","pending","Boundary description is legally referenced; machine-readable geometry has not yet passed CRS and topology validation."
"f4d770a6-5feb-5fed-83d9-da2fc772dbce","a3493188-2cca-56d9-a539-e9314c46522e","LN14-2012-v1","2012-03-09","","KENYA-LAW-LN14-2012","https://new.kenyalaw.org/akn/ke/act/ln/2012/14/eng@2022-12-31","","","pending","Boundary description is legally referenced; machine-readable geometry has not yet passed CRS and topology validation."
"c7ec4279-57e3-5098-9ee9-e6a328c8616e","29ad2fa9-6ac6-55ed-b55a-786c4ca1a534","LN14-2012-v1","2012-03-09","","KENYA-LAW-LN14-2012","https://new.kenyalaw.org/akn/ke/act/ln/2012/14/eng@2022-12-31","","","pending","Boundary description is legally referenced; machine-readable geometry has not yet passed CRS and topology validation."
"4136852e-32ea-5376-bd2e-a89c24c3824d","b7eab238-a824-5914-93c9-f0e666516676","LN14-2012-v1","2012-03-09","","KENYA-LAW-LN14-2012","https://new.kenyalaw.org/akn/ke/act/ln/2012/14/eng@2022-12-31","","","pending","Boundary description is legally referenced; machine-readable geometry has not yet passed CRS and topology validation."
"9c91ab2b-c785-51e0-b513-709c4f8ab965","0fee4fec-1ce2-5ef0-b76e-c6323e216fa7","LN14-2012-v1","2012-03-09","","KENYA-LAW-LN14-2012","https://new.kenyalaw.org/akn/ke/act/ln/2012/14/eng@2022-12-31","","","pending","Boundary description is legally referenced; machine-readable geometry has not yet passed CRS and topology validation."
"ac50c3f8-785e-51d7-96f6-0ab38dc7e70c","97e52e0a-df0b-5847-ad0e-35f5c77f2d1c","LN14-2012-v1","2012-03-09","","KENYA-LAW-LN14-2012","https://new.kenyalaw.org/akn/ke/act/ln/2012/14/eng@2022-12-31","","","pending","Boundary description is legally referenced; machine-readable geometry has not yet passed CRS and topology validation."
"dd98b4c8-21b3-5bfc-98ae-9ce68018e525","e89fff92-99b3-575e-b6ba-fba195818a07","LN14-2012-v1","2012-03-09","","KENYA-LAW-LN14-2012","https://new.kenyalaw.org/akn/ke/act/ln/2012/14/eng@2022-12-31","","","pending","Boundary description is legally referenced; machine-readable geometry has not yet passed CRS and topology validation."
"03aaf113-5e6c-5486-a539-a7d8663e8bf9","807ef8e2-80ad-59e8-8805-3cdadfe76a0a","LN14-2012-v1","2012-03-09","","KENYA-LAW-LN14-2012","https://new.kenyalaw.org/akn/ke/act/ln/2012/14/eng@2022-12-31","","","pending","Boundary description is legally referenced; machine-readable geometry has not yet passed CRS and topology validation."
"c5dc4d4d-4d86-5377-a2d2-f98a4546745e","03dc29ab-1509-5bde-93aa-d7a689d4cf0a","LN14-2012-v1","2012-03-09","","KENYA-LAW-LN14-2012","https://new.kenyalaw.org/akn/ke/act/ln/2012/14/eng@2022-12-31","","","pending","Boundary description is legally referenced; machine-readable geometry has not yet passed CRS and topology validation."
"17a99780-5ce9-567a-959c-39262a86058d","2aa14752-e25c-534e-bde4-aea7c5fd2271","LN14-2012-v1","2012-03-09","","KENYA-LAW-LN14-2012","https://new.kenyalaw.org/akn/ke/act/ln/2012/14/eng@2022-12-31","","","pending","Boundary description is legally referenced; machine-readable geometry has not yet passed CRS and topology validation."
"759051ad-6195-5ab3-993c-1dbf9425e0ee","117943cf-0663-5780-8b99-36b0a29dfa4a","LN14-2012-v1","2012-03-09","","KENYA-LAW-LN14-2012","https://new.kenyalaw.org/akn/ke/act/ln/2012/14/eng@2022-12-31","","","pending","Boundary description is legally referenced; machine-readable geometry has not yet passed CRS and topology validation."
"1cc8d892-b38a-5fdc-b35f-0baa227d025e","a8716122-2932-5941-bff4-1e1297b3d92d","LN14-2012-v1","2012-03-09","","KENYA-LAW-LN14-2012","https://new.kenyalaw.org/akn/ke/act/ln/2012/14/eng@2022-12-31","","","pending","Boundary description is legally referenced; machine-readable geometry has not yet passed CRS and topology validation."
"908848ba-02d0-5262-8ebb-1761d9640f3e","d7cd4c81-8d56-5ac6-8249-2c4c189b3c3f","LN14-2012-v1","2012-03-09","","KENYA-LAW-LN14-2012","https://new.kenyalaw.org/akn/ke/act/ln/2012/14/eng@2022-12-31","","","pending","Boundary description is legally referenced; machine-readable geometry has not yet passed CRS and topology validation."
"00dbe1ce-db64-59eb-aec6-2d809889918e","c8630260-ccc2-5c52-af17-91f7b05431cb","LN14-2012-v1","2012-03-09","","KENYA-LAW-LN14-2012","https://new.kenyalaw.org/akn/ke/act/ln/2012/14/eng@2022-12-31","","","pending","Boundary description is legally referenced; machine-readable geometry has not yet passed CRS and topology validation."
"529547fc-6f86-5afd-af41-9e6ef58a8729","7f9e8863-8a49-5203-91fe-0de1a237e075","LN14-2012-v1","2012-03-09","","KENYA-LAW-LN14-2012","https://new.kenyalaw.org/akn/ke/act/ln/2012/14/eng@2022-12-31","","","pending","Boundary description is legally referenced; machine-readable geometry has not yet passed CRS and topology validation."
"d6dac05d-679b-5074-998f-b61819e769ab","03dfae6c-ae8f-5a67-9f2a-38ee0f5841af","LN14-2012-v1","2012-03-09","","KENYA-LAW-LN14-2012","https://new.kenyalaw.org/akn/ke/act/ln/2012/14/eng@2022-12-31","","","pending","Boundary description is legally referenced; machine-readable geometry has not yet passed CRS and topology validation."
"325d467a-00f1-536c-bd84-242757b395b1","6a799359-3bb9-5267-bb5f-2a6ef3be14e5","LN14-2012-v1","2012-03-09","","KENYA-LAW-LN14-2012","https://new.kenyalaw.org/akn/ke/act/ln/2012/14/eng@2022-12-31","","","pending","Boundary description is legally referenced; machine-readable geometry has not yet passed CRS and topology validation."
"19ad00fd-0d3f-56a8-8081-8a4810c5b533","340d7ef8-e1ac-513b-a769-911327abb8db","LN14-2012-v1","2012-03-09","","KENYA-LAW-LN14-2012","https://new.kenyalaw.org/akn/ke/act/ln/2012/14/eng@2022-12-31","","","pending","Boundary description is legally referenced; machine-readable geometry has not yet passed CRS and topology validation."
"67cf8c35-babc-59eb-b83e-9556bd8f2a9c","3572d3ef-94a4-56c6-85f8-fdfc12a0d16b","LN14-2012-v1","2012-03-09","","KENYA-LAW-LN14-2012","https://new.kenyalaw.org/akn/ke/act/ln/2012/14/eng@2022-12-31","","","pending","Boundary description is legally referenced; machine-readable geometry has not yet passed CRS and topology validation."
"bba4e71b-9408-5415-842d-90df19af02e9","c165db8f-7055-5e94-8027-e9502424e2d9","LN14-2012-v1","2012-03-09","","KENYA-LAW-LN14-2012","https://new.kenyalaw.org/akn/ke/act/ln/2012/14/eng@2022-12-31","","","pending","Boundary description is legally referenced; machine-readable geometry has not yet passed CRS and topology validation."
"5981fee6-c074-5a48-9c4f-3b55d42394f1","84c5d806-86fe-5c69-870e-4597d7ee9cc5","LN14-2012-v1","2012-03-09","","KENYA-LAW-LN14-2012","https://new.kenyalaw.org/akn/ke/act/ln/2012/14/eng@2022-12-31","","","pending","Boundary description is legally referenced; machine-readable geometry has not yet passed CRS and topology validation."
"48dcc20c-f67f-5379-870e-3f7ff23ec974","a155ff97-6cc7-5df2-84bb-b5257d007a11","LN14-2012-v1","2012-03-09","","KENYA-LAW-LN14-2012","https://new.kenyalaw.org/akn/ke/act/ln/2012/14/eng@2022-12-31","","","pending","Boundary description is legally referenced; machine-readable geometry has not yet passed CRS and topology validation."
"999ff223-e3c8-5b9c-ae9b-e774b19c95ee","68697e19-3429-5c90-b039-aa161d68666c","LN14-2012-v1","2012-03-09","","KENYA-LAW-LN14-2012","https://new.kenyalaw.org/akn/ke/act/ln/2012/14/eng@2022-12-31","","","pending","Boundary description is legally referenced; machine-readable geometry has not yet passed CRS and topology validation."
"5236f8d2-b247-51f7-b959-8298d75ea177","541ab005-40c1-5b19-94cb-db6d06db6280","LN14-2012-v1","2012-03-09","","KENYA-LAW-LN14-2012","https://new.kenyalaw.org/akn/ke/act/ln/2012/14/eng@2022-12-31","","","pending","Boundary description is legally referenced; machine-readable geometry has not yet passed CRS and topology validation."
"9df774e5-2323-5e72-a23f-46b999b37c92","795bc4af-fc9d-58b0-b621-0a49f7ec6199","LN14-2012-v1","2012-03-09","","KENYA-LAW-LN14-2012","https://new.kenyalaw.org/akn/ke/act/ln/2012/14/eng@2022-12-31","","","pending","Boundary description is legally referenced; machine-readable geometry has not yet passed CRS and topology validation."
"3ffa771b-55f3-588e-aa9d-902929eed826","7cbf7221-2ddf-5dc3-94ca-9ff4f4180cd9","LN14-2012-v1","2012-03-09","","KENYA-LAW-LN14-2012","https://new.kenyalaw.org/akn/ke/act/ln/2012/14/eng@2022-12-31","","","pending","Boundary description is legally referenced; machine-readable geometry has not yet passed CRS and topology validation."
"42348be7-004f-59b7-9501-ac6f909053bb","98944b72-128e-5d9b-b6a8-aa4daaa2ec38","LN14-2012-v1","2012-03-09","","KENYA-LAW-LN14-2012","https://new.kenyalaw.org/akn/ke/act/ln/2012/14/eng@2022-12-31","","","pending","Boundary description is legally referenced; machine-readable geometry has not yet passed CRS and topology validation."
"df1dd00f-7d92-5265-af47-530d159189fa","5469c9c1-00ca-551a-8b72-21e84f8f288f","LN14-2012-v1","2012-03-09","","KENYA-LAW-LN14-2012","https://new.kenyalaw.org/akn/ke/act/ln/2012/14/eng@2022-12-31","","","pending","Boundary description is legally referenced; machine-readable geometry has not yet passed CRS and topology validation."
"149aa248-ed41-5dcb-98c3-3f19a308c20c","cbcebc68-6b24-56e4-9b7f-754f078e31d2","LN14-2012-v1","2012-03-09","","KENYA-LAW-LN14-2012","https://new.kenyalaw.org/akn/ke/act/ln/2012/14/eng@2022-12-31","","","pending","Boundary description is legally referenced; machine-readable geometry has not yet passed CRS and topology validation."
"10de197d-ea6b-50fb-8af5-2da462f84069","e4a7b90e-3cfc-500f-84bd-9af8aa27557c","LN14-2012-v1","2012-03-09","","KENYA-LAW-LN14-2012","https://new.kenyalaw.org/akn/ke/act/ln/2012/14/eng@2022-12-31","","","pending","Boundary description is legally referenced; machine-readable geometry has not yet passed CRS and topology validation."
"8921c0b9-34fa-5956-8810-13a77edc4804","d17e8894-abe2-5e1f-9841-033f7749e8f2","LN14-2012-v1","2012-03-09","","KENYA-LAW-LN14-2012","https://new.kenyalaw.org/akn/ke/act/ln/2012/14/eng@2022-12-31","","","pending","Boundary description is legally referenced; machine-readable geometry has not yet passed CRS and topology validation."
"6edfc397-655f-5fe9-8f11-58e3871d70d0","7df22cd3-069f-5aa0-942d-34fa287acdb6","LN14-2012-v1","2012-03-09","","KENYA-LAW-LN14-2012","https://new.kenyalaw.org/akn/ke/act/ln/2012/14/eng@2022-12-31","","","pending","Boundary description is legally referenced; machine-readable geometry has not yet passed CRS and topology validation."
"c5665db3-7439-566d-95ad-8eecdf8291fc","71b2c3f5-3bea-5326-83cf-bc05c9d3c5dd","LN14-2012-v1","2012-03-09","","KENYA-LAW-LN14-2012","https://new.kenyalaw.org/akn/ke/act/ln/2012/14/eng@2022-12-31","","","pending","Boundary description is legally referenced; machine-readable geometry has not yet passed CRS and topology validation."
"2b20bff0-c274-5d83-891e-937fa567a34d","819b350c-be6d-561a-9f14-37ab73fa5af0","LN14-2012-v1","2012-03-09","","KENYA-LAW-LN14-2012","https://new.kenyalaw.org/akn/ke/act/ln/2012/14/eng@2022-12-31","","","pending","Boundary description is legally referenced; machine-readable geometry has not yet passed CRS and topology validation."
"76ad39fb-eae4-5bdb-94ef-a15d39b7884d","fd74a872-a06f-569e-b69d-399c0d7edd87","LN14-2012-v1","2012-03-09","","KENYA-LAW-LN14-2012","https://new.kenyalaw.org/akn/ke/act/ln/2012/14/eng@2022-12-31","","","pending","Boundary description is legally referenced; machine-readable geometry has not yet passed CRS and topology validation."
"43307432-7668-5a05-b4fa-2a2bd25ca90d","6add09bb-3ffe-553d-a588-19a1ad406b59","LN14-2012-v1","2012-03-09","","KENYA-LAW-LN14-2012","https://new.kenyalaw.org/akn/ke/act/ln/2012/14/eng@2022-12-31","","","pending","Boundary description is legally referenced; machine-readable geometry has not yet passed CRS and topology validation."
"b894c3ca-7695-5cc2-8105-6abc3ba5b5d0","e7c5233d-d78d-542e-aa3e-cc03997e4f44","LN14-2012-v1","2012-03-09","","KENYA-LAW-LN14-2012","https://new.kenyalaw.org/akn/ke/act/ln/2012/14/eng@2022-12-31","","","pending","Boundary description is legally referenced; machine-readable geometry has not yet passed CRS and topology validation."
"95069a7f-2d34-59f1-b5eb-7a8ca44ce59c","e47afdbb-0578-5c16-b5b4-c1fd77c4d433","LN14-2012-v1","2012-03-09","","KENYA-LAW-LN14-2012","https://new.kenyalaw.org/akn/ke/act/ln/2012/14/eng@2022-12-31","","","pending","Boundary description is legally referenced; machine-readable geometry has not yet passed CRS and topology validation."
"3589bf74-366e-5156-8b45-27dc5a481744","ca5da8e3-2fed-50a9-8aaf-5f518c0852c5","LN14-2012-v1","2012-03-09","","KENYA-LAW-LN14-2012","https://new.kenyalaw.org/akn/ke/act/ln/2012/14/eng@2022-12-31","","","pending","Boundary description is legally referenced; machine-readable geometry has not yet passed CRS and topology validation."
"f84cd2c6-8c71-5907-b464-cfe1ee4feacf","697c22d2-7328-599e-bd26-4f5048d9243b","LN14-2012-v1","2012-03-09","","KENYA-LAW-LN14-2012","https://new.kenyalaw.org/akn/ke/act/ln/2012/14/eng@2022-12-31","","","pending","Boundary description is legally referenced; machine-readable geometry has not yet passed CRS and topology validation."
"acaa00fe-a68a-532e-9a90-3e2efc744189","9371b95f-b69a-53fb-b756-6acafbda8e37","LN14-2012-v1","2012-03-09","","KENYA-LAW-LN14-2012","https://new.kenyalaw.org/akn/ke/act/ln/2012/14/eng@2022-12-31","","","pending","Boundary description is legally referenced; machine-readable geometry has not yet passed CRS and topology validation."
"71b80a6b-4eb4-5b7f-87fb-a9b21c2121a0","1bc53921-396b-5690-88d6-7758856349c0","LN14-2012-v1","2012-03-09","","KENYA-LAW-LN14-2012","https://new.kenyalaw.org/akn/ke/act/ln/2012/14/eng@2022-12-31","","","pending","Boundary description is legally referenced; machine-readable geometry has not yet passed CRS and topology validation."
"9be3bdfe-94f5-55ae-a2a9-d244e007166b","6d3f606c-7b9c-5122-9e5a-9e1b6f7926fb","LN14-2012-v1","2012-03-09","","KENYA-LAW-LN14-2012","https://new.kenyalaw.org/akn/ke/act/ln/2012/14/eng@2022-12-31","","","pending","Boundary description is legally referenced; machine-readable geometry has not yet passed CRS and topology validation."
"684bfcda-1876-5f43-94f1-171fdcfd62dd","c46ea34a-87cd-5553-92b3-b5c664f2899e","LN14-2012-v1","2012-03-09","","KENYA-LAW-LN14-2012","https://new.kenyalaw.org/akn/ke/act/ln/2012/14/eng@2022-12-31","","","pending","Boundary description is legally referenced; machine-readable geometry has not yet passed CRS and topology validation."
"039587d4-7bcf-5860-9f30-189b5d6c7d4e","9586a0a7-6ff9-5ea8-a451-e46e72093af9","LN14-2012-v1","2012-03-09","","KENYA-LAW-LN14-2012","https://new.kenyalaw.org/akn/ke/act/ln/2012/14/eng@2022-12-31","","","pending","Boundary description is legally referenced; machine-readable geometry has not yet passed CRS and topology validation."
"96fa0889-46e5-5b89-886a-ab3bce823514","071b0d3f-427c-5ede-908f-69a1fecbed21","LN14-2012-v1","2012-03-09","","KENYA-LAW-LN14-2012","https://new.kenyalaw.org/akn/ke/act/ln/2012/14/eng@2022-12-31","","","pending","Boundary description is legally referenced; machine-readable geometry has not yet passed CRS and topology validation."
"4cbf171d-cfb5-5407-bdd5-db81c72c72e3","1f5479af-ce64-51d1-a75c-f464d7890168","LN14-2012-v1","2012-03-09","","KENYA-LAW-LN14-2012","https://new.kenyalaw.org/akn/ke/act/ln/2012/14/eng@2022-12-31","","","pending","Boundary description is legally referenced; machine-readable geometry has not yet passed CRS and topology validation."
"84245430-8cf7-5257-b570-2b159190b60e","bd6ed12f-4a9f-5da2-aa8b-1ff99e627628","LN14-2012-v1","2012-03-09","","KENYA-LAW-LN14-2012","https://new.kenyalaw.org/akn/ke/act/ln/2012/14/eng@2022-12-31","","","pending","Boundary description is legally referenced; machine-readable geometry has not yet passed CRS and topology validation."
"7df878d3-3bae-5a78-a056-7b617f323be7","07e919bc-1648-5749-a460-48ee62227b64","LN14-2012-v1","2012-03-09","","KENYA-LAW-LN14-2012","https://new.kenyalaw.org/akn/ke/act/ln/2012/14/eng@2022-12-31","","","pending","Boundary description is legally referenced; machine-readable geometry has not yet passed CRS and topology validation."
"8741b2fb-cd06-5132-89c0-ea10dc8f0eb1","52b45ec9-0672-509e-9554-aaff4b40e5fc","LN14-2012-v1","2012-03-09","","KENYA-LAW-LN14-2012","https://new.kenyalaw.org/akn/ke/act/ln/2012/14/eng@2022-12-31","","","pending","Boundary description is legally referenced; machine-readable geometry has not yet passed CRS and topology validation."
"85c1917d-71c1-544f-ab8e-12263298c8b0","810869ab-3b45-5b60-b166-579ecec571b9","LN14-2012-v1","2012-03-09","","KENYA-LAW-LN14-2012","https://new.kenyalaw.org/akn/ke/act/ln/2012/14/eng@2022-12-31","","","pending","Boundary description is legally referenced; machine-readable geometry has not yet passed CRS and topology validation."
"04a973e2-7d12-5609-9ee1-c9a67dee51bc","3bb59b71-7e32-5d8d-8973-4254685dc3f8","LN14-2012-v1","2012-03-09","","KENYA-LAW-LN14-2012","https://new.kenyalaw.org/akn/ke/act/ln/2012/14/eng@2022-12-31","","","pending","Boundary description is legally referenced; machine-readable geometry has not yet passed CRS and topology validation."
"30a1e748-f4bd-5b95-9e09-71a913996aa6","14725d1d-2cd5-542a-a63e-1fe5246d057f","LN14-2012-v1","2012-03-09","","KENYA-LAW-LN14-2012","https://new.kenyalaw.org/akn/ke/act/ln/2012/14/eng@2022-12-31","","","pending","Boundary description is legally referenced; machine-readable geometry has not yet passed CRS and topology validation."
"c801a006-c2f4-5c20-9ff8-d6115538748b","88b6380b-1632-57dc-96a6-c9f092d06f64","LN14-2012-v1","2012-03-09","","KENYA-LAW-LN14-2012","https://new.kenyalaw.org/akn/ke/act/ln/2012/14/eng@2022-12-31","","","pending","Boundary description is legally referenced; machine-readable geometry has not yet passed CRS and topology validation."
"93253d4b-dfb7-502b-9e1f-64ea3801026b","ac9e851f-72bf-5bfc-a908-432f184f605b","LN14-2012-v1","2012-03-09","","KENYA-LAW-LN14-2012","https://new.kenyalaw.org/akn/ke/act/ln/2012/14/eng@2022-12-31","","","pending","Boundary description is legally referenced; machine-readable geometry has not yet passed CRS and topology validation."
"a4bb3f7d-e5fe-58f9-bf53-8e2c3efcbe40","eac40bb9-7e3e-5b67-83f4-a56ae6acc0e0","LN14-2012-v1","2012-03-09","","KENYA-LAW-LN14-2012","https://new.kenyalaw.org/akn/ke/act/ln/2012/14/eng@2022-12-31","","","pending","Boundary description is legally referenced; machine-readable geometry has not yet passed CRS and topology validation."
"76302e90-8653-54e9-a9b9-5893f0c1a72a","43e6c62d-1ae0-5879-9841-224deed727f3","LN14-2012-v1","2012-03-09","","KENYA-LAW-LN14-2012","https://new.kenyalaw.org/akn/ke/act/ln/2012/14/eng@2022-12-31","","","pending","Boundary description is legally referenced; machine-readable geometry has not yet passed CRS and topology validation."
"ab7195b0-428d-5dc0-9070-84ca27da29c0","48ee9052-ebd0-5d23-8ce6-7c8d89d08705","LN14-2012-v1","2012-03-09","","KENYA-LAW-LN14-2012","https://new.kenyalaw.org/akn/ke/act/ln/2012/14/eng@2022-12-31","","","pending","Boundary description is legally referenced; machine-readable geometry has not yet passed CRS and topology validation."
"813fb68a-7334-5ebd-a319-aca77e022379","5b9a37c1-eadb-5521-82c4-cf5aecc84277","LN14-2012-v1","2012-03-09","","KENYA-LAW-LN14-2012","https://new.kenyalaw.org/akn/ke/act/ln/2012/14/eng@2022-12-31","","","pending","Boundary description is legally referenced; machine-readable geometry has not yet passed CRS and topology validation."
"e7a2d076-e09c-5004-b41a-a2ee41cff497","a58c9a58-323e-5351-828f-bdf7564aa853","LN14-2012-v1","2012-03-09","","KENYA-LAW-LN14-2012","https://new.kenyalaw.org/akn/ke/act/ln/2012/14/eng@2022-12-31","","","pending","Boundary description is legally referenced; machine-readable geometry has not yet passed CRS and topology validation."
"21840f7f-daa6-5ebf-a1be-c32dc1679362","9e7db914-c82e-5e7d-aa14-066f3e852e81","LN14-2012-v1","2012-03-09","","KENYA-LAW-LN14-2012","https://new.kenyalaw.org/akn/ke/act/ln/2012/14/eng@2022-12-31","","","pending","Boundary description is legally referenced; machine-readable geometry has not yet passed CRS and topology validation."
"0f8ebc1e-092c-569b-bba6-6e67b9ded9db","d8c4a248-9b5e-5367-bbc4-8443bbba75e4","LN14-2012-v1","2012-03-09","","KENYA-LAW-LN14-2012","https://new.kenyalaw.org/akn/ke/act/ln/2012/14/eng@2022-12-31","","","pending","Boundary description is legally referenced; machine-readable geometry has not yet passed CRS and topology validation."
"5d7c763e-2269-5d0c-8853-9847f1ab8378","981d3869-7210-5582-9b3d-f86809222b2b","LN14-2012-v1","2012-03-09","","KENYA-LAW-LN14-2012","https://new.kenyalaw.org/akn/ke/act/ln/2012/14/eng@2022-12-31","","","pending","Boundary description is legally referenced; machine-readable geometry has not yet passed CRS and topology validation."
"9820dd8d-a077-5777-9ed6-93d15aaffbbf","4c26e3d0-6627-5111-8e4c-f90456aa3e10","LN14-2012-v1","2012-03-09","","KENYA-LAW-LN14-2012","https://new.kenyalaw.org/akn/ke/act/ln/2012/14/eng@2022-12-31","","","pending","Boundary description is legally referenced; machine-readable geometry has not yet passed CRS and topology validation."
"5df7b682-fef6-590d-9fc2-fbef2d1cd3be","8b230d38-9a96-51d3-840a-11606f5bd03b","LN14-2012-v1","2012-03-09","","KENYA-LAW-LN14-2012","https://new.kenyalaw.org/akn/ke/act/ln/2012/14/eng@2022-12-31","","","pending","Boundary description is legally referenced; machine-readable geometry has not yet passed CRS and topology validation."
"0e283a91-0a7f-51e7-acb1-fc33bcb1b34e","676cc20d-e6f5-5e3a-be75-8b2d1f37add9","LN14-2012-v1","2012-03-09","","KENYA-LAW-LN14-2012","https://new.kenyalaw.org/akn/ke/act/ln/2012/14/eng@2022-12-31","","","pending","Boundary description is legally referenced; machine-readable geometry has not yet passed CRS and topology validation."
"0710f9e3-685c-5db3-ac71-f93a86efdf5a","0083db6d-8912-5bd5-bd66-9652177a449b","LN14-2012-v1","2012-03-09","","KENYA-LAW-LN14-2012","https://new.kenyalaw.org/akn/ke/act/ln/2012/14/eng@2022-12-31","","","pending","Boundary description is legally referenced; machine-readable geometry has not yet passed CRS and topology validation."
"1e5e259d-da9f-54c7-bb4b-69627c26ba8d","cf7ae16b-cb9e-589b-ad0e-c51f0dd7ba21","LN14-2012-v1","2012-03-09","","KENYA-LAW-LN14-2012","https://new.kenyalaw.org/akn/ke/act/ln/2012/14/eng@2022-12-31","","","pending","Boundary description is legally referenced; machine-readable geometry has not yet passed CRS and topology validation."
"d9b2efb6-e652-5cb7-92a2-db8bd32c9c97","2e2e74e9-0b29-5134-99fd-4f3ce50f9958","LN14-2012-v1","2012-03-09","","KENYA-LAW-LN14-2012","https://new.kenyalaw.org/akn/ke/act/ln/2012/14/eng@2022-12-31","","","pending","Boundary description is legally referenced; machine-readable geometry has not yet passed CRS and topology validation."
"994e6996-9dcf-576b-ac4a-681bee48d807","1ad171cc-3bcd-57ef-a1bf-ffcaa83f9b69","LN14-2012-v1","2012-03-09","","KENYA-LAW-LN14-2012","https://new.kenyalaw.org/akn/ke/act/ln/2012/14/eng@2022-12-31","","","pending","Boundary description is legally referenced; machine-readable geometry has not yet passed CRS and topology validation."
"d23fdf08-869c-564a-bc72-af6973470101","3e698ca8-3456-5cc4-a20f-c34c2bd9ec0d","LN14-2012-v1","2012-03-09","","KENYA-LAW-LN14-2012","https://new.kenyalaw.org/akn/ke/act/ln/2012/14/eng@2022-12-31","","","pending","Boundary description is legally referenced; machine-readable geometry has not yet passed CRS and topology validation."
"1e2f33fc-7f21-53cd-857a-0f6ad5713e00","1b01fbc5-2ade-5c71-a4c3-f01276d26493","LN14-2012-v1","2012-03-09","","KENYA-LAW-LN14-2012","https://new.kenyalaw.org/akn/ke/act/ln/2012/14/eng@2022-12-31","","","pending","Boundary description is legally referenced; machine-readable geometry has not yet passed CRS and topology validation."
"5e2d63d5-603b-504b-b1a5-3a9a64a54be0","439cee7b-a1af-5f6b-b50f-96cfaca5b970","LN14-2012-v1","2012-03-09","","KENYA-LAW-LN14-2012","https://new.kenyalaw.org/akn/ke/act/ln/2012/14/eng@2022-12-31","","","pending","Boundary description is legally referenced; machine-readable geometry has not yet passed CRS and topology validation."
"18d1f7aa-2353-587f-b3bb-a258aeb45fb6","1bb2d3b0-830e-5907-955b-3d5226547006","LN14-2012-v1","2012-03-09","","KENYA-LAW-LN14-2012","https://new.kenyalaw.org/akn/ke/act/ln/2012/14/eng@2022-12-31","","","pending","Boundary description is legally referenced; machine-readable geometry has not yet passed CRS and topology validation."
"d5b179e5-94b9-5217-93af-fcd610a19d31","6f389574-cb45-5b22-bece-88f496ccf702","LN14-2012-v1","2012-03-09","","KENYA-LAW-LN14-2012","https://new.kenyalaw.org/akn/ke/act/ln/2012/14/eng@2022-12-31","","","pending","Boundary description is legally referenced; machine-readable geometry has not yet passed CRS and topology validation."
"9b898adb-780b-5ab6-b680-d6e1932b3b86","2f16b858-b364-53d0-bb94-584a66431d3a","LN14-2012-v1","2012-03-09","","KENYA-LAW-LN14-2012","https://new.kenyalaw.org/akn/ke/act/ln/2012/14/eng@2022-12-31","","","pending","Boundary description is legally referenced; machine-readable geometry has not yet passed CRS and topology validation."
"8f006abf-4f83-5955-822f-d5f56fe9e91a","a5e55035-6610-5947-b14d-35b8b6c6ba02","LN14-2012-v1","2012-03-09","","KENYA-LAW-LN14-2012","https://new.kenyalaw.org/akn/ke/act/ln/2012/14/eng@2022-12-31","","","pending","Boundary description is legally referenced; machine-readable geometry has not yet passed CRS and topology validation."
"5821b44f-3e0c-5799-9157-773e2d7b1f7c","fa7b7ad1-824b-5bcb-aa86-237b7ca52994","LN14-2012-v1","2012-03-09","","KENYA-LAW-LN14-2012","https://new.kenyalaw.org/akn/ke/act/ln/2012/14/eng@2022-12-31","","","pending","Boundary description is legally referenced; machine-readable geometry has not yet passed CRS and topology validation."
"7e60ba38-c32b-5476-b323-f4243cd850f3","6106f37f-c7a8-54f8-b43d-5a987bf8e835","LN14-2012-v1","2012-03-09","","KENYA-LAW-LN14-2012","https://new.kenyalaw.org/akn/ke/act/ln/2012/14/eng@2022-12-31","","","pending","Boundary description is legally referenced; machine-readable geometry has not yet passed CRS and topology validation."
"ecc09cb4-4ee4-546d-8ef7-219e70268894","a718ba2c-6c62-5ef6-bf6b-13fa224feccb","LN14-2012-v1","2012-03-09","","KENYA-LAW-LN14-2012","https://new.kenyalaw.org/akn/ke/act/ln/2012/14/eng@2022-12-31","","","pending","Boundary description is legally referenced; machine-readable geometry has not yet passed CRS and topology validation."
"36b02814-f35a-53e5-a501-e25b37df5541","1f56782a-0a6c-5873-8dd8-f1a642c49823","LN14-2012-v1","2012-03-09","","KENYA-LAW-LN14-2012","https://new.kenyalaw.org/akn/ke/act/ln/2012/14/eng@2022-12-31","","","pending","Boundary description is legally referenced; machine-readable geometry has not yet passed CRS and topology validation."
"63166ea9-dd81-52cd-bac8-307008ac7d60","a000ef91-26cc-5f88-9eac-a3bc4abd9ceb","LN14-2012-v1","2012-03-09","","KENYA-LAW-LN14-2012","https://new.kenyalaw.org/akn/ke/act/ln/2012/14/eng@2022-12-31","","","pending","Boundary description is legally referenced; machine-readable geometry has not yet passed CRS and topology validation."
"98c47981-03ff-5e0a-8970-8288a00c5817","d5e7b8e0-eaaf-56bc-989d-959ad9506f56","LN14-2012-v1","2012-03-09","","KENYA-LAW-LN14-2012","https://new.kenyalaw.org/akn/ke/act/ln/2012/14/eng@2022-12-31","","","pending","Boundary description is legally referenced; machine-readable geometry has not yet passed CRS and topology validation."
"e9a7e11e-050c-567e-9257-2d7ca6b628dd","ed0c9c6d-db91-548d-b7d0-cb73cc07ba82","LN14-2012-v1","2012-03-09","","KENYA-LAW-LN14-2012","https://new.kenyalaw.org/akn/ke/act/ln/2012/14/eng@2022-12-31","","","pending","Boundary description is legally referenced; machine-readable geometry has not yet passed CRS and topology validation."
"8120b930-ac31-5865-bd40-625268cbc6b0","b771d17a-35d4-56ab-ae6f-01e74710bcba","LN14-2012-v1","2012-03-09","","KENYA-LAW-LN14-2012","https://new.kenyalaw.org/akn/ke/act/ln/2012/14/eng@2022-12-31","","","pending","Boundary description is legally referenced; machine-readable geometry has not yet passed CRS and topology validation."
"c2f1bcd6-ba93-5132-8129-12bc0948076e","79f510e3-ec03-5cf1-97e9-845b6fee90a1","LN14-2012-v1","2012-03-09","","KENYA-LAW-LN14-2012","https://new.kenyalaw.org/akn/ke/act/ln/2012/14/eng@2022-12-31","","","pending","Boundary description is legally referenced; machine-readable geometry has not yet passed CRS and topology validation."
"d811ee83-d015-5299-835b-204e4e1065e6","17206a4d-c28b-5ed4-a788-9e63ac8aa092","LN14-2012-v1","2012-03-09","","KENYA-LAW-LN14-2012","https://new.kenyalaw.org/akn/ke/act/ln/2012/14/eng@2022-12-31","","","pending","Boundary description is legally referenced; machine-readable geometry has not yet passed CRS and topology validation."
"eae34045-53db-5f64-b3bd-18336693faf3","7655b482-7caa-5173-893d-7f50a929a812","LN14-2012-v1","2012-03-09","","KENYA-LAW-LN14-2012","https://new.kenyalaw.org/akn/ke/act/ln/2012/14/eng@2022-12-31","","","pending","Boundary description is legally referenced; machine-readable geometry has not yet passed CRS and topology validation."
"b6bf8f28-dfa2-57f7-aff3-5c2dfadae648","468508e9-9134-5327-9bd6-4810fddc9ff3","LN14-2012-v1","2012-03-09","","KENYA-LAW-LN14-2012","https://new.kenyalaw.org/akn/ke/act/ln/2012/14/eng@2022-12-31","","","pending","Boundary description is legally referenced; machine-readable geometry has not yet passed CRS and topology validation."
"6807982e-e29d-537d-adac-f15c8609aba8","97356902-093a-55d1-a011-8bcff05df2fb","LN14-2012-v1","2012-03-09","","KENYA-LAW-LN14-2012","https://new.kenyalaw.org/akn/ke/act/ln/2012/14/eng@2022-12-31","","","pending","Boundary description is legally referenced; machine-readable geometry has not yet passed CRS and topology validation."
"15b94385-694e-5fa0-95eb-18de8bb081ab","38f84ba1-6c4e-51cd-ac5e-a6a07418daa2","LN14-2012-v1","2012-03-09","","KENYA-LAW-LN14-2012","https://new.kenyalaw.org/akn/ke/act/ln/2012/14/eng@2022-12-31","","","pending","Boundary description is legally referenced; machine-readable geometry has not yet passed CRS and topology validation."
"2ea9af46-1baf-50ef-b647-1d1425fb569a","b165f1d4-37a5-5254-9a1d-166624a19a0e","LN14-2012-v1","2012-03-09","","KENYA-LAW-LN14-2012","https://new.kenyalaw.org/akn/ke/act/ln/2012/14/eng@2022-12-31","","","pending","Boundary description is legally referenced; machine-readable geometry has not yet passed CRS and topology validation."
"6730b27d-1998-521a-9e25-67a48962f541","6f04abab-5180-5f6d-90c2-c71f791263ec","LN14-2012-v1","2012-03-09","","KENYA-LAW-LN14-2012","https://new.kenyalaw.org/akn/ke/act/ln/2012/14/eng@2022-12-31","","","pending","Boundary description is legally referenced; machine-readable geometry has not yet passed CRS and topology validation."
"84907214-32a7-5da2-ab5a-ce2676e0784d","cc298205-f3d6-5205-adcd-d0492246ddf2","LN14-2012-v1","2012-03-09","","KENYA-LAW-LN14-2012","https://new.kenyalaw.org/akn/ke/act/ln/2012/14/eng@2022-12-31","","","pending","Boundary description is legally referenced; machine-readable geometry has not yet passed CRS and topology validation."
"694fa927-0f4a-5181-812e-32069f590f90","501b7823-619b-53b0-be77-2e06815448b3","LN14-2012-v1","2012-03-09","","KENYA-LAW-LN14-2012","https://new.kenyalaw.org/akn/ke/act/ln/2012/14/eng@2022-12-31","","","pending","Boundary description is legally referenced; machine-readable geometry has not yet passed CRS and topology validation."
"18041dcc-88a7-5eb0-b90b-1f3f6775647e","6694be9b-48b1-5059-8430-6ef92bb50e53","LN14-2012-v1","2012-03-09","","KENYA-LAW-LN14-2012","https://new.kenyalaw.org/akn/ke/act/ln/2012/14/eng@2022-12-31","","","pending","Boundary description is legally referenced; machine-readable geometry has not yet passed CRS and topology validation."
"b14840c9-40ff-5b13-a97c-c57a9adcefdc","b2e0f294-d66e-59bd-bb8b-fc74fa382bd7","LN14-2012-v1","2012-03-09","","KENYA-LAW-LN14-2012","https://new.kenyalaw.org/akn/ke/act/ln/2012/14/eng@2022-12-31","","","pending","Boundary description is legally referenced; machine-readable geometry has not yet passed CRS and topology validation."
"7584edd4-9e64-5d32-9347-d4f013465c9c","866f73a3-92ab-5c57-b6d3-b6cb1c5c1a01","LN14-2012-v1","2012-03-09","","KENYA-LAW-LN14-2012","https://new.kenyalaw.org/akn/ke/act/ln/2012/14/eng@2022-12-31","","","pending","Boundary description is legally referenced; machine-readable geometry has not yet passed CRS and topology validation."
"e303e7c1-32c8-5ce1-9f78-607d3e596e19","caf5dc2c-b320-50fc-80e4-4398808b9511","LN14-2012-v1","2012-03-09","","KENYA-LAW-LN14-2012","https://new.kenyalaw.org/akn/ke/act/ln/2012/14/eng@2022-12-31","","","pending","Boundary description is legally referenced; machine-readable geometry has not yet passed CRS and topology validation."
"bfe7a65c-5cfe-50cf-b887-166f750d35f7","f574ae42-b00d-5866-9df6-76e9f2521d3c","LN14-2012-v1","2012-03-09","","KENYA-LAW-LN14-2012","https://new.kenyalaw.org/akn/ke/act/ln/2012/14/eng@2022-12-31","","","pending","Boundary description is legally referenced; machine-readable geometry has not yet passed CRS and topology validation."
"48463ea6-122d-50f5-9c8d-9566ad14b668","ec36bb03-bf75-54b4-8bd6-d29a4b2e80e8","LN14-2012-v1","2012-03-09","","KENYA-LAW-LN14-2012","https://new.kenyalaw.org/akn/ke/act/ln/2012/14/eng@2022-12-31","","","pending","Boundary description is legally referenced; machine-readable geometry has not yet passed CRS and topology validation."
"d3b49f1d-888f-58b9-ae49-6324115b9d15","20af0a81-5952-5e3f-8ea2-578aa28b4e71","LN14-2012-v1","2012-03-09","","KENYA-LAW-LN14-2012","https://new.kenyalaw.org/akn/ke/act/ln/2012/14/eng@2022-12-31","","","pending","Boundary description is legally referenced; machine-readable geometry has not yet passed CRS and topology validation."
"a6c3bde3-92a1-5689-b874-60321514d085","84502c2b-745c-582f-9786-f301e73c1d8e","LN14-2012-v1","2012-03-09","","KENYA-LAW-LN14-2012","https://new.kenyalaw.org/akn/ke/act/ln/2012/14/eng@2022-12-31","","","pending","Boundary description is legally referenced; machine-readable geometry has not yet passed CRS and topology validation."
"1cc8041a-37e7-5d0b-b8a3-7324605aed11","d1ecf336-334f-5bbb-a47b-55ee28002966","LN14-2012-v1","2012-03-09","","KENYA-LAW-LN14-2012","https://new.kenyalaw.org/akn/ke/act/ln/2012/14/eng@2022-12-31","","","pending","Boundary description is legally referenced; machine-readable geometry has not yet passed CRS and topology validation."
"12713bdf-0213-575a-890c-ac2c324a72c2","63995536-e211-556b-b07a-6fe9b8b99a32","LN14-2012-v1","2012-03-09","","KENYA-LAW-LN14-2012","https://new.kenyalaw.org/akn/ke/act/ln/2012/14/eng@2022-12-31","","","pending","Boundary description is legally referenced; machine-readable geometry has not yet passed CRS and topology validation."
"c9bbcf05-32c0-5bc8-baa8-b6803bf81123","ef5ca549-c225-5def-9547-3792b53895d8","LN14-2012-v1","2012-03-09","","KENYA-LAW-LN14-2012","https://new.kenyalaw.org/akn/ke/act/ln/2012/14/eng@2022-12-31","","","pending","Boundary description is legally referenced; machine-readable geometry has not yet passed CRS and topology validation."
"7267b996-be99-5fb6-843e-ed16e15fd1ab","75d185f9-b156-5b66-b98b-0fbd182a459b","LN14-2012-v1","2012-03-09","","KENYA-LAW-LN14-2012","https://new.kenyalaw.org/akn/ke/act/ln/2012/14/eng@2022-12-31","","","pending","Boundary description is legally referenced; machine-readable geometry has not yet passed CRS and topology validation."
"fd337fc6-daec-591c-bfda-7b6114fc5192","69fa135e-9028-5cc2-9a5c-1535b8d442a8","LN14-2012-v1","2012-03-09","","KENYA-LAW-LN14-2012","https://new.kenyalaw.org/akn/ke/act/ln/2012/14/eng@2022-12-31","","","pending","Boundary description is legally referenced; machine-readable geometry has not yet passed CRS and topology validation."
"424ecf6d-2f80-57c3-95af-ffdde1b47406","2caf1ab3-962d-5706-8bb5-4e724c4fd272","LN14-2012-v1","2012-03-09","","KENYA-LAW-LN14-2012","https://new.kenyalaw.org/akn/ke/act/ln/2012/14/eng@2022-12-31","","","pending","Boundary description is legally referenced; machine-readable geometry has not yet passed CRS and topology validation."
"f3a287dd-62ed-5225-8eec-75f7641f1c45","85a66afc-e403-5478-a794-a41cc39faeab","LN14-2012-v1","2012-03-09","","KENYA-LAW-LN14-2012","https://new.kenyalaw.org/akn/ke/act/ln/2012/14/eng@2022-12-31","","","pending","Boundary description is legally referenced; machine-readable geometry has not yet passed CRS and topology validation."
"049a10ec-862b-5417-8d23-5a29af3a079f","001fccbf-93bd-5237-9f1f-a73b434c3091","LN14-2012-v1","2012-03-09","","KENYA-LAW-LN14-2012","https://new.kenyalaw.org/akn/ke/act/ln/2012/14/eng@2022-12-31","","","pending","Boundary description is legally referenced; machine-readable geometry has not yet passed CRS and topology validation."
"12d4294f-f4f8-5dd5-b2eb-c8768a997709","2ae51a86-b15c-57c5-9d48-d378357cc10b","LN14-2012-v1","2012-03-09","","KENYA-LAW-LN14-2012","https://new.kenyalaw.org/akn/ke/act/ln/2012/14/eng@2022-12-31","","","pending","Boundary description is legally referenced; machine-readable geometry has not yet passed CRS and topology validation."
"8329fa35-8541-563a-9036-2fc3af229e47","66f05481-584f-5997-9b93-b6d2d18074e0","LN14-2012-v1","2012-03-09","","KENYA-LAW-LN14-2012","https://new.kenyalaw.org/akn/ke/act/ln/2012/14/eng@2022-12-31","","","pending","Boundary description is legally referenced; machine-readable geometry has not yet passed CRS and topology validation."
"058c494f-078e-506b-96bd-9af4b4791f74","c0530279-2543-589c-a8c8-1176b75a1db8","LN14-2012-v1","2012-03-09","","KENYA-LAW-LN14-2012","https://new.kenyalaw.org/akn/ke/act/ln/2012/14/eng@2022-12-31","","","pending","Boundary description is legally referenced; machine-readable geometry has not yet passed CRS and topology validation."
"ac827332-6570-5ce3-a0e0-5e8e316de911","5b2f4d36-af08-5443-a901-55dbf5cbe359","LN14-2012-v1","2012-03-09","","KENYA-LAW-LN14-2012","https://new.kenyalaw.org/akn/ke/act/ln/2012/14/eng@2022-12-31","","","pending","Boundary description is legally referenced; machine-readable geometry has not yet passed CRS and topology validation."
"e8fe6727-2c50-56eb-8dcb-564a2e2db565","b5fe2462-ca1a-595f-b1f3-e00fc1e244ef","LN14-2012-v1","2012-03-09","","KENYA-LAW-LN14-2012","https://new.kenyalaw.org/akn/ke/act/ln/2012/14/eng@2022-12-31","","","pending","Boundary description is legally referenced; machine-readable geometry has not yet passed CRS and topology validation."
"bea8a5f5-8d67-579f-9afc-fa0ed0d0189f","855732bc-9751-5ea0-b568-1f7222fb7f7a","LN14-2012-v1","2012-03-09","","KENYA-LAW-LN14-2012","https://new.kenyalaw.org/akn/ke/act/ln/2012/14/eng@2022-12-31","","","pending","Boundary description is legally referenced; machine-readable geometry has not yet passed CRS and topology validation."
"79dcfa22-8576-52f7-b0f6-f10a554ec5da","0a14c041-400e-540a-a312-630c8668d90f","LN14-2012-v1","2012-03-09","","KENYA-LAW-LN14-2012","https://new.kenyalaw.org/akn/ke/act/ln/2012/14/eng@2022-12-31","","","pending","Boundary description is legally referenced; machine-readable geometry has not yet passed CRS and topology validation."
"137f5249-a59c-5ae6-b13e-c649c3874443","1297c869-9bef-55d1-849a-2f6249d53be5","LN14-2012-v1","2012-03-09","","KENYA-LAW-LN14-2012","https://new.kenyalaw.org/akn/ke/act/ln/2012/14/eng@2022-12-31","","","pending","Boundary description is legally referenced; machine-readable geometry has not yet passed CRS and topology validation."
"b7582c56-3c6e-553a-8964-f73d6924fa7a","09b47351-4360-5d12-aabc-4a600da66277","LN14-2012-v1","2012-03-09","","KENYA-LAW-LN14-2012","https://new.kenyalaw.org/akn/ke/act/ln/2012/14/eng@2022-12-31","","","pending","Boundary description is legally referenced; machine-readable geometry has not yet passed CRS and topology validation."
"a7137c99-ea39-51a7-827d-00454f4444b7","c99a5a36-99fa-5379-a58f-6c35795ab069","LN14-2012-v1","2012-03-09","","KENYA-LAW-LN14-2012","https://new.kenyalaw.org/akn/ke/act/ln/2012/14/eng@2022-12-31","","","pending","Boundary description is legally referenced; machine-readable geometry has not yet passed CRS and topology validation."
"b68e0b03-5824-5043-a38b-213f4b5c9c0c","dcd18776-0135-5dcb-81f6-16cba9dca039","LN14-2012-v1","2012-03-09","","KENYA-LAW-LN14-2012","https://new.kenyalaw.org/akn/ke/act/ln/2012/14/eng@2022-12-31","","","pending","Boundary description is legally referenced; machine-readable geometry has not yet passed CRS and topology validation."
"554ebe30-4b6a-5df0-ab48-10f625ce84b4","e6dc515b-41d8-556d-8fc3-b8ab989e48d3","LN14-2012-v1","2012-03-09","","KENYA-LAW-LN14-2012","https://new.kenyalaw.org/akn/ke/act/ln/2012/14/eng@2022-12-31","","","pending","Boundary description is legally referenced; machine-readable geometry has not yet passed CRS and topology validation."
"ec2be64f-044a-56f7-b479-bc71defea96e","cbcd9581-99b8-5c3e-935f-79fc5baa6ebe","LN14-2012-v1","2012-03-09","","KENYA-LAW-LN14-2012","https://new.kenyalaw.org/akn/ke/act/ln/2012/14/eng@2022-12-31","","","pending","Boundary description is legally referenced; machine-readable geometry has not yet passed CRS and topology validation."
"7f84b17b-3af8-5433-9777-9a817d354601","c608d66a-ac0a-5184-9722-12081b900048","LN14-2012-v1","2012-03-09","","KENYA-LAW-LN14-2012","https://new.kenyalaw.org/akn/ke/act/ln/2012/14/eng@2022-12-31","","","pending","Boundary description is legally referenced; machine-readable geometry has not yet passed CRS and topology validation."
"0318f71c-8910-5528-980f-9408e9171add","a24e928e-e77c-57ed-b255-cdfb52f349e6","LN14-2012-v1","2012-03-09","","KENYA-LAW-LN14-2012","https://new.kenyalaw.org/akn/ke/act/ln/2012/14/eng@2022-12-31","","","pending","Boundary description is legally referenced; machine-readable geometry has not yet passed CRS and topology validation."
"4e0417da-68ef-5ea1-8608-794bdfd0e663","c69ae7bb-2049-5d9d-b45d-3a3d6ead4a63","LN14-2012-v1","2012-03-09","","KENYA-LAW-LN14-2012","https://new.kenyalaw.org/akn/ke/act/ln/2012/14/eng@2022-12-31","","","pending","Boundary description is legally referenced; machine-readable geometry has not yet passed CRS and topology validation."
"6ec76d19-7199-5906-ad3a-ba95fda58143","6ac32404-26ea-5ba5-9214-11c7745a3422","LN14-2012-v1","2012-03-09","","KENYA-LAW-LN14-2012","https://new.kenyalaw.org/akn/ke/act/ln/2012/14/eng@2022-12-31","","","pending","Boundary description is legally referenced; machine-readable geometry has not yet passed CRS and topology validation."
"d6fc7bce-4596-5a66-b149-a1d7b0ce8e48","1c280332-23ec-5b99-b315-832590a39d3a","LN14-2012-v1","2012-03-09","","KENYA-LAW-LN14-2012","https://new.kenyalaw.org/akn/ke/act/ln/2012/14/eng@2022-12-31","","","pending","Boundary description is legally referenced; machine-readable geometry has not yet passed CRS and topology validation."
"b32e338d-036f-53ac-a9c0-c60a229a031d","371e60da-2613-52c5-9c0b-4d3278b6d8b9","LN14-2012-v1","2012-03-09","","KENYA-LAW-LN14-2012","https://new.kenyalaw.org/akn/ke/act/ln/2012/14/eng@2022-12-31","","","pending","Boundary description is legally referenced; machine-readable geometry has not yet passed CRS and topology validation."
"71f048bf-dfa4-536c-bbe4-c040c20e2d38","4b755595-f9c7-596a-9994-23d83644b572","LN14-2012-v1","2012-03-09","","KENYA-LAW-LN14-2012","https://new.kenyalaw.org/akn/ke/act/ln/2012/14/eng@2022-12-31","","","pending","Boundary description is legally referenced; machine-readable geometry has not yet passed CRS and topology validation."
"b85b9d5d-90cf-5821-b15d-40fb200d0ace","68a38788-05be-5f9b-a63d-616f861aa8ba","LN14-2012-v1","2012-03-09","","KENYA-LAW-LN14-2012","https://new.kenyalaw.org/akn/ke/act/ln/2012/14/eng@2022-12-31","","","pending","Boundary description is legally referenced; machine-readable geometry has not yet passed CRS and topology validation."
"adb1f758-430b-5805-8800-fa33cea226f6","5ded7ea1-22d0-5bc9-9a73-dd682cbcb52c","LN14-2012-v1","2012-03-09","","KENYA-LAW-LN14-2012","https://new.kenyalaw.org/akn/ke/act/ln/2012/14/eng@2022-12-31","","","pending","Boundary description is legally referenced; machine-readable geometry has not yet passed CRS and topology validation."
"31ba3f2c-a661-575f-b5aa-bc2fe678c93f","597bf2c3-6f5f-5f99-898b-9fa1861f7465","LN14-2012-v1","2012-03-09","","KENYA-LAW-LN14-2012","https://new.kenyalaw.org/akn/ke/act/ln/2012/14/eng@2022-12-31","","","pending","Boundary description is legally referenced; machine-readable geometry has not yet passed CRS and topology validation."
"76eedbe3-11c1-5689-be1f-b9b40a3d4bb9","74daa306-a547-506e-a778-1b6f733f1464","LN14-2012-v1","2012-03-09","","KENYA-LAW-LN14-2012","https://new.kenyalaw.org/akn/ke/act/ln/2012/14/eng@2022-12-31","","","pending","Boundary description is legally referenced; machine-readable geometry has not yet passed CRS and topology validation."
"78c65593-13e0-59ad-844f-9d6b76d97e6a","f31bd862-5951-5b3c-ae5d-5256ae4da317","LN14-2012-v1","2012-03-09","","KENYA-LAW-LN14-2012","https://new.kenyalaw.org/akn/ke/act/ln/2012/14/eng@2022-12-31","","","pending","Boundary description is legally referenced; machine-readable geometry has not yet passed CRS and topology validation."
"d15fe18c-66b5-5629-a421-cb8ce3a13f48","cc177fda-2b3d-5c01-af56-49544bfc9fb3","LN14-2012-v1","2012-03-09","","KENYA-LAW-LN14-2012","https://new.kenyalaw.org/akn/ke/act/ln/2012/14/eng@2022-12-31","","","pending","Boundary description is legally referenced; machine-readable geometry has not yet passed CRS and topology validation."
"c8237239-cfda-522d-853a-306028e379e8","5dd92213-55c0-5cc6-b149-8555096f8903","LN14-2012-v1","2012-03-09","","KENYA-LAW-LN14-2012","https://new.kenyalaw.org/akn/ke/act/ln/2012/14/eng@2022-12-31","","","pending","Boundary description is legally referenced; machine-readable geometry has not yet passed CRS and topology validation."
"5e411eff-8f17-5543-b73d-4992a0fc2b08","9d1f7614-a138-5b70-81a0-476ebe6ab0fd","LN14-2012-v1","2012-03-09","","KENYA-LAW-LN14-2012","https://new.kenyalaw.org/akn/ke/act/ln/2012/14/eng@2022-12-31","","","pending","Boundary description is legally referenced; machine-readable geometry has not yet passed CRS and topology validation."
"7223ae64-d336-5ffe-8bf5-25d20c6027e8","eee1fbb3-0a10-52d5-8e64-89f687e30cf3","LN14-2012-v1","2012-03-09","","KENYA-LAW-LN14-2012","https://new.kenyalaw.org/akn/ke/act/ln/2012/14/eng@2022-12-31","","","pending","Boundary description is legally referenced; machine-readable geometry has not yet passed CRS and topology validation."
"1be5630a-a60b-55fd-871f-ac66b9d0cfa8","308c76be-28cb-551b-a41c-1cf72bdabbe4","LN14-2012-v1","2012-03-09","","KENYA-LAW-LN14-2012","https://new.kenyalaw.org/akn/ke/act/ln/2012/14/eng@2022-12-31","","","pending","Boundary description is legally referenced; machine-readable geometry has not yet passed CRS and topology validation."
"a6d92948-c947-5af9-a3f3-ae9bf5f67a02","955302b6-91fc-58fd-aae4-f8bf73d77fa3","LN14-2012-v1","2012-03-09","","KENYA-LAW-LN14-2012","https://new.kenyalaw.org/akn/ke/act/ln/2012/14/eng@2022-12-31","","","pending","Boundary description is legally referenced; machine-readable geometry has not yet passed CRS and topology validation."
"fe1e3342-e6a8-5319-ab06-ba3699c30108","54573994-d1df-5c78-af87-5544c86a14e9","LN14-2012-v1","2012-03-09","","KENYA-LAW-LN14-2012","https://new.kenyalaw.org/akn/ke/act/ln/2012/14/eng@2022-12-31","","","pending","Boundary description is legally referenced; machine-readable geometry has not yet passed CRS and topology validation."
"41af5e40-8724-5c09-a0eb-786e649a6e77","1a49e051-478f-5ba0-8c17-475254de0f1b","LN14-2012-v1","2012-03-09","","KENYA-LAW-LN14-2012","https://new.kenyalaw.org/akn/ke/act/ln/2012/14/eng@2022-12-31","","","pending","Boundary description is legally referenced; machine-readable geometry has not yet passed CRS and topology validation."
"29e8f564-f54f-5bf9-9663-ac96762bcfee","92687a77-db82-5ff6-8e96-960dfc25cb42","LN14-2012-v1","2012-03-09","","KENYA-LAW-LN14-2012","https://new.kenyalaw.org/akn/ke/act/ln/2012/14/eng@2022-12-31","","","pending","Boundary description is legally referenced; machine-readable geometry has not yet passed CRS and topology validation."
"8e75775b-ece6-5d4a-93d0-d7c8701a4ec8","040d9bce-643d-5526-825b-cde17e1cba0c","LN14-2012-v1","2012-03-09","","KENYA-LAW-LN14-2012","https://new.kenyalaw.org/akn/ke/act/ln/2012/14/eng@2022-12-31","","","pending","Boundary description is legally referenced; machine-readable geometry has not yet passed CRS and topology validation."
"a31bddee-32ab-582a-b192-a2c04ad7128f","08cea51b-8bb1-5959-b8da-7db28325127e","LN14-2012-v1","2012-03-09","","KENYA-LAW-LN14-2012","https://new.kenyalaw.org/akn/ke/act/ln/2012/14/eng@2022-12-31","","","pending","Boundary description is legally referenced; machine-readable geometry has not yet passed CRS and topology validation."
"5dd98e3b-58b1-521a-91e5-f806ad4aabd1","8a1a9f5d-754f-526a-b5c4-dfff819e864f","LN14-2012-v1","2012-03-09","","KENYA-LAW-LN14-2012","https://new.kenyalaw.org/akn/ke/act/ln/2012/14/eng@2022-12-31","","","pending","Boundary description is legally referenced; machine-readable geometry has not yet passed CRS and topology validation."
"254dedcc-8033-5127-ae45-fd2611352cef","29ccca50-c4b9-58ea-9af9-b0b50834ed54","LN14-2012-v1","2012-03-09","","KENYA-LAW-LN14-2012","https://new.kenyalaw.org/akn/ke/act/ln/2012/14/eng@2022-12-31","","","pending","Boundary description is legally referenced; machine-readable geometry has not yet passed CRS and topology validation."
"8dc46eed-48d2-5ff5-a087-d787c385455a","0621e79b-3a18-5e5a-ab17-b340e426bcae","LN14-2012-v1","2012-03-09","","KENYA-LAW-LN14-2012","https://new.kenyalaw.org/akn/ke/act/ln/2012/14/eng@2022-12-31","","","pending","Boundary description is legally referenced; machine-readable geometry has not yet passed CRS and topology validation."
"5f2a7f08-ad83-5323-827e-5e5860100af0","c0a4db23-3ae3-5421-abfe-07580c0890cc","LN14-2012-v1","2012-03-09","","KENYA-LAW-LN14-2012","https://new.kenyalaw.org/akn/ke/act/ln/2012/14/eng@2022-12-31","","","pending","Boundary description is legally referenced; machine-readable geometry has not yet passed CRS and topology validation."
"ba84f6b2-26c5-5614-9866-e5cdba007968","51d261ac-6c5a-5899-b69f-23b2edbd29c3","LN14-2012-v1","2012-03-09","","KENYA-LAW-LN14-2012","https://new.kenyalaw.org/akn/ke/act/ln/2012/14/eng@2022-12-31","","","pending","Boundary description is legally referenced; machine-readable geometry has not yet passed CRS and topology validation."
"15bc6b0e-af6b-5b77-ae94-4458d0d5fd49","77d62776-7395-5392-9b41-a9518a1db795","LN14-2012-v1","2012-03-09","","KENYA-LAW-LN14-2012","https://new.kenyalaw.org/akn/ke/act/ln/2012/14/eng@2022-12-31","","","pending","Boundary description is legally referenced; machine-readable geometry has not yet passed CRS and topology validation."
"f8e8f708-93e1-51a9-a0e9-5e8ac053f212","590370dd-8ef9-5ebc-9f79-3b32b270ce82","LN14-2012-v1","2012-03-09","","KENYA-LAW-LN14-2012","https://new.kenyalaw.org/akn/ke/act/ln/2012/14/eng@2022-12-31","","","pending","Boundary description is legally referenced; machine-readable geometry has not yet passed CRS and topology validation."
"6ad6dab5-8a1e-53e7-8f79-3fc307eedfbc","0a987da8-ac3a-5c27-8043-61727e7c09c9","LN14-2012-v1","2012-03-09","","KENYA-LAW-LN14-2012","https://new.kenyalaw.org/akn/ke/act/ln/2012/14/eng@2022-12-31","","","pending","Boundary description is legally referenced; machine-readable geometry has not yet passed CRS and topology validation."
"ada3913b-ade2-5eb0-b689-538dc47a70a8","d96cd94c-a404-58d9-a699-814955bbeb94","LN14-2012-v1","2012-03-09","","KENYA-LAW-LN14-2012","https://new.kenyalaw.org/akn/ke/act/ln/2012/14/eng@2022-12-31","","","pending","Boundary description is legally referenced; machine-readable geometry has not yet passed CRS and topology validation."
"b3f9e0f2-108f-5e5a-ac38-a76564c7fc41","7df05a5e-0fc2-5c34-8360-2a7c98423175","LN14-2012-v1","2012-03-09","","KENYA-LAW-LN14-2012","https://new.kenyalaw.org/akn/ke/act/ln/2012/14/eng@2022-12-31","","","pending","Boundary description is legally referenced; machine-readable geometry has not yet passed CRS and topology validation."
"18a6164a-3ea1-5874-bbe8-759eb60acc0e","432f73d4-4e49-5c92-87a8-fe742d1e1b5e","LN14-2012-v1","2012-03-09","","KENYA-LAW-LN14-2012","https://new.kenyalaw.org/akn/ke/act/ln/2012/14/eng@2022-12-31","","","pending","Boundary description is legally referenced; machine-readable geometry has not yet passed CRS and topology validation."
"88201384-a2d3-55f4-b15c-0573e5c580b7","4197d14a-0091-582f-b80d-37b6fe90633c","LN14-2012-v1","2012-03-09","","KENYA-LAW-LN14-2012","https://new.kenyalaw.org/akn/ke/act/ln/2012/14/eng@2022-12-31","","","pending","Boundary description is legally referenced; machine-readable geometry has not yet passed CRS and topology validation."
"e4a2877f-456d-5140-84c0-f66aab3a7c5d","364a9a70-2b05-5f8c-b43f-0012035a75ec","LN14-2012-v1","2012-03-09","","KENYA-LAW-LN14-2012","https://new.kenyalaw.org/akn/ke/act/ln/2012/14/eng@2022-12-31","","","pending","Boundary description is legally referenced; machine-readable geometry has not yet passed CRS and topology validation."
"ae0694bb-8ba4-5070-a7d0-e845b7c09a95","4b6140ba-df4d-55fe-85df-0dedadf11635","LN14-2012-v1","2012-03-09","","KENYA-LAW-LN14-2012","https://new.kenyalaw.org/akn/ke/act/ln/2012/14/eng@2022-12-31","","","pending","Boundary description is legally referenced; machine-readable geometry has not yet passed CRS and topology validation."
"fca57840-d2fd-52a4-9e4f-84d675ef7c4e","ca3047db-2397-5b6c-bcab-3fcac856d965","LN14-2012-v1","2012-03-09","","KENYA-LAW-LN14-2012","https://new.kenyalaw.org/akn/ke/act/ln/2012/14/eng@2022-12-31","","","pending","Boundary description is legally referenced; machine-readable geometry has not yet passed CRS and topology validation."
"1c0df76c-a34f-5e6c-854e-94a9c80037e9","cd89abd0-fe2f-5ae7-b659-a2d15eaccbe4","LN14-2012-v1","2012-03-09","","KENYA-LAW-LN14-2012","https://new.kenyalaw.org/akn/ke/act/ln/2012/14/eng@2022-12-31","","","pending","Boundary description is legally referenced; machine-readable geometry has not yet passed CRS and topology validation."
"e5eccae0-2552-5030-b540-6f7df871cdef","48969940-041a-588a-8520-f62bc56f32ec","LN14-2012-v1","2012-03-09","","KENYA-LAW-LN14-2012","https://new.kenyalaw.org/akn/ke/act/ln/2012/14/eng@2022-12-31","","","pending","Boundary description is legally referenced; machine-readable geometry has not yet passed CRS and topology validation."
"6621c2cc-0afd-5c44-beb9-17d17e372f90","4ef32578-b3d6-5cf0-8365-f0c7e29f4ae1","LN14-2012-v1","2012-03-09","","KENYA-LAW-LN14-2012","https://new.kenyalaw.org/akn/ke/act/ln/2012/14/eng@2022-12-31","","","pending","Boundary description is legally referenced; machine-readable geometry has not yet passed CRS and topology validation."
"20e3dcb5-b597-5a3d-bec0-0f869065d28b","35c9ace8-4986-580b-b96f-e089deb523cf","LN14-2012-v1","2012-03-09","","KENYA-LAW-LN14-2012","https://new.kenyalaw.org/akn/ke/act/ln/2012/14/eng@2022-12-31","","","pending","Boundary description is legally referenced; machine-readable geometry has not yet passed CRS and topology validation."
"73f44e3c-f062-5fa0-8429-31fca56dd30b","59467c68-7dd4-5f22-97eb-3b1701427c1b","LN14-2012-v1","2012-03-09","","KENYA-LAW-LN14-2012","https://new.kenyalaw.org/akn/ke/act/ln/2012/14/eng@2022-12-31","","","pending","Boundary description is legally referenced; machine-readable geometry has not yet passed CRS and topology validation."
"1ccbb681-a950-53f4-8d0f-d6d1067da006","863c3ccf-e0c1-5602-ac25-b9343587ced4","LN14-2012-v1","2012-03-09","","KENYA-LAW-LN14-2012","https://new.kenyalaw.org/akn/ke/act/ln/2012/14/eng@2022-12-31","","","pending","Boundary description is legally referenced; machine-readable geometry has not yet passed CRS and topology validation."
"3f3b3bc6-4db7-5cf0-b0bf-de1cf723fb58","e22f4908-a6da-587b-a5d8-be82afee653a","LN14-2012-v1","2012-03-09","","KENYA-LAW-LN14-2012","https://new.kenyalaw.org/akn/ke/act/ln/2012/14/eng@2022-12-31","","","pending","Boundary description is legally referenced; machine-readable geometry has not yet passed CRS and topology validation."
"46bcc70d-c103-53a6-86d7-ae42ac8fce18","da8ad8eb-9d47-58d5-a668-d2bf59ed7080","LN14-2012-v1","2012-03-09","","KENYA-LAW-LN14-2012","https://new.kenyalaw.org/akn/ke/act/ln/2012/14/eng@2022-12-31","","","pending","Boundary description is legally referenced; machine-readable geometry has not yet passed CRS and topology validation."
"6cf13947-947c-58ff-9ce0-13eaaba41bee","88e4391c-cb15-57f2-9fd8-37c99b61276d","LN14-2012-v1","2012-03-09","","KENYA-LAW-LN14-2012","https://new.kenyalaw.org/akn/ke/act/ln/2012/14/eng@2022-12-31","","","pending","Boundary description is legally referenced; machine-readable geometry has not yet passed CRS and topology validation."
"304b43f7-5f1e-53d6-b821-a4a3ffd3d248","d085b227-4bbb-526d-b50b-4387d9ab937e","LN14-2012-v1","2012-03-09","","KENYA-LAW-LN14-2012","https://new.kenyalaw.org/akn/ke/act/ln/2012/14/eng@2022-12-31","","","pending","Boundary description is legally referenced; machine-readable geometry has not yet passed CRS and topology validation."
"6162fc9e-3a29-53c2-949c-f43e32792223","985fea5b-6f8a-567a-891c-0f6e41f43631","LN14-2012-v1","2012-03-09","","KENYA-LAW-LN14-2012","https://new.kenyalaw.org/akn/ke/act/ln/2012/14/eng@2022-12-31","","","pending","Boundary description is legally referenced; machine-readable geometry has not yet passed CRS and topology validation."
"7f82c147-c831-5456-ac62-52e63eb4b0a1","590361ba-e06e-5bea-91ac-84be32077925","LN14-2012-v1","2012-03-09","","KENYA-LAW-LN14-2012","https://new.kenyalaw.org/akn/ke/act/ln/2012/14/eng@2022-12-31","","","pending","Boundary description is legally referenced; machine-readable geometry has not yet passed CRS and topology validation."
"140eca90-af5d-5540-8078-0122ae9f1de5","b6c0b87c-31b3-53d3-b596-0f45e399f713","LN14-2012-v1","2012-03-09","","KENYA-LAW-LN14-2012","https://new.kenyalaw.org/akn/ke/act/ln/2012/14/eng@2022-12-31","","","pending","Boundary description is legally referenced; machine-readable geometry has not yet passed CRS and topology validation."
"c06fd881-7f96-56ba-83d4-b689777e8b6d","877156f4-95aa-5579-ba2b-012c94dcd661","LN14-2012-v1","2012-03-09","","KENYA-LAW-LN14-2012","https://new.kenyalaw.org/akn/ke/act/ln/2012/14/eng@2022-12-31","","","pending","Boundary description is legally referenced; machine-readable geometry has not yet passed CRS and topology validation."
"203152e0-7634-5315-af5c-41c86abf6759","947db8de-515a-5901-bbf2-6aa31f36abe8","LN14-2012-v1","2012-03-09","","KENYA-LAW-LN14-2012","https://new.kenyalaw.org/akn/ke/act/ln/2012/14/eng@2022-12-31","","","pending","Boundary description is legally referenced; machine-readable geometry has not yet passed CRS and topology validation."
"6548c090-befe-5960-bbf6-54b0b73477e6","a8c2b00a-b6a7-5a87-978d-49f3999f3344","LN14-2012-v1","2012-03-09","","KENYA-LAW-LN14-2012","https://new.kenyalaw.org/akn/ke/act/ln/2012/14/eng@2022-12-31","","","pending","Boundary description is legally referenced; machine-readable geometry has not yet passed CRS and topology validation."
"a3fea251-d280-506d-a170-8b9232e910f9","e4d91ced-c3d7-5ae1-86bb-bc4af055c4b7","LN14-2012-v1","2012-03-09","","KENYA-LAW-LN14-2012","https://new.kenyalaw.org/akn/ke/act/ln/2012/14/eng@2022-12-31","","","pending","Boundary description is legally referenced; machine-readable geometry has not yet passed CRS and topology validation."
"102d0857-ab47-5187-8066-707bca73cb7a","62ee4e87-20fa-5d83-9b8b-80766fea940f","LN14-2012-v1","2012-03-09","","KENYA-LAW-LN14-2012","https://new.kenyalaw.org/akn/ke/act/ln/2012/14/eng@2022-12-31","","","pending","Boundary description is legally referenced; machine-readable geometry has not yet passed CRS and topology validation."
"6e2afb09-aa90-5b02-ae9b-5be9e3793b88","336edd8f-016f-5a8b-91e0-aecd5283745f","LN14-2012-v1","2012-03-09","","KENYA-LAW-LN14-2012","https://new.kenyalaw.org/akn/ke/act/ln/2012/14/eng@2022-12-31","","","pending","Boundary description is legally referenced; machine-readable geometry has not yet passed CRS and topology validation."
"931f8031-0811-585e-8e0b-9e105426614a","0e575221-0b96-5698-80d7-164eb25c7677","LN14-2012-v1","2012-03-09","","KENYA-LAW-LN14-2012","https://new.kenyalaw.org/akn/ke/act/ln/2012/14/eng@2022-12-31","","","pending","Boundary description is legally referenced; machine-readable geometry has not yet passed CRS and topology validation."
"67c9cd7c-5316-5fcc-8fbb-202926dcc8a4","a90c56b9-5939-520b-a9f1-778f7fc1e8d2","LN14-2012-v1","2012-03-09","","KENYA-LAW-LN14-2012","https://new.kenyalaw.org/akn/ke/act/ln/2012/14/eng@2022-12-31","","","pending","Boundary description is legally referenced; machine-readable geometry has not yet passed CRS and topology validation."
"34f473ce-4e16-5f6b-80d8-cd4b734a2141","6290f953-79f2-5efa-906b-8e6f9cbb6e76","LN14-2012-v1","2012-03-09","","KENYA-LAW-LN14-2012","https://new.kenyalaw.org/akn/ke/act/ln/2012/14/eng@2022-12-31","","","pending","Boundary description is legally referenced; machine-readable geometry has not yet passed CRS and topology validation."
"cc5ad7a5-aa49-5b5f-8329-e596ca91bf88","a15a277b-201f-5c85-a067-9f6026a819a7","LN14-2012-v1","2012-03-09","","KENYA-LAW-LN14-2012","https://new.kenyalaw.org/akn/ke/act/ln/2012/14/eng@2022-12-31","","","pending","Boundary description is legally referenced; machine-readable geometry has not yet passed CRS and topology validation."
"f39d8b37-5431-51c6-892e-8411bffc82d3","9afd9fb6-2033-54e8-b2ef-c3b959f9c03e","LN14-2012-v1","2012-03-09","","KENYA-LAW-LN14-2012","https://new.kenyalaw.org/akn/ke/act/ln/2012/14/eng@2022-12-31","","","pending","Boundary description is legally referenced; machine-readable geometry has not yet passed CRS and topology validation."
"0f8af938-6e73-5a8e-a753-c617e803df21","097f5247-7995-5588-a521-87aaf5627b65","LN14-2012-v1","2012-03-09","","KENYA-LAW-LN14-2012","https://new.kenyalaw.org/akn/ke/act/ln/2012/14/eng@2022-12-31","","","pending","Boundary description is legally referenced; machine-readable geometry has not yet passed CRS and topology validation."
"e8344389-6b15-5422-8d43-93d5b1a1c149","3bf3a052-037b-5e55-a0a0-fb7e0c9d5145","LN14-2012-v1","2012-03-09","","KENYA-LAW-LN14-2012","https://new.kenyalaw.org/akn/ke/act/ln/2012/14/eng@2022-12-31","","","pending","Boundary description is legally referenced; machine-readable geometry has not yet passed CRS and topology validation."
"739833cc-4977-5e31-a554-e7cada1808cf","cb592253-97e3-5c36-a0e0-e695077f9c1f","LN14-2012-v1","2012-03-09","","KENYA-LAW-LN14-2012","https://new.kenyalaw.org/akn/ke/act/ln/2012/14/eng@2022-12-31","","","pending","Boundary description is legally referenced; machine-readable geometry has not yet passed CRS and topology validation."
"7c6eb241-add6-5e86-8143-8862b4f6faa2","5f9c1141-bfac-57e3-9efd-637317df3b13","LN14-2012-v1","2012-03-09","","KENYA-LAW-LN14-2012","https://new.kenyalaw.org/akn/ke/act/ln/2012/14/eng@2022-12-31","","","pending","Boundary description is legally referenced; machine-readable geometry has not yet passed CRS and topology validation."
"f9238343-0925-5273-bd85-cd5391d0fd08","15ea1ecf-a1be-5a75-a9a8-f8c0211667ab","LN14-2012-v1","2012-03-09","","KENYA-LAW-LN14-2012","https://new.kenyalaw.org/akn/ke/act/ln/2012/14/eng@2022-12-31","","","pending","Boundary description is legally referenced; machine-readable geometry has not yet passed CRS and topology validation."
"333250b5-7bb9-51f9-abae-53e1127e5cb0","b9499f26-df29-518f-a7c0-afe5813fad86","LN14-2012-v1","2012-03-09","","KENYA-LAW-LN14-2012","https://new.kenyalaw.org/akn/ke/act/ln/2012/14/eng@2022-12-31","","","pending","Boundary description is legally referenced; machine-readable geometry has not yet passed CRS and topology validation."
"2b049533-b9c9-51f8-b1f5-0f1358409f1f","7b52d214-7205-5b3f-90d7-19386a19535f","LN14-2012-v1","2012-03-09","","KENYA-LAW-LN14-2012","https://new.kenyalaw.org/akn/ke/act/ln/2012/14/eng@2022-12-31","","","pending","Boundary description is legally referenced; machine-readable geometry has not yet passed CRS and topology validation."
"2a464067-3a11-587c-accc-863e59521cd9","83a44361-ee3f-5b3b-9115-ec08d7cb071e","LN14-2012-v1","2012-03-09","","KENYA-LAW-LN14-2012","https://new.kenyalaw.org/akn/ke/act/ln/2012/14/eng@2022-12-31","","","pending","Boundary description is legally referenced; machine-readable geometry has not yet passed CRS and topology validation."
"9f60dca4-ba93-5095-8f6f-338c77899427","d9ed004a-379b-55cb-9238-e32c94c66c82","LN14-2012-v1","2012-03-09","","KENYA-LAW-LN14-2012","https://new.kenyalaw.org/akn/ke/act/ln/2012/14/eng@2022-12-31","","","pending","Boundary description is legally referenced; machine-readable geometry has not yet passed CRS and topology validation."
"1f831674-d251-5238-987f-3d588de71de8","89fc3b6f-d404-57c1-a499-c80f7d5a883a","LN14-2012-v1","2012-03-09","","KENYA-LAW-LN14-2012","https://new.kenyalaw.org/akn/ke/act/ln/2012/14/eng@2022-12-31","","","pending","Boundary description is legally referenced; machine-readable geometry has not yet passed CRS and topology validation."
"23883bc5-0983-5d58-9f4b-74f451022451","60cdf736-6e7d-5fcf-976b-ccc312a387d4","LN14-2012-v1","2012-03-09","","KENYA-LAW-LN14-2012","https://new.kenyalaw.org/akn/ke/act/ln/2012/14/eng@2022-12-31","","","pending","Boundary description is legally referenced; machine-readable geometry has not yet passed CRS and topology validation."
"a3611a82-7c07-524c-8848-daadba62fa7f","34a1f9da-8c23-5106-a0bc-1cfc8240812e","LN14-2012-v1","2012-03-09","","KENYA-LAW-LN14-2012","https://new.kenyalaw.org/akn/ke/act/ln/2012/14/eng@2022-12-31","","","pending","Boundary description is legally referenced; machine-readable geometry has not yet passed CRS and topology validation."
"bb977415-a69a-5cfe-aaf8-12a3a20aa7fa","0a61253b-74df-59b3-98b8-2d20c70e8d0d","LN14-2012-v1","2012-03-09","","KENYA-LAW-LN14-2012","https://new.kenyalaw.org/akn/ke/act/ln/2012/14/eng@2022-12-31","","","pending","Boundary description is legally referenced; machine-readable geometry has not yet passed CRS and topology validation."
"9b06c9f8-d13a-5afc-9bae-45b8bb6ed982","4202b848-616c-5647-a10e-053505f70ff9","LN14-2012-v1","2012-03-09","","KENYA-LAW-LN14-2012","https://new.kenyalaw.org/akn/ke/act/ln/2012/14/eng@2022-12-31","","","pending","Boundary description is legally referenced; machine-readable geometry has not yet passed CRS and topology validation."
"3d5cd2df-def5-53ae-a04f-59008ba26534","c03d8421-200f-5439-adbe-62b6fbc31e66","LN14-2012-v1","2012-03-09","","KENYA-LAW-LN14-2012","https://new.kenyalaw.org/akn/ke/act/ln/2012/14/eng@2022-12-31","","","pending","Boundary description is legally referenced; machine-readable geometry has not yet passed CRS and topology validation."
"8ee6ef17-632e-543f-95ca-d81569aea936","24b2c708-604a-523e-a11b-84dc22b3b36d","LN14-2012-v1","2012-03-09","","KENYA-LAW-LN14-2012","https://new.kenyalaw.org/akn/ke/act/ln/2012/14/eng@2022-12-31","","","pending","Boundary description is legally referenced; machine-readable geometry has not yet passed CRS and topology validation."
"fd5ebe5b-4244-5f4b-ad94-64cc750cce00","1f6e4b4e-74c3-5021-a3a9-84a05246a64c","LN14-2012-v1","2012-03-09","","KENYA-LAW-LN14-2012","https://new.kenyalaw.org/akn/ke/act/ln/2012/14/eng@2022-12-31","","","pending","Boundary description is legally referenced; machine-readable geometry has not yet passed CRS and topology validation."
"bbfec748-43ed-5442-b82d-152ec8a55895","ef0e0570-b611-5b37-9bfb-0a60d50ed447","LN14-2012-v1","2012-03-09","","KENYA-LAW-LN14-2012","https://new.kenyalaw.org/akn/ke/act/ln/2012/14/eng@2022-12-31","","","pending","Boundary description is legally referenced; machine-readable geometry has not yet passed CRS and topology validation."
"18d15a42-6f7f-5833-9711-1a035e6cc20c","b9d338da-ab76-5a5a-b643-f146939f8af8","LN14-2012-v1","2012-03-09","","KENYA-LAW-LN14-2012","https://new.kenyalaw.org/akn/ke/act/ln/2012/14/eng@2022-12-31","","","pending","Boundary description is legally referenced; machine-readable geometry has not yet passed CRS and topology validation."
"244f9a4d-5f69-5eca-880c-b7bc2bec589f","d7e2d282-e65d-5582-98d2-3e2d469f856f","LN14-2012-v1","2012-03-09","","KENYA-LAW-LN14-2012","https://new.kenyalaw.org/akn/ke/act/ln/2012/14/eng@2022-12-31","","","pending","Boundary description is legally referenced; machine-readable geometry has not yet passed CRS and topology validation."
"29b2d7f1-f881-51a9-bd94-761d51351af4","f81ff805-396f-5ea0-99aa-54f8453062d5","LN14-2012-v1","2012-03-09","","KENYA-LAW-LN14-2012","https://new.kenyalaw.org/akn/ke/act/ln/2012/14/eng@2022-12-31","","","pending","Boundary description is legally referenced; machine-readable geometry has not yet passed CRS and topology validation."
"789923ed-b61d-5271-8b11-84b758bbd487","2c411b87-f192-53ba-afd0-6987c1f4abdc","LN14-2012-v1","2012-03-09","","KENYA-LAW-LN14-2012","https://new.kenyalaw.org/akn/ke/act/ln/2012/14/eng@2022-12-31","","","pending","Boundary description is legally referenced; machine-readable geometry has not yet passed CRS and topology validation."
"60692b07-19f4-5f21-8556-3f0a482dc784","136545fe-ff4a-5721-a236-8986a917c05c","LN14-2012-v1","2012-03-09","","KENYA-LAW-LN14-2012","https://new.kenyalaw.org/akn/ke/act/ln/2012/14/eng@2022-12-31","","","pending","Boundary description is legally referenced; machine-readable geometry has not yet passed CRS and topology validation."
"70853521-0044-50e0-be1a-8f87a03bf905","cbe8d228-fba9-5a78-bf29-951a1816ba73","LN14-2012-v1","2012-03-09","","KENYA-LAW-LN14-2012","https://new.kenyalaw.org/akn/ke/act/ln/2012/14/eng@2022-12-31","","","pending","Boundary description is legally referenced; machine-readable geometry has not yet passed CRS and topology validation."
"c408254c-70bb-5087-bc7b-b179b4c829f8","b9a8a966-94ae-533a-aa90-92f3e688cb9a","LN14-2012-v1","2012-03-09","","KENYA-LAW-LN14-2012","https://new.kenyalaw.org/akn/ke/act/ln/2012/14/eng@2022-12-31","","","pending","Boundary description is legally referenced; machine-readable geometry has not yet passed CRS and topology validation."
"471d8085-e054-53ac-9978-2b0cd34b90db","d29a111f-afc6-5b25-b4f6-2126754e9e5f","LN14-2012-v1","2012-03-09","","KENYA-LAW-LN14-2012","https://new.kenyalaw.org/akn/ke/act/ln/2012/14/eng@2022-12-31","","","pending","Boundary description is legally referenced; machine-readable geometry has not yet passed CRS and topology validation."
"7f643e57-a4b4-5a92-9a30-14a717c6dbb9","b541e582-c094-5aa8-952f-7d9a5b60a49d","LN14-2012-v1","2012-03-09","","KENYA-LAW-LN14-2012","https://new.kenyalaw.org/akn/ke/act/ln/2012/14/eng@2022-12-31","","","pending","Boundary description is legally referenced; machine-readable geometry has not yet passed CRS and topology validation."
"d6268c38-6c9f-53ba-96ff-a33d6fae8a35","12b51ed6-720d-51f9-8f69-0758f67b6a2f","LN14-2012-v1","2012-03-09","","KENYA-LAW-LN14-2012","https://new.kenyalaw.org/akn/ke/act/ln/2012/14/eng@2022-12-31","","","pending","Boundary description is legally referenced; machine-readable geometry has not yet passed CRS and topology validation."
"3b34c55e-ae7e-5992-bea2-956082263b4f","b219ae75-2903-50f6-b5b2-e3a6c9904ef3","LN14-2012-v1","2012-03-09","","KENYA-LAW-LN14-2012","https://new.kenyalaw.org/akn/ke/act/ln/2012/14/eng@2022-12-31","","","pending","Boundary description is legally referenced; machine-readable geometry has not yet passed CRS and topology validation."
"c64cddfc-dbd3-5c22-962b-3376caf2e95a","ab9ecece-0c13-57dc-b5f0-2d2798312cd7","LN14-2012-v1","2012-03-09","","KENYA-LAW-LN14-2012","https://new.kenyalaw.org/akn/ke/act/ln/2012/14/eng@2022-12-31","","","pending","Boundary description is legally referenced; machine-readable geometry has not yet passed CRS and topology validation."
"dff61054-27bf-53e8-b5b3-783eec8200dc","87f0c364-2bdd-5969-8fe4-77ece56508e0","LN14-2012-v1","2012-03-09","","KENYA-LAW-LN14-2012","https://new.kenyalaw.org/akn/ke/act/ln/2012/14/eng@2022-12-31","","","pending","Boundary description is legally referenced; machine-readable geometry has not yet passed CRS and topology validation."
"d16685b5-5d6d-5ab7-9ecb-0f2f1ecd22bf","64bba0d0-8031-5be0-99ff-1cb561ec4d25","LN14-2012-v1","2012-03-09","","KENYA-LAW-LN14-2012","https://new.kenyalaw.org/akn/ke/act/ln/2012/14/eng@2022-12-31","","","pending","Boundary description is legally referenced; machine-readable geometry has not yet passed CRS and topology validation."
"d97fff4f-e52a-5cb8-a48b-ceddce9de3d9","63fe39ff-5d22-5ccd-8637-34e8a020be18","LN14-2012-v1","2012-03-09","","KENYA-LAW-LN14-2012","https://new.kenyalaw.org/akn/ke/act/ln/2012/14/eng@2022-12-31","","","pending","Boundary description is legally referenced; machine-readable geometry has not yet passed CRS and topology validation."
"a94503d0-0a2b-5a43-a551-7ba14ba037e9","70a08d34-5228-5838-bd3f-584da1c3eb7b","LN14-2012-v1","2012-03-09","","KENYA-LAW-LN14-2012","https://new.kenyalaw.org/akn/ke/act/ln/2012/14/eng@2022-12-31","","","pending","Boundary description is legally referenced; machine-readable geometry has not yet passed CRS and topology validation."
"446c54d8-5e83-5091-b7cc-a6d645a9fca1","42883810-9224-572e-9ea8-38862674f85c","LN14-2012-v1","2012-03-09","","KENYA-LAW-LN14-2012","https://new.kenyalaw.org/akn/ke/act/ln/2012/14/eng@2022-12-31","","","pending","Boundary description is legally referenced; machine-readable geometry has not yet passed CRS and topology validation."
"f40ea592-0da2-5813-ab4e-49d84d6f3dac","d445985e-db2d-5b96-8e39-de30256d9b2a","LN14-2012-v1","2012-03-09","","KENYA-LAW-LN14-2012","https://new.kenyalaw.org/akn/ke/act/ln/2012/14/eng@2022-12-31","","","pending","Boundary description is legally referenced; machine-readable geometry has not yet passed CRS and topology validation."
"4d55e847-ce7d-5fa3-885b-c258796054c9","878850e7-c44c-5320-b8e1-d571ad2da1b9","LN14-2012-v1","2012-03-09","","KENYA-LAW-LN14-2012","https://new.kenyalaw.org/akn/ke/act/ln/2012/14/eng@2022-12-31","","","pending","Boundary description is legally referenced; machine-readable geometry has not yet passed CRS and topology validation."
"baaee946-f5ca-5c2c-ad62-28cc3e074a35","553815d9-58eb-5bdc-90db-61c658857b33","LN14-2012-v1","2012-03-09","","KENYA-LAW-LN14-2012","https://new.kenyalaw.org/akn/ke/act/ln/2012/14/eng@2022-12-31","","","pending","Boundary description is legally referenced; machine-readable geometry has not yet passed CRS and topology validation."
"3522b9b6-7ecb-5e3b-9e66-4884d2fbc9a3","3102f4fe-a88b-52e9-b66b-29d3bf59a4c8","LN14-2012-v1","2012-03-09","","KENYA-LAW-LN14-2012","https://new.kenyalaw.org/akn/ke/act/ln/2012/14/eng@2022-12-31","","","pending","Boundary description is legally referenced; machine-readable geometry has not yet passed CRS and topology validation."
"19034ef3-c9a2-539c-85cd-a5bf8887e6ce","2390dbfc-5f65-5671-b210-432fa4f1a6ce","LN14-2012-v1","2012-03-09","","KENYA-LAW-LN14-2012","https://new.kenyalaw.org/akn/ke/act/ln/2012/14/eng@2022-12-31","","","pending","Boundary description is legally referenced; machine-readable geometry has not yet passed CRS and topology validation."
"ef94b07c-e6fa-5fd0-b205-2f4c02280d14","3b452c44-c630-5a92-b5ba-09d90c0abb57","LN14-2012-v1","2012-03-09","","KENYA-LAW-LN14-2012","https://new.kenyalaw.org/akn/ke/act/ln/2012/14/eng@2022-12-31","","","pending","Boundary description is legally referenced; machine-readable geometry has not yet passed CRS and topology validation."
"147a2919-9e87-5d65-8076-627df67fc2c1","ca716040-a52c-5a6e-a674-caa71655d05a","LN14-2012-v1","2012-03-09","","KENYA-LAW-LN14-2012","https://new.kenyalaw.org/akn/ke/act/ln/2012/14/eng@2022-12-31","","","pending","Boundary description is legally referenced; machine-readable geometry has not yet passed CRS and topology validation."
"6ba2e8a1-b573-5fdb-b4c5-9a03ea4981d2","e2723e9d-1584-5b41-b802-391bb9d9af70","LN14-2012-v1","2012-03-09","","KENYA-LAW-LN14-2012","https://new.kenyalaw.org/akn/ke/act/ln/2012/14/eng@2022-12-31","","","pending","Boundary description is legally referenced; machine-readable geometry has not yet passed CRS and topology validation."
"a30f5135-8c09-5456-9044-a25c5b104cca","33eab2dd-f061-53b3-91c9-67d698ac67ab","LN14-2012-v1","2012-03-09","","KENYA-LAW-LN14-2012","https://new.kenyalaw.org/akn/ke/act/ln/2012/14/eng@2022-12-31","","","pending","Boundary description is legally referenced; machine-readable geometry has not yet passed CRS and topology validation."
"49e093eb-18bc-560e-b4b5-d231c5ce6364","deedda3d-2c43-513a-8f54-aba4db80eb08","LN14-2012-v1","2012-03-09","","KENYA-LAW-LN14-2012","https://new.kenyalaw.org/akn/ke/act/ln/2012/14/eng@2022-12-31","","","pending","Boundary description is legally referenced; machine-readable geometry has not yet passed CRS and topology validation."
"a344395a-1fbf-589f-be9a-8b8482246ff6","08ac5012-b8a9-58af-88f5-fcd0ac54d984","LN14-2012-v1","2012-03-09","","KENYA-LAW-LN14-2012","https://new.kenyalaw.org/akn/ke/act/ln/2012/14/eng@2022-12-31","","","pending","Boundary description is legally referenced; machine-readable geometry has not yet passed CRS and topology validation."
"c2d83f52-9ab5-54a7-8a59-f47ee2e6d7ae","de31d325-2ca4-5b23-b10e-45ab4c5740d2","LN14-2012-v1","2012-03-09","","KENYA-LAW-LN14-2012","https://new.kenyalaw.org/akn/ke/act/ln/2012/14/eng@2022-12-31","","","pending","Boundary description is legally referenced; machine-readable geometry has not yet passed CRS and topology validation."
"05f99bf4-e28e-5d71-82d7-524624b31520","5bff5bd4-0500-5f8f-9f00-682d0c440aa6","LN14-2012-v1","2012-03-09","","KENYA-LAW-LN14-2012","https://new.kenyalaw.org/akn/ke/act/ln/2012/14/eng@2022-12-31","","","pending","Boundary description is legally referenced; machine-readable geometry has not yet passed CRS and topology validation."
"0968d0a2-0a87-54c4-b311-7a2adfafafe3","47881c87-0bd4-5d1c-9327-87d033c7e6ae","LN14-2012-v1","2012-03-09","","KENYA-LAW-LN14-2012","https://new.kenyalaw.org/akn/ke/act/ln/2012/14/eng@2022-12-31","","","pending","Boundary description is legally referenced; machine-readable geometry has not yet passed CRS and topology validation."
"ff1deda6-255c-5340-94b0-a7a4fe881266","f1087b1c-19eb-5876-9b1c-8971c35c5800","LN14-2012-v1","2012-03-09","","KENYA-LAW-LN14-2012","https://new.kenyalaw.org/akn/ke/act/ln/2012/14/eng@2022-12-31","","","pending","Boundary description is legally referenced; machine-readable geometry has not yet passed CRS and topology validation."
"5fd28b05-59e4-521a-a41c-b5ab8cdb1912","7826f897-e5f1-5484-b8d6-839481d56138","LN14-2012-v1","2012-03-09","","KENYA-LAW-LN14-2012","https://new.kenyalaw.org/akn/ke/act/ln/2012/14/eng@2022-12-31","","","pending","Boundary description is legally referenced; machine-readable geometry has not yet passed CRS and topology validation."
"ffcc2db5-8ac9-5b4d-a216-6d677064f4e8","1a51005b-d7e5-57f7-8268-4fda47c9a268","LN14-2012-v1","2012-03-09","","KENYA-LAW-LN14-2012","https://new.kenyalaw.org/akn/ke/act/ln/2012/14/eng@2022-12-31","","","pending","Boundary description is legally referenced; machine-readable geometry has not yet passed CRS and topology validation."
"1e409918-3a37-54ae-9a9b-9045733e1b03","c7edbff5-b884-5a9e-9e70-bcb8f6a1162f","LN14-2012-v1","2012-03-09","","KENYA-LAW-LN14-2012","https://new.kenyalaw.org/akn/ke/act/ln/2012/14/eng@2022-12-31","","","pending","Boundary description is legally referenced; machine-readable geometry has not yet passed CRS and topology validation."
"91a0eba7-d64a-50fc-a58a-26ad740dba61","e69505a0-cf5a-5910-b9d2-133804130c2d","LN14-2012-v1","2012-03-09","","KENYA-LAW-LN14-2012","https://new.kenyalaw.org/akn/ke/act/ln/2012/14/eng@2022-12-31","","","pending","Boundary description is legally referenced; machine-readable geometry has not yet passed CRS and topology validation."
"7dff0ce8-1b23-57d8-b681-96a428ee8fa2","251fcd69-8a81-5586-a8f1-50ed3b80d1ad","LN14-2012-v1","2012-03-09","","KENYA-LAW-LN14-2012","https://new.kenyalaw.org/akn/ke/act/ln/2012/14/eng@2022-12-31","","","pending","Boundary description is legally referenced; machine-readable geometry has not yet passed CRS and topology validation."
"452f1f43-6e2c-5265-9cd1-55a0b6ebf55b","505ea68d-b873-524c-89bf-d265f64e2928","LN14-2012-v1","2012-03-09","","KENYA-LAW-LN14-2012","https://new.kenyalaw.org/akn/ke/act/ln/2012/14/eng@2022-12-31","","","pending","Boundary description is legally referenced; machine-readable geometry has not yet passed CRS and topology validation."
"2f41296a-b2f6-5506-95eb-f7f8652e8b89","861656e3-7409-5879-84d4-4fb7f8ba60c2","LN14-2012-v1","2012-03-09","","KENYA-LAW-LN14-2012","https://new.kenyalaw.org/akn/ke/act/ln/2012/14/eng@2022-12-31","","","pending","Boundary description is legally referenced; machine-readable geometry has not yet passed CRS and topology validation."
"41a0d803-3f9d-55ef-9702-25428d2d1af9","d52929ca-4643-5c3c-8539-8d7b60048627","LN14-2012-v1","2012-03-09","","KENYA-LAW-LN14-2012","https://new.kenyalaw.org/akn/ke/act/ln/2012/14/eng@2022-12-31","","","pending","Boundary description is legally referenced; machine-readable geometry has not yet passed CRS and topology validation."
"89e82ef9-3ed9-53a0-8264-92e6aa3fbc6f","210bcd9c-fa7e-5bdb-993e-9a7916bae629","LN14-2012-v1","2012-03-09","","KENYA-LAW-LN14-2012","https://new.kenyalaw.org/akn/ke/act/ln/2012/14/eng@2022-12-31","","","pending","Boundary description is legally referenced; machine-readable geometry has not yet passed CRS and topology validation."
"faba8138-edea-51ab-9c06-81c5d53c6538","a4ad1ca5-7de1-515d-a8e1-d415f95d0515","LN14-2012-v1","2012-03-09","","KENYA-LAW-LN14-2012","https://new.kenyalaw.org/akn/ke/act/ln/2012/14/eng@2022-12-31","","","pending","Boundary description is legally referenced; machine-readable geometry has not yet passed CRS and topology validation."
"808a334e-f35e-580a-a1b1-bc125ffe27e7","ce417a97-bef2-5d03-b8ec-a632db0274eb","LN14-2012-v1","2012-03-09","","KENYA-LAW-LN14-2012","https://new.kenyalaw.org/akn/ke/act/ln/2012/14/eng@2022-12-31","","","pending","Boundary description is legally referenced; machine-readable geometry has not yet passed CRS and topology validation."
"b29890bd-455e-5f48-8651-eeef524002c7","e25617e9-dddc-54e1-a5af-800ebebec0f9","LN14-2012-v1","2012-03-09","","KENYA-LAW-LN14-2012","https://new.kenyalaw.org/akn/ke/act/ln/2012/14/eng@2022-12-31","","","pending","Boundary description is legally referenced; machine-readable geometry has not yet passed CRS and topology validation."
"5a8859ee-56c6-5105-b08f-018e46bbf192","31eba3a2-d35b-5fd0-8dce-43173e3cb5df","LN14-2012-v1","2012-03-09","","KENYA-LAW-LN14-2012","https://new.kenyalaw.org/akn/ke/act/ln/2012/14/eng@2022-12-31","","","pending","Boundary description is legally referenced; machine-readable geometry has not yet passed CRS and topology validation."
"d93855ff-d7cc-5d3e-920f-8f0968fc01cb","e085771a-ad1f-56cd-9f7e-fd6bf96b4a40","LN14-2012-v1","2012-03-09","","KENYA-LAW-LN14-2012","https://new.kenyalaw.org/akn/ke/act/ln/2012/14/eng@2022-12-31","","","pending","Boundary description is legally referenced; machine-readable geometry has not yet passed CRS and topology validation."
"e60cf3b3-236d-5de6-9c00-933e0b43d697","e1505df3-2fac-5bd9-bb21-772f267b77cb","LN14-2012-v1","2012-03-09","","KENYA-LAW-LN14-2012","https://new.kenyalaw.org/akn/ke/act/ln/2012/14/eng@2022-12-31","","","pending","Boundary description is legally referenced; machine-readable geometry has not yet passed CRS and topology validation."
"d01e2c35-16c9-56ce-b335-3cf84c1d756f","e24c07e7-89a4-5376-90c2-4b77ca79a446","LN14-2012-v1","2012-03-09","","KENYA-LAW-LN14-2012","https://new.kenyalaw.org/akn/ke/act/ln/2012/14/eng@2022-12-31","","","pending","Boundary description is legally referenced; machine-readable geometry has not yet passed CRS and topology validation."
"73ea771c-535a-54ce-a5b5-5d3c739de7c4","d02b7ec2-edc2-52db-a846-279d2b4de877","LN14-2012-v1","2012-03-09","","KENYA-LAW-LN14-2012","https://new.kenyalaw.org/akn/ke/act/ln/2012/14/eng@2022-12-31","","","pending","Boundary description is legally referenced; machine-readable geometry has not yet passed CRS and topology validation."
"db5290e4-9b54-51e1-a9fe-1c47006db0a2","ba0fa97c-20a1-5622-93c7-6c9bafad6e72","LN14-2012-v1","2012-03-09","","KENYA-LAW-LN14-2012","https://new.kenyalaw.org/akn/ke/act/ln/2012/14/eng@2022-12-31","","","pending","Boundary description is legally referenced; machine-readable geometry has not yet passed CRS and topology validation."
"a9ee3cd2-8482-552d-a2fb-54d8ffa12935","0383aecb-a8e8-5fdb-992a-21280849b4ef","LN14-2012-v1","2012-03-09","","KENYA-LAW-LN14-2012","https://new.kenyalaw.org/akn/ke/act/ln/2012/14/eng@2022-12-31","","","pending","Boundary description is legally referenced; machine-readable geometry has not yet passed CRS and topology validation."
"b0af7cfd-acff-5e66-bdc9-0a0ed72fa07a","e1552ab5-ff5d-57f3-b0e5-be9b78148ff7","LN14-2012-v1","2012-03-09","","KENYA-LAW-LN14-2012","https://new.kenyalaw.org/akn/ke/act/ln/2012/14/eng@2022-12-31","","","pending","Boundary description is legally referenced; machine-readable geometry has not yet passed CRS and topology validation."
"8e156970-3877-5b6d-89e9-1c1f291f6031","b22491f1-712e-54cc-8bf9-993130e76552","LN14-2012-v1","2012-03-09","","KENYA-LAW-LN14-2012","https://new.kenyalaw.org/akn/ke/act/ln/2012/14/eng@2022-12-31","","","pending","Boundary description is legally referenced; machine-readable geometry has not yet passed CRS and topology validation."
"b4bef337-150b-5899-97cf-48ebdfb54bdc","81eba975-7299-52df-88bb-6d2037a15e1e","LN14-2012-v1","2012-03-09","","KENYA-LAW-LN14-2012","https://new.kenyalaw.org/akn/ke/act/ln/2012/14/eng@2022-12-31","","","pending","Boundary description is legally referenced; machine-readable geometry has not yet passed CRS and topology validation."
"546d4aaa-2bba-522b-95ab-f3c6ef8ccd66","b261bf19-7cfd-56fc-8c58-beb152b59c97","LN14-2012-v1","2012-03-09","","KENYA-LAW-LN14-2012","https://new.kenyalaw.org/akn/ke/act/ln/2012/14/eng@2022-12-31","","","pending","Boundary description is legally referenced; machine-readable geometry has not yet passed CRS and topology validation."
"31e21d49-d68a-53df-880a-92264b6b4f00","52cff0c5-28a3-55a5-a49c-d7f796e6f8a1","LN14-2012-v1","2012-03-09","","KENYA-LAW-LN14-2012","https://new.kenyalaw.org/akn/ke/act/ln/2012/14/eng@2022-12-31","","","pending","Boundary description is legally referenced; machine-readable geometry has not yet passed CRS and topology validation."
"509ff22f-dbd0-54a8-9b5e-28b5d4247fbd","57ee1180-cc15-5e2e-a38f-7a59ec6585c6","LN14-2012-v1","2012-03-09","","KENYA-LAW-LN14-2012","https://new.kenyalaw.org/akn/ke/act/ln/2012/14/eng@2022-12-31","","","pending","Boundary description is legally referenced; machine-readable geometry has not yet passed CRS and topology validation."
"0b2e3745-2497-53d1-bd6b-d34cde235be3","7a06a11c-ff96-53e1-a334-9343e108f7c9","LN14-2012-v1","2012-03-09","","KENYA-LAW-LN14-2012","https://new.kenyalaw.org/akn/ke/act/ln/2012/14/eng@2022-12-31","","","pending","Boundary description is legally referenced; machine-readable geometry has not yet passed CRS and topology validation."
"ea606d3e-3797-51bf-b180-84272f1d4606","6c9f604f-91c5-59cc-be0e-4809f93ae73e","LN14-2012-v1","2012-03-09","","KENYA-LAW-LN14-2012","https://new.kenyalaw.org/akn/ke/act/ln/2012/14/eng@2022-12-31","","","pending","Boundary description is legally referenced; machine-readable geometry has not yet passed CRS and topology validation."
"26f575e0-a475-5535-a6e7-87b198582e74","36f9943b-cdf1-51c9-807d-baf058e3190c","LN14-2012-v1","2012-03-09","","KENYA-LAW-LN14-2012","https://new.kenyalaw.org/akn/ke/act/ln/2012/14/eng@2022-12-31","","","pending","Boundary description is legally referenced; machine-readable geometry has not yet passed CRS and topology validation."
"49a15208-3e05-5880-813f-f7eab144cb70","48c767ff-d6b7-511d-823e-4c0a65e92f88","LN14-2012-v1","2012-03-09","","KENYA-LAW-LN14-2012","https://new.kenyalaw.org/akn/ke/act/ln/2012/14/eng@2022-12-31","","","pending","Boundary description is legally referenced; machine-readable geometry has not yet passed CRS and topology validation."
"a8553e9c-40ca-59c2-a068-87f3ab85bc56","1cd9ae7a-8c34-5a10-957a-8a9c5a79ba5c","LN14-2012-v1","2012-03-09","","KENYA-LAW-LN14-2012","https://new.kenyalaw.org/akn/ke/act/ln/2012/14/eng@2022-12-31","","","pending","Boundary description is legally referenced; machine-readable geometry has not yet passed CRS and topology validation."
"e54fd366-e555-5e38-bbee-95a479fe5257","0b909b99-0853-5b0a-9d1b-03ecc6d46be9","LN14-2012-v1","2012-03-09","","KENYA-LAW-LN14-2012","https://new.kenyalaw.org/akn/ke/act/ln/2012/14/eng@2022-12-31","","","pending","Boundary description is legally referenced; machine-readable geometry has not yet passed CRS and topology validation."
"b9225f69-449c-55b1-98f0-5bdee471191b","3f42033d-7fa1-5f41-8394-9ddc5295e973","LN14-2012-v1","2012-03-09","","KENYA-LAW-LN14-2012","https://new.kenyalaw.org/akn/ke/act/ln/2012/14/eng@2022-12-31","","","pending","Boundary description is legally referenced; machine-readable geometry has not yet passed CRS and topology validation."
"60ee3ed7-29ac-5a3c-9fe9-4296792f5221","fa50f59d-048f-5393-9d55-8a89d9cf8e9f","LN14-2012-v1","2012-03-09","","KENYA-LAW-LN14-2012","https://new.kenyalaw.org/akn/ke/act/ln/2012/14/eng@2022-12-31","","","pending","Boundary description is legally referenced; machine-readable geometry has not yet passed CRS and topology validation."
"1d21e6b3-5e31-5467-9531-4525a8dccd5d","a24a1236-a309-5e9b-8d72-c4cced748b13","LN14-2012-v1","2012-03-09","","KENYA-LAW-LN14-2012","https://new.kenyalaw.org/akn/ke/act/ln/2012/14/eng@2022-12-31","","","pending","Boundary description is legally referenced; machine-readable geometry has not yet passed CRS and topology validation."
"daf27bc9-22d1-5dce-aca6-3baf21590e44","0aab9228-2189-51fa-8929-43cb73ff89a9","LN14-2012-v1","2012-03-09","","KENYA-LAW-LN14-2012","https://new.kenyalaw.org/akn/ke/act/ln/2012/14/eng@2022-12-31","","","pending","Boundary description is legally referenced; machine-readable geometry has not yet passed CRS and topology validation."
"a51cfa03-8278-52db-95d2-2907539739c7","f0a67ab5-09ff-5b8d-a2ed-b19fee9cb656","LN14-2012-v1","2012-03-09","","KENYA-LAW-LN14-2012","https://new.kenyalaw.org/akn/ke/act/ln/2012/14/eng@2022-12-31","","","pending","Boundary description is legally referenced; machine-readable geometry has not yet passed CRS and topology validation."
"95ffd719-0825-517e-83e5-44070d7f684e","89970948-06a5-50d9-9218-00f86295abfe","LN14-2012-v1","2012-03-09","","KENYA-LAW-LN14-2012","https://new.kenyalaw.org/akn/ke/act/ln/2012/14/eng@2022-12-31","","","pending","Boundary description is legally referenced; machine-readable geometry has not yet passed CRS and topology validation."
"a96f65d1-b0c6-506f-b29c-35b31a9893ba","8b9c4743-5090-560b-b1d9-66b0341d3c29","LN14-2012-v1","2012-03-09","","KENYA-LAW-LN14-2012","https://new.kenyalaw.org/akn/ke/act/ln/2012/14/eng@2022-12-31","","","pending","Boundary description is legally referenced; machine-readable geometry has not yet passed CRS and topology validation."
"6bce8327-8877-5c49-a3a3-8b40b680d04c","25c7ff05-6937-51a1-9dfb-68c1cac7b6c0","LN14-2012-v1","2012-03-09","","KENYA-LAW-LN14-2012","https://new.kenyalaw.org/akn/ke/act/ln/2012/14/eng@2022-12-31","","","pending","Boundary description is legally referenced; machine-readable geometry has not yet passed CRS and topology validation."
"086706d4-de92-5681-b5a6-847a4e3e646b","9e92c9dd-750a-5ac5-9041-6c70fd89fa99","LN14-2012-v1","2012-03-09","","KENYA-LAW-LN14-2012","https://new.kenyalaw.org/akn/ke/act/ln/2012/14/eng@2022-12-31","","","pending","Boundary description is legally referenced; machine-readable geometry has not yet passed CRS and topology validation."
"eea7c0cb-34f7-5aad-b14e-b3ea0542411f","a1b92090-1789-532a-aad9-812c80084948","LN14-2012-v1","2012-03-09","","KENYA-LAW-LN14-2012","https://new.kenyalaw.org/akn/ke/act/ln/2012/14/eng@2022-12-31","","","pending","Boundary description is legally referenced; machine-readable geometry has not yet passed CRS and topology validation."
"d7712765-7cc8-5fb9-aa47-d6d6ea672de4","562f16a3-9791-5263-a096-85e835b22562","LN14-2012-v1","2012-03-09","","KENYA-LAW-LN14-2012","https://new.kenyalaw.org/akn/ke/act/ln/2012/14/eng@2022-12-31","","","pending","Boundary description is legally referenced; machine-readable geometry has not yet passed CRS and topology validation."
"6b4653a0-4835-5bb6-b6b5-1a5e73b4632e","dfe82e7a-3d4d-5588-964a-6b6d06c3a4e1","LN14-2012-v1","2012-03-09","","KENYA-LAW-LN14-2012","https://new.kenyalaw.org/akn/ke/act/ln/2012/14/eng@2022-12-31","","","pending","Boundary description is legally referenced; machine-readable geometry has not yet passed CRS and topology validation."
"d289e42f-6f38-59da-9f78-92b0204efae7","dd58a218-93b5-5514-9664-89a5880c4b8c","LN14-2012-v1","2012-03-09","","KENYA-LAW-LN14-2012","https://new.kenyalaw.org/akn/ke/act/ln/2012/14/eng@2022-12-31","","","pending","Boundary description is legally referenced; machine-readable geometry has not yet passed CRS and topology validation."
"3c2dfe9f-43f3-5111-a368-19fdb34e3f82","4cd43bff-f395-55d6-9bb4-fd958d6fc932","LN14-2012-v1","2012-03-09","","KENYA-LAW-LN14-2012","https://new.kenyalaw.org/akn/ke/act/ln/2012/14/eng@2022-12-31","","","pending","Boundary description is legally referenced; machine-readable geometry has not yet passed CRS and topology validation."
"32c951bf-5641-5907-8c5f-01258674e477","278a2cb6-efdc-518f-8eb5-bd417a534154","LN14-2012-v1","2012-03-09","","KENYA-LAW-LN14-2012","https://new.kenyalaw.org/akn/ke/act/ln/2012/14/eng@2022-12-31","","","pending","Boundary description is legally referenced; machine-readable geometry has not yet passed CRS and topology validation."
"8ab3531d-85e8-5627-a45c-a2cbeed89dce","ea9fd5b9-d4db-5f14-a597-92c8724d6f70","LN14-2012-v1","2012-03-09","","KENYA-LAW-LN14-2012","https://new.kenyalaw.org/akn/ke/act/ln/2012/14/eng@2022-12-31","","","pending","Boundary description is legally referenced; machine-readable geometry has not yet passed CRS and topology validation."
"8faab230-b3cf-5b4a-a649-1076f07760b1","a5addb63-db59-5a14-926c-3c37aeb00edb","LN14-2012-v1","2012-03-09","","KENYA-LAW-LN14-2012","https://new.kenyalaw.org/akn/ke/act/ln/2012/14/eng@2022-12-31","","","pending","Boundary description is legally referenced; machine-readable geometry has not yet passed CRS and topology validation."
"5a509271-bfb4-531d-be17-13a86cd37431","11d15ddf-15e0-5eeb-a8b9-bd401a036903","LN14-2012-v1","2012-03-09","","KENYA-LAW-LN14-2012","https://new.kenyalaw.org/akn/ke/act/ln/2012/14/eng@2022-12-31","","","pending","Boundary description is legally referenced; machine-readable geometry has not yet passed CRS and topology validation."
"725442a2-f83e-51c5-9c32-aed9564a315a","c79e82a0-271e-55ab-97ca-e49f72f4cc67","LN14-2012-v1","2012-03-09","","KENYA-LAW-LN14-2012","https://new.kenyalaw.org/akn/ke/act/ln/2012/14/eng@2022-12-31","","","pending","Boundary description is legally referenced; machine-readable geometry has not yet passed CRS and topology validation."
"39b3c23b-f539-571e-8793-e7fb6c9d0009","dac4fd46-e107-5775-a02e-8f40ade946e8","LN14-2012-v1","2012-03-09","","KENYA-LAW-LN14-2012","https://new.kenyalaw.org/akn/ke/act/ln/2012/14/eng@2022-12-31","","","pending","Boundary description is legally referenced; machine-readable geometry has not yet passed CRS and topology validation."
"80a71ff4-c3bb-5125-a450-92c0a9a9ab73","c7e83d90-19cb-543b-bd6b-c261fdc67316","LN14-2012-v1","2012-03-09","","KENYA-LAW-LN14-2012","https://new.kenyalaw.org/akn/ke/act/ln/2012/14/eng@2022-12-31","","","pending","Boundary description is legally referenced; machine-readable geometry has not yet passed CRS and topology validation."
"a79dffd1-9d61-596e-be5f-d32dd71ad574","ca46c197-d791-5f18-be8b-86bc271438da","LN14-2012-v1","2012-03-09","","KENYA-LAW-LN14-2012","https://new.kenyalaw.org/akn/ke/act/ln/2012/14/eng@2022-12-31","","","pending","Boundary description is legally referenced; machine-readable geometry has not yet passed CRS and topology validation."
"2ef3fa86-58e6-5599-b566-51ecf72b4074","87e5fa42-2400-59ea-9775-1bfad5f0b7d3","LN14-2012-v1","2012-03-09","","KENYA-LAW-LN14-2012","https://new.kenyalaw.org/akn/ke/act/ln/2012/14/eng@2022-12-31","","","pending","Boundary description is legally referenced; machine-readable geometry has not yet passed CRS and topology validation."
"965d2e77-b78d-568e-bee1-d8bf1d5752de","3f082198-ca0b-56a2-9db6-d1ce3f8b46be","LN14-2012-v1","2012-03-09","","KENYA-LAW-LN14-2012","https://new.kenyalaw.org/akn/ke/act/ln/2012/14/eng@2022-12-31","","","pending","Boundary description is legally referenced; machine-readable geometry has not yet passed CRS and topology validation."
"86b7ce92-245a-5cf3-b64a-03845a816b77","53f329f3-e3d2-51c9-b5a4-a0fe0d7c9df4","LN14-2012-v1","2012-03-09","","KENYA-LAW-LN14-2012","https://new.kenyalaw.org/akn/ke/act/ln/2012/14/eng@2022-12-31","","","pending","Boundary description is legally referenced; machine-readable geometry has not yet passed CRS and topology validation."
"4feaedbd-d02a-5721-9e77-ce0ff6d643fd","3e173663-b7e6-5ca4-aad8-e74b6408a92a","LN14-2012-v1","2012-03-09","","KENYA-LAW-LN14-2012","https://new.kenyalaw.org/akn/ke/act/ln/2012/14/eng@2022-12-31","","","pending","Boundary description is legally referenced; machine-readable geometry has not yet passed CRS and topology validation."
"051ed83e-3640-53c1-9294-477fc7d37462","b6a73391-5dbc-50b2-95d2-0047b18ee62c","LN14-2012-v1","2012-03-09","","KENYA-LAW-LN14-2012","https://new.kenyalaw.org/akn/ke/act/ln/2012/14/eng@2022-12-31","","","pending","Boundary description is legally referenced; machine-readable geometry has not yet passed CRS and topology validation."
"0534cd12-6190-5423-a59a-7da4750bcbda","0f98a2a6-e337-5211-b147-7d4580e04d57","LN14-2012-v1","2012-03-09","","KENYA-LAW-LN14-2012","https://new.kenyalaw.org/akn/ke/act/ln/2012/14/eng@2022-12-31","","","pending","Boundary description is legally referenced; machine-readable geometry has not yet passed CRS and topology validation."
"6224d8ad-79ac-5584-964b-31dc795bcab3","c338caa4-f93b-5740-a240-7511c8499b90","LN14-2012-v1","2012-03-09","","KENYA-LAW-LN14-2012","https://new.kenyalaw.org/akn/ke/act/ln/2012/14/eng@2022-12-31","","","pending","Boundary description is legally referenced; machine-readable geometry has not yet passed CRS and topology validation."
"a2f9708b-244c-50d2-b9a1-a31de5977797","84dea965-703f-5c44-875a-d12aca4a0af0","LN14-2012-v1","2012-03-09","","KENYA-LAW-LN14-2012","https://new.kenyalaw.org/akn/ke/act/ln/2012/14/eng@2022-12-31","","","pending","Boundary description is legally referenced; machine-readable geometry has not yet passed CRS and topology validation."
"024e0e0c-a1fe-5347-a685-785dfbf88bc0","b06b2376-06ac-5d05-a068-db2e6bc03557","LN14-2012-v1","2012-03-09","","KENYA-LAW-LN14-2012","https://new.kenyalaw.org/akn/ke/act/ln/2012/14/eng@2022-12-31","","","pending","Boundary description is legally referenced; machine-readable geometry has not yet passed CRS and topology validation."
"ed81794b-7e8f-57de-ae79-5567c288fdb7","b3fb5aea-c4d6-5914-9fa7-95e111c94a06","LN14-2012-v1","2012-03-09","","KENYA-LAW-LN14-2012","https://new.kenyalaw.org/akn/ke/act/ln/2012/14/eng@2022-12-31","","","pending","Boundary description is legally referenced; machine-readable geometry has not yet passed CRS and topology validation."
"f3dc41e1-02de-5c9b-8c7d-9d63b127fbca","d72138e2-ef7b-53a3-96a2-9e3d6876fc9f","LN14-2012-v1","2012-03-09","","KENYA-LAW-LN14-2012","https://new.kenyalaw.org/akn/ke/act/ln/2012/14/eng@2022-12-31","","","pending","Boundary description is legally referenced; machine-readable geometry has not yet passed CRS and topology validation."
"b82f934f-4c98-5887-aaa7-0e122ce365ba","747e706d-fd30-540e-bdf4-40c0e5cd3409","LN14-2012-v1","2012-03-09","","KENYA-LAW-LN14-2012","https://new.kenyalaw.org/akn/ke/act/ln/2012/14/eng@2022-12-31","","","pending","Boundary description is legally referenced; machine-readable geometry has not yet passed CRS and topology validation."
"92892a7c-bcf0-5baf-81e0-634c07587882","15507309-ef42-50c7-b281-e0d747717263","LN14-2012-v1","2012-03-09","","KENYA-LAW-LN14-2012","https://new.kenyalaw.org/akn/ke/act/ln/2012/14/eng@2022-12-31","","","pending","Boundary description is legally referenced; machine-readable geometry has not yet passed CRS and topology validation."
"7983dce8-fb7e-5779-9f7e-22903934b1ac","de1fb2fc-d892-5783-a697-a3cab32295e0","LN14-2012-v1","2012-03-09","","KENYA-LAW-LN14-2012","https://new.kenyalaw.org/akn/ke/act/ln/2012/14/eng@2022-12-31","","","pending","Boundary description is legally referenced; machine-readable geometry has not yet passed CRS and topology validation."
"d332c675-e531-5748-a0d9-1abf923a2574","13892139-a04b-57ec-b3a8-89a15510a157","LN14-2012-v1","2012-03-09","","KENYA-LAW-LN14-2012","https://new.kenyalaw.org/akn/ke/act/ln/2012/14/eng@2022-12-31","","","pending","Boundary description is legally referenced; machine-readable geometry has not yet passed CRS and topology validation."
"fcfadf97-46bf-5e23-8e3a-bc126b6b2e76","8b3a6352-f524-58f4-9455-47c1c7531ffe","LN14-2012-v1","2012-03-09","","KENYA-LAW-LN14-2012","https://new.kenyalaw.org/akn/ke/act/ln/2012/14/eng@2022-12-31","","","pending","Boundary description is legally referenced; machine-readable geometry has not yet passed CRS and topology validation."
"c906b719-8d3f-5bee-a32e-73ba1a5fec4f","5cbb09f6-5d92-5777-9ce6-9b1959eeff54","LN14-2012-v1","2012-03-09","","KENYA-LAW-LN14-2012","https://new.kenyalaw.org/akn/ke/act/ln/2012/14/eng@2022-12-31","","","pending","Boundary description is legally referenced; machine-readable geometry has not yet passed CRS and topology validation."
"8ac7b1e4-afa2-588b-9454-985271a8c53b","518a9034-5c48-5de7-bfa2-a95ea88af0c8","LN14-2012-v1","2012-03-09","","KENYA-LAW-LN14-2012","https://new.kenyalaw.org/akn/ke/act/ln/2012/14/eng@2022-12-31","","","pending","Boundary description is legally referenced; machine-readable geometry has not yet passed CRS and topology validation."
"48b4feca-a8e0-5e6d-8ec4-e0b45159bc20","19233f3a-7cc1-512c-a401-2fa0590da83c","LN14-2012-v1","2012-03-09","","KENYA-LAW-LN14-2012","https://new.kenyalaw.org/akn/ke/act/ln/2012/14/eng@2022-12-31","","","pending","Boundary description is legally referenced; machine-readable geometry has not yet passed CRS and topology validation."
"262bba19-8798-5369-b3d5-df58e6acb7c6","30535ce6-f95d-52bc-b2ff-ef5d8d2e5d1d","LN14-2012-v1","2012-03-09","","KENYA-LAW-LN14-2012","https://new.kenyalaw.org/akn/ke/act/ln/2012/14/eng@2022-12-31","","","pending","Boundary description is legally referenced; machine-readable geometry has not yet passed CRS and topology validation."
"79c08dec-d288-59ce-9289-590453503d59","badeff33-f84f-5466-9b72-2d7ad9826149","LN14-2012-v1","2012-03-09","","KENYA-LAW-LN14-2012","https://new.kenyalaw.org/akn/ke/act/ln/2012/14/eng@2022-12-31","","","pending","Boundary description is legally referenced; machine-readable geometry has not yet passed CRS and topology validation."
"d9ac14bc-e95c-526b-b147-2a93581d58f3","8c59f896-f9cf-593b-99d0-5a0866cbb02a","LN14-2012-v1","2012-03-09","","KENYA-LAW-LN14-2012","https://new.kenyalaw.org/akn/ke/act/ln/2012/14/eng@2022-12-31","","","pending","Boundary description is legally referenced; machine-readable geometry has not yet passed CRS and topology validation."
"d00f6335-eb55-5cfb-b0bd-4b6d6b3a546e","2944d09e-3b6a-588f-9361-ada6669b7b64","LN14-2012-v1","2012-03-09","","KENYA-LAW-LN14-2012","https://new.kenyalaw.org/akn/ke/act/ln/2012/14/eng@2022-12-31","","","pending","Boundary description is legally referenced; machine-readable geometry has not yet passed CRS and topology validation."
"c14f55ba-356b-50e1-94c9-c1bee30b766c","1607db2e-51f9-5332-90e2-966fc57d3cde","LN14-2012-v1","2012-03-09","","KENYA-LAW-LN14-2012","https://new.kenyalaw.org/akn/ke/act/ln/2012/14/eng@2022-12-31","","","pending","Boundary description is legally referenced; machine-readable geometry has not yet passed CRS and topology validation."
"9ae96f22-36a1-5cfc-887f-9ff3ec8d565b","04ee35c6-f22d-5ecd-9153-a962774a994b","LN14-2012-v1","2012-03-09","","KENYA-LAW-LN14-2012","https://new.kenyalaw.org/akn/ke/act/ln/2012/14/eng@2022-12-31","","","pending","Boundary description is legally referenced; machine-readable geometry has not yet passed CRS and topology validation."
"584f0e5a-1fc1-5ff7-9f9c-cc38f2af2fe3","bae1cb33-9fdd-5fc2-91df-109fb896a62b","LN14-2012-v1","2012-03-09","","KENYA-LAW-LN14-2012","https://new.kenyalaw.org/akn/ke/act/ln/2012/14/eng@2022-12-31","","","pending","Boundary description is legally referenced; machine-readable geometry has not yet passed CRS and topology validation."
"6a2c8b14-b450-508f-8988-1388fb7c5ae9","dc96daa8-5528-5ed3-a4d3-1ce67328d363","LN14-2012-v1","2012-03-09","","KENYA-LAW-LN14-2012","https://new.kenyalaw.org/akn/ke/act/ln/2012/14/eng@2022-12-31","","","pending","Boundary description is legally referenced; machine-readable geometry has not yet passed CRS and topology validation."
"cd851cde-14f9-5b5a-baab-b74700f2cd3c","7118d272-3027-59e9-b495-2c156ff2c373","LN14-2012-v1","2012-03-09","","KENYA-LAW-LN14-2012","https://new.kenyalaw.org/akn/ke/act/ln/2012/14/eng@2022-12-31","","","pending","Boundary description is legally referenced; machine-readable geometry has not yet passed CRS and topology validation."
"97688372-967d-52fc-ae2f-3f66555391dc","49c02b0b-805f-58ef-a7c9-049ef97beef1","LN14-2012-v1","2012-03-09","","KENYA-LAW-LN14-2012","https://new.kenyalaw.org/akn/ke/act/ln/2012/14/eng@2022-12-31","","","pending","Boundary description is legally referenced; machine-readable geometry has not yet passed CRS and topology validation."
"e1a0f293-aa8d-5c8d-8e13-47cce9d0a8a7","b14d0ee3-938f-593f-8f3c-f3e3566102f9","LN14-2012-v1","2012-03-09","","KENYA-LAW-LN14-2012","https://new.kenyalaw.org/akn/ke/act/ln/2012/14/eng@2022-12-31","","","pending","Boundary description is legally referenced; machine-readable geometry has not yet passed CRS and topology validation."
"e8045f3c-409e-5084-9894-611f1ec1fd2c","d5741673-c4fb-5308-abbd-eabe87be5acd","LN14-2012-v1","2012-03-09","","KENYA-LAW-LN14-2012","https://new.kenyalaw.org/akn/ke/act/ln/2012/14/eng@2022-12-31","","","pending","Boundary description is legally referenced; machine-readable geometry has not yet passed CRS and topology validation."
"d970b63b-7162-50a1-bd3d-1634d3308b51","79dd0957-ba6c-5b74-99a4-04bb9996c7b5","LN14-2012-v1","2012-03-09","","KENYA-LAW-LN14-2012","https://new.kenyalaw.org/akn/ke/act/ln/2012/14/eng@2022-12-31","","","pending","Boundary description is legally referenced; machine-readable geometry has not yet passed CRS and topology validation."
"dc745a4c-9091-50a0-8d7f-7d66aa2c46e2","acefe0f6-3deb-5f48-935e-de8d651405b9","LN14-2012-v1","2012-03-09","","KENYA-LAW-LN14-2012","https://new.kenyalaw.org/akn/ke/act/ln/2012/14/eng@2022-12-31","","","pending","Boundary description is legally referenced; machine-readable geometry has not yet passed CRS and topology validation."
"1153139f-3a10-51a8-b8c9-bb93903aee18","b53fa7aa-c98a-5050-854d-b26f3a982436","LN14-2012-v1","2012-03-09","","KENYA-LAW-LN14-2012","https://new.kenyalaw.org/akn/ke/act/ln/2012/14/eng@2022-12-31","","","pending","Boundary description is legally referenced; machine-readable geometry has not yet passed CRS and topology validation."
"3989c4b8-c432-5dca-9407-451292ad7435","3e4fbcf5-595c-5596-8b51-1a387f90a2ef","LN14-2012-v1","2012-03-09","","KENYA-LAW-LN14-2012","https://new.kenyalaw.org/akn/ke/act/ln/2012/14/eng@2022-12-31","","","pending","Boundary description is legally referenced; machine-readable geometry has not yet passed CRS and topology validation."
"ca77a36b-a591-5984-941a-ca74f9693420","9e007f42-adac-54fb-8c04-b9b39055be30","LN14-2012-v1","2012-03-09","","KENYA-LAW-LN14-2012","https://new.kenyalaw.org/akn/ke/act/ln/2012/14/eng@2022-12-31","","","pending","Boundary description is legally referenced; machine-readable geometry has not yet passed CRS and topology validation."
"5f8d722e-6b8f-57d8-b1d0-fbc3c74d47a8","7a25824a-ad5d-5b5d-b2a0-8ebce4514529","LN14-2012-v1","2012-03-09","","KENYA-LAW-LN14-2012","https://new.kenyalaw.org/akn/ke/act/ln/2012/14/eng@2022-12-31","","","pending","Boundary description is legally referenced; machine-readable geometry has not yet passed CRS and topology validation."
"b8fa385c-02d0-5413-98ed-85f145b98ee3","0e93c3c4-2f7d-5ddd-bba0-c66aeb455b87","LN14-2012-v1","2012-03-09","","KENYA-LAW-LN14-2012","https://new.kenyalaw.org/akn/ke/act/ln/2012/14/eng@2022-12-31","","","pending","Boundary description is legally referenced; machine-readable geometry has not yet passed CRS and topology validation."
"e3275d5e-d0ad-5b5c-9bf1-b988b4032c74","0d852141-4bef-53a7-91b3-f2ce22c7c04f","LN14-2012-v1","2012-03-09","","KENYA-LAW-LN14-2012","https://new.kenyalaw.org/akn/ke/act/ln/2012/14/eng@2022-12-31","","","pending","Boundary description is legally referenced; machine-readable geometry has not yet passed CRS and topology validation."
"eaa3387a-e59e-5f7e-bbec-ff6e78d57986","f44f6eaf-9ad0-5542-922e-aa18267282a1","LN14-2012-v1","2012-03-09","","KENYA-LAW-LN14-2012","https://new.kenyalaw.org/akn/ke/act/ln/2012/14/eng@2022-12-31","","","pending","Boundary description is legally referenced; machine-readable geometry has not yet passed CRS and topology validation."
"2dd2af46-d2ab-599c-b266-0ae82c606e4d","4d002127-52e5-5274-bb4b-ed24119c3239","LN14-2012-v1","2012-03-09","","KENYA-LAW-LN14-2012","https://new.kenyalaw.org/akn/ke/act/ln/2012/14/eng@2022-12-31","","","pending","Boundary description is legally referenced; machine-readable geometry has not yet passed CRS and topology validation."
"0d349939-decc-5065-bac3-11c0f7b47625","6048638b-bbdb-5a3d-a10e-a6548f4b65f7","LN14-2012-v1","2012-03-09","","KENYA-LAW-LN14-2012","https://new.kenyalaw.org/akn/ke/act/ln/2012/14/eng@2022-12-31","","","pending","Boundary description is legally referenced; machine-readable geometry has not yet passed CRS and topology validation."
"570013f5-56bd-56f4-9b1b-bd7bc14c0aa2","3f6a6d09-2343-58a7-8191-979d8f3284d1","LN14-2012-v1","2012-03-09","","KENYA-LAW-LN14-2012","https://new.kenyalaw.org/akn/ke/act/ln/2012/14/eng@2022-12-31","","","pending","Boundary description is legally referenced; machine-readable geometry has not yet passed CRS and topology validation."
"0c48be02-7ffa-525a-a2ac-78ddf016e69f","6615bdb8-e2cc-55d0-bfc4-db2f0a75c298","LN14-2012-v1","2012-03-09","","KENYA-LAW-LN14-2012","https://new.kenyalaw.org/akn/ke/act/ln/2012/14/eng@2022-12-31","","","pending","Boundary description is legally referenced; machine-readable geometry has not yet passed CRS and topology validation."
"c6db56a8-1a35-587b-b11e-8a4f8d511864","bada0ba4-8899-55c4-97ba-e4f2bf1f8cea","LN14-2012-v1","2012-03-09","","KENYA-LAW-LN14-2012","https://new.kenyalaw.org/akn/ke/act/ln/2012/14/eng@2022-12-31","","","pending","Boundary description is legally referenced; machine-readable geometry has not yet passed CRS and topology validation."
"1217ccea-652c-59db-bf68-de7d2bf1e635","5bf96829-10ad-5361-82d0-4c234a06cfdc","LN14-2012-v1","2012-03-09","","KENYA-LAW-LN14-2012","https://new.kenyalaw.org/akn/ke/act/ln/2012/14/eng@2022-12-31","","","pending","Boundary description is legally referenced; machine-readable geometry has not yet passed CRS and topology validation."
"8592294b-ead7-5807-bb19-4e625486ba0f","17c2b4e9-f6c0-5608-a6b5-4a3d194b7453","LN14-2012-v1","2012-03-09","","KENYA-LAW-LN14-2012","https://new.kenyalaw.org/akn/ke/act/ln/2012/14/eng@2022-12-31","","","pending","Boundary description is legally referenced; machine-readable geometry has not yet passed CRS and topology validation."
"442b6766-c2d2-59fa-bdfb-a8fb17e0c1fc","e3edee24-6275-5e49-a777-85c3892dc215","LN14-2012-v1","2012-03-09","","KENYA-LAW-LN14-2012","https://new.kenyalaw.org/akn/ke/act/ln/2012/14/eng@2022-12-31","","","pending","Boundary description is legally referenced; machine-readable geometry has not yet passed CRS and topology validation."
"1232bcb3-d238-5def-a5c0-111f2dff15cb","771eadda-ba24-5f62-86c5-02a0f66db98c","LN14-2012-v1","2012-03-09","","KENYA-LAW-LN14-2012","https://new.kenyalaw.org/akn/ke/act/ln/2012/14/eng@2022-12-31","","","pending","Boundary description is legally referenced; machine-readable geometry has not yet passed CRS and topology validation."
"7c709159-ea09-5705-b572-ed66c92d9d59","2e309c5c-d91d-5c64-b106-0da337b1e02f","LN14-2012-v1","2012-03-09","","KENYA-LAW-LN14-2012","https://new.kenyalaw.org/akn/ke/act/ln/2012/14/eng@2022-12-31","","","pending","Boundary description is legally referenced; machine-readable geometry has not yet passed CRS and topology validation."
"1673d88e-c5ab-5e13-aa7e-cf6572cc3704","62b1faff-cb78-52ac-b62c-ee2b9e70cc0a","LN14-2012-v1","2012-03-09","","KENYA-LAW-LN14-2012","https://new.kenyalaw.org/akn/ke/act/ln/2012/14/eng@2022-12-31","","","pending","Boundary description is legally referenced; machine-readable geometry has not yet passed CRS and topology validation."
"297f843e-8ba1-527c-936e-9b36f381e74e","09187c48-3fe7-57ab-8628-3f915d9675dd","LN14-2012-v1","2012-03-09","","KENYA-LAW-LN14-2012","https://new.kenyalaw.org/akn/ke/act/ln/2012/14/eng@2022-12-31","","","pending","Boundary description is legally referenced; machine-readable geometry has not yet passed CRS and topology validation."
"3d0d5229-a07c-5556-888d-cb8ccb70090b","a392f455-291b-59a0-8116-ef59d2df3f65","LN14-2012-v1","2012-03-09","","KENYA-LAW-LN14-2012","https://new.kenyalaw.org/akn/ke/act/ln/2012/14/eng@2022-12-31","","","pending","Boundary description is legally referenced; machine-readable geometry has not yet passed CRS and topology validation."
"511a943a-c2a9-5b50-a39d-e5738af724d6","ba6fee56-5126-5bb2-a91f-e17d44f2af46","LN14-2012-v1","2012-03-09","","KENYA-LAW-LN14-2012","https://new.kenyalaw.org/akn/ke/act/ln/2012/14/eng@2022-12-31","","","pending","Boundary description is legally referenced; machine-readable geometry has not yet passed CRS and topology validation."
"90710b39-3986-504e-b425-e6d547d10270","72c18fa1-5f53-5039-b126-cbf0dc8b0d2f","LN14-2012-v1","2012-03-09","","KENYA-LAW-LN14-2012","https://new.kenyalaw.org/akn/ke/act/ln/2012/14/eng@2022-12-31","","","pending","Boundary description is legally referenced; machine-readable geometry has not yet passed CRS and topology validation."
"b7e4e9fb-670d-5b3f-8a44-76f1c6c822b0","11299097-c9f7-5eb9-a2a6-9ac36c7a7f35","LN14-2012-v1","2012-03-09","","KENYA-LAW-LN14-2012","https://new.kenyalaw.org/akn/ke/act/ln/2012/14/eng@2022-12-31","","","pending","Boundary description is legally referenced; machine-readable geometry has not yet passed CRS and topology validation."
"98926751-bdb1-5084-a515-d3d756137a81","e12f4f9d-5fe2-53b8-a978-d813da49b4ed","LN14-2012-v1","2012-03-09","","KENYA-LAW-LN14-2012","https://new.kenyalaw.org/akn/ke/act/ln/2012/14/eng@2022-12-31","","","pending","Boundary description is legally referenced; machine-readable geometry has not yet passed CRS and topology validation."
"57141b97-b59e-58aa-a53c-4bf3aea55784","502f5ace-f5c5-51cc-b909-c8a1e68d165f","LN14-2012-v1","2012-03-09","","KENYA-LAW-LN14-2012","https://new.kenyalaw.org/akn/ke/act/ln/2012/14/eng@2022-12-31","","","pending","Boundary description is legally referenced; machine-readable geometry has not yet passed CRS and topology validation."
"2ec47d18-075e-539b-8d42-aa26a6397d16","8bacfe17-0f55-5bc6-b147-f6fc80130846","LN14-2012-v1","2012-03-09","","KENYA-LAW-LN14-2012","https://new.kenyalaw.org/akn/ke/act/ln/2012/14/eng@2022-12-31","","","pending","Boundary description is legally referenced; machine-readable geometry has not yet passed CRS and topology validation."
"968c9b19-dde8-54d8-ad03-b0ea92673e29","dc0c6ce8-fff0-5f61-adde-11569bb57ddb","LN14-2012-v1","2012-03-09","","KENYA-LAW-LN14-2012","https://new.kenyalaw.org/akn/ke/act/ln/2012/14/eng@2022-12-31","","","pending","Boundary description is legally referenced; machine-readable geometry has not yet passed CRS and topology validation."
"e19b29d0-761e-5d31-8455-3103158376f3","d4c9ee54-97de-5aaa-9674-496f50a122ee","LN14-2012-v1","2012-03-09","","KENYA-LAW-LN14-2012","https://new.kenyalaw.org/akn/ke/act/ln/2012/14/eng@2022-12-31","","","pending","Boundary description is legally referenced; machine-readable geometry has not yet passed CRS and topology validation."
"7417d157-d8c4-5150-9537-5adf33cd121e","9a1ae194-e6de-5136-8bab-293463e4feb8","LN14-2012-v1","2012-03-09","","KENYA-LAW-LN14-2012","https://new.kenyalaw.org/akn/ke/act/ln/2012/14/eng@2022-12-31","","","pending","Boundary description is legally referenced; machine-readable geometry has not yet passed CRS and topology validation."
"b6f54017-5ce1-59d1-bbc8-75ec0407287e","8d16e68c-f8e4-576d-9e28-68abd0da6ade","LN14-2012-v1","2012-03-09","","KENYA-LAW-LN14-2012","https://new.kenyalaw.org/akn/ke/act/ln/2012/14/eng@2022-12-31","","","pending","Boundary description is legally referenced; machine-readable geometry has not yet passed CRS and topology validation."
"e01c954f-5686-535e-92cd-4ed796d3032b","44e1fcb1-d43d-53ae-bf5e-4cfd8dfb0f11","LN14-2012-v1","2012-03-09","","KENYA-LAW-LN14-2012","https://new.kenyalaw.org/akn/ke/act/ln/2012/14/eng@2022-12-31","","","pending","Boundary description is legally referenced; machine-readable geometry has not yet passed CRS and topology validation."
"59628c14-dd06-5d68-b4db-99c31a784ad4","1480f7e2-a415-59f9-b318-4d5ebe5976d7","LN14-2012-v1","2012-03-09","","KENYA-LAW-LN14-2012","https://new.kenyalaw.org/akn/ke/act/ln/2012/14/eng@2022-12-31","","","pending","Boundary description is legally referenced; machine-readable geometry has not yet passed CRS and topology validation."
"08b93abb-f15e-51bf-9ae8-eefd4da09681","e54ad29e-0111-5a71-b056-6f78ebc84576","LN14-2012-v1","2012-03-09","","KENYA-LAW-LN14-2012","https://new.kenyalaw.org/akn/ke/act/ln/2012/14/eng@2022-12-31","","","pending","Boundary description is legally referenced; machine-readable geometry has not yet passed CRS and topology validation."
"3c2221ae-a17a-52a1-bd8f-258772741d9e","6442df5c-e859-5d6b-ba7b-9b44232ef33c","LN14-2012-v1","2012-03-09","","KENYA-LAW-LN14-2012","https://new.kenyalaw.org/akn/ke/act/ln/2012/14/eng@2022-12-31","","","pending","Boundary description is legally referenced; machine-readable geometry has not yet passed CRS and topology validation."
"fada359b-5022-5649-acac-f7afce8def0e","a755411d-72ec-54bb-b269-17f34e077e7d","LN14-2012-v1","2012-03-09","","KENYA-LAW-LN14-2012","https://new.kenyalaw.org/akn/ke/act/ln/2012/14/eng@2022-12-31","","","pending","Boundary description is legally referenced; machine-readable geometry has not yet passed CRS and topology validation."
"9ad7ba6d-6d40-5a9b-8aa6-208ee77750aa","f9986817-1cb1-583f-94d0-70a42825cc5e","LN14-2012-v1","2012-03-09","","KENYA-LAW-LN14-2012","https://new.kenyalaw.org/akn/ke/act/ln/2012/14/eng@2022-12-31","","","pending","Boundary description is legally referenced; machine-readable geometry has not yet passed CRS and topology validation."
"5ab5a280-9f0a-5382-bb7c-0e2c66f09fdf","811494fc-a446-59d8-b1e6-add3c42d4341","LN14-2012-v1","2012-03-09","","KENYA-LAW-LN14-2012","https://new.kenyalaw.org/akn/ke/act/ln/2012/14/eng@2022-12-31","","","pending","Boundary description is legally referenced; machine-readable geometry has not yet passed CRS and topology validation."
"039e5277-e35b-5984-a945-030a99be2317","25266d19-1a5d-5e46-8581-859b6d0e2f3e","LN14-2012-v1","2012-03-09","","KENYA-LAW-LN14-2012","https://new.kenyalaw.org/akn/ke/act/ln/2012/14/eng@2022-12-31","","","pending","Boundary description is legally referenced; machine-readable geometry has not yet passed CRS and topology validation."
"a6689807-f757-591c-ad75-67ecd9809691","edf00fa4-c90d-56dd-9d75-75e273fc56ad","LN14-2012-v1","2012-03-09","","KENYA-LAW-LN14-2012","https://new.kenyalaw.org/akn/ke/act/ln/2012/14/eng@2022-12-31","","","pending","Boundary description is legally referenced; machine-readable geometry has not yet passed CRS and topology validation."
"a5123f75-1864-5ceb-84bd-c12cd270789d","16638ed0-4fbb-59eb-86dd-389284145ac8","LN14-2012-v1","2012-03-09","","KENYA-LAW-LN14-2012","https://new.kenyalaw.org/akn/ke/act/ln/2012/14/eng@2022-12-31","","","pending","Boundary description is legally referenced; machine-readable geometry has not yet passed CRS and topology validation."
"cc187191-1958-5302-a1ed-d410310f7c73","cf747cb6-872b-5cf4-b32f-e53ef76109ab","LN14-2012-v1","2012-03-09","","KENYA-LAW-LN14-2012","https://new.kenyalaw.org/akn/ke/act/ln/2012/14/eng@2022-12-31","","","pending","Boundary description is legally referenced; machine-readable geometry has not yet passed CRS and topology validation."
"499c0b42-f8b8-573c-bfc7-7dbaf57b3876","ce6fb457-7864-5d11-9b7a-613e99fe6528","LN14-2012-v1","2012-03-09","","KENYA-LAW-LN14-2012","https://new.kenyalaw.org/akn/ke/act/ln/2012/14/eng@2022-12-31","","","pending","Boundary description is legally referenced; machine-readable geometry has not yet passed CRS and topology validation."
"15cbccec-8103-5239-a5d3-4c4e5a0f0939","0b689715-5a0a-5f0d-8034-136d69972ea8","LN14-2012-v1","2012-03-09","","KENYA-LAW-LN14-2012","https://new.kenyalaw.org/akn/ke/act/ln/2012/14/eng@2022-12-31","","","pending","Boundary description is legally referenced; machine-readable geometry has not yet passed CRS and topology validation."
"3d81430a-b275-5cc9-9b21-7ff38e84205f","2bf06765-2c64-5554-99be-29877a9fa0be","LN14-2012-v1","2012-03-09","","KENYA-LAW-LN14-2012","https://new.kenyalaw.org/akn/ke/act/ln/2012/14/eng@2022-12-31","","","pending","Boundary description is legally referenced; machine-readable geometry has not yet passed CRS and topology validation."
"c9e0a76a-9ddc-5e3a-90b9-ffc8d40e97ea","11cc524d-fc40-519e-bed1-211f3514c70b","LN14-2012-v1","2012-03-09","","KENYA-LAW-LN14-2012","https://new.kenyalaw.org/akn/ke/act/ln/2012/14/eng@2022-12-31","","","pending","Boundary description is legally referenced; machine-readable geometry has not yet passed CRS and topology validation."
"a2ed10a6-4f8f-5be2-a820-adae35d28b3d","f8a0aedf-bf88-5d52-b8c8-42ccb01ebfa9","LN14-2012-v1","2012-03-09","","KENYA-LAW-LN14-2012","https://new.kenyalaw.org/akn/ke/act/ln/2012/14/eng@2022-12-31","","","pending","Boundary description is legally referenced; machine-readable geometry has not yet passed CRS and topology validation."
"3f05f7a0-2a23-538a-ae62-2e0c5397fe16","aa81aa6b-7dc8-5ab3-b579-145a06d09758","LN14-2012-v1","2012-03-09","","KENYA-LAW-LN14-2012","https://new.kenyalaw.org/akn/ke/act/ln/2012/14/eng@2022-12-31","","","pending","Boundary description is legally referenced; machine-readable geometry has not yet passed CRS and topology validation."
"9a4f1be9-ffd5-5fe3-afec-a9eb3427b02e","9a0818e6-b31a-51e4-bea0-3cca374db980","LN14-2012-v1","2012-03-09","","KENYA-LAW-LN14-2012","https://new.kenyalaw.org/akn/ke/act/ln/2012/14/eng@2022-12-31","","","pending","Boundary description is legally referenced; machine-readable geometry has not yet passed CRS and topology validation."
"a7fbf973-7e47-53a7-92eb-5b491a27715a","189bdf84-40bc-50e3-a055-2fb0860305c8","LN14-2012-v1","2012-03-09","","KENYA-LAW-LN14-2012","https://new.kenyalaw.org/akn/ke/act/ln/2012/14/eng@2022-12-31","","","pending","Boundary description is legally referenced; machine-readable geometry has not yet passed CRS and topology validation."
"e3a04e7b-1922-5829-9a24-04fd790c90c5","b8c29aa6-f0e0-5fa4-94ed-6ee1840ad86d","LN14-2012-v1","2012-03-09","","KENYA-LAW-LN14-2012","https://new.kenyalaw.org/akn/ke/act/ln/2012/14/eng@2022-12-31","","","pending","Boundary description is legally referenced; machine-readable geometry has not yet passed CRS and topology validation."
"078c013d-b3d6-54d4-b27f-2b660bdf24df","a1147e7a-8795-5f6e-94a2-ac9e4ff92ab0","LN14-2012-v1","2012-03-09","","KENYA-LAW-LN14-2012","https://new.kenyalaw.org/akn/ke/act/ln/2012/14/eng@2022-12-31","","","pending","Boundary description is legally referenced; machine-readable geometry has not yet passed CRS and topology validation."
"979b4382-8d36-59b1-a274-7c53697297d9","e5e200fc-f73d-57c8-8542-64059d83834f","LN14-2012-v1","2012-03-09","","KENYA-LAW-LN14-2012","https://new.kenyalaw.org/akn/ke/act/ln/2012/14/eng@2022-12-31","","","pending","Boundary description is legally referenced; machine-readable geometry has not yet passed CRS and topology validation."
"0f3dd75c-f5ee-500d-8ac5-9d27686bac66","29f7c13b-74e6-5412-a3af-930fdc63371b","LN14-2012-v1","2012-03-09","","KENYA-LAW-LN14-2012","https://new.kenyalaw.org/akn/ke/act/ln/2012/14/eng@2022-12-31","","","pending","Boundary description is legally referenced; machine-readable geometry has not yet passed CRS and topology validation."
"4df2e26b-3370-5d32-b639-6b66592b576e","10e205e6-3bc5-5988-8a1c-5524800e087f","LN14-2012-v1","2012-03-09","","KENYA-LAW-LN14-2012","https://new.kenyalaw.org/akn/ke/act/ln/2012/14/eng@2022-12-31","","","pending","Boundary description is legally referenced; machine-readable geometry has not yet passed CRS and topology validation."
"63307c38-64bd-589b-ae20-82dcdb71c0db","b673d336-4763-53d5-9519-d3c84089dd73","LN14-2012-v1","2012-03-09","","KENYA-LAW-LN14-2012","https://new.kenyalaw.org/akn/ke/act/ln/2012/14/eng@2022-12-31","","","pending","Boundary description is legally referenced; machine-readable geometry has not yet passed CRS and topology validation."
"8f71732f-fbbb-54bb-8e3c-86d473f79bba","90956ffb-5f51-58e2-a94f-c71faee08188","LN14-2012-v1","2012-03-09","","KENYA-LAW-LN14-2012","https://new.kenyalaw.org/akn/ke/act/ln/2012/14/eng@2022-12-31","","","pending","Boundary description is legally referenced; machine-readable geometry has not yet passed CRS and topology validation."
"886b8866-3bc0-5dda-94a6-91d77dfcc871","9cb77720-872c-5a91-a5d0-b23857a69cee","LN14-2012-v1","2012-03-09","","KENYA-LAW-LN14-2012","https://new.kenyalaw.org/akn/ke/act/ln/2012/14/eng@2022-12-31","","","pending","Boundary description is legally referenced; machine-readable geometry has not yet passed CRS and topology validation."
"ae08cb73-da65-5ffc-9686-70f384990a81","1cfd957d-3bbd-5357-b121-78be6a70887b","LN14-2012-v1","2012-03-09","","KENYA-LAW-LN14-2012","https://new.kenyalaw.org/akn/ke/act/ln/2012/14/eng@2022-12-31","","","pending","Boundary description is legally referenced; machine-readable geometry has not yet passed CRS and topology validation."
"ff461fb0-a373-5466-8d61-5d1e1e006fac","feabb109-bef5-5def-a059-06119920b23a","LN14-2012-v1","2012-03-09","","KENYA-LAW-LN14-2012","https://new.kenyalaw.org/akn/ke/act/ln/2012/14/eng@2022-12-31","","","pending","Boundary description is legally referenced; machine-readable geometry has not yet passed CRS and topology validation."
"ab172d8b-19ec-5d6a-bb67-e2c60b772654","67529ecd-5d1c-5cdf-bd70-8f58c779b39a","LN14-2012-v1","2012-03-09","","KENYA-LAW-LN14-2012","https://new.kenyalaw.org/akn/ke/act/ln/2012/14/eng@2022-12-31","","","pending","Boundary description is legally referenced; machine-readable geometry has not yet passed CRS and topology validation."
"d812dec2-d366-5233-b467-a7d64f500447","5a773c4e-400c-5efa-8ed8-a6b375c25130","LN14-2012-v1","2012-03-09","","KENYA-LAW-LN14-2012","https://new.kenyalaw.org/akn/ke/act/ln/2012/14/eng@2022-12-31","","","pending","Boundary description is legally referenced; machine-readable geometry has not yet passed CRS and topology validation."
"36f28802-3a7f-5add-9887-ef31b4f07d5f","0b51ca4b-551b-5169-9e4f-f6dc0934cf5f","LN14-2012-v1","2012-03-09","","KENYA-LAW-LN14-2012","https://new.kenyalaw.org/akn/ke/act/ln/2012/14/eng@2022-12-31","","","pending","Boundary description is legally referenced; machine-readable geometry has not yet passed CRS and topology validation."
"50790f3b-b263-5124-ba04-c07bb254a3d7","3f5a5f3c-d96a-53f7-986b-8292f808ea90","LN14-2012-v1","2012-03-09","","KENYA-LAW-LN14-2012","https://new.kenyalaw.org/akn/ke/act/ln/2012/14/eng@2022-12-31","","","pending","Boundary description is legally referenced; machine-readable geometry has not yet passed CRS and topology validation."
"02856744-ea68-52b5-99f9-d2b9129a7138","5ac23982-80b1-53e0-9255-f9813cc7d377","LN14-2012-v1","2012-03-09","","KENYA-LAW-LN14-2012","https://new.kenyalaw.org/akn/ke/act/ln/2012/14/eng@2022-12-31","","","pending","Boundary description is legally referenced; machine-readable geometry has not yet passed CRS and topology validation."
"12868ab6-00d8-58b0-9730-87a190891057","c946ff46-ea41-5f54-8c06-81343aae9990","LN14-2012-v1","2012-03-09","","KENYA-LAW-LN14-2012","https://new.kenyalaw.org/akn/ke/act/ln/2012/14/eng@2022-12-31","","","pending","Boundary description is legally referenced; machine-readable geometry has not yet passed CRS and topology validation."
"b3c0d7ac-a3a4-599d-b835-db733990c999","c050ee61-fcfd-595a-a0c6-f4465379e0ac","LN14-2012-v1","2012-03-09","","KENYA-LAW-LN14-2012","https://new.kenyalaw.org/akn/ke/act/ln/2012/14/eng@2022-12-31","","","pending","Boundary description is legally referenced; machine-readable geometry has not yet passed CRS and topology validation."
"5a74b521-cf21-5377-a304-c606eedb1c98","1967b85b-a2c9-5c83-975f-bd90e053d623","LN14-2012-v1","2012-03-09","","KENYA-LAW-LN14-2012","https://new.kenyalaw.org/akn/ke/act/ln/2012/14/eng@2022-12-31","","","pending","Boundary description is legally referenced; machine-readable geometry has not yet passed CRS and topology validation."
"da5bd6b5-f8ad-584b-85cf-4e9279dd0007","2b2062ec-17af-5c05-94d2-d755f74ddcf7","LN14-2012-v1","2012-03-09","","KENYA-LAW-LN14-2012","https://new.kenyalaw.org/akn/ke/act/ln/2012/14/eng@2022-12-31","","","pending","Boundary description is legally referenced; machine-readable geometry has not yet passed CRS and topology validation."
"d4c0aa22-1548-558a-87d1-0cd38adba59e","91f69d70-59d2-5d18-933a-085896f5e616","LN14-2012-v1","2012-03-09","","KENYA-LAW-LN14-2012","https://new.kenyalaw.org/akn/ke/act/ln/2012/14/eng@2022-12-31","","","pending","Boundary description is legally referenced; machine-readable geometry has not yet passed CRS and topology validation."
"a8f16b9e-e840-556a-9e46-33f6fd1783a1","d8f1b7b3-07cf-56e5-a596-2c0edaf98e78","LN14-2012-v1","2012-03-09","","KENYA-LAW-LN14-2012","https://new.kenyalaw.org/akn/ke/act/ln/2012/14/eng@2022-12-31","","","pending","Boundary description is legally referenced; machine-readable geometry has not yet passed CRS and topology validation."
"1c67d3e3-83c5-576b-8c37-c0936b90e6db","e046750e-19f7-585f-a3dc-9c5a95af476a","LN14-2012-v1","2012-03-09","","KENYA-LAW-LN14-2012","https://new.kenyalaw.org/akn/ke/act/ln/2012/14/eng@2022-12-31","","","pending","Boundary description is legally referenced; machine-readable geometry has not yet passed CRS and topology validation."
"0b980e6e-4994-5927-860a-4c2c628cc0d9","e0a8b97a-6177-5661-b1fb-f39f8134f528","LN14-2012-v1","2012-03-09","","KENYA-LAW-LN14-2012","https://new.kenyalaw.org/akn/ke/act/ln/2012/14/eng@2022-12-31","","","pending","Boundary description is legally referenced; machine-readable geometry has not yet passed CRS and topology validation."
"37cc107f-082d-57de-a81d-19e411ca31aa","34ae008a-1ff5-523c-aebd-8be5e312d8c4","LN14-2012-v1","2012-03-09","","KENYA-LAW-LN14-2012","https://new.kenyalaw.org/akn/ke/act/ln/2012/14/eng@2022-12-31","","","pending","Boundary description is legally referenced; machine-readable geometry has not yet passed CRS and topology validation."
"24a543c3-1c33-5856-8d95-d1e5a4a1324e","3d722f47-646f-51b8-8000-a5d376176f4f","LN14-2012-v1","2012-03-09","","KENYA-LAW-LN14-2012","https://new.kenyalaw.org/akn/ke/act/ln/2012/14/eng@2022-12-31","","","pending","Boundary description is legally referenced; machine-readable geometry has not yet passed CRS and topology validation."
"124577e2-b38b-5071-bcc4-296c0716b9be","5d2288ce-5f7a-588b-aea8-4318e59a1419","LN14-2012-v1","2012-03-09","","KENYA-LAW-LN14-2012","https://new.kenyalaw.org/akn/ke/act/ln/2012/14/eng@2022-12-31","","","pending","Boundary description is legally referenced; machine-readable geometry has not yet passed CRS and topology validation."
"ed303736-218c-5ce9-a5ae-da3a6362b9b1","8e130826-937f-517b-b812-7c8d8547e789","LN14-2012-v1","2012-03-09","","KENYA-LAW-LN14-2012","https://new.kenyalaw.org/akn/ke/act/ln/2012/14/eng@2022-12-31","","","pending","Boundary description is legally referenced; machine-readable geometry has not yet passed CRS and topology validation."
"97fd290e-827c-5675-b478-c27bc7dfcc50","54e67336-e7e2-5a32-83f5-eebe26836c18","LN14-2012-v1","2012-03-09","","KENYA-LAW-LN14-2012","https://new.kenyalaw.org/akn/ke/act/ln/2012/14/eng@2022-12-31","","","pending","Boundary description is legally referenced; machine-readable geometry has not yet passed CRS and topology validation."
"a01da2a0-091d-501b-b6fd-c7a948d64246","e2c1fc1f-9feb-57f1-a6ac-71c5746adaba","LN14-2012-v1","2012-03-09","","KENYA-LAW-LN14-2012","https://new.kenyalaw.org/akn/ke/act/ln/2012/14/eng@2022-12-31","","","pending","Boundary description is legally referenced; machine-readable geometry has not yet passed CRS and topology validation."
"4d4828cb-ba36-5faf-bf39-b6d164e14dbb","17617b8e-7924-530e-af43-b6eeaf97366b","LN14-2012-v1","2012-03-09","","KENYA-LAW-LN14-2012","https://new.kenyalaw.org/akn/ke/act/ln/2012/14/eng@2022-12-31","","","pending","Boundary description is legally referenced; machine-readable geometry has not yet passed CRS and topology validation."
"b34d394f-f468-5ec4-b352-37b8dac49f56","b5a62daa-dd42-5bf0-96e2-be18f6400072","LN14-2012-v1","2012-03-09","","KENYA-LAW-LN14-2012","https://new.kenyalaw.org/akn/ke/act/ln/2012/14/eng@2022-12-31","","","pending","Boundary description is legally referenced; machine-readable geometry has not yet passed CRS and topology validation."
"cbffcb33-2446-59f2-92ea-098d43c281f4","9ed776eb-fe99-5b5f-92ae-49f59708cbfb","LN14-2012-v1","2012-03-09","","KENYA-LAW-LN14-2012","https://new.kenyalaw.org/akn/ke/act/ln/2012/14/eng@2022-12-31","","","pending","Boundary description is legally referenced; machine-readable geometry has not yet passed CRS and topology validation."
"4f345465-9f4b-5388-86a1-5b5280afc2ee","7f09f5b1-0dfd-5349-9374-10e33bf59a63","LN14-2012-v1","2012-03-09","","KENYA-LAW-LN14-2012","https://new.kenyalaw.org/akn/ke/act/ln/2012/14/eng@2022-12-31","","","pending","Boundary description is legally referenced; machine-readable geometry has not yet passed CRS and topology validation."
"46757088-14ab-5102-8883-b935226bafd3","bb795ee0-741d-5299-b1e2-dc10bb86d7d0","LN14-2012-v1","2012-03-09","","KENYA-LAW-LN14-2012","https://new.kenyalaw.org/akn/ke/act/ln/2012/14/eng@2022-12-31","","","pending","Boundary description is legally referenced; machine-readable geometry has not yet passed CRS and topology validation."

