representative_id,role_id,level,geo_code,geography_name,person_name,party,status,term_label,source_tier,verification_date,freshness_status,source,source_url,corrected,notes
"WOMANREP-KEN-C001","county_woman_representative","county","KEN-C001","Mombasa","HON. CHIMBA, ZAMZAM MOHAMED","ODM","elected","13th Parliament roster as at 12 Aug 2026","A","2026-08-12","current","Parliament of Kenya -- National Assembly","https://www.parliament.go.ke/sites/default/files/2026-08/List%20of%20Members%20by%20Parties%2013th%20Parliament%20as%20at%2012082026_1.pdf","false",""
"WOMANREP-KEN-C002","county_woman_representative","county","KEN-C002","Kwale","HON. MASITO, FATUMA HAMISI","ODM","elected","13th Parliament roster as at 12 Aug 2026","A","2026-08-12","current","Parliament of Kenya -- National Assembly","https://www.parliament.go.ke/sites/default/files/2026-08/List%20of%20Members%20by%20Parties%2013th%20Parliament%20as%20at%2012082026_1.pdf","false",""
"WOMANREP-KEN-C003","county_woman_representative","county","KEN-C003","Kilifi","HON. MWANYANJE, GERTRUDE MBEYU","ODM","elected","13th Parliament roster as at 12 Aug 2026","A","2026-08-12","current","Parliament of Kenya -- National Assembly","https://www.parliament.go.ke/sites/default/files/2026-08/List%20of%20Members%20by%20Parties%2013th%20Parliament%20as%20at%2012082026_1.pdf","false",""
"WOMANREP-KEN-C004","county_woman_representative","county","KEN-C004","Tana River","HON. ABDULLAHI, AMINA DIKA","KANU","elected","13th Parliament roster as at 12 Aug 2026","A","2026-08-12","current","Parliament of Kenya -- National Assembly","https://www.parliament.go.ke/sites/default/files/2026-08/List%20of%20Members%20by%20Parties%2013th%20Parliament%20as%20at%2012082026_1.pdf","false",""
"WOMANREP-KEN-C005","county_woman_representative","county","KEN-C005","Lamu","HON. MARUBU, MONICAH MUTHONI","Independent","elected","13th Parliament roster as at 12 Aug 2026","A","2026-08-12","current","Parliament of Kenya -- National Assembly","https://www.parliament.go.ke/sites/default/files/2026-08/List%20of%20Members%20by%20Parties%2013th%20Parliament%20as%20at%2012082026_1.pdf","false",""
"WOMANREP-KEN-C006","county_woman_representative","county","KEN-C006","Taita Taveta","HON. MIZIGHI, LYDIA HAIKA MNENE","UDA","elected","13th Parliament roster as at 12 Aug 2026","A","2026-08-12","current","Parliament of Kenya -- National Assembly","https://www.parliament.go.ke/sites/default/files/2026-08/List%20of%20Members%20by%20Parties%2013th%20Parliament%20as%20at%2012082026_1.pdf","false",""
"WOMANREP-KEN-C007","county_woman_representative","county","KEN-C007","Garissa","HON. SIYAD, AMINA UDGOON","JP","elected","13th Parliament roster as at 12 Aug 2026","A","2026-08-12","current","Parliament of Kenya -- National Assembly","https://www.parliament.go.ke/sites/default/files/2026-08/List%20of%20Members%20by%20Parties%2013th%20Parliament%20as%20at%2012082026_1.pdf","false",""
"WOMANREP-KEN-C008","county_woman_representative","county","KEN-C008","Wajir","HON. JEHOW, FATUMA ABDI","ODM","elected","13th Parliament roster as at 12 Aug 2026","A","2026-08-12","current","Parliament of Kenya -- National Assembly","https://www.parliament.go.ke/sites/default/files/2026-08/List%20of%20Members%20by%20Parties%2013th%20Parliament%20as%20at%2012082026_1.pdf","false",""
"WOMANREP-KEN-C009","county_woman_representative","county","KEN-C009","Mandera","HON. SHEIKH, UMUL KER KASSIM","UDM","elected","13th Parliament roster as at 12 Aug 2026","A","2026-08-12","current","Parliament of Kenya -- National Assembly","https://www.parliament.go.ke/sites/default/files/2026-08/List%20of%20Members%20by%20Parties%2013th%20Parliament%20as%20at%2012082026_1.pdf","false",""
"WOMANREP-KEN-C010","county_woman_representative","county","KEN-C010","Marsabit","HON. WAQO, NAOMI JILLO","UDA","elected","13th Parliament roster as at 12 Aug 2026","A","2026-08-12","current","Parliament of Kenya -- National Assembly","https://www.parliament.go.ke/sites/default/files/2026-08/List%20of%20Members%20by%20Parties%2013th%20Parliament%20as%20at%2012082026_1.pdf","false",""
"WOMANREP-KEN-C011","county_woman_representative","county","KEN-C011","Isiolo","HON. BONAYA, MUMINA GOLLO","JP","elected","13th Parliament roster as at 12 Aug 2026","A","2026-08-12","current","Parliament of Kenya -- National Assembly","https://www.parliament.go.ke/sites/default/files/2026-08/List%20of%20Members%20by%20Parties%2013th%20Parliament%20as%20at%2012082026_1.pdf","false",""
"WOMANREP-KEN-C012","county_woman_representative","county","KEN-C012","Meru","HON. KAILEMA, ELIZABETH KARAMBU","UDA","elected","13th Parliament roster as at 12 Aug 2026","A","2026-08-12","current","Parliament of Kenya -- National Assembly","https://www.parliament.go.ke/sites/default/files/2026-08/List%20of%20Members%20by%20Parties%2013th%20Parliament%20as%20at%2012082026_1.pdf","false",""
"WOMANREP-KEN-C013","county_woman_representative","county","KEN-C013","Tharaka-Nithi","HON. NDUYO, SUSAN NGUGI","TSP","elected","13th Parliament roster as at 12 Aug 2026","A","2026-08-12","current","Parliament of Kenya -- National Assembly","https://www.parliament.go.ke/sites/default/files/2026-08/List%20of%20Members%20by%20Parties%2013th%20Parliament%20as%20at%2012082026_1.pdf","false",""
"WOMANREP-KEN-C014","county_woman_representative","county","KEN-C014","Embu","HON. DOUBLE N, PAMELA NJOKI NJERU","UDA","elected","13th Parliament roster as at 12 Aug 2026","A","2026-08-12","current","Parliament of Kenya -- National Assembly","https://www.parliament.go.ke/sites/default/files/2026-08/List%20of%20Members%20by%20Parties%2013th%20Parliament%20as%20at%2012082026_1.pdf","false",""
"WOMANREP-KEN-C015","county_woman_representative","county","KEN-C015","Kitui","HON. KASALU, IRENE MUTHONI","WDM","elected","13th Parliament roster as at 12 Aug 2026","A","2026-08-12","current","Parliament of Kenya -- National Assembly","https://www.parliament.go.ke/sites/default/files/2026-08/List%20of%20Members%20by%20Parties%2013th%20Parliament%20as%20at%2012082026_1.pdf","false",""
"WOMANREP-KEN-C016","county_woman_representative","county","KEN-C016","Machakos","HON. KAMENE, JOYCE","WDM","elected","13th Parliament roster as at 12 Aug 2026","A","2026-08-12","current","Parliament of Kenya -- National Assembly","https://www.parliament.go.ke/sites/default/files/2026-08/List%20of%20Members%20by%20Parties%2013th%20Parliament%20as%20at%2012082026_1.pdf","false",""
"WOMANREP-KEN-C017","county_woman_representative","county","KEN-C017","Makueni","HON. MUMO, ROSE MUSEO","WDM","elected","13th Parliament roster as at 12 Aug 2026","A","2026-08-12","current","Parliament of Kenya -- National Assembly","https://www.parliament.go.ke/sites/default/files/2026-08/List%20of%20Members%20by%20Parties%2013th%20Parliament%20as%20at%2012082026_1.pdf","false",""
"WOMANREP-KEN-C018","county_woman_representative","county","KEN-C018","Nyandarua","HON. GITAU, FAITH WAIRIMU","UDA","elected","13th Parliament roster as at 12 Aug 2026","A","2026-08-12","current","Parliament of Kenya -- National Assembly","https://www.parliament.go.ke/sites/default/files/2026-08/List%20of%20Members%20by%20Parties%2013th%20Parliament%20as%20at%2012082026_1.pdf","false",""
"WOMANREP-KEN-C019","county_woman_representative","county","KEN-C019","Nyeri","HON. WACHIRA, RAHAB MUKAMI","UDA","elected","13th Parliament roster as at 12 Aug 2026","A","2026-08-12","current","Parliament of Kenya -- National Assembly","https://www.parliament.go.ke/sites/default/files/2026-08/List%20of%20Members%20by%20Parties%2013th%20Parliament%20as%20at%2012082026_1.pdf","false",""
"WOMANREP-KEN-C020","county_woman_representative","county","KEN-C020","Kirinyaga","HON. MAINA, JANE NJERI","UDA","elected","13th Parliament roster as at 12 Aug 2026","A","2026-08-12","current","Parliament of Kenya -- National Assembly","https://www.parliament.go.ke/sites/default/files/2026-08/List%20of%20Members%20by%20Parties%2013th%20Parliament%20as%20at%2012082026_1.pdf","false",""
"WOMANREP-KEN-C021","county_woman_representative","county","KEN-C021","Murang'a","HON. MAINA, BETTY NJERI","UDA","elected","13th Parliament roster as at 12 Aug 2026","A","2026-08-12","current","Parliament of Kenya -- National Assembly","https://www.parliament.go.ke/sites/default/files/2026-08/List%20of%20Members%20by%20Parties%2013th%20Parliament%20as%20at%2012082026_1.pdf","false",""
"WOMANREP-KEN-C022","county_woman_representative","county","KEN-C022","Kiambu","HON. MURATHA, ANNE WANJIKU MUGO","UDA","elected","13th Parliament roster as at 12 Aug 2026","A","2026-08-12","current","Parliament of Kenya -- National Assembly","https://www.parliament.go.ke/sites/default/files/2026-08/List%20of%20Members%20by%20Parties%2013th%20Parliament%20as%20at%2012082026_1.pdf","false",""
"WOMANREP-KEN-C023","county_woman_representative","county","KEN-C023","Turkana","HON. NGITIT, CECILIA ASINYEN","UDA","elected","13th Parliament roster as at 12 Aug 2026","A","2026-08-12","current","Parliament of Kenya -- National Assembly","https://www.parliament.go.ke/sites/default/files/2026-08/List%20of%20Members%20by%20Parties%2013th%20Parliament%20as%20at%2012082026_1.pdf","false",""
"WOMANREP-KEN-C024","county_woman_representative","county","KEN-C024","West Pokot","HON. KASIWAI, RAEL CHEPKEMOI","KUP","elected","13th Parliament roster as at 12 Aug 2026","A","2026-08-12","current","Parliament of Kenya -- National Assembly","https://www.parliament.go.ke/sites/default/files/2026-08/List%20of%20Members%20by%20Parties%2013th%20Parliament%20as%20at%2012082026_1.pdf","false",""
"WOMANREP-KEN-C025","county_woman_representative","county","KEN-C025","Samburu","HON. LENGURIS, PAULINE","UDA","elected","13th Parliament roster as at 12 Aug 2026","A","2026-08-12","current","Parliament of Kenya -- National Assembly","https://www.parliament.go.ke/sites/default/files/2026-08/List%20of%20Members%20by%20Parties%2013th%20Parliament%20as%20at%2012082026_1.pdf","false",""
"WOMANREP-KEN-C026","county_woman_representative","county","KEN-C026","Trans Nzoia","HON. SIYOI, LILLIAN CHEBET","UDA","elected","13th Parliament roster as at 12 Aug 2026","A","2026-08-12","current","Parliament of Kenya -- National Assembly","https://www.parliament.go.ke/sites/default/files/2026-08/List%20of%20Members%20by%20Parties%2013th%20Parliament%20as%20at%2012082026_1.pdf","false",""
"WOMANREP-KEN-C027","county_woman_representative","county","KEN-C027","Uasin Gishu","HON. SHOLLEI, GLADYS JEPKOSGEI BOSS","UDA","elected","13th Parliament roster as at 12 Aug 2026","A","2026-08-12","current","Parliament of Kenya -- National Assembly","https://www.parliament.go.ke/sites/default/files/2026-08/List%20of%20Members%20by%20Parties%2013th%20Parliament%20as%20at%2012082026_1.pdf","false",""
"WOMANREP-KEN-C028","county_woman_representative","county","KEN-C028","Elgeyo/Marakwet","HON. CAROLINE, JEPTOO NG’ELECHEI","Independent","elected","13th Parliament roster as at 12 Aug 2026","A","2026-08-12","current","Parliament of Kenya -- National Assembly","https://www.parliament.go.ke/sites/default/files/2026-08/List%20of%20Members%20by%20Parties%2013th%20Parliament%20as%20at%2012082026_1.pdf","false",""
"WOMANREP-KEN-C029","county_woman_representative","county","KEN-C029","Nandi","HON. MUGE, CYNTHIA JEPKOSGEI","UDA","elected","13th Parliament roster as at 12 Aug 2026","A","2026-08-12","current","Parliament of Kenya -- National Assembly","https://www.parliament.go.ke/sites/default/files/2026-08/List%20of%20Members%20by%20Parties%2013th%20Parliament%20as%20at%2012082026_1.pdf","false",""
"WOMANREP-KEN-C030","county_woman_representative","county","KEN-C030","Baringo","HON. SERGON, FLOWRENCE JEMATIAH","UDA","elected","13th Parliament roster as at 12 Aug 2026","A","2026-08-12","current","Parliament of Kenya -- National Assembly","https://www.parliament.go.ke/sites/default/files/2026-08/List%20of%20Members%20by%20Parties%2013th%20Parliament%20as%20at%2012082026_1.pdf","false",""
"WOMANREP-KEN-C031","county_woman_representative","county","KEN-C031","Laikipia","HON. KAGIRI, JANE WANGECHI","UDA","elected","13th Parliament roster as at 12 Aug 2026","A","2026-08-12","current","Parliament of Kenya -- National Assembly","https://www.parliament.go.ke/sites/default/files/2026-08/List%20of%20Members%20by%20Parties%2013th%20Parliament%20as%20at%2012082026_1.pdf","false",""
"WOMANREP-KEN-C032","county_woman_representative","county","KEN-C032","Nakuru","HON. CHELULE, LIZA CHEPKORIR","UDA","elected","13th Parliament roster as at 12 Aug 2026","A","2026-08-12","current","Parliament of Kenya -- National Assembly","https://www.parliament.go.ke/sites/default/files/2026-08/List%20of%20Members%20by%20Parties%2013th%20Parliament%20as%20at%2012082026_1.pdf","false",""
"WOMANREP-KEN-C033","county_woman_representative","county","KEN-C033","Narok","HON. TONKEI, REBECCA NOONAISHI","UDA","elected","13th Parliament roster as at 12 Aug 2026","A","2026-08-12","current","Parliament of Kenya -- National Assembly","https://www.parliament.go.ke/sites/default/files/2026-08/List%20of%20Members%20by%20Parties%2013th%20Parliament%20as%20at%2012082026_1.pdf","false",""
"WOMANREP-KEN-C034","county_woman_representative","county","KEN-C034","Kajiado","HON. SANKAIRE, LEAH SOPIATO","UDA","elected","13th Parliament roster as at 12 Aug 2026","A","2026-08-12","current","Parliament of Kenya -- National Assembly","https://www.parliament.go.ke/sites/default/files/2026-08/List%20of%20Members%20by%20Parties%2013th%20Parliament%20as%20at%2012082026_1.pdf","false",""
"WOMANREP-KEN-C035","county_woman_representative","county","KEN-C035","Kericho","HON. KEMEI, BEATRICE CHEPNG’ENO","UDA","elected","13th Parliament roster as at 12 Aug 2026","A","2026-08-12","current","Parliament of Kenya -- National Assembly","https://www.parliament.go.ke/sites/default/files/2026-08/List%20of%20Members%20by%20Parties%2013th%20Parliament%20as%20at%2012082026_1.pdf","false",""
"WOMANREP-KEN-C036","county_woman_representative","county","KEN-C036","Bomet","HON. CHEPKORIR, LINET","UDA","elected","13th Parliament roster as at 12 Aug 2026","A","2026-08-12","current","Parliament of Kenya -- National Assembly","https://www.parliament.go.ke/sites/default/files/2026-08/List%20of%20Members%20by%20Parties%2013th%20Parliament%20as%20at%2012082026_1.pdf","false",""
"WOMANREP-KEN-C037","county_woman_representative","county","KEN-C037","Kakamega","HON. MUHANDA, ELSIE BUSIHILE","ODM","elected","13th Parliament roster as at 12 Aug 2026","A","2026-08-12","current","Parliament of Kenya -- National Assembly","https://www.parliament.go.ke/sites/default/files/2026-08/List%20of%20Members%20by%20Parties%2013th%20Parliament%20as%20at%2012082026_1.pdf","false",""
"WOMANREP-KEN-C038","county_woman_representative","county","KEN-C038","Vihiga","HON. ADAGALA, BEATRICE KAHAI","ANC","elected","13th Parliament roster as at 12 Aug 2026","A","2026-08-12","current","Parliament of Kenya -- National Assembly","https://www.parliament.go.ke/sites/default/files/2026-08/List%20of%20Members%20by%20Parties%2013th%20Parliament%20as%20at%2012082026_1.pdf","false",""
"WOMANREP-KEN-C039","county_woman_representative","county","KEN-C039","Bungoma","HON. WAMBILIANGA, CATHERINE NANJALA","FORD-K","elected","13th Parliament roster as at 12 Aug 2026","A","2026-08-12","current","Parliament of Kenya -- National Assembly","https://www.parliament.go.ke/sites/default/files/2026-08/List%20of%20Members%20by%20Parties%2013th%20Parliament%20as%20at%2012082026_1.pdf","true","The source PDF lists this row's constituency as ""Busia (CWR)"", but this is a data-entry error in that document: parliament.go.ke's own live MP search shows Wambilianga's county as BUNGOMA (not Busia), and this is independently corroborated by Wikipedia (""Catherine Wambilianga"" -- elected Bungoma County Woman Representative 2017, re-elected 2022) and The Star (14 Aug 2022, ""Bungoma Woman rep Catherine Wambilianga retains seat""). The Busia County Woman Representative is Catherine Nakhabi Omanyo (ODM), also independently corroborated by Wikipedia (""Catherine Omanyo"")."
"WOMANREP-KEN-C040","county_woman_representative","county","KEN-C040","Busia","HON. OMANYO, CATHERINE NAKHABI","ODM","elected","13th Parliament roster as at 12 Aug 2026","A","2026-08-12","current","Parliament of Kenya -- National Assembly","https://www.parliament.go.ke/sites/default/files/2026-08/List%20of%20Members%20by%20Parties%2013th%20Parliament%20as%20at%2012082026_1.pdf","false",""
"WOMANREP-KEN-C041","county_woman_representative","county","KEN-C041","Siaya","HON. ODUOR, CHRISTINE OMBAKA","ODM","elected","13th Parliament roster as at 12 Aug 2026","A","2026-08-12","current","Parliament of Kenya -- National Assembly","https://www.parliament.go.ke/sites/default/files/2026-08/List%20of%20Members%20by%20Parties%2013th%20Parliament%20as%20at%2012082026_1.pdf","false",""
"WOMANREP-KEN-C042","county_woman_representative","county","KEN-C042","Kisumu","HON. BUSIA, RUTH ADHIAMBO ODINGA","ODM","elected","13th Parliament roster as at 12 Aug 2026","A","2026-08-12","current","Parliament of Kenya -- National Assembly","https://www.parliament.go.ke/sites/default/files/2026-08/List%20of%20Members%20by%20Parties%2013th%20Parliament%20as%20at%2012082026_1.pdf","false",""
"WOMANREP-KEN-C043","county_woman_representative","county","KEN-C043","Homa Bay","HON. OSOGO, BENSUDA JOYCE ATIENO","ODM","elected","13th Parliament roster as at 12 Aug 2026","A","2026-08-12","current","Parliament of Kenya -- National Assembly","https://www.parliament.go.ke/sites/default/files/2026-08/List%20of%20Members%20by%20Parties%2013th%20Parliament%20as%20at%2012082026_1.pdf","false",""
"WOMANREP-KEN-C044","county_woman_representative","county","KEN-C044","Migori","HON. MOHAMMED, FATUMA ZAINABU","Independent","elected","13th Parliament roster as at 12 Aug 2026","A","2026-08-12","current","Parliament of Kenya -- National Assembly","https://www.parliament.go.ke/sites/default/files/2026-08/List%20of%20Members%20by%20Parties%2013th%20Parliament%20as%20at%2012082026_1.pdf","false",""
"WOMANREP-KEN-C045","county_woman_representative","county","KEN-C045","Kisii","HON. ABURI, DONYA DORICE","WDM","elected","13th Parliament roster as at 12 Aug 2026","A","2026-08-12","current","Parliament of Kenya -- National Assembly","https://www.parliament.go.ke/sites/default/files/2026-08/List%20of%20Members%20by%20Parties%2013th%20Parliament%20as%20at%2012082026_1.pdf","false",""
"WOMANREP-KEN-C046","county_woman_representative","county","KEN-C046","Nyamira","HON. MONGINA, JERUSHA MOMANYI","JP","elected","13th Parliament roster as at 12 Aug 2026","A","2026-08-12","current","Parliament of Kenya -- National Assembly","https://www.parliament.go.ke/sites/default/files/2026-08/List%20of%20Members%20by%20Parties%2013th%20Parliament%20as%20at%2012082026_1.pdf","false",""
"WOMANREP-KEN-C047","county_woman_representative","county","KEN-C047","Nairobi","HON. PASSARIS, ESTHER MUTHOMI","ODM","elected","13th Parliament roster as at 12 Aug 2026","A","2026-08-12","current","Parliament of Kenya -- National Assembly","https://www.parliament.go.ke/sites/default/files/2026-08/List%20of%20Members%20by%20Parties%2013th%20Parliament%20as%20at%2012082026_1.pdf","false",""
"MEMBER-OF-COUNTY-ASSEMBLY-KEN-C001-CON001-W0001","member_of_county_assembly","ward","KEN-C001-CON001-W0001","Port Reitz","Makarani Fadhili Mwalimu","ODM","elected","2022 general election, declared 2022-08-22","A","2022-08-22","stale_unverified","IEBC","https://www.iebc.or.ke/uploads/resources/t5KQ6O4YGp.pdf","false",""
"MEMBER-OF-COUNTY-ASSEMBLY-KEN-C001-CON001-W0002","member_of_county_assembly","ward","KEN-C001-CON001-W0002","Kipevu","Nyache Leila Mughazo","ODM","elected","2022 general election, declared 2022-08-22","A","2022-08-22","stale_unverified","IEBC","https://www.iebc.or.ke/uploads/resources/t5KQ6O4YGp.pdf","false",""
"MEMBER-OF-COUNTY-ASSEMBLY-KEN-C001-CON001-W0003","member_of_county_assembly","ward","KEN-C001-CON001-W0003","Airport","Omondi Ibrahim Oyugi","IND","elected","2022 general election, declared 2022-08-22","A","2022-08-22","stale_unverified","IEBC","https://www.iebc.or.ke/uploads/resources/t5KQ6O4YGp.pdf","false",""
"MEMBER-OF-COUNTY-ASSEMBLY-KEN-C001-CON001-W0004","member_of_county_assembly","ward","KEN-C001-CON001-W0004","Changamwe","Ogutu Benard Ochieng","ODM","elected","2022 general election, declared 2022-08-22","A","2022-08-22","stale_unverified","IEBC","https://www.iebc.or.ke/uploads/resources/t5KQ6O4YGp.pdf","false",""
"MEMBER-OF-COUNTY-ASSEMBLY-KEN-C001-CON001-W0005","member_of_county_assembly","ward","KEN-C001-CON001-W0005","Chaani","Makanga Frankline Mbega","IND","elected","2022 general election, declared 2022-08-22","A","2022-08-22","stale_unverified","IEBC","https://www.iebc.or.ke/uploads/resources/t5KQ6O4YGp.pdf","false",""
"MEMBER-OF-COUNTY-ASSEMBLY-KEN-C001-CON002-W0006","member_of_county_assembly","ward","KEN-C001-CON002-W0006","Jomvu Kuu","Mose Joshua Ong’au","ODM","elected","2022 general election, declared 2022-08-22","A","2022-08-22","stale_unverified","IEBC","https://www.iebc.or.ke/uploads/resources/t5KQ6O4YGp.pdf","false",""
"MEMBER-OF-COUNTY-ASSEMBLY-KEN-C001-CON002-W0007","member_of_county_assembly","ward","KEN-C001-CON002-W0007","Miritini","Baya Kibwana Swaleh","ODM","elected","2022 general election, declared 2022-08-22","A","2022-08-22","stale_unverified","IEBC","https://www.iebc.or.ke/uploads/resources/t5KQ6O4YGp.pdf","false",""
"MEMBER-OF-COUNTY-ASSEMBLY-KEN-C001-CON002-W0008","member_of_county_assembly","ward","KEN-C001-CON002-W0008","Mikindani","Madialo Jacktone Oluoch","ODM","elected","2022 general election, declared 2022-08-22","A","2022-08-22","stale_unverified","IEBC","https://www.iebc.or.ke/uploads/resources/t5KQ6O4YGp.pdf","false",""
"MEMBER-OF-COUNTY-ASSEMBLY-KEN-C001-CON003-W0009","member_of_county_assembly","ward","KEN-C001-CON003-W0009","Mjambere","Juma Amriya Boy","ODM","elected","2022 general election, declared 2022-08-22","A","2022-08-22","stale_unverified","IEBC","https://www.iebc.or.ke/uploads/resources/t5KQ6O4YGp.pdf","false",""
"MEMBER-OF-COUNTY-ASSEMBLY-KEN-C001-CON003-W0010","member_of_county_assembly","ward","KEN-C001-CON003-W0010","Junda","Kai Silvester Tsuma","UDA","elected","2022 general election, declared 2022-08-22","A","2022-08-22","stale_unverified","IEBC","https://www.iebc.or.ke/uploads/resources/t5KQ6O4YGp.pdf","false",""
"MEMBER-OF-COUNTY-ASSEMBLY-KEN-C001-CON003-W0011","member_of_county_assembly","ward","KEN-C001-CON003-W0011","Bamburi","Mbelle Patrick Mwavula","ODM","elected","2022 general election, declared 2022-08-22","A","2022-08-22","stale_unverified","IEBC","https://www.iebc.or.ke/uploads/resources/t5KQ6O4YGp.pdf","false",""
"MEMBER-OF-COUNTY-ASSEMBLY-KEN-C001-CON003-W0012","member_of_county_assembly","ward","KEN-C001-CON003-W0012","Mwakirunge","Khamis Mwinyi Mtoto","WDM","elected","2022 general election, declared 2022-08-22","A","2022-08-22","stale_unverified","IEBC","https://www.iebc.or.ke/uploads/resources/t5KQ6O4YGp.pdf","false",""
"MEMBER-OF-COUNTY-ASSEMBLY-KEN-C001-CON003-W0013","member_of_county_assembly","ward","KEN-C001-CON003-W0013","Mtopanga","Matsaki Morgan Ndapatani","UDA","elected","2022 general election, declared 2022-08-22","A","2022-08-22","stale_unverified","IEBC","https://www.iebc.or.ke/uploads/resources/t5KQ6O4YGp.pdf","false",""
"MEMBER-OF-COUNTY-ASSEMBLY-KEN-C001-CON003-W0014","member_of_county_assembly","ward","KEN-C001-CON003-W0014","Magogoni","Mohamed Hassan Ulher","ODM","elected","2022 general election, declared 2022-08-22","A","2022-08-22","stale_unverified","IEBC","https://www.iebc.or.ke/uploads/resources/t5KQ6O4YGp.pdf","false",""
"MEMBER-OF-COUNTY-ASSEMBLY-KEN-C001-CON003-W0015","member_of_county_assembly","ward","KEN-C001-CON003-W0015","Shanzu","Katana Allen Rodgers","ODM","elected","2022 general election, declared 2022-08-22","A","2022-08-22","stale_unverified","IEBC","https://www.iebc.or.ke/uploads/resources/t5KQ6O4YGp.pdf","false",""
"MEMBER-OF-COUNTY-ASSEMBLY-KEN-C001-CON004-W0016","member_of_county_assembly","ward","KEN-C001-CON004-W0016","Frere Town","Salim Maryam Sharif","ODM","elected","2022 general election, declared 2022-08-22","A","2022-08-22","stale_unverified","IEBC","https://www.iebc.or.ke/uploads/resources/t5KQ6O4YGp.pdf","false",""
"MEMBER-OF-COUNTY-ASSEMBLY-KEN-C001-CON004-W0017","member_of_county_assembly","ward","KEN-C001-CON004-W0017","Ziwa La Ng'ombe","Athuman Hamisi Nyota","ODM","elected","2022 general election, declared 2022-08-22","A","2022-08-22","stale_unverified","IEBC","https://www.iebc.or.ke/uploads/resources/t5KQ6O4YGp.pdf","false",""
"MEMBER-OF-COUNTY-ASSEMBLY-KEN-C001-CON004-W0018","member_of_county_assembly","ward","KEN-C001-CON004-W0018","Mkomani","Murimi Eliud Kimari","ODM","elected","2022 general election, declared 2022-08-22","A","2022-08-22","stale_unverified","IEBC","https://www.iebc.or.ke/uploads/resources/t5KQ6O4YGp.pdf","false",""
"MEMBER-OF-COUNTY-ASSEMBLY-KEN-C001-CON004-W0019","member_of_county_assembly","ward","KEN-C001-CON004-W0019","Kongowea","Muigai Samwel Mwaura","UDA","elected","2022 general election, declared 2022-08-22","A","2022-08-22","stale_unverified","IEBC","https://www.iebc.or.ke/uploads/resources/t5KQ6O4YGp.pdf","false",""
"MEMBER-OF-COUNTY-ASSEMBLY-KEN-C001-CON004-W0020","member_of_county_assembly","ward","KEN-C001-CON004-W0020","Kadzandani","Mote Fatuma Swaleh","ODM","elected","2022 general election, declared 2022-08-22","A","2022-08-22","stale_unverified","IEBC","https://www.iebc.or.ke/uploads/resources/t5KQ6O4YGp.pdf","false",""
"MEMBER-OF-COUNTY-ASSEMBLY-KEN-C001-CON005-W0021","member_of_county_assembly","ward","KEN-C001-CON005-W0021","Mtongwe","Kimuswa Nusura Mwinyi","ODM","elected","2022 general election, declared 2022-08-22","A","2022-08-22","stale_unverified","IEBC","https://www.iebc.or.ke/uploads/resources/t5KQ6O4YGp.pdf","false",""
"MEMBER-OF-COUNTY-ASSEMBLY-KEN-C001-CON005-W0022","member_of_county_assembly","ward","KEN-C001-CON005-W0022","Shika Adabu","Kambi Mwalimu Juma","ODM","elected","2022 general election, declared 2022-08-22","A","2022-08-22","stale_unverified","IEBC","https://www.iebc.or.ke/uploads/resources/t5KQ6O4YGp.pdf","false",""
"MEMBER-OF-COUNTY-ASSEMBLY-KEN-C001-CON005-W0023","member_of_county_assembly","ward","KEN-C001-CON005-W0023","Bofu","Manuari Juma Seif","ODM","elected","2022 general election, declared 2022-08-22","A","2022-08-22","stale_unverified","IEBC","https://www.iebc.or.ke/uploads/resources/t5KQ6O4YGp.pdf","false",""
"MEMBER-OF-COUNTY-ASSEMBLY-KEN-C001-CON005-W0024","member_of_county_assembly","ward","KEN-C001-CON005-W0024","Likoni","Mwamwiri Athman Rama","ODM","elected","2022 general election, declared 2022-08-22","A","2022-08-22","stale_unverified","IEBC","https://www.iebc.or.ke/uploads/resources/t5KQ6O4YGp.pdf","false",""
"MEMBER-OF-COUNTY-ASSEMBLY-KEN-C001-CON005-W0025","member_of_county_assembly","ward","KEN-C001-CON005-W0025","Timbwani","Mbaya Hamisi Salim","ODM","elected","2022 general election, declared 2022-08-22","A","2022-08-22","stale_unverified","IEBC","https://www.iebc.or.ke/uploads/resources/t5KQ6O4YGp.pdf","false",""
"MEMBER-OF-COUNTY-ASSEMBLY-KEN-C001-CON006-W0026","member_of_county_assembly","ward","KEN-C001-CON006-W0026","Mji Wa Kale/Makadara","Hussein Abdirahman Abdikadir","ODM","elected","2022 general election, declared 2022-08-22","B","2022-08-22","stale_unverified","IEBC","https://www.iebc.or.ke/uploads/resources/t5KQ6O4YGp.pdf","false",""
"MEMBER-OF-COUNTY-ASSEMBLY-KEN-C001-CON006-W0027","member_of_county_assembly","ward","KEN-C001-CON006-W0027","Tudor","Baloo Samir Gulamabbass","UDA","elected","2022 general election, declared 2022-08-22","A","2022-08-22","stale_unverified","IEBC","https://www.iebc.or.ke/uploads/resources/t5KQ6O4YGp.pdf","false",""
"MEMBER-OF-COUNTY-ASSEMBLY-KEN-C001-CON006-W0028","member_of_county_assembly","ward","KEN-C001-CON006-W0028","Tononoka","Sharif Ali Omar","ODM","elected","2022 general election, declared 2022-08-22","A","2022-08-22","stale_unverified","IEBC","https://www.iebc.or.ke/uploads/resources/t5KQ6O4YGp.pdf","false",""
"MEMBER-OF-COUNTY-ASSEMBLY-KEN-C001-CON006-W0029","member_of_county_assembly","ward","KEN-C001-CON006-W0029","Shimanzi/Ganjoni","Mumba Prischilla Mema","ODM","elected","2022 general election, declared 2022-08-22","A","2022-08-22","stale_unverified","IEBC","https://www.iebc.or.ke/uploads/resources/t5KQ6O4YGp.pdf","false",""
"MEMBER-OF-COUNTY-ASSEMBLY-KEN-C001-CON006-W0030","member_of_county_assembly","ward","KEN-C001-CON006-W0030","Majengo","Khamis Ahmed Khamis Salim","ODM","elected","2022 general election, declared 2022-08-22","A","2022-08-22","stale_unverified","IEBC","https://www.iebc.or.ke/uploads/resources/t5KQ6O4YGp.pdf","false",""
"MEMBER-OF-COUNTY-ASSEMBLY-KEN-C002-CON007-W0031","member_of_county_assembly","ward","KEN-C002-CON007-W0031","Gombatobongwe","Mwachaunga Tumaini Kassim","UDA","elected","2022 general election, declared 2022-08-22","A","2022-08-22","stale_unverified","IEBC","https://www.iebc.or.ke/uploads/resources/t5KQ6O4YGp.pdf","false",""
"MEMBER-OF-COUNTY-ASSEMBLY-KEN-C002-CON007-W0032","member_of_county_assembly","ward","KEN-C002-CON007-W0032","Ukunda","Kitengele Omari Hamisi","ODM","elected","2022 general election, declared 2022-08-22","A","2022-08-22","stale_unverified","IEBC","https://www.iebc.or.ke/uploads/resources/t5KQ6O4YGp.pdf","false",""
"MEMBER-OF-COUNTY-ASSEMBLY-KEN-C002-CON007-W0033","member_of_county_assembly","ward","KEN-C002-CON007-W0033","Kinondo","Maone Juma Athumani","JP","elected","2022 general election, declared 2022-08-22","A","2022-08-22","stale_unverified","IEBC","https://www.iebc.or.ke/uploads/resources/t5KQ6O4YGp.pdf","false",""
"MEMBER-OF-COUNTY-ASSEMBLY-KEN-C002-CON007-W0034","member_of_county_assembly","ward","KEN-C002-CON007-W0034","Ramisi","Mwajirani Hanifa Badi","ODM","elected","2022 general election, declared 2022-08-22","A","2022-08-22","stale_unverified","IEBC","https://www.iebc.or.ke/uploads/resources/t5KQ6O4YGp.pdf","false",""
"MEMBER-OF-COUNTY-ASSEMBLY-KEN-C002-CON008-W0035","member_of_county_assembly","ward","KEN-C002-CON008-W0035","Pongwekikoneni","Mwaduga Omar Bakari","UDA","elected","2022 general election, declared 2022-08-22","A","2022-08-22","stale_unverified","IEBC","https://www.iebc.or.ke/uploads/resources/t5KQ6O4YGp.pdf","false",""
"MEMBER-OF-COUNTY-ASSEMBLY-KEN-C002-CON008-W0036","member_of_county_assembly","ward","KEN-C002-CON008-W0036","Dzombo","Chimakotsuma Douglas","UDA","elected","2022 general election, declared 2022-08-22","A","2022-08-22","stale_unverified","IEBC","https://www.iebc.or.ke/uploads/resources/t5KQ6O4YGp.pdf","false",""
"MEMBER-OF-COUNTY-ASSEMBLY-KEN-C002-CON008-W0037","member_of_county_assembly","ward","KEN-C002-CON008-W0037","Mwereni","Beny Manza Beja","PAA","elected","2022 general election, declared 2022-08-22","A","2022-08-22","stale_unverified","IEBC","https://www.iebc.or.ke/uploads/resources/t5KQ6O4YGp.pdf","false",""
"MEMBER-OF-COUNTY-ASSEMBLY-KEN-C002-CON008-W0038","member_of_county_assembly","ward","KEN-C002-CON008-W0038","Vanga","Mubwana Yusufu Hassan","UPIA","elected","2022 general election, declared 2022-08-22","A","2022-08-22","stale_unverified","IEBC","https://www.iebc.or.ke/uploads/resources/t5KQ6O4YGp.pdf","false",""
"MEMBER-OF-COUNTY-ASSEMBLY-KEN-C002-CON009-W0039","member_of_county_assembly","ward","KEN-C002-CON009-W0039","Tsimba Golini","Mwachuo Mwaboza Omar","IND","elected","2022 general election, declared 2022-08-22","A","2022-08-22","stale_unverified","IEBC","https://www.iebc.or.ke/uploads/resources/t5KQ6O4YGp.pdf","false",""
"MEMBER-OF-COUNTY-ASSEMBLY-KEN-C002-CON009-W0040","member_of_county_assembly","ward","KEN-C002-CON009-W0040","Waa","Mawafujo Said Hamisi","SPK","elected","2022 general election, declared 2022-08-22","A","2022-08-22","stale_unverified","IEBC","https://www.iebc.or.ke/uploads/resources/t5KQ6O4YGp.pdf","false",""
"MEMBER-OF-COUNTY-ASSEMBLY-KEN-C002-CON009-W0041","member_of_county_assembly","ward","KEN-C002-CON009-W0041","Tiwi","Mwachimvyomo Juma Ali","KADU ASILI","elected","2022 general election, declared 2022-08-22","A","2022-08-22","stale_unverified","IEBC","https://www.iebc.or.ke/uploads/resources/t5KQ6O4YGp.pdf","false",""
"MEMBER-OF-COUNTY-ASSEMBLY-KEN-C002-CON009-W0042","member_of_county_assembly","ward","KEN-C002-CON009-W0042","Kubo South","Mwolovu Andrew Mulei","PAA","elected","2022 general election, declared 2022-08-22","A","2022-08-22","stale_unverified","IEBC","https://www.iebc.or.ke/uploads/resources/t5KQ6O4YGp.pdf","false",""
"MEMBER-OF-COUNTY-ASSEMBLY-KEN-C002-CON009-W0043","member_of_county_assembly","ward","KEN-C002-CON009-W0043","Mkongani","Sengaza Yusuf","UDM","elected","2022 general election, declared 2022-08-22","A","2022-08-22","stale_unverified","IEBC","https://www.iebc.or.ke/uploads/resources/t5KQ6O4YGp.pdf","false",""
"MEMBER-OF-COUNTY-ASSEMBLY-KEN-C002-CON010-W0044","member_of_county_assembly","ward","KEN-C002-CON010-W0044","Nadavaya","Mwauchi Ali Bedzame","ODM","elected","2022 general election, declared 2022-08-22","B","2022-08-22","stale_unverified","IEBC","https://www.iebc.or.ke/uploads/resources/t5KQ6O4YGp.pdf","false",""
"MEMBER-OF-COUNTY-ASSEMBLY-KEN-C002-CON010-W0045","member_of_county_assembly","ward","KEN-C002-CON010-W0045","Puma","Ngome James Dawah","PAA","elected","2022 general election, declared 2022-08-22","A","2022-08-22","stale_unverified","IEBC","https://www.iebc.or.ke/uploads/resources/t5KQ6O4YGp.pdf","false",""
"MEMBER-OF-COUNTY-ASSEMBLY-KEN-C002-CON010-W0046","member_of_county_assembly","ward","KEN-C002-CON010-W0046","Kinango","Masyuki Richard Itambo","UDA","elected","2022 general election, declared 2022-08-22","A","2022-08-22","stale_unverified","IEBC","https://www.iebc.or.ke/uploads/resources/t5KQ6O4YGp.pdf","false",""
"MEMBER-OF-COUNTY-ASSEMBLY-KEN-C002-CON010-W0047","member_of_county_assembly","ward","KEN-C002-CON010-W0047","Mackinnon-Road","Mwanyae Mwagawary Mwasoko","ODM","elected","2022 general election, declared 2022-08-22","A","2022-08-22","stale_unverified","IEBC","https://www.iebc.or.ke/uploads/resources/t5KQ6O4YGp.pdf","false",""
"MEMBER-OF-COUNTY-ASSEMBLY-KEN-C002-CON010-W0048","member_of_county_assembly","ward","KEN-C002-CON010-W0048","Chengoni/Samburu","Shede John Mwatela","PAA","elected","2022 general election, declared 2022-08-22","A","2022-08-22","stale_unverified","IEBC","https://www.iebc.or.ke/uploads/resources/t5KQ6O4YGp.pdf","false",""
"MEMBER-OF-COUNTY-ASSEMBLY-KEN-C002-CON010-W0049","member_of_county_assembly","ward","KEN-C002-CON010-W0049","Mwavumbo","Kombo Hamisi Mkaha","UDA","elected","2022 general election, declared 2022-08-22","A","2022-08-22","stale_unverified","IEBC","https://www.iebc.or.ke/uploads/resources/t5KQ6O4YGp.pdf","false",""
"MEMBER-OF-COUNTY-ASSEMBLY-KEN-C002-CON010-W0050","member_of_county_assembly","ward","KEN-C002-CON010-W0050","Kasemeni","Safari Victor Nyanje","ODM","elected","2022 general election, declared 2022-08-22","A","2022-08-22","stale_unverified","IEBC","https://www.iebc.or.ke/uploads/resources/t5KQ6O4YGp.pdf","false",""
"MEMBER-OF-COUNTY-ASSEMBLY-KEN-C003-CON011-W0051","member_of_county_assembly","ward","KEN-C003-CON011-W0051","Tezo","Chengo Thomas Mumba","PAA","elected","2022 general election, declared 2022-08-22","A","2022-08-22","stale_unverified","IEBC","https://www.iebc.or.ke/uploads/resources/t5KQ6O4YGp.pdf","false",""
"MEMBER-OF-COUNTY-ASSEMBLY-KEN-C003-CON011-W0052","member_of_county_assembly","ward","KEN-C003-CON011-W0052","Sokoni","Katana Ray Maro","ODM","elected","2022 general election, declared 2022-08-22","A","2022-08-22","stale_unverified","IEBC","https://www.iebc.or.ke/uploads/resources/t5KQ6O4YGp.pdf","false",""
"MEMBER-OF-COUNTY-ASSEMBLY-KEN-C003-CON011-W0053","member_of_county_assembly","ward","KEN-C003-CON011-W0053","Kibarani","Kea Moses Furaha","ODM","elected","2022 general election, declared 2022-08-22","A","2022-08-22","stale_unverified","IEBC","https://www.iebc.or.ke/uploads/resources/t5KQ6O4YGp.pdf","false",""
"MEMBER-OF-COUNTY-ASSEMBLY-KEN-C003-CON011-W0054","member_of_county_assembly","ward","KEN-C003-CON011-W0054","Dabaso","Kombe Emmanuel Changawa","UDA","elected","2022 general election, declared 2022-08-22","A","2022-08-22","stale_unverified","IEBC","https://www.iebc.or.ke/uploads/resources/t5KQ6O4YGp.pdf","false",""
"MEMBER-OF-COUNTY-ASSEMBLY-KEN-C003-CON011-W0055","member_of_county_assembly","ward","KEN-C003-CON011-W0055","Matsangoni","Said Hassan Mohamed","PAA","elected","2022 general election, declared 2022-08-22","A","2022-08-22","stale_unverified","IEBC","https://www.iebc.or.ke/uploads/resources/t5KQ6O4YGp.pdf","false",""
"MEMBER-OF-COUNTY-ASSEMBLY-KEN-C003-CON011-W0056","member_of_county_assembly","ward","KEN-C003-CON011-W0056","Watamu","Athman Ibrahim Abdi","ODM","elected","2022 general election, declared 2022-08-22","A","2022-08-22","stale_unverified","IEBC","https://www.iebc.or.ke/uploads/resources/t5KQ6O4YGp.pdf","false",""
"MEMBER-OF-COUNTY-ASSEMBLY-KEN-C003-CON011-W0057","member_of_county_assembly","ward","KEN-C003-CON011-W0057","Mnarani","Thoya Juma Chengo","IND","elected","2022 general election, declared 2022-08-22","A","2022-08-22","stale_unverified","IEBC","https://www.iebc.or.ke/uploads/resources/t5KQ6O4YGp.pdf","false",""
"MEMBER-OF-COUNTY-ASSEMBLY-KEN-C003-CON012-W0058","member_of_county_assembly","ward","KEN-C003-CON012-W0058","Junju","Iddi Said Juma","ODM","elected","2022 general election, declared 2022-08-22","A","2022-08-22","stale_unverified","IEBC","https://www.iebc.or.ke/uploads/resources/t5KQ6O4YGp.pdf","false",""
"MEMBER-OF-COUNTY-ASSEMBLY-KEN-C003-CON012-W0059","member_of_county_assembly","ward","KEN-C003-CON012-W0059","Mwarakaya","Mkadi Stallone Humphrey","ODM","elected","2022 general election, declared 2022-08-22","A","2022-08-22","stale_unverified","IEBC","https://www.iebc.or.ke/uploads/resources/t5KQ6O4YGp.pdf","false",""
"MEMBER-OF-COUNTY-ASSEMBLY-KEN-C003-CON012-W0060","member_of_county_assembly","ward","KEN-C003-CON012-W0060","Shimo La Tewa","Ndundi Haron Tete","ODM","elected","2022 general election, declared 2022-08-22","A","2022-08-22","stale_unverified","IEBC","https://www.iebc.or.ke/uploads/resources/t5KQ6O4YGp.pdf","false",""
"MEMBER-OF-COUNTY-ASSEMBLY-KEN-C003-CON012-W0061","member_of_county_assembly","ward","KEN-C003-CON012-W0061","Chasimba","Mbura Ronald Kazungu","ODM","elected","2022 general election, declared 2022-08-22","A","2022-08-22","stale_unverified","IEBC","https://www.iebc.or.ke/uploads/resources/t5KQ6O4YGp.pdf","false",""
"MEMBER-OF-COUNTY-ASSEMBLY-KEN-C003-CON012-W0062","member_of_county_assembly","ward","KEN-C003-CON012-W0062","Mtepeni","Kahindi Brown Safari","ODM","elected","2022 general election, declared 2022-08-22","A","2022-08-22","stale_unverified","IEBC","https://www.iebc.or.ke/uploads/resources/t5KQ6O4YGp.pdf","false",""
"MEMBER-OF-COUNTY-ASSEMBLY-KEN-C003-CON013-W0063","member_of_county_assembly","ward","KEN-C003-CON013-W0063","Mariakani","Musyoki Martha Koki","ODM","elected","2022 general election, declared 2022-08-22","A","2022-08-22","stale_unverified","IEBC","https://www.iebc.or.ke/uploads/resources/t5KQ6O4YGp.pdf","false",""
"MEMBER-OF-COUNTY-ASSEMBLY-KEN-C003-CON013-W0064","member_of_county_assembly","ward","KEN-C003-CON013-W0064","Kayafungo","Sidi Agnes","ANC","elected","2022 general election, declared 2022-08-22","A","2022-08-22","stale_unverified","IEBC","https://www.iebc.or.ke/uploads/resources/t5KQ6O4YGp.pdf","false",""
"MEMBER-OF-COUNTY-ASSEMBLY-KEN-C003-CON013-W0065","member_of_county_assembly","ward","KEN-C003-CON013-W0065","Kaloleni","Fondo Jonathan Birya","ODM","elected","2022 general election, declared 2022-08-22","A","2022-08-22","stale_unverified","IEBC","https://www.iebc.or.ke/uploads/resources/t5KQ6O4YGp.pdf","false",""
"MEMBER-OF-COUNTY-ASSEMBLY-KEN-C003-CON013-W0066","member_of_county_assembly","ward","KEN-C003-CON013-W0066","Mwanamwinga","Ziro Edward Kazungu","IND","elected","2022 general election, declared 2022-08-22","A","2022-08-22","stale_unverified","IEBC","https://www.iebc.or.ke/uploads/resources/t5KQ6O4YGp.pdf","false",""
"MEMBER-OF-COUNTY-ASSEMBLY-KEN-C003-CON014-W0067","member_of_county_assembly","ward","KEN-C003-CON014-W0067","Mwawesa","Ngome Kalama Mumba","SPK","elected","2022 general election, declared 2022-08-22","A","2022-08-22","stale_unverified","IEBC","https://www.iebc.or.ke/uploads/resources/t5KQ6O4YGp.pdf","false",""
"MEMBER-OF-COUNTY-ASSEMBLY-KEN-C003-CON014-W0068","member_of_county_assembly","ward","KEN-C003-CON014-W0068","Ruruma","Kombo Naphtali Nyae","JP","elected","2022 general election, declared 2022-08-22","A","2022-08-22","stale_unverified","IEBC","https://www.iebc.or.ke/uploads/resources/t5KQ6O4YGp.pdf","false",""
"MEMBER-OF-COUNTY-ASSEMBLY-KEN-C003-CON014-W0069","member_of_county_assembly","ward","KEN-C003-CON014-W0069","Kambe/Ribe","Kubo Morgan Mwagawe","UDA","elected","2022 general election, declared 2022-08-22","A","2022-08-22","stale_unverified","IEBC","https://www.iebc.or.ke/uploads/resources/t5KQ6O4YGp.pdf","false",""
"MEMBER-OF-COUNTY-ASSEMBLY-KEN-C003-CON014-W0070","member_of_county_assembly","ward","KEN-C003-CON014-W0070","Rabai/Kisurutini","Mwadena Cantona Mae","ODM","elected","2022 general election, declared 2022-08-22","A","2022-08-22","stale_unverified","IEBC","https://www.iebc.or.ke/uploads/resources/t5KQ6O4YGp.pdf","false",""
"MEMBER-OF-COUNTY-ASSEMBLY-KEN-C003-CON015-W0071","member_of_county_assembly","ward","KEN-C003-CON015-W0071","Ganze","Maneno Benson Karisa Ngirani","ODM","elected","2022 general election, declared 2022-08-22","A","2022-08-22","stale_unverified","IEBC","https://www.iebc.or.ke/uploads/resources/t5KQ6O4YGp.pdf","false",""
"MEMBER-OF-COUNTY-ASSEMBLY-KEN-C003-CON015-W0072","member_of_county_assembly","ward","KEN-C003-CON015-W0072","Bamba","Kadhengi Mwambire Mohamed","PAA","elected","2022 general election, declared 2022-08-22","A","2022-08-22","stale_unverified","IEBC","https://www.iebc.or.ke/uploads/resources/t5KQ6O4YGp.pdf","false",""
"MEMBER-OF-COUNTY-ASSEMBLY-KEN-C003-CON015-W0073","member_of_county_assembly","ward","KEN-C003-CON015-W0073","Jaribuni","Shehe Peter Safari","UDA","elected","2022 general election, declared 2022-08-22","A","2022-08-22","stale_unverified","IEBC","https://www.iebc.or.ke/uploads/resources/t5KQ6O4YGp.pdf","false",""
"MEMBER-OF-COUNTY-ASSEMBLY-KEN-C003-CON015-W0074","member_of_county_assembly","ward","KEN-C003-CON015-W0074","Sokoke","Mweni Harrison Taura","PAA","elected","2022 general election, declared 2022-08-22","A","2022-08-22","stale_unverified","IEBC","https://www.iebc.or.ke/uploads/resources/t5KQ6O4YGp.pdf","false",""
"MEMBER-OF-COUNTY-ASSEMBLY-KEN-C003-CON016-W0075","member_of_county_assembly","ward","KEN-C003-CON016-W0075","Jilore","Jambo Hamisi Mumbo","ODM","elected","2022 general election, declared 2022-08-22","A","2022-08-22","stale_unverified","IEBC","https://www.iebc.or.ke/uploads/resources/t5KQ6O4YGp.pdf","false",""
"MEMBER-OF-COUNTY-ASSEMBLY-KEN-C003-CON016-W0076","member_of_county_assembly","ward","KEN-C003-CON016-W0076","Kakuyuni","Hinzano Morris Kitsao","UDA","elected","2022 general election, declared 2022-08-22","A","2022-08-22","stale_unverified","IEBC","https://www.iebc.or.ke/uploads/resources/t5KQ6O4YGp.pdf","false",""
"MEMBER-OF-COUNTY-ASSEMBLY-KEN-C003-CON016-W0077","member_of_county_assembly","ward","KEN-C003-CON016-W0077","Ganda","Wanje Oscar Iha","ODM","elected","2022 general election, declared 2022-08-22","A","2022-08-22","stale_unverified","IEBC","https://www.iebc.or.ke/uploads/resources/t5KQ6O4YGp.pdf","false",""
"MEMBER-OF-COUNTY-ASSEMBLY-KEN-C003-CON016-W0078","member_of_county_assembly","ward","KEN-C003-CON016-W0078","Malindi Town","Ogelo Rashid Odhiambo","ODM","elected","2022 general election, declared 2022-08-22","A","2022-08-22","stale_unverified","IEBC","https://www.iebc.or.ke/uploads/resources/t5KQ6O4YGp.pdf","false",""
"MEMBER-OF-COUNTY-ASSEMBLY-KEN-C003-CON016-W0079","member_of_county_assembly","ward","KEN-C003-CON016-W0079","Shella","Mohamed Twaher Abdulkarim","ODM","elected","2022 general election, declared 2022-08-22","A","2022-08-22","stale_unverified","IEBC","https://www.iebc.or.ke/uploads/resources/t5KQ6O4YGp.pdf","false",""
"MEMBER-OF-COUNTY-ASSEMBLY-KEN-C003-CON017-W0080","member_of_county_assembly","ward","KEN-C003-CON017-W0080","Marafa","Baya Emmanuel Karisa","ODM","elected","2022 general election, declared 2022-08-22","A","2022-08-22","stale_unverified","IEBC","https://www.iebc.or.ke/uploads/resources/t5KQ6O4YGp.pdf","false",""
"MEMBER-OF-COUNTY-ASSEMBLY-KEN-C003-CON017-W0081","member_of_county_assembly","ward","KEN-C003-CON017-W0081","Magarini","Kitsao Paul Charo","IND","elected","2022 general election, declared 2022-08-22","A","2022-08-22","stale_unverified","IEBC","https://www.iebc.or.ke/uploads/resources/t5KQ6O4YGp.pdf","false",""
"MEMBER-OF-COUNTY-ASSEMBLY-KEN-C003-CON017-W0082","member_of_county_assembly","ward","KEN-C003-CON017-W0082","Gongoni","Mwaro Baya Stephen","IND","elected","2022 general election, declared 2022-08-22","A","2022-08-22","stale_unverified","IEBC","https://www.iebc.or.ke/uploads/resources/t5KQ6O4YGp.pdf","false",""
"MEMBER-OF-COUNTY-ASSEMBLY-KEN-C003-CON017-W0083","member_of_county_assembly","ward","KEN-C003-CON017-W0083","Adu","Kahindi Samson Zia","PAA","elected","2022 general election, declared 2022-08-22","A","2022-08-22","stale_unverified","IEBC","https://www.iebc.or.ke/uploads/resources/t5KQ6O4YGp.pdf","false",""
"MEMBER-OF-COUNTY-ASSEMBLY-KEN-C003-CON017-W0084","member_of_county_assembly","ward","KEN-C003-CON017-W0084","Garashi","Fondo Theophilus Kalama","UDA","elected","2022 general election, declared 2022-08-22","A","2022-08-22","stale_unverified","IEBC","https://www.iebc.or.ke/uploads/resources/t5KQ6O4YGp.pdf","false",""
"MEMBER-OF-COUNTY-ASSEMBLY-KEN-C003-CON017-W0085","member_of_county_assembly","ward","KEN-C003-CON017-W0085","Sabaki","Baraka Rose Benson","PAA","elected","2022 general election, declared 2022-08-22","A","2022-08-22","stale_unverified","IEBC","https://www.iebc.or.ke/uploads/resources/t5KQ6O4YGp.pdf","false",""
"MEMBER-OF-COUNTY-ASSEMBLY-KEN-C004-CON018-W0086","member_of_county_assembly","ward","KEN-C004-CON018-W0086","Kipini East","Mohamed Athman Abubakar","UDA","elected","2022 general election, declared 2022-08-22","A","2022-08-22","stale_unverified","IEBC","https://www.iebc.or.ke/uploads/resources/t5KQ6O4YGp.pdf","false",""
"MEMBER-OF-COUNTY-ASSEMBLY-KEN-C004-CON018-W0087","member_of_county_assembly","ward","KEN-C004-CON018-W0087","Garsen South","Raha Roda Katisha","ODM","elected","2022 general election, declared 2022-08-22","A","2022-08-22","stale_unverified","IEBC","https://www.iebc.or.ke/uploads/resources/t5KQ6O4YGp.pdf","false",""
"MEMBER-OF-COUNTY-ASSEMBLY-KEN-C004-CON018-W0088","member_of_county_assembly","ward","KEN-C004-CON018-W0088","Kipini West","Wario Musa Shora","UDA","elected","2022 general election, declared 2022-08-22","A","2022-08-22","stale_unverified","IEBC","https://www.iebc.or.ke/uploads/resources/t5KQ6O4YGp.pdf","false",""
"MEMBER-OF-COUNTY-ASSEMBLY-KEN-C004-CON018-W0089","member_of_county_assembly","ward","KEN-C004-CON018-W0089","Garsen Central","Dela Masha Boru","UDA","elected","2022 general election, declared 2022-08-22","A","2022-08-22","stale_unverified","IEBC","https://www.iebc.or.ke/uploads/resources/t5KQ6O4YGp.pdf","false",""
"MEMBER-OF-COUNTY-ASSEMBLY-KEN-C004-CON018-W0090","member_of_county_assembly","ward","KEN-C004-CON018-W0090","Garsen West","Ahmed Gabo Mahmud","UPIA","elected","2022 general election, declared 2022-08-22","A","2022-08-22","stale_unverified","IEBC","https://www.iebc.or.ke/uploads/resources/t5KQ6O4YGp.pdf","false",""
"MEMBER-OF-COUNTY-ASSEMBLY-KEN-C004-CON018-W0091","member_of_county_assembly","ward","KEN-C004-CON018-W0091","Garsen North","Semi Dumba Eliza","FORD KENYA","elected","2022 general election, declared 2022-08-22","A","2022-08-22","stale_unverified","IEBC","https://www.iebc.or.ke/uploads/resources/t5KQ6O4YGp.pdf","false",""
"MEMBER-OF-COUNTY-ASSEMBLY-KEN-C004-CON019-W0092","member_of_county_assembly","ward","KEN-C004-CON019-W0092","Kinakomba","Hamid Salim Babusa","ODM","elected","2022 general election, declared 2022-08-22","A","2022-08-22","stale_unverified","IEBC","https://www.iebc.or.ke/uploads/resources/t5KQ6O4YGp.pdf","false",""
"MEMBER-OF-COUNTY-ASSEMBLY-KEN-C004-CON019-W0093","member_of_county_assembly","ward","KEN-C004-CON019-W0093","Mikinduni","Samwel Paul Maro","ODM","elected","2022 general election, declared 2022-08-22","A","2022-08-22","stale_unverified","IEBC","https://www.iebc.or.ke/uploads/resources/t5KQ6O4YGp.pdf","false",""
"MEMBER-OF-COUNTY-ASSEMBLY-KEN-C004-CON019-W0094","member_of_county_assembly","ward","KEN-C004-CON019-W0094","Chewani","Iddi Hamisi Deye","UDA","elected","2022 general election, declared 2022-08-22","A","2022-08-22","stale_unverified","IEBC","https://www.iebc.or.ke/uploads/resources/t5KQ6O4YGp.pdf","false",""
"MEMBER-OF-COUNTY-ASSEMBLY-KEN-C004-CON019-W0095","member_of_county_assembly","ward","KEN-C004-CON019-W0095","Wayu","Jarso Maka Baru","KANU","elected","2022 general election, declared 2022-08-22","A","2022-08-22","stale_unverified","IEBC","https://www.iebc.or.ke/uploads/resources/t5KQ6O4YGp.pdf","false",""
"MEMBER-OF-COUNTY-ASSEMBLY-KEN-C004-CON020-W0096","member_of_county_assembly","ward","KEN-C004-CON020-W0096","Chewele","Bile Yusuf Abdi","DP","elected","2022 general election, declared 2022-08-22","A","2022-08-22","stale_unverified","IEBC","https://www.iebc.or.ke/uploads/resources/t5KQ6O4YGp.pdf","false",""
"MEMBER-OF-COUNTY-ASSEMBLY-KEN-C004-CON020-W0097","member_of_county_assembly","ward","KEN-C004-CON020-W0097","Bura","Kodobo Ismael Bodha","KANU","elected","2022 general election, declared 2022-08-22","B","2022-08-22","stale_unverified","IEBC","https://www.iebc.or.ke/uploads/resources/t5KQ6O4YGp.pdf","false",""
"MEMBER-OF-COUNTY-ASSEMBLY-KEN-C004-CON020-W0098","member_of_county_assembly","ward","KEN-C004-CON020-W0098","Bangale","Farah Jidril Mahamud","UPIA","elected","2022 general election, declared 2022-08-22","A","2022-08-22","stale_unverified","IEBC","https://www.iebc.or.ke/uploads/resources/t5KQ6O4YGp.pdf","false",""
"MEMBER-OF-COUNTY-ASSEMBLY-KEN-C004-CON020-W0099","member_of_county_assembly","ward","KEN-C004-CON020-W0099","Sala","Barrow Mohamud Ali","WDM","elected","2022 general election, declared 2022-08-22","A","2022-08-22","stale_unverified","IEBC","https://www.iebc.or.ke/uploads/resources/t5KQ6O4YGp.pdf","false",""
"MEMBER-OF-COUNTY-ASSEMBLY-KEN-C004-CON020-W0100","member_of_county_assembly","ward","KEN-C004-CON020-W0100","Madogo","Dido Ali Juma","WDM","elected","2022 general election, declared 2022-08-22","A","2022-08-22","stale_unverified","IEBC","https://www.iebc.or.ke/uploads/resources/t5KQ6O4YGp.pdf","false",""
"MEMBER-OF-COUNTY-ASSEMBLY-KEN-C005-CON021-W0101","member_of_county_assembly","ward","KEN-C005-CON021-W0101","Faza","Abubakar Mohamed Aboud","FORD-K","elected","2022 general election, declared 2022-08-22","A","2022-08-22","stale_unverified","IEBC","https://www.iebc.or.ke/uploads/resources/t5KQ6O4YGp.pdf","false",""
"MEMBER-OF-COUNTY-ASSEMBLY-KEN-C005-CON021-W0102","member_of_county_assembly","ward","KEN-C005-CON021-W0102","Kiunga","Bwana Bwana Mohamed","UPIA","elected","2022 general election, declared 2022-08-22","A","2022-08-22","stale_unverified","IEBC","https://www.iebc.or.ke/uploads/resources/t5KQ6O4YGp.pdf","false",""
"MEMBER-OF-COUNTY-ASSEMBLY-KEN-C005-CON021-W0103","member_of_county_assembly","ward","KEN-C005-CON021-W0103","Basuba","Barisa Deko Bana","ODM","elected","2022 general election, declared 2022-08-22","A","2022-08-22","stale_unverified","IEBC","https://www.iebc.or.ke/uploads/resources/t5KQ6O4YGp.pdf","false",""
"MEMBER-OF-COUNTY-ASSEMBLY-KEN-C005-CON022-W0104","member_of_county_assembly","ward","KEN-C005-CON022-W0104","Shella","Mbarak Azhar Ali","ODM","elected","2022 general election, declared 2022-08-22","A","2022-08-22","stale_unverified","IEBC","https://www.iebc.or.ke/uploads/resources/t5KQ6O4YGp.pdf","false",""
"MEMBER-OF-COUNTY-ASSEMBLY-KEN-C005-CON022-W0105","member_of_county_assembly","ward","KEN-C005-CON022-W0105","Mkomani","Shekhuna Shekhuna Abbas","ANC","elected","2022 general election, declared 2022-08-22","A","2022-08-22","stale_unverified","IEBC","https://www.iebc.or.ke/uploads/resources/t5KQ6O4YGp.pdf","false",""
"MEMBER-OF-COUNTY-ASSEMBLY-KEN-C005-CON022-W0106","member_of_county_assembly","ward","KEN-C005-CON022-W0106","Hindi","Kariuki James Njaaga","SAFINA","elected","2022 general election, declared 2022-08-22","A","2022-08-22","stale_unverified","IEBC","https://www.iebc.or.ke/uploads/resources/t5KQ6O4YGp.pdf","false",""
"MEMBER-OF-COUNTY-ASSEMBLY-KEN-C005-CON022-W0107","member_of_county_assembly","ward","KEN-C005-CON022-W0107","Mkunumbi","Njuguna Paul Kimani","SAFINA","elected","2022 general election, declared 2022-08-22","A","2022-08-22","stale_unverified","IEBC","https://www.iebc.or.ke/uploads/resources/t5KQ6O4YGp.pdf","false",""
"MEMBER-OF-COUNTY-ASSEMBLY-KEN-C005-CON022-W0108","member_of_county_assembly","ward","KEN-C005-CON022-W0108","Hongwe","Gitonga John Mburu","ANC","elected","2022 general election, declared 2022-08-22","A","2022-08-22","stale_unverified","IEBC","https://www.iebc.or.ke/uploads/resources/t5KQ6O4YGp.pdf","false",""
"MEMBER-OF-COUNTY-ASSEMBLY-KEN-C005-CON022-W0109","member_of_county_assembly","ward","KEN-C005-CON022-W0109","Witu","Farah Suleiman Mohamed","PNU","elected","2022 general election, declared 2022-08-22","A","2022-08-22","stale_unverified","IEBC","https://www.iebc.or.ke/uploads/resources/t5KQ6O4YGp.pdf","false",""
"MEMBER-OF-COUNTY-ASSEMBLY-KEN-C005-CON022-W0110","member_of_county_assembly","ward","KEN-C005-CON022-W0110","Bahari","Gakonga Francis Ngure","NARC- KENYA","elected","2022 general election, declared 2022-08-22","A","2022-08-22","stale_unverified","IEBC","https://www.iebc.or.ke/uploads/resources/t5KQ6O4YGp.pdf","false",""
"MEMBER-OF-COUNTY-ASSEMBLY-KEN-C006-CON023-W0111","member_of_county_assembly","ward","KEN-C006-CON023-W0111","Chala","Kinyili Anthony Mutuku","ODM","elected","2022 general election, declared 2022-08-22","A","2022-08-22","stale_unverified","IEBC","https://www.iebc.or.ke/uploads/resources/t5KQ6O4YGp.pdf","false",""
"MEMBER-OF-COUNTY-ASSEMBLY-KEN-C006-CON023-W0112","member_of_county_assembly","ward","KEN-C006-CON023-W0112","Mahoo","Kimuyu Daniel Mutuku","JIBEBE","elected","2022 general election, declared 2022-08-22","A","2022-08-22","stale_unverified","IEBC","https://www.iebc.or.ke/uploads/resources/t5KQ6O4YGp.pdf","false",""
"MEMBER-OF-COUNTY-ASSEMBLY-KEN-C006-CON023-W0113","member_of_county_assembly","ward","KEN-C006-CON023-W0113","Bomeni","Tondoo Crispus Metinyoki Masaga","PAA","elected","2022 general election, declared 2022-08-22","B","2022-08-22","stale_unverified","IEBC","https://www.iebc.or.ke/uploads/resources/t5KQ6O4YGp.pdf","false",""
"MEMBER-OF-COUNTY-ASSEMBLY-KEN-C006-CON023-W0114","member_of_county_assembly","ward","KEN-C006-CON023-W0114","Mboghoni","Salim Halifa Taraya","ODM","elected","2022 general election, declared 2022-08-22","A","2022-08-22","stale_unverified","IEBC","https://www.iebc.or.ke/uploads/resources/t5KQ6O4YGp.pdf","false",""
"MEMBER-OF-COUNTY-ASSEMBLY-KEN-C006-CON023-W0115","member_of_county_assembly","ward","KEN-C006-CON023-W0115","Mata","Wayua Isaac Matolo","PEP","elected","2022 general election, declared 2022-08-22","A","2022-08-22","stale_unverified","IEBC","https://www.iebc.or.ke/uploads/resources/t5KQ6O4YGp.pdf","false",""
"MEMBER-OF-COUNTY-ASSEMBLY-KEN-C006-CON024-W0116","member_of_county_assembly","ward","KEN-C006-CON024-W0116","Wundanyi/Mbale","Mwamidi Jimmy Mwandembe","ODM","elected","2022 general election, declared 2022-08-22","A","2022-08-22","stale_unverified","IEBC","https://www.iebc.or.ke/uploads/resources/t5KQ6O4YGp.pdf","false",""
"MEMBER-OF-COUNTY-ASSEMBLY-KEN-C006-CON024-W0117","member_of_county_assembly","ward","KEN-C006-CON024-W0117","Werugha","Maghanga Genard Mwandau","PAA","elected","2022 general election, declared 2022-08-22","A","2022-08-22","stale_unverified","IEBC","https://www.iebc.or.ke/uploads/resources/t5KQ6O4YGp.pdf","false",""
"MEMBER-OF-COUNTY-ASSEMBLY-KEN-C006-CON024-W0118","member_of_county_assembly","ward","KEN-C006-CON024-W0118","Wumingu/Kishushe","Salim Newton Kifuso","PAA","elected","2022 general election, declared 2022-08-22","A","2022-08-22","stale_unverified","IEBC","https://www.iebc.or.ke/uploads/resources/t5KQ6O4YGp.pdf","false",""
"MEMBER-OF-COUNTY-ASSEMBLY-KEN-C006-CON024-W0119","member_of_county_assembly","ward","KEN-C006-CON024-W0119","Mwanda/Mgange","Chao Anselm Mwadime","PAA","elected","2022 general election, declared 2022-08-22","A","2022-08-22","stale_unverified","IEBC","https://www.iebc.or.ke/uploads/resources/t5KQ6O4YGp.pdf","false",""
"MEMBER-OF-COUNTY-ASSEMBLY-KEN-C006-CON025-W0120","member_of_county_assembly","ward","KEN-C006-CON025-W0120","Rong'e","Mlughu Dorcas Mghoi","UDA","elected","2022 general election, declared 2022-08-22","A","2022-08-22","stale_unverified","IEBC","https://www.iebc.or.ke/uploads/resources/t5KQ6O4YGp.pdf","false",""
"MEMBER-OF-COUNTY-ASSEMBLY-KEN-C006-CON025-W0121","member_of_county_assembly","ward","KEN-C006-CON025-W0121","Mwatate","Mwalegha Joseph Kennedy","WDM","elected","2022 general election, declared 2022-08-22","A","2022-08-22","stale_unverified","IEBC","https://www.iebc.or.ke/uploads/resources/t5KQ6O4YGp.pdf","false",""
"MEMBER-OF-COUNTY-ASSEMBLY-KEN-C006-CON025-W0122","member_of_county_assembly","ward","KEN-C006-CON025-W0122","Bura","Mng’ambwa Anthony Warighe","WDM","elected","2022 general election, declared 2022-08-22","A","2022-08-22","stale_unverified","IEBC","https://www.iebc.or.ke/uploads/resources/t5KQ6O4YGp.pdf","false",""
"MEMBER-OF-COUNTY-ASSEMBLY-KEN-C006-CON025-W0123","member_of_county_assembly","ward","KEN-C006-CON025-W0123","Chawia","Mabishi Joseph Kirubai","JP","elected","2022 general election, declared 2022-08-22","A","2022-08-22","stale_unverified","IEBC","https://www.iebc.or.ke/uploads/resources/t5KQ6O4YGp.pdf","false",""
"MEMBER-OF-COUNTY-ASSEMBLY-KEN-C006-CON025-W0124","member_of_county_assembly","ward","KEN-C006-CON025-W0124","Wusi/Kishamba","Mwakufu Duncan Wangama","CPK","elected","2022 general election, declared 2022-08-22","A","2022-08-22","stale_unverified","IEBC","https://www.iebc.or.ke/uploads/resources/t5KQ6O4YGp.pdf","false",""
"MEMBER-OF-COUNTY-ASSEMBLY-KEN-C006-CON026-W0125","member_of_county_assembly","ward","KEN-C006-CON026-W0125","Mbololo","Mzugha Lawrence Mwanjala","ODM","elected","2022 general election, declared 2022-08-22","A","2022-08-22","stale_unverified","IEBC","https://www.iebc.or.ke/uploads/resources/t5KQ6O4YGp.pdf","false",""
"MEMBER-OF-COUNTY-ASSEMBLY-KEN-C006-CON026-W0126","member_of_county_assembly","ward","KEN-C006-CON026-W0126","Sagalla","Mwambi Brayson Masha","WDM","elected","2022 general election, declared 2022-08-22","A","2022-08-22","stale_unverified","IEBC","https://www.iebc.or.ke/uploads/resources/t5KQ6O4YGp.pdf","false",""
"MEMBER-OF-COUNTY-ASSEMBLY-KEN-C006-CON026-W0127","member_of_county_assembly","ward","KEN-C006-CON026-W0127","Kaloleni","Din Azhar Zahid","JP","elected","2022 general election, declared 2022-08-22","A","2022-08-22","stale_unverified","IEBC","https://www.iebc.or.ke/uploads/resources/t5KQ6O4YGp.pdf","false",""
"MEMBER-OF-COUNTY-ASSEMBLY-KEN-C006-CON026-W0128","member_of_county_assembly","ward","KEN-C006-CON026-W0128","Marungu","Mkala Stephen Nzai","ODM","elected","2022 general election, declared 2022-08-22","A","2022-08-22","stale_unverified","IEBC","https://www.iebc.or.ke/uploads/resources/t5KQ6O4YGp.pdf","false",""
"MEMBER-OF-COUNTY-ASSEMBLY-KEN-C006-CON026-W0129","member_of_county_assembly","ward","KEN-C006-CON026-W0129","Kasigau","Makalo Amos Mjomba","PAA","elected","2022 general election, declared 2022-08-22","A","2022-08-22","stale_unverified","IEBC","https://www.iebc.or.ke/uploads/resources/t5KQ6O4YGp.pdf","false",""
"MEMBER-OF-COUNTY-ASSEMBLY-KEN-C006-CON026-W0130","member_of_county_assembly","ward","KEN-C006-CON026-W0130","Ngolia","Solomon Jones Muganga","WDM","elected","2022 general election, declared 2022-08-22","A","2022-08-22","stale_unverified","IEBC","https://www.iebc.or.ke/uploads/resources/t5KQ6O4YGp.pdf","false",""
"MEMBER-OF-COUNTY-ASSEMBLY-KEN-C007-CON027-W0131","member_of_county_assembly","ward","KEN-C007-CON027-W0131","Waberi","Sugow Abubakar Haji","KANU","elected","2022 general election, declared 2022-08-22","A","2022-08-22","stale_unverified","IEBC","https://www.iebc.or.ke/uploads/resources/t5KQ6O4YGp.pdf","false",""
"MEMBER-OF-COUNTY-ASSEMBLY-KEN-C007-CON027-W0132","member_of_county_assembly","ward","KEN-C007-CON027-W0132","Galbet","Khalif Abubakar Mohamed","ODM","elected","2022 general election, declared 2022-08-22","A","2022-08-22","stale_unverified","IEBC","https://www.iebc.or.ke/uploads/resources/t5KQ6O4YGp.pdf","false",""
"MEMBER-OF-COUNTY-ASSEMBLY-KEN-C007-CON027-W0133","member_of_county_assembly","ward","KEN-C007-CON027-W0133","Township","Dagane Hussein Mohamed","UDA","elected","2022 general election, declared 2022-08-22","A","2022-08-22","stale_unverified","IEBC","https://www.iebc.or.ke/uploads/resources/t5KQ6O4YGp.pdf","false",""
"MEMBER-OF-COUNTY-ASSEMBLY-KEN-C007-CON027-W0134","member_of_county_assembly","ward","KEN-C007-CON027-W0134","Iftin","Ahmed Musdaf Abdirashid","ANC","elected","2022 general election, declared 2022-08-22","A","2022-08-22","stale_unverified","IEBC","https://www.iebc.or.ke/uploads/resources/t5KQ6O4YGp.pdf","false",""
"MEMBER-OF-COUNTY-ASSEMBLY-KEN-C007-CON028-W0135","member_of_county_assembly","ward","KEN-C007-CON028-W0135","Balambala","Daar Abdi Ibrahim","JP","elected","2022 general election, declared 2022-08-22","A","2022-08-22","stale_unverified","IEBC","https://www.iebc.or.ke/uploads/resources/t5KQ6O4YGp.pdf","false",""
"MEMBER-OF-COUNTY-ASSEMBLY-KEN-C007-CON028-W0136","member_of_county_assembly","ward","KEN-C007-CON028-W0136","Danyere","Aden Idris Ismail","UDM","elected","2022 general election, declared 2022-08-22","A","2022-08-22","stale_unverified","IEBC","https://www.iebc.or.ke/uploads/resources/t5KQ6O4YGp.pdf","false",""
"MEMBER-OF-COUNTY-ASSEMBLY-KEN-C007-CON028-W0137","member_of_county_assembly","ward","KEN-C007-CON028-W0137","Jara Jara","Durow Adan Hussein","UDM","elected","2022 general election, declared 2022-08-22","A","2022-08-22","stale_unverified","IEBC","https://www.iebc.or.ke/uploads/resources/t5KQ6O4YGp.pdf","false",""
"MEMBER-OF-COUNTY-ASSEMBLY-KEN-C007-CON028-W0138","member_of_county_assembly","ward","KEN-C007-CON028-W0138","Saka","Abdullahi Abdiweli Aden","JP","elected","2022 general election, declared 2022-08-22","A","2022-08-22","stale_unverified","IEBC","https://www.iebc.or.ke/uploads/resources/t5KQ6O4YGp.pdf","false",""
"MEMBER-OF-COUNTY-ASSEMBLY-KEN-C007-CON028-W0139","member_of_county_assembly","ward","KEN-C007-CON028-W0139","Sankuri","Ali Abdirahman Mohamed","UDM","elected","2022 general election, declared 2022-08-22","A","2022-08-22","stale_unverified","IEBC","https://www.iebc.or.ke/uploads/resources/t5KQ6O4YGp.pdf","false",""
"MEMBER-OF-COUNTY-ASSEMBLY-KEN-C007-CON029-W0140","member_of_county_assembly","ward","KEN-C007-CON029-W0140","Modogashe","Ibrahim Mahat Abdikadir","ODM","elected","2022 general election, declared 2022-08-22","A","2022-08-22","stale_unverified","IEBC","https://www.iebc.or.ke/uploads/resources/t5KQ6O4YGp.pdf","false",""
"MEMBER-OF-COUNTY-ASSEMBLY-KEN-C007-CON029-W0141","member_of_county_assembly","ward","KEN-C007-CON029-W0141","Benane","Nurow Abdiqayum Sugow","ODM","elected","2022 general election, declared 2022-08-22","A","2022-08-22","stale_unverified","IEBC","https://www.iebc.or.ke/uploads/resources/t5KQ6O4YGp.pdf","false",""
"MEMBER-OF-COUNTY-ASSEMBLY-KEN-C007-CON029-W0142","member_of_county_assembly","ward","KEN-C007-CON029-W0142","Goreale","Sadik Fakrudin Haji","UDA","elected","2022 general election, declared 2022-08-22","A","2022-08-22","stale_unverified","IEBC","https://www.iebc.or.ke/uploads/resources/t5KQ6O4YGp.pdf","false",""
"MEMBER-OF-COUNTY-ASSEMBLY-KEN-C007-CON029-W0143","member_of_county_assembly","ward","KEN-C007-CON029-W0143","Maalimin","Farah Hajir Mahat","NAP-K","elected","2022 general election, declared 2022-08-22","A","2022-08-22","stale_unverified","IEBC","https://www.iebc.or.ke/uploads/resources/t5KQ6O4YGp.pdf","false",""
"MEMBER-OF-COUNTY-ASSEMBLY-KEN-C007-CON029-W0144","member_of_county_assembly","ward","KEN-C007-CON029-W0144","Sabena","Abdi Issa Aden","NAP-K No (elected unopposed","elected","2022 general election, declared 2022-08-22","A","2022-08-22","stale_unverified","IEBC","https://www.iebc.or.ke/uploads/resources/t5KQ6O4YGp.pdf","false",""
"MEMBER-OF-COUNTY-ASSEMBLY-KEN-C007-CON029-W0145","member_of_county_assembly","ward","KEN-C007-CON029-W0145","Baraki","Noor Hassan Dahir","UDA","elected","2022 general election, declared 2022-08-22","A","2022-08-22","stale_unverified","IEBC","https://www.iebc.or.ke/uploads/resources/t5KQ6O4YGp.pdf","false",""
"MEMBER-OF-COUNTY-ASSEMBLY-KEN-C007-CON030-W0146","member_of_county_assembly","ward","KEN-C007-CON030-W0146","Dertu","Odowa Aden Hassan","UPIA","elected","2022 general election, declared 2022-08-22","A","2022-08-22","stale_unverified","IEBC","https://www.iebc.or.ke/uploads/resources/t5KQ6O4YGp.pdf","false",""
"MEMBER-OF-COUNTY-ASSEMBLY-KEN-C007-CON030-W0147","member_of_county_assembly","ward","KEN-C007-CON030-W0147","Dadaab","Farah Mohamed Abdi","WDM","elected","2022 general election, declared 2022-08-22","A","2022-08-22","stale_unverified","IEBC","https://www.iebc.or.ke/uploads/resources/t5KQ6O4YGp.pdf","false",""
"MEMBER-OF-COUNTY-ASSEMBLY-KEN-C007-CON030-W0148","member_of_county_assembly","ward","KEN-C007-CON030-W0148","Labasigale","Abdisalat Mohamed Sheikh","WDM","elected","2022 general election, declared 2022-08-22","A","2022-08-22","stale_unverified","IEBC","https://www.iebc.or.ke/uploads/resources/t5KQ6O4YGp.pdf","false",""
"MEMBER-OF-COUNTY-ASSEMBLY-KEN-C007-CON030-W0149","member_of_county_assembly","ward","KEN-C007-CON030-W0149","Damajale","Hassan Omar Abdi","WDM","elected","2022 general election, declared 2022-08-22","A","2022-08-22","stale_unverified","IEBC","https://www.iebc.or.ke/uploads/resources/t5KQ6O4YGp.pdf","false",""
"MEMBER-OF-COUNTY-ASSEMBLY-KEN-C007-CON030-W0150","member_of_county_assembly","ward","KEN-C007-CON030-W0150","Liboi","Sheikh Ahmed Abdirahman","KANU","elected","2022 general election, declared 2022-08-22","A","2022-08-22","stale_unverified","IEBC","https://www.iebc.or.ke/uploads/resources/t5KQ6O4YGp.pdf","false",""
"MEMBER-OF-COUNTY-ASSEMBLY-KEN-C007-CON030-W0151","member_of_county_assembly","ward","KEN-C007-CON030-W0151","Abakaile","Dahiye Hajir Mohamed","UPIA","elected","2022 general election, declared 2022-08-22","A","2022-08-22","stale_unverified","IEBC","https://www.iebc.or.ke/uploads/resources/t5KQ6O4YGp.pdf","false",""
"MEMBER-OF-COUNTY-ASSEMBLY-KEN-C007-CON031-W0152","member_of_county_assembly","ward","KEN-C007-CON031-W0152","Bura","Haret Ali Abdihakim","JP","elected","2022 general election, declared 2022-08-22","A","2022-08-22","stale_unverified","IEBC","https://www.iebc.or.ke/uploads/resources/t5KQ6O4YGp.pdf","false",""
"MEMBER-OF-COUNTY-ASSEMBLY-KEN-C007-CON031-W0153","member_of_county_assembly","ward","KEN-C007-CON031-W0153","Dekaharia","Aden Ahmed Noor","ANC","elected","2022 general election, declared 2022-08-22","A","2022-08-22","stale_unverified","IEBC","https://www.iebc.or.ke/uploads/resources/t5KQ6O4YGp.pdf","false",""
"MEMBER-OF-COUNTY-ASSEMBLY-KEN-C007-CON031-W0154","member_of_county_assembly","ward","KEN-C007-CON031-W0154","Jarajila","Farah Noor Sheikh","KANU","elected","2022 general election, declared 2022-08-22","A","2022-08-22","stale_unverified","IEBC","https://www.iebc.or.ke/uploads/resources/t5KQ6O4YGp.pdf","false",""
"MEMBER-OF-COUNTY-ASSEMBLY-KEN-C007-CON031-W0155","member_of_county_assembly","ward","KEN-C007-CON031-W0155","Fafi","Kolosho Hassan Aden","UPIA","elected","2022 general election, declared 2022-08-22","A","2022-08-22","stale_unverified","IEBC","https://www.iebc.or.ke/uploads/resources/t5KQ6O4YGp.pdf","false",""
"MEMBER-OF-COUNTY-ASSEMBLY-KEN-C007-CON031-W0156","member_of_county_assembly","ward","KEN-C007-CON031-W0156","Nanighi","Sigat Abdullahi Ibrahim","UDA","elected","2022 general election, declared 2022-08-22","A","2022-08-22","stale_unverified","IEBC","https://www.iebc.or.ke/uploads/resources/t5KQ6O4YGp.pdf","false",""
"MEMBER-OF-COUNTY-ASSEMBLY-KEN-C007-CON032-W0157","member_of_county_assembly","ward","KEN-C007-CON032-W0157","Hulugho","Said Adow Omar","NAP-K","elected","2022 general election, declared 2022-08-22","A","2022-08-22","stale_unverified","IEBC","https://www.iebc.or.ke/uploads/resources/t5KQ6O4YGp.pdf","false",""
"MEMBER-OF-COUNTY-ASSEMBLY-KEN-C007-CON032-W0158","member_of_county_assembly","ward","KEN-C007-CON032-W0158","Sangailu","Abdi Abdi Muhyadin","NAP-K","elected","2022 general election, declared 2022-08-22","A","2022-08-22","stale_unverified","IEBC","https://www.iebc.or.ke/uploads/resources/t5KQ6O4YGp.pdf","false",""
"MEMBER-OF-COUNTY-ASSEMBLY-KEN-C007-CON032-W0159","member_of_county_assembly","ward","KEN-C007-CON032-W0159","Ijara","Muhumed Abdirahman Muktar","JP","elected","2022 general election, declared 2022-08-22","A","2022-08-22","stale_unverified","IEBC","https://www.iebc.or.ke/uploads/resources/t5KQ6O4YGp.pdf","false",""
"MEMBER-OF-COUNTY-ASSEMBLY-KEN-C007-CON032-W0160","member_of_county_assembly","ward","KEN-C007-CON032-W0160","Masalani","Ibrahim Yunis Abdi","NAP-K","elected","2022 general election, declared 2022-08-22","A","2022-08-22","stale_unverified","IEBC","https://www.iebc.or.ke/uploads/resources/t5KQ6O4YGp.pdf","false",""
"MEMBER-OF-COUNTY-ASSEMBLY-KEN-C008-CON033-W0161","member_of_county_assembly","ward","KEN-C008-CON033-W0161","Gurar","Muhamud Abdisalan Mohamed","UPIA","elected","2022 general election, declared 2022-08-22","A","2022-08-22","stale_unverified","IEBC","https://www.iebc.or.ke/uploads/resources/t5KQ6O4YGp.pdf","false",""
"MEMBER-OF-COUNTY-ASSEMBLY-KEN-C008-CON033-W0162","member_of_county_assembly","ward","KEN-C008-CON033-W0162","Bute","Ali Omar Mohamed","UPIA","elected","2022 general election, declared 2022-08-22","A","2022-08-22","stale_unverified","IEBC","https://www.iebc.or.ke/uploads/resources/t5KQ6O4YGp.pdf","false",""
"MEMBER-OF-COUNTY-ASSEMBLY-KEN-C008-CON033-W0163","member_of_county_assembly","ward","KEN-C008-CON033-W0163","Korondile","Dakat Abdirizak Ibrahim","UDA","elected","2022 general election, declared 2022-08-22","A","2022-08-22","stale_unverified","IEBC","https://www.iebc.or.ke/uploads/resources/t5KQ6O4YGp.pdf","false",""
"MEMBER-OF-COUNTY-ASSEMBLY-KEN-C008-CON033-W0164","member_of_county_assembly","ward","KEN-C008-CON033-W0164","Malkagufu","Abdi Osman Ayub","ODM","elected","2022 general election, declared 2022-08-22","A","2022-08-22","stale_unverified","IEBC","https://www.iebc.or.ke/uploads/resources/t5KQ6O4YGp.pdf","false",""
"MEMBER-OF-COUNTY-ASSEMBLY-KEN-C008-CON033-W0165","member_of_county_assembly","ward","KEN-C008-CON033-W0165","Batalu","Ibrahim Adannur Abdi","KANU","elected","2022 general election, declared 2022-08-22","A","2022-08-22","stale_unverified","IEBC","https://www.iebc.or.ke/uploads/resources/t5KQ6O4YGp.pdf","false",""
"MEMBER-OF-COUNTY-ASSEMBLY-KEN-C008-CON033-W0166","member_of_county_assembly","ward","KEN-C008-CON033-W0166","Danaba","Abdirahman Ali Mohamed","UPIA","elected","2022 general election, declared 2022-08-22","A","2022-08-22","stale_unverified","IEBC","https://www.iebc.or.ke/uploads/resources/t5KQ6O4YGp.pdf","false",""
"MEMBER-OF-COUNTY-ASSEMBLY-KEN-C008-CON033-W0167","member_of_county_assembly","ward","KEN-C008-CON033-W0167","Godoma","Salat Abdikarim Adow","UDM","elected","2022 general election, declared 2022-08-22","A","2022-08-22","stale_unverified","IEBC","https://www.iebc.or.ke/uploads/resources/t5KQ6O4YGp.pdf","false",""
"MEMBER-OF-COUNTY-ASSEMBLY-KEN-C008-CON034-W0168","member_of_county_assembly","ward","KEN-C008-CON034-W0168","Wagberi","Bulle Aden Abdi","UDA","elected","2022 general election, declared 2022-08-22","A","2022-08-22","stale_unverified","IEBC","https://www.iebc.or.ke/uploads/resources/t5KQ6O4YGp.pdf","false",""
"MEMBER-OF-COUNTY-ASSEMBLY-KEN-C008-CON034-W0169","member_of_county_assembly","ward","KEN-C008-CON034-W0169","Township","Ibrahim Mahat Mohamed","NARC - KENYA","elected","2022 general election, declared 2022-08-22","B","2022-08-22","stale_unverified","IEBC","https://www.iebc.or.ke/uploads/resources/t5KQ6O4YGp.pdf","false",""
"MEMBER-OF-COUNTY-ASSEMBLY-KEN-C008-CON034-W0170","member_of_county_assembly","ward","KEN-C008-CON034-W0170","Barwago","Abdullahi Aden Adow","JP","elected","2022 general election, declared 2022-08-22","A","2022-08-22","stale_unverified","IEBC","https://www.iebc.or.ke/uploads/resources/t5KQ6O4YGp.pdf","false",""
"MEMBER-OF-COUNTY-ASSEMBLY-KEN-C008-CON034-W0171","member_of_county_assembly","ward","KEN-C008-CON034-W0171","Khorof/Harar","Ibrahim Mohamed Salat","ODM","elected","2022 general election, declared 2022-08-22","A","2022-08-22","stale_unverified","IEBC","https://www.iebc.or.ke/uploads/resources/t5KQ6O4YGp.pdf","false",""
"MEMBER-OF-COUNTY-ASSEMBLY-KEN-C008-CON035-W0172","member_of_county_assembly","ward","KEN-C008-CON035-W0172","Elben","Aden Yussuf Mohamed","KANU","elected","2022 general election, declared 2022-08-22","A","2022-08-22","stale_unverified","IEBC","https://www.iebc.or.ke/uploads/resources/t5KQ6O4YGp.pdf","false",""
"MEMBER-OF-COUNTY-ASSEMBLY-KEN-C008-CON035-W0173","member_of_county_assembly","ward","KEN-C008-CON035-W0173","Sarman","Farah Mohamed Nur","NARC- KENYA","elected","2022 general election, declared 2022-08-22","A","2022-08-22","stale_unverified","IEBC","https://www.iebc.or.ke/uploads/resources/t5KQ6O4YGp.pdf","false",""
"MEMBER-OF-COUNTY-ASSEMBLY-KEN-C008-CON035-W0174","member_of_county_assembly","ward","KEN-C008-CON035-W0174","Tarbaj","Buul Ahmedkheir Salat","NARC- KENYA","elected","2022 general election, declared 2022-08-22","A","2022-08-22","stale_unverified","IEBC","https://www.iebc.or.ke/uploads/resources/t5KQ6O4YGp.pdf","false",""
"MEMBER-OF-COUNTY-ASSEMBLY-KEN-C008-CON035-W0175","member_of_county_assembly","ward","KEN-C008-CON035-W0175","Wargadud","Hassan Hamud Abdi","JFP","elected","2022 general election, declared 2022-08-22","A","2022-08-22","stale_unverified","IEBC","https://www.iebc.or.ke/uploads/resources/t5KQ6O4YGp.pdf","false",""
"MEMBER-OF-COUNTY-ASSEMBLY-KEN-C008-CON036-W0176","member_of_county_assembly","ward","KEN-C008-CON036-W0176","Arbajahan","Yussuf Abey Jimale","ODM","elected","2022 general election, declared 2022-08-22","A","2022-08-22","stale_unverified","IEBC","https://www.iebc.or.ke/uploads/resources/t5KQ6O4YGp.pdf","false",""
"MEMBER-OF-COUNTY-ASSEMBLY-KEN-C008-CON036-W0177","member_of_county_assembly","ward","KEN-C008-CON036-W0177","Hadado/Athibohol","Mumin Abdirashid Basha","UDM","elected","2022 general election, declared 2022-08-22","A","2022-08-22","stale_unverified","IEBC","https://www.iebc.or.ke/uploads/resources/t5KQ6O4YGp.pdf","false",""
"MEMBER-OF-COUNTY-ASSEMBLY-KEN-C008-CON036-W0178","member_of_county_assembly","ward","KEN-C008-CON036-W0178","Ademasajide","Haji Mahfudha Abdullahi","ODM","elected","2022 general election, declared 2022-08-22","A","2022-08-22","stale_unverified","IEBC","https://www.iebc.or.ke/uploads/resources/t5KQ6O4YGp.pdf","false",""
"MEMBER-OF-COUNTY-ASSEMBLY-KEN-C008-CON036-W0179","member_of_county_assembly","ward","KEN-C008-CON036-W0179","Wagalla/Ganyure","Abdi Ibrahim Hussein","MCCP","elected","2022 general election, declared 2022-08-22","B","2022-08-22","stale_unverified","IEBC","https://www.iebc.or.ke/uploads/resources/t5KQ6O4YGp.pdf","false",""
"MEMBER-OF-COUNTY-ASSEMBLY-KEN-C008-CON037-W0180","member_of_county_assembly","ward","KEN-C008-CON037-W0180","Eldas","Ali Adan Hussein","JP","elected","2022 general election, declared 2022-08-22","A","2022-08-22","stale_unverified","IEBC","https://www.iebc.or.ke/uploads/resources/t5KQ6O4YGp.pdf","false",""
"MEMBER-OF-COUNTY-ASSEMBLY-KEN-C008-CON037-W0181","member_of_county_assembly","ward","KEN-C008-CON037-W0181","Della","Ahmed Yussuf Hussein","UDM","elected","2022 general election, declared 2022-08-22","A","2022-08-22","stale_unverified","IEBC","https://www.iebc.or.ke/uploads/resources/t5KQ6O4YGp.pdf","false",""
"MEMBER-OF-COUNTY-ASSEMBLY-KEN-C008-CON037-W0182","member_of_county_assembly","ward","KEN-C008-CON037-W0182","Lakoley South/Basir","Adan Rashid Billow","ODM","elected","2022 general election, declared 2022-08-22","A","2022-08-22","stale_unverified","IEBC","https://www.iebc.or.ke/uploads/resources/t5KQ6O4YGp.pdf","false",""
"MEMBER-OF-COUNTY-ASSEMBLY-KEN-C008-CON037-W0183","member_of_county_assembly","ward","KEN-C008-CON037-W0183","Elnur/Tula Tula","Abdi Abdirizack Adow","JP","elected","2022 general election, declared 2022-08-22","A","2022-08-22","stale_unverified","IEBC","https://www.iebc.or.ke/uploads/resources/t5KQ6O4YGp.pdf","false",""
"MEMBER-OF-COUNTY-ASSEMBLY-KEN-C008-CON038-W0184","member_of_county_assembly","ward","KEN-C008-CON038-W0184","Benane","Farah Dahaba Yussuf","WDM","elected","2022 general election, declared 2022-08-22","B","2022-08-22","stale_unverified","IEBC","https://www.iebc.or.ke/uploads/resources/t5KQ6O4YGp.pdf","false",""
"MEMBER-OF-COUNTY-ASSEMBLY-KEN-C008-CON038-W0185","member_of_county_assembly","ward","KEN-C008-CON038-W0185","Burder","Hussein Abdirashid Adan","UDA","elected","2022 general election, declared 2022-08-22","A","2022-08-22","stale_unverified","IEBC","https://www.iebc.or.ke/uploads/resources/t5KQ6O4YGp.pdf","false",""
"MEMBER-OF-COUNTY-ASSEMBLY-KEN-C008-CON038-W0186","member_of_county_assembly","ward","KEN-C008-CON038-W0186","Dadaja Bulla","Mohamud Sahal Mugow","ODM","elected","2022 general election, declared 2022-08-22","A","2022-08-22","stale_unverified","IEBC","https://www.iebc.or.ke/uploads/resources/t5KQ6O4YGp.pdf","false",""
"MEMBER-OF-COUNTY-ASSEMBLY-KEN-C008-CON038-W0187","member_of_county_assembly","ward","KEN-C008-CON038-W0187","Habasswein","Haji Ahmed Diis","UDA","elected","2022 general election, declared 2022-08-22","B","2022-08-22","stale_unverified","IEBC","https://www.iebc.or.ke/uploads/resources/t5KQ6O4YGp.pdf","false",""
"MEMBER-OF-COUNTY-ASSEMBLY-KEN-C008-CON038-W0188","member_of_county_assembly","ward","KEN-C008-CON038-W0188","Lagboghol South","Mohamed Abdikadir Dubo","FORD- KENYA","elected","2022 general election, declared 2022-08-22","A","2022-08-22","stale_unverified","IEBC","https://www.iebc.or.ke/uploads/resources/t5KQ6O4YGp.pdf","false",""
"MEMBER-OF-COUNTY-ASSEMBLY-KEN-C008-CON038-W0189","member_of_county_assembly","ward","KEN-C008-CON038-W0189","Ibrahim Ure","Abdi Abdi Mohamed","UDA","elected","2022 general election, declared 2022-08-22","A","2022-08-22","stale_unverified","IEBC","https://www.iebc.or.ke/uploads/resources/t5KQ6O4YGp.pdf","false",""
"MEMBER-OF-COUNTY-ASSEMBLY-KEN-C008-CON038-W0190","member_of_county_assembly","ward","KEN-C008-CON038-W0190","Diif","Mohamed Ibrahim Hussein","UDA","elected","2022 general election, declared 2022-08-22","A","2022-08-22","stale_unverified","IEBC","https://www.iebc.or.ke/uploads/resources/t5KQ6O4YGp.pdf","false",""
"MEMBER-OF-COUNTY-ASSEMBLY-KEN-C009-CON039-W0191","member_of_county_assembly","ward","KEN-C009-CON039-W0191","Takaba South","Ibrein Adan Nura","UDM","elected","2022 general election, declared 2022-08-22","A","2022-08-22","stale_unverified","IEBC","https://www.iebc.or.ke/uploads/resources/t5KQ6O4YGp.pdf","false",""
"MEMBER-OF-COUNTY-ASSEMBLY-KEN-C009-CON039-W0192","member_of_county_assembly","ward","KEN-C009-CON039-W0192","Takaba","Rashid Mahdi Haji","UDM","elected","2022 general election, declared 2022-08-22","A","2022-08-22","stale_unverified","IEBC","https://www.iebc.or.ke/uploads/resources/t5KQ6O4YGp.pdf","false",""
"MEMBER-OF-COUNTY-ASSEMBLY-KEN-C009-CON039-W0193","member_of_county_assembly","ward","KEN-C009-CON039-W0193","Lag Sure","Maalim Hussein Alio","UDM","elected","2022 general election, declared 2022-08-22","A","2022-08-22","stale_unverified","IEBC","https://www.iebc.or.ke/uploads/resources/t5KQ6O4YGp.pdf","false",""
"MEMBER-OF-COUNTY-ASSEMBLY-KEN-C009-CON039-W0194","member_of_county_assembly","ward","KEN-C009-CON039-W0194","Dandu","Wariyo Ibrahim Ali","UDA","elected","2022 general election, declared 2022-08-22","A","2022-08-22","stale_unverified","IEBC","https://www.iebc.or.ke/uploads/resources/t5KQ6O4YGp.pdf","false",""
"MEMBER-OF-COUNTY-ASSEMBLY-KEN-C009-CON039-W0195","member_of_county_assembly","ward","KEN-C009-CON039-W0195","Gither","Mohamed Ahmed Rashid","UDM","elected","2022 general election, declared 2022-08-22","A","2022-08-22","stale_unverified","IEBC","https://www.iebc.or.ke/uploads/resources/t5KQ6O4YGp.pdf","false",""
"MEMBER-OF-COUNTY-ASSEMBLY-KEN-C009-CON040-W0196","member_of_county_assembly","ward","KEN-C009-CON040-W0196","Banissa","Abdi Issack Dahir","UDM","elected","2022 general election, declared 2022-08-22","A","2022-08-22","stale_unverified","IEBC","https://www.iebc.or.ke/uploads/resources/t5KQ6O4YGp.pdf","false",""
"MEMBER-OF-COUNTY-ASSEMBLY-KEN-C009-CON040-W0197","member_of_county_assembly","ward","KEN-C009-CON040-W0197","Derkhale","Edin Mohamed Ibrahim","UDM","elected","2022 general election, declared 2022-08-22","A","2022-08-22","stale_unverified","IEBC","https://www.iebc.or.ke/uploads/resources/t5KQ6O4YGp.pdf","false",""
"MEMBER-OF-COUNTY-ASSEMBLY-KEN-C009-CON040-W0198","member_of_county_assembly","ward","KEN-C009-CON040-W0198","Guba","Hassan Abdullahi Maalim","ODM","elected","2022 general election, declared 2022-08-22","A","2022-08-22","stale_unverified","IEBC","https://www.iebc.or.ke/uploads/resources/t5KQ6O4YGp.pdf","false",""
"MEMBER-OF-COUNTY-ASSEMBLY-KEN-C009-CON040-W0199","member_of_county_assembly","ward","KEN-C009-CON040-W0199","Malkamari","Abdi Abdikarim Daud","UDM","elected","2022 general election, declared 2022-08-22","A","2022-08-22","stale_unverified","IEBC","https://www.iebc.or.ke/uploads/resources/t5KQ6O4YGp.pdf","false",""
"MEMBER-OF-COUNTY-ASSEMBLY-KEN-C009-CON040-W0200","member_of_county_assembly","ward","KEN-C009-CON040-W0200","Kiliwehiri","Adan Yussuf Sheikh","UDM","elected","2022 general election, declared 2022-08-22","A","2022-08-22","stale_unverified","IEBC","https://www.iebc.or.ke/uploads/resources/t5KQ6O4YGp.pdf","false",""
"MEMBER-OF-COUNTY-ASSEMBLY-KEN-C009-CON041-W0201","member_of_county_assembly","ward","KEN-C009-CON041-W0201","Ashabito","Hussein Ismail Sheikh","UDM","elected","2022 general election, declared 2022-08-22","A","2022-08-22","stale_unverified","IEBC","https://www.iebc.or.ke/uploads/resources/t5KQ6O4YGp.pdf","false",""
"MEMBER-OF-COUNTY-ASSEMBLY-KEN-C009-CON041-W0202","member_of_county_assembly","ward","KEN-C009-CON041-W0202","Guticha","Yussuf Mohamed Ibrahim","UDM","elected","2022 general election, declared 2022-08-22","A","2022-08-22","stale_unverified","IEBC","https://www.iebc.or.ke/uploads/resources/t5KQ6O4YGp.pdf","false",""
"MEMBER-OF-COUNTY-ASSEMBLY-KEN-C009-CON041-W0203","member_of_county_assembly","ward","KEN-C009-CON041-W0203","Morothile","Hussein Adan Ali","UDM","elected","2022 general election, declared 2022-08-22","A","2022-08-22","stale_unverified","IEBC","https://www.iebc.or.ke/uploads/resources/t5KQ6O4YGp.pdf","false",""
"MEMBER-OF-COUNTY-ASSEMBLY-KEN-C009-CON041-W0204","member_of_county_assembly","ward","KEN-C009-CON041-W0204","Rhamu","Adan Hassan Hussein","UDM","elected","2022 general election, declared 2022-08-22","A","2022-08-22","stale_unverified","IEBC","https://www.iebc.or.ke/uploads/resources/t5KQ6O4YGp.pdf","false",""
"MEMBER-OF-COUNTY-ASSEMBLY-KEN-C009-CON041-W0205","member_of_county_assembly","ward","KEN-C009-CON041-W0205","Rhamu-Dimtu","Abdille Ilyas Jimale","JP","elected","2022 general election, declared 2022-08-22","A","2022-08-22","stale_unverified","IEBC","https://www.iebc.or.ke/uploads/resources/t5KQ6O4YGp.pdf","false",""
"MEMBER-OF-COUNTY-ASSEMBLY-KEN-C009-CON042-W0206","member_of_county_assembly","ward","KEN-C009-CON042-W0206","Wargudud","Muktar Bishar Sheikh","UPIA","elected","2022 general election, declared 2022-08-22","B","2022-08-22","stale_unverified","IEBC","https://www.iebc.or.ke/uploads/resources/t5KQ6O4YGp.pdf","false",""
"MEMBER-OF-COUNTY-ASSEMBLY-KEN-C009-CON042-W0207","member_of_county_assembly","ward","KEN-C009-CON042-W0207","Kutulo","Ibrahim Mohamed Rashid Golo","UDM","elected","2022 general election, declared 2022-08-22","A","2022-08-22","stale_unverified","IEBC","https://www.iebc.or.ke/uploads/resources/t5KQ6O4YGp.pdf","false",""
"MEMBER-OF-COUNTY-ASSEMBLY-KEN-C009-CON042-W0208","member_of_county_assembly","ward","KEN-C009-CON042-W0208","Elwak South","Ibrahim Issak Derow","UDM","elected","2022 general election, declared 2022-08-22","A","2022-08-22","stale_unverified","IEBC","https://www.iebc.or.ke/uploads/resources/t5KQ6O4YGp.pdf","false",""
"MEMBER-OF-COUNTY-ASSEMBLY-KEN-C009-CON042-W0209","member_of_county_assembly","ward","KEN-C009-CON042-W0209","Elwak North","Mohamed Adan Maalim","UDM","elected","2022 general election, declared 2022-08-22","A","2022-08-22","stale_unverified","IEBC","https://www.iebc.or.ke/uploads/resources/t5KQ6O4YGp.pdf","false",""
"MEMBER-OF-COUNTY-ASSEMBLY-KEN-C009-CON042-W0210","member_of_county_assembly","ward","KEN-C009-CON042-W0210","Shimbir Fatuma","Maalim Ibrahim Alio","UDM","elected","2022 general election, declared 2022-08-22","A","2022-08-22","stale_unverified","IEBC","https://www.iebc.or.ke/uploads/resources/t5KQ6O4YGp.pdf","false",""
"MEMBER-OF-COUNTY-ASSEMBLY-KEN-C010-CON045-W0221","member_of_county_assembly","ward","KEN-C010-CON045-W0221","Butiye","Hapicha Dida Omar","UDA","elected","2022 general election, declared 2022-08-22","A","2022-08-22","stale_unverified","IEBC","https://www.iebc.or.ke/uploads/resources/t5KQ6O4YGp.pdf","false",""
"MEMBER-OF-COUNTY-ASSEMBLY-KEN-C010-CON045-W0222","member_of_county_assembly","ward","KEN-C010-CON045-W0222","Sololo","Huka Boru John","FORD- KENYA","elected","2022 general election, declared 2022-08-22","A","2022-08-22","stale_unverified","IEBC","https://www.iebc.or.ke/uploads/resources/t5KQ6O4YGp.pdf","false",""
"MEMBER-OF-COUNTY-ASSEMBLY-KEN-C010-CON045-W0223","member_of_county_assembly","ward","KEN-C010-CON045-W0223","Heilu-Manyatta","Michal Siba Haila","ODM","elected","2022 general election, declared 2022-08-22","A","2022-08-22","stale_unverified","IEBC","https://www.iebc.or.ke/uploads/resources/t5KQ6O4YGp.pdf","false",""
"MEMBER-OF-COUNTY-ASSEMBLY-KEN-C010-CON045-W0224","member_of_county_assembly","ward","KEN-C010-CON045-W0224","Golbo","Dida Adi Edin","KANU","elected","2022 general election, declared 2022-08-22","A","2022-08-22","stale_unverified","IEBC","https://www.iebc.or.ke/uploads/resources/t5KQ6O4YGp.pdf","false",""
"MEMBER-OF-COUNTY-ASSEMBLY-KEN-C010-CON045-W0225","member_of_county_assembly","ward","KEN-C010-CON045-W0225","Moyale Township","Ibrahim Mohamed Issack","UPIA","elected","2022 general election, declared 2022-08-22","A","2022-08-22","stale_unverified","IEBC","https://www.iebc.or.ke/uploads/resources/t5KQ6O4YGp.pdf","false",""
"MEMBER-OF-COUNTY-ASSEMBLY-KEN-C010-CON045-W0226","member_of_county_assembly","ward","KEN-C010-CON045-W0226","Uran","Ali Halkano Konso","UDA","elected","2022 general election, declared 2022-08-22","A","2022-08-22","stale_unverified","IEBC","https://www.iebc.or.ke/uploads/resources/t5KQ6O4YGp.pdf","false",""
"MEMBER-OF-COUNTY-ASSEMBLY-KEN-C010-CON045-W0227","member_of_county_assembly","ward","KEN-C010-CON045-W0227","Obbu","Rare Halkano Sora","UDM","elected","2022 general election, declared 2022-08-22","A","2022-08-22","stale_unverified","IEBC","https://www.iebc.or.ke/uploads/resources/t5KQ6O4YGp.pdf","false",""
"MEMBER-OF-COUNTY-ASSEMBLY-KEN-C010-CON046-W0228","member_of_county_assembly","ward","KEN-C010-CON046-W0228","Illeret","Korie James Korie","UDM","elected","2022 general election, declared 2022-08-22","B","2022-08-22","stale_unverified","IEBC","https://www.iebc.or.ke/uploads/resources/t5KQ6O4YGp.pdf","false",""
"MEMBER-OF-COUNTY-ASSEMBLY-KEN-C010-CON046-W0229","member_of_county_assembly","ward","KEN-C010-CON046-W0229","North Horr","Ruru Tura Elema","KANU","elected","2022 general election, declared 2022-08-22","B","2022-08-22","stale_unverified","IEBC","https://www.iebc.or.ke/uploads/resources/t5KQ6O4YGp.pdf","false",""
"MEMBER-OF-COUNTY-ASSEMBLY-KEN-C010-CON046-W0230","member_of_county_assembly","ward","KEN-C010-CON046-W0230","Dukana","Adano Boru","UPIA","elected","2022 general election, declared 2022-08-22","B","2022-08-22","stale_unverified","IEBC","https://www.iebc.or.ke/uploads/resources/t5KQ6O4YGp.pdf","false",""
"MEMBER-OF-COUNTY-ASSEMBLY-KEN-C010-CON046-W0231","member_of_county_assembly","ward","KEN-C010-CON046-W0231","Maikona","Diba Buke Yattani","UPIA","elected","2022 general election, declared 2022-08-22","B","2022-08-22","stale_unverified","IEBC","https://www.iebc.or.ke/uploads/resources/t5KQ6O4YGp.pdf","false",""
"MEMBER-OF-COUNTY-ASSEMBLY-KEN-C010-CON046-W0232","member_of_county_assembly","ward","KEN-C010-CON046-W0232","Turbi","Galgallo Huka Mamo","JP","elected","2022 general election, declared 2022-08-22","B","2022-08-22","stale_unverified","IEBC","https://www.iebc.or.ke/uploads/resources/t5KQ6O4YGp.pdf","false",""
"MEMBER-OF-COUNTY-ASSEMBLY-KEN-C010-CON047-W0233","member_of_county_assembly","ward","KEN-C010-CON047-W0233","Sagante/Jaldesa","Guyo Amos Wako","UDA","elected","2022 general election, declared 2022-08-22","A","2022-08-22","stale_unverified","IEBC","https://www.iebc.or.ke/uploads/resources/t5KQ6O4YGp.pdf","false",""
"MEMBER-OF-COUNTY-ASSEMBLY-KEN-C010-CON047-W0234","member_of_county_assembly","ward","KEN-C010-CON047-W0234","Karare","Leruk Joseph Admen","UPIA","elected","2022 general election, declared 2022-08-22","A","2022-08-22","stale_unverified","IEBC","https://www.iebc.or.ke/uploads/resources/t5KQ6O4YGp.pdf","false",""
"MEMBER-OF-COUNTY-ASSEMBLY-KEN-C010-CON047-W0235","member_of_county_assembly","ward","KEN-C010-CON047-W0235","Marsabit Central","Godana Jacob Elisha","UPIA","elected","2022 general election, declared 2022-08-22","A","2022-08-22","stale_unverified","IEBC","https://www.iebc.or.ke/uploads/resources/t5KQ6O4YGp.pdf","false",""
"MEMBER-OF-COUNTY-ASSEMBLY-KEN-C010-CON048-W0236","member_of_county_assembly","ward","KEN-C010-CON048-W0236","Loiyangalani","Emojo Daniel Musa","UDA","elected","2022 general election, declared 2022-08-22","A","2022-08-22","stale_unverified","IEBC","https://www.iebc.or.ke/uploads/resources/t5KQ6O4YGp.pdf","false",""
"MEMBER-OF-COUNTY-ASSEMBLY-KEN-C010-CON048-W0237","member_of_county_assembly","ward","KEN-C010-CON048-W0237","Kargi/South Horr","Ogom Christopher Matahdere","UDM","elected","2022 general election, declared 2022-08-22","A","2022-08-22","stale_unverified","IEBC","https://www.iebc.or.ke/uploads/resources/t5KQ6O4YGp.pdf","false",""
"MEMBER-OF-COUNTY-ASSEMBLY-KEN-C010-CON048-W0238","member_of_county_assembly","ward","KEN-C010-CON048-W0238","Korr/Ngurunit","Arakhole Daud Tamagot","JP","elected","2022 general election, declared 2022-08-22","A","2022-08-22","stale_unverified","IEBC","https://www.iebc.or.ke/uploads/resources/t5KQ6O4YGp.pdf","false",""
"MEMBER-OF-COUNTY-ASSEMBLY-KEN-C010-CON048-W0239","member_of_county_assembly","ward","KEN-C010-CON048-W0239","Log Logo","Leakono Bernard Leakono","UPIA","elected","2022 general election, declared 2022-08-22","B","2022-08-22","stale_unverified","IEBC","https://www.iebc.or.ke/uploads/resources/t5KQ6O4YGp.pdf","false",""
"MEMBER-OF-COUNTY-ASSEMBLY-KEN-C010-CON048-W0240","member_of_county_assembly","ward","KEN-C010-CON048-W0240","Laisamis","Burcha Daniel Ltinyilan","JP","elected","2022 general election, declared 2022-08-22","A","2022-08-22","stale_unverified","IEBC","https://www.iebc.or.ke/uploads/resources/t5KQ6O4YGp.pdf","false",""
"MEMBER-OF-COUNTY-ASSEMBLY-KEN-C011-CON049-W0241","member_of_county_assembly","ward","KEN-C011-CON049-W0241","Wabera","Kiambi Salesio","NARC- KENYA","elected","2022 general election, declared 2022-08-22","A","2022-08-22","stale_unverified","IEBC","https://www.iebc.or.ke/uploads/resources/t5KQ6O4YGp.pdf","false",""
"MEMBER-OF-COUNTY-ASSEMBLY-KEN-C011-CON049-W0242","member_of_county_assembly","ward","KEN-C011-CON049-W0242","Bulla Pesa","Waithaka David Nyoro","TSP","elected","2022 general election, declared 2022-08-22","A","2022-08-22","stale_unverified","IEBC","https://www.iebc.or.ke/uploads/resources/t5KQ6O4YGp.pdf","false",""
"MEMBER-OF-COUNTY-ASSEMBLY-KEN-C011-CON049-W0243","member_of_county_assembly","ward","KEN-C011-CON049-W0243","Chari","Meja Abdullahi Golicha","UDM","elected","2022 general election, declared 2022-08-22","A","2022-08-22","stale_unverified","IEBC","https://www.iebc.or.ke/uploads/resources/t5KQ6O4YGp.pdf","false",""
"MEMBER-OF-COUNTY-ASSEMBLY-KEN-C011-CON049-W0244","member_of_county_assembly","ward","KEN-C011-CON049-W0244","Cherab","Gole Halima Abgudo","KANU","elected","2022 general election, declared 2022-08-22","A","2022-08-22","stale_unverified","IEBC","https://www.iebc.or.ke/uploads/resources/t5KQ6O4YGp.pdf","false",""
"MEMBER-OF-COUNTY-ASSEMBLY-KEN-C011-CON049-W0245","member_of_county_assembly","ward","KEN-C011-CON049-W0245","Ngare Mara","Loyan Peter Losu","UDA","elected","2022 general election, declared 2022-08-22","A","2022-08-22","stale_unverified","IEBC","https://www.iebc.or.ke/uploads/resources/t5KQ6O4YGp.pdf","false",""
"MEMBER-OF-COUNTY-ASSEMBLY-KEN-C011-CON049-W0246","member_of_county_assembly","ward","KEN-C011-CON049-W0246","Burat","Ewoton Lorot Nicholas","UDA","elected","2022 general election, declared 2022-08-22","A","2022-08-22","stale_unverified","IEBC","https://www.iebc.or.ke/uploads/resources/t5KQ6O4YGp.pdf","false",""
"MEMBER-OF-COUNTY-ASSEMBLY-KEN-C011-CON049-W0247","member_of_county_assembly","ward","KEN-C011-CON049-W0247","Oldonyiro","Lemantile Ltisirian David","KANU","elected","2022 general election, declared 2022-08-22","A","2022-08-22","stale_unverified","IEBC","https://www.iebc.or.ke/uploads/resources/t5KQ6O4YGp.pdf","false",""
"MEMBER-OF-COUNTY-ASSEMBLY-KEN-C011-CON050-W0248","member_of_county_assembly","ward","KEN-C011-CON050-W0248","Garbatulla","Ali Abdirashid Diba","UDM","elected","2022 general election, declared 2022-08-22","A","2022-08-22","stale_unverified","IEBC","https://www.iebc.or.ke/uploads/resources/t5KQ6O4YGp.pdf","false",""
"MEMBER-OF-COUNTY-ASSEMBLY-KEN-C011-CON050-W0249","member_of_county_assembly","ward","KEN-C011-CON050-W0249","Kinna","Dima Jillo Abdinur","UDM","elected","2022 general election, declared 2022-08-22","A","2022-08-22","stale_unverified","IEBC","https://www.iebc.or.ke/uploads/resources/t5KQ6O4YGp.pdf","false",""
"MEMBER-OF-COUNTY-ASSEMBLY-KEN-C011-CON050-W0250","member_of_county_assembly","ward","KEN-C011-CON050-W0250","Sericho","Abdi Godana Abubakar","UDM","elected","2022 general election, declared 2022-08-22","A","2022-08-22","stale_unverified","IEBC","https://www.iebc.or.ke/uploads/resources/t5KQ6O4YGp.pdf","false",""
"MEMBER-OF-COUNTY-ASSEMBLY-KEN-C012-CON051-W0251","member_of_county_assembly","ward","KEN-C012-CON051-W0251","Maua","Miriti Kangwana Duncan","DEP","elected","2022 general election, declared 2022-08-22","A","2022-08-22","stale_unverified","IEBC","https://www.iebc.or.ke/uploads/resources/t5KQ6O4YGp.pdf","false",""
"MEMBER-OF-COUNTY-ASSEMBLY-KEN-C012-CON051-W0252","member_of_county_assembly","ward","KEN-C012-CON051-W0252","Kiegoi/Antubochiu","Joshua Timothy Mutwiri","IND","elected","2022 general election, declared 2022-08-22","A","2022-08-22","stale_unverified","IEBC","https://www.iebc.or.ke/uploads/resources/t5KQ6O4YGp.pdf","false",""
"MEMBER-OF-COUNTY-ASSEMBLY-KEN-C012-CON051-W0253","member_of_county_assembly","ward","KEN-C012-CON051-W0253","Athiru Gaiti","M’Mwaithia Josphat Baariu","IND","elected","2022 general election, declared 2022-08-22","A","2022-08-22","stale_unverified","IEBC","https://www.iebc.or.ke/uploads/resources/t5KQ6O4YGp.pdf","false",""
"MEMBER-OF-COUNTY-ASSEMBLY-KEN-C012-CON051-W0254","member_of_county_assembly","ward","KEN-C012-CON051-W0254","Akachiu","M’Mucheke Silas Mithika","UDA","elected","2022 general election, declared 2022-08-22","A","2022-08-22","stale_unverified","IEBC","https://www.iebc.or.ke/uploads/resources/t5KQ6O4YGp.pdf","false",""
"MEMBER-OF-COUNTY-ASSEMBLY-KEN-C012-CON051-W0255","member_of_county_assembly","ward","KEN-C012-CON051-W0255","Kanuni","Mugambi Josphat","UDA","elected","2022 general election, declared 2022-08-22","A","2022-08-22","stale_unverified","IEBC","https://www.iebc.or.ke/uploads/resources/t5KQ6O4YGp.pdf","false",""
"MEMBER-OF-COUNTY-ASSEMBLY-KEN-C012-CON052-W0256","member_of_county_assembly","ward","KEN-C012-CON052-W0256","Akirang'ondu","Itumitu Morris Ntarangwi","JP","elected","2022 general election, declared 2022-08-22","A","2022-08-22","stale_unverified","IEBC","https://www.iebc.or.ke/uploads/resources/t5KQ6O4YGp.pdf","false",""
"MEMBER-OF-COUNTY-ASSEMBLY-KEN-C012-CON052-W0257","member_of_county_assembly","ward","KEN-C012-CON052-W0257","Athiru Ruujine","Ambau Julius Kabira","PNU","elected","2022 general election, declared 2022-08-22","A","2022-08-22","stale_unverified","IEBC","https://www.iebc.or.ke/uploads/resources/t5KQ6O4YGp.pdf","false",""
"MEMBER-OF-COUNTY-ASSEMBLY-KEN-C012-CON052-W0258","member_of_county_assembly","ward","KEN-C012-CON052-W0258","Igembe East","Mutiria Murithi Titus","DEP","elected","2022 general election, declared 2022-08-22","A","2022-08-22","stale_unverified","IEBC","https://www.iebc.or.ke/uploads/resources/t5KQ6O4YGp.pdf","false",""
"MEMBER-OF-COUNTY-ASSEMBLY-KEN-C012-CON052-W0259","member_of_county_assembly","ward","KEN-C012-CON052-W0259","Njia","Murungi Ali Mwenda","JP","elected","2022 general election, declared 2022-08-22","A","2022-08-22","stale_unverified","IEBC","https://www.iebc.or.ke/uploads/resources/t5KQ6O4YGp.pdf","false",""
"MEMBER-OF-COUNTY-ASSEMBLY-KEN-C012-CON052-W0260","member_of_county_assembly","ward","KEN-C012-CON052-W0260","Kangeta","Stephen Kairi Mbijiwe","DEP","elected","2022 general election, declared 2022-08-22","A","2022-08-22","stale_unverified","IEBC","https://www.iebc.or.ke/uploads/resources/t5KQ6O4YGp.pdf","false",""
"MEMBER-OF-COUNTY-ASSEMBLY-KEN-C012-CON053-W0261","member_of_county_assembly","ward","KEN-C012-CON053-W0261","Antuambui","Kuchiana Mburugu Fredrick","JP","elected","2022 general election, declared 2022-08-22","A","2022-08-22","stale_unverified","IEBC","https://www.iebc.or.ke/uploads/resources/t5KQ6O4YGp.pdf","false",""
"MEMBER-OF-COUNTY-ASSEMBLY-KEN-C012-CON053-W0262","member_of_county_assembly","ward","KEN-C012-CON053-W0262","Ntunene","Muliuki Patrick Mwirigi","JP","elected","2022 general election, declared 2022-08-22","A","2022-08-22","stale_unverified","IEBC","https://www.iebc.or.ke/uploads/resources/t5KQ6O4YGp.pdf","false",""
"MEMBER-OF-COUNTY-ASSEMBLY-KEN-C012-CON053-W0263","member_of_county_assembly","ward","KEN-C012-CON053-W0263","Antubetwe Kiongo","Joseph Maore Nkunja","DEP","elected","2022 general election, declared 2022-08-22","A","2022-08-22","stale_unverified","IEBC","https://www.iebc.or.ke/uploads/resources/t5KQ6O4YGp.pdf","false",""
"MEMBER-OF-COUNTY-ASSEMBLY-KEN-C012-CON053-W0264","member_of_county_assembly","ward","KEN-C012-CON053-W0264","Naathu","Kiunga Joshua Mithiaru","JP","elected","2022 general election, declared 2022-08-22","A","2022-08-22","stale_unverified","IEBC","https://www.iebc.or.ke/uploads/resources/t5KQ6O4YGp.pdf","false",""
"MEMBER-OF-COUNTY-ASSEMBLY-KEN-C012-CON053-W0265","member_of_county_assembly","ward","KEN-C012-CON053-W0265","Amwathi","Thuranira Henry","DEP","elected","2022 general election, declared 2022-08-22","A","2022-08-22","stale_unverified","IEBC","https://www.iebc.or.ke/uploads/resources/t5KQ6O4YGp.pdf","false",""
"MEMBER-OF-COUNTY-ASSEMBLY-KEN-C012-CON054-W0266","member_of_county_assembly","ward","KEN-C012-CON054-W0266","Athwana","Dionisio Jim Muchui","UDA","elected","2022 general election, declared 2022-08-22","A","2022-08-22","stale_unverified","IEBC","https://www.iebc.or.ke/uploads/resources/t5KQ6O4YGp.pdf","false",""
"MEMBER-OF-COUNTY-ASSEMBLY-KEN-C012-CON054-W0267","member_of_county_assembly","ward","KEN-C012-CON054-W0267","Akithii","Ithili Mwenda Joseph","DEP","elected","2022 general election, declared 2022-08-22","A","2022-08-22","stale_unverified","IEBC","https://www.iebc.or.ke/uploads/resources/t5KQ6O4YGp.pdf","false",""
"MEMBER-OF-COUNTY-ASSEMBLY-KEN-C012-CON054-W0268","member_of_county_assembly","ward","KEN-C012-CON054-W0268","Kianjai","Igweta Naibae Ken Mugambi","DEP","elected","2022 general election, declared 2022-08-22","A","2022-08-22","stale_unverified","IEBC","https://www.iebc.or.ke/uploads/resources/t5KQ6O4YGp.pdf","false",""
"MEMBER-OF-COUNTY-ASSEMBLY-KEN-C012-CON054-W0269","member_of_county_assembly","ward","KEN-C012-CON054-W0269","Nkomo","Ethaiba John Kithinji","DEP","elected","2022 general election, declared 2022-08-22","A","2022-08-22","stale_unverified","IEBC","https://www.iebc.or.ke/uploads/resources/t5KQ6O4YGp.pdf","false",""
"MEMBER-OF-COUNTY-ASSEMBLY-KEN-C012-CON054-W0270","member_of_county_assembly","ward","KEN-C012-CON054-W0270","Mbeu","Thuranira John Muguna","DP","elected","2022 general election, declared 2022-08-22","A","2022-08-22","stale_unverified","IEBC","https://www.iebc.or.ke/uploads/resources/t5KQ6O4YGp.pdf","false",""
"MEMBER-OF-COUNTY-ASSEMBLY-KEN-C012-CON055-W0271","member_of_county_assembly","ward","KEN-C012-CON055-W0271","Thangatha","Kimathi Elijah Peter","UDA","elected","2022 general election, declared 2022-08-22","A","2022-08-22","stale_unverified","IEBC","https://www.iebc.or.ke/uploads/resources/t5KQ6O4YGp.pdf","false",""
"MEMBER-OF-COUNTY-ASSEMBLY-KEN-C012-CON055-W0272","member_of_county_assembly","ward","KEN-C012-CON055-W0272","Mikinduri","Miriti Julius","NOPEU","elected","2022 general election, declared 2022-08-22","A","2022-08-22","stale_unverified","IEBC","https://www.iebc.or.ke/uploads/resources/t5KQ6O4YGp.pdf","false",""
"MEMBER-OF-COUNTY-ASSEMBLY-KEN-C012-CON055-W0273","member_of_county_assembly","ward","KEN-C012-CON055-W0273","Kiguchwa","Nchebere Stephen Gakule","NOPEU","elected","2022 general election, declared 2022-08-22","A","2022-08-22","stale_unverified","IEBC","https://www.iebc.or.ke/uploads/resources/t5KQ6O4YGp.pdf","false",""
"MEMBER-OF-COUNTY-ASSEMBLY-KEN-C012-CON055-W0274","member_of_county_assembly","ward","KEN-C012-CON055-W0274","Muthara","Kiramana Aurelio Murangiri","PNU","elected","2022 general election, declared 2022-08-22","A","2022-08-22","stale_unverified","IEBC","https://www.iebc.or.ke/uploads/resources/t5KQ6O4YGp.pdf","false",""
"MEMBER-OF-COUNTY-ASSEMBLY-KEN-C012-CON055-W0275","member_of_county_assembly","ward","KEN-C012-CON055-W0275","Karama","Mung’athia James Mugambi","PNU","elected","2022 general election, declared 2022-08-22","A","2022-08-22","stale_unverified","IEBC","https://www.iebc.or.ke/uploads/resources/t5KQ6O4YGp.pdf","false",""
"MEMBER-OF-COUNTY-ASSEMBLY-KEN-C012-CON056-W0276","member_of_county_assembly","ward","KEN-C012-CON056-W0276","Municipality","Kibuko Caleb Mutethia","UDA","elected","2022 general election, declared 2022-08-22","A","2022-08-22","stale_unverified","IEBC","https://www.iebc.or.ke/uploads/resources/t5KQ6O4YGp.pdf","false",""
"MEMBER-OF-COUNTY-ASSEMBLY-KEN-C012-CON056-W0277","member_of_county_assembly","ward","KEN-C012-CON056-W0277","Ntima East","Mikwa Daniel Mukoronia","IND","elected","2022 general election, declared 2022-08-22","A","2022-08-22","stale_unverified","IEBC","https://www.iebc.or.ke/uploads/resources/t5KQ6O4YGp.pdf","false",""
"MEMBER-OF-COUNTY-ASSEMBLY-KEN-C012-CON056-W0278","member_of_county_assembly","ward","KEN-C012-CON056-W0278","Ntima West","Ntururu Patrick Kathurima","DP","elected","2022 general election, declared 2022-08-22","A","2022-08-22","stale_unverified","IEBC","https://www.iebc.or.ke/uploads/resources/t5KQ6O4YGp.pdf","false",""
"MEMBER-OF-COUNTY-ASSEMBLY-KEN-C012-CON056-W0280","member_of_county_assembly","ward","KEN-C012-CON056-W0280","Nyaki East","Josphat Nicholas Kinyua","PNU","elected","2022 general election, declared 2022-08-22","A","2022-08-22","stale_unverified","IEBC","https://www.iebc.or.ke/uploads/resources/t5KQ6O4YGp.pdf","false",""
"MEMBER-OF-COUNTY-ASSEMBLY-KEN-C012-CON057-W0281","member_of_county_assembly","ward","KEN-C012-CON057-W0281","Timau","Muriungi Martin Kimathi","IND","elected","2022 general election, declared 2022-08-22","A","2022-08-22","stale_unverified","IEBC","https://www.iebc.or.ke/uploads/resources/t5KQ6O4YGp.pdf","false",""
"MEMBER-OF-COUNTY-ASSEMBLY-KEN-C012-CON057-W0282","member_of_county_assembly","ward","KEN-C012-CON057-W0282","Kisima","Mutuma Patrick","UDA","elected","2022 general election, declared 2022-08-22","A","2022-08-22","stale_unverified","IEBC","https://www.iebc.or.ke/uploads/resources/t5KQ6O4YGp.pdf","false",""
"MEMBER-OF-COUNTY-ASSEMBLY-KEN-C012-CON057-W0283","member_of_county_assembly","ward","KEN-C012-CON057-W0283","Kiirua/Naari","Mworongocho Jenniffer Makena","DEP","elected","2022 general election, declared 2022-08-22","A","2022-08-22","stale_unverified","IEBC","https://www.iebc.or.ke/uploads/resources/t5KQ6O4YGp.pdf","false",""
"MEMBER-OF-COUNTY-ASSEMBLY-KEN-C012-CON057-W0284","member_of_county_assembly","ward","KEN-C012-CON057-W0284","Ruiri/Rwarera","Mwiringi Felix Kithinji","DEP","elected","2022 general election, declared 2022-08-22","A","2022-08-22","stale_unverified","IEBC","https://www.iebc.or.ke/uploads/resources/t5KQ6O4YGp.pdf","false",""
"MEMBER-OF-COUNTY-ASSEMBLY-KEN-C012-CON057-W0285","member_of_county_assembly","ward","KEN-C012-CON057-W0285","Kibirichia","Muthuri Jacob Mwiringi","UDA","elected","2022 general election, declared 2022-08-22","B","2022-08-22","stale_unverified","IEBC","https://www.iebc.or.ke/uploads/resources/t5KQ6O4YGp.pdf","false",""
"MEMBER-OF-COUNTY-ASSEMBLY-KEN-C012-CON058-W0286","member_of_county_assembly","ward","KEN-C012-CON058-W0286","Mwanganthia","Mugambi Joseph Njuki","DEP","elected","2022 general election, declared 2022-08-22","B","2022-08-22","stale_unverified","IEBC","https://www.iebc.or.ke/uploads/resources/t5KQ6O4YGp.pdf","false",""
"MEMBER-OF-COUNTY-ASSEMBLY-KEN-C012-CON058-W0287","member_of_county_assembly","ward","KEN-C012-CON058-W0287","Abothuguchi Central","Mutea Douglas","UDA","elected","2022 general election, declared 2022-08-22","B","2022-08-22","stale_unverified","IEBC","https://www.iebc.or.ke/uploads/resources/t5KQ6O4YGp.pdf","false",""
"MEMBER-OF-COUNTY-ASSEMBLY-KEN-C012-CON058-W0288","member_of_county_assembly","ward","KEN-C012-CON058-W0288","Abothuguchi West","Murithi Patrick Muthuri","IND","elected","2022 general election, declared 2022-08-22","B","2022-08-22","stale_unverified","IEBC","https://www.iebc.or.ke/uploads/resources/t5KQ6O4YGp.pdf","false",""
"MEMBER-OF-COUNTY-ASSEMBLY-KEN-C012-CON058-W0289","member_of_county_assembly","ward","KEN-C012-CON058-W0289","Kiagu","Ngaruni Simon Kiambi","UDA","elected","2022 general election, declared 2022-08-22","B","2022-08-22","stale_unverified","IEBC","https://www.iebc.or.ke/uploads/resources/t5KQ6O4YGp.pdf","false",""
"MEMBER-OF-COUNTY-ASSEMBLY-KEN-C012-CON059-W0290","member_of_county_assembly","ward","KEN-C012-CON059-W0290","Mitunguu","Kaaria Evans Mawira","UDA","elected","2022 general election, declared 2022-08-22","A","2022-08-22","stale_unverified","IEBC","https://www.iebc.or.ke/uploads/resources/t5KQ6O4YGp.pdf","false",""
"MEMBER-OF-COUNTY-ASSEMBLY-KEN-C012-CON059-W0291","member_of_county_assembly","ward","KEN-C012-CON059-W0291","Igoji East","Paul Damiano Muchui","JP","elected","2022 general election, declared 2022-08-22","A","2022-08-22","stale_unverified","IEBC","https://www.iebc.or.ke/uploads/resources/t5KQ6O4YGp.pdf","false",""
"MEMBER-OF-COUNTY-ASSEMBLY-KEN-C012-CON059-W0292","member_of_county_assembly","ward","KEN-C012-CON059-W0292","Igoji West","Mbiuki Godwin Mutembei","DEP","elected","2022 general election, declared 2022-08-22","A","2022-08-22","stale_unverified","IEBC","https://www.iebc.or.ke/uploads/resources/t5KQ6O4YGp.pdf","false",""
"MEMBER-OF-COUNTY-ASSEMBLY-KEN-C012-CON059-W0293","member_of_county_assembly","ward","KEN-C012-CON059-W0293","Abogeta East","Thuranira Haron Guantai","UDA","elected","2022 general election, declared 2022-08-22","A","2022-08-22","stale_unverified","IEBC","https://www.iebc.or.ke/uploads/resources/t5KQ6O4YGp.pdf","false",""
"MEMBER-OF-COUNTY-ASSEMBLY-KEN-C012-CON059-W0294","member_of_county_assembly","ward","KEN-C012-CON059-W0294","Abogeta West","Dmk Dennis Kiogora","DEP","elected","2022 general election, declared 2022-08-22","A","2022-08-22","stale_unverified","IEBC","https://www.iebc.or.ke/uploads/resources/t5KQ6O4YGp.pdf","false",""
"MEMBER-OF-COUNTY-ASSEMBLY-KEN-C012-CON059-W0295","member_of_county_assembly","ward","KEN-C012-CON059-W0295","Nkuene","Itonga Martin Koome","UDA","elected","2022 general election, declared 2022-08-22","A","2022-08-22","stale_unverified","IEBC","https://www.iebc.or.ke/uploads/resources/t5KQ6O4YGp.pdf","false",""
"MEMBER-OF-COUNTY-ASSEMBLY-KEN-C013-CON060-W0296","member_of_county_assembly","ward","KEN-C013-CON060-W0296","Mitheru","Ntwiga Nevert","TSP","elected","2022 general election, declared 2022-08-22","A","2022-08-22","stale_unverified","IEBC","https://www.iebc.or.ke/uploads/resources/t5KQ6O4YGp.pdf","false",""
"MEMBER-OF-COUNTY-ASSEMBLY-KEN-C013-CON060-W0297","member_of_county_assembly","ward","KEN-C013-CON060-W0297","Muthambi","Gitonga Morris Maugu","UDA","elected","2022 general election, declared 2022-08-22","A","2022-08-22","stale_unverified","IEBC","https://www.iebc.or.ke/uploads/resources/t5KQ6O4YGp.pdf","false",""
"MEMBER-OF-COUNTY-ASSEMBLY-KEN-C013-CON060-W0298","member_of_county_assembly","ward","KEN-C013-CON060-W0298","Mwimbi","Kabii Jones Kinegeni","UDA","elected","2022 general election, declared 2022-08-22","A","2022-08-22","stale_unverified","IEBC","https://www.iebc.or.ke/uploads/resources/t5KQ6O4YGp.pdf","false",""
"MEMBER-OF-COUNTY-ASSEMBLY-KEN-C013-CON060-W0299","member_of_county_assembly","ward","KEN-C013-CON060-W0299","Ganga","Mbae Lysbeth Gatiria","IND","elected","2022 general election, declared 2022-08-22","A","2022-08-22","stale_unverified","IEBC","https://www.iebc.or.ke/uploads/resources/t5KQ6O4YGp.pdf","false",""
"MEMBER-OF-COUNTY-ASSEMBLY-KEN-C013-CON060-W0300","member_of_county_assembly","ward","KEN-C013-CON060-W0300","Chogoria","Nyaga Frankline Mawira","IND","elected","2022 general election, declared 2022-08-22","A","2022-08-22","stale_unverified","IEBC","https://www.iebc.or.ke/uploads/resources/t5KQ6O4YGp.pdf","false",""
"MEMBER-OF-COUNTY-ASSEMBLY-KEN-C013-CON061-W0301","member_of_county_assembly","ward","KEN-C013-CON061-W0301","Mariani","Mbae Anita Karimi","UDA","elected","2022 general election, declared 2022-08-22","A","2022-08-22","stale_unverified","IEBC","https://www.iebc.or.ke/uploads/resources/t5KQ6O4YGp.pdf","false",""
"MEMBER-OF-COUNTY-ASSEMBLY-KEN-C013-CON061-W0302","member_of_county_assembly","ward","KEN-C013-CON061-W0302","Karingani","Muchiri Godfrey Murithi","UDA","elected","2022 general election, declared 2022-08-22","A","2022-08-22","stale_unverified","IEBC","https://www.iebc.or.ke/uploads/resources/t5KQ6O4YGp.pdf","false",""
"MEMBER-OF-COUNTY-ASSEMBLY-KEN-C013-CON061-W0303","member_of_county_assembly","ward","KEN-C013-CON061-W0303","Magumoni","Nderi Justin Kithinji S.","UDA","elected","2022 general election, declared 2022-08-22","A","2022-08-22","stale_unverified","IEBC","https://www.iebc.or.ke/uploads/resources/t5KQ6O4YGp.pdf","false",""
"MEMBER-OF-COUNTY-ASSEMBLY-KEN-C013-CON061-W0304","member_of_county_assembly","ward","KEN-C013-CON061-W0304","Mugwe","Kiriko Jacob Murimi Ndeke","TSP","elected","2022 general election, declared 2022-08-22","A","2022-08-22","stale_unverified","IEBC","https://www.iebc.or.ke/uploads/resources/t5KQ6O4YGp.pdf","false",""
"MEMBER-OF-COUNTY-ASSEMBLY-KEN-C013-CON061-W0305","member_of_county_assembly","ward","KEN-C013-CON061-W0305","Igambang'ombe","John Joseph Njeru","UDA","elected","2022 general election, declared 2022-08-22","A","2022-08-22","stale_unverified","IEBC","https://www.iebc.or.ke/uploads/resources/t5KQ6O4YGp.pdf","false",""
"MEMBER-OF-COUNTY-ASSEMBLY-KEN-C013-CON062-W0306","member_of_county_assembly","ward","KEN-C013-CON062-W0306","Gatunga","Mugao Salvestas Kanyaru","IND","elected","2022 general election, declared 2022-08-22","A","2022-08-22","stale_unverified","IEBC","https://www.iebc.or.ke/uploads/resources/t5KQ6O4YGp.pdf","false",""
"MEMBER-OF-COUNTY-ASSEMBLY-KEN-C013-CON062-W0307","member_of_county_assembly","ward","KEN-C013-CON062-W0307","Mukothima","Marengo Luke Nyagah Njeru","UDA","elected","2022 general election, declared 2022-08-22","A","2022-08-22","stale_unverified","IEBC","https://www.iebc.or.ke/uploads/resources/t5KQ6O4YGp.pdf","false",""
"MEMBER-OF-COUNTY-ASSEMBLY-KEN-C013-CON062-W0308","member_of_county_assembly","ward","KEN-C013-CON062-W0308","Nkondi","Kithuka Gitonga Leonard","UDA","elected","2022 general election, declared 2022-08-22","A","2022-08-22","stale_unverified","IEBC","https://www.iebc.or.ke/uploads/resources/t5KQ6O4YGp.pdf","false",""
"MEMBER-OF-COUNTY-ASSEMBLY-KEN-C013-CON062-W0309","member_of_county_assembly","ward","KEN-C013-CON062-W0309","Chiakariga","Njagi Joseph Kinyua","UDA","elected","2022 general election, declared 2022-08-22","A","2022-08-22","stale_unverified","IEBC","https://www.iebc.or.ke/uploads/resources/t5KQ6O4YGp.pdf","false",""
"MEMBER-OF-COUNTY-ASSEMBLY-KEN-C013-CON062-W0310","member_of_county_assembly","ward","KEN-C013-CON062-W0310","Marimanti","Kamunyu Kennedy","UDA","elected","2022 general election, declared 2022-08-22","A","2022-08-22","stale_unverified","IEBC","https://www.iebc.or.ke/uploads/resources/t5KQ6O4YGp.pdf","false",""
"MEMBER-OF-COUNTY-ASSEMBLY-KEN-C014-CON063-W0311","member_of_county_assembly","ward","KEN-C014-CON063-W0311","Ruguru/Ngandori","Muturi Harrison Sammy","IND","elected","2022 general election, declared 2022-08-22","A","2022-08-22","stale_unverified","IEBC","https://www.iebc.or.ke/uploads/resources/t5KQ6O4YGp.pdf","false",""
"MEMBER-OF-COUNTY-ASSEMBLY-KEN-C014-CON063-W0312","member_of_county_assembly","ward","KEN-C014-CON063-W0312","Kithimu","Karuri Julius Njagi","UDA","elected","2022 general election, declared 2022-08-22","A","2022-08-22","stale_unverified","IEBC","https://www.iebc.or.ke/uploads/resources/t5KQ6O4YGp.pdf","false",""
"MEMBER-OF-COUNTY-ASSEMBLY-KEN-C014-CON063-W0313","member_of_county_assembly","ward","KEN-C014-CON063-W0313","Nginda","Kithinji Maurice Macharia","UDA","elected","2022 general election, declared 2022-08-22","A","2022-08-22","stale_unverified","IEBC","https://www.iebc.or.ke/uploads/resources/t5KQ6O4YGp.pdf","false",""
"MEMBER-OF-COUNTY-ASSEMBLY-KEN-C014-CON063-W0314","member_of_county_assembly","ward","KEN-C014-CON063-W0314","Mbeti North","Nyaga Peter Muriithi","UDA","elected","2022 general election, declared 2022-08-22","A","2022-08-22","stale_unverified","IEBC","https://www.iebc.or.ke/uploads/resources/t5KQ6O4YGp.pdf","false",""
"MEMBER-OF-COUNTY-ASSEMBLY-KEN-C014-CON063-W0315","member_of_county_assembly","ward","KEN-C014-CON063-W0315","Kirimari","Swaleh Ibrahim","UDA","elected","2022 general election, declared 2022-08-22","A","2022-08-22","stale_unverified","IEBC","https://www.iebc.or.ke/uploads/resources/t5KQ6O4YGp.pdf","false",""
"MEMBER-OF-COUNTY-ASSEMBLY-KEN-C014-CON063-W0316","member_of_county_assembly","ward","KEN-C014-CON063-W0316","Gaturi South","Gatumu Fredrick Mugendi","CCK","elected","2022 general election, declared 2022-08-22","A","2022-08-22","stale_unverified","IEBC","https://www.iebc.or.ke/uploads/resources/t5KQ6O4YGp.pdf","false",""
"MEMBER-OF-COUNTY-ASSEMBLY-KEN-C014-CON064-W0317","member_of_county_assembly","ward","KEN-C014-CON064-W0317","Gaturi North","Njiru Paul Muchangi","NARC K","elected","2022 general election, declared 2022-08-22","A","2022-08-22","stale_unverified","IEBC","https://www.iebc.or.ke/uploads/resources/t5KQ6O4YGp.pdf","false",""
"MEMBER-OF-COUNTY-ASSEMBLY-KEN-C014-CON064-W0318","member_of_county_assembly","ward","KEN-C014-CON064-W0318","Kagaari South","Nyaga Susan Wairimu","UDA","elected","2022 general election, declared 2022-08-22","A","2022-08-22","stale_unverified","IEBC","https://www.iebc.or.ke/uploads/resources/t5KQ6O4YGp.pdf","false",""
"MEMBER-OF-COUNTY-ASSEMBLY-KEN-C014-CON064-W0319","member_of_county_assembly","ward","KEN-C014-CON064-W0319","Central Ward","Njiru Edwin Muriithi","TSP","elected","2022 general election, declared 2022-08-22","B","2022-08-22","stale_unverified","IEBC","https://www.iebc.or.ke/uploads/resources/t5KQ6O4YGp.pdf","false",""
"MEMBER-OF-COUNTY-ASSEMBLY-KEN-C014-CON064-W0320","member_of_county_assembly","ward","KEN-C014-CON064-W0320","Kagaari North","Njuki Johnson Mucangi","UDA","elected","2022 general election, declared 2022-08-22","A","2022-08-22","stale_unverified","IEBC","https://www.iebc.or.ke/uploads/resources/t5KQ6O4YGp.pdf","false",""
"MEMBER-OF-COUNTY-ASSEMBLY-KEN-C014-CON064-W0321","member_of_county_assembly","ward","KEN-C014-CON064-W0321","Kyeni North","Mbuchi Terry.C Wanja","UDA","elected","2022 general election, declared 2022-08-22","A","2022-08-22","stale_unverified","IEBC","https://www.iebc.or.ke/uploads/resources/t5KQ6O4YGp.pdf","false",""
"MEMBER-OF-COUNTY-ASSEMBLY-KEN-C014-CON064-W0322","member_of_county_assembly","ward","KEN-C014-CON064-W0322","Kyeni South","Kanyua Barbanas Njama","UDA","elected","2022 general election, declared 2022-08-22","A","2022-08-22","stale_unverified","IEBC","https://www.iebc.or.ke/uploads/resources/t5KQ6O4YGp.pdf","false",""
"MEMBER-OF-COUNTY-ASSEMBLY-KEN-C014-CON065-W0323","member_of_county_assembly","ward","KEN-C014-CON065-W0323","Mwea","Munyambu Job Itumo","PNU","elected","2022 general election, declared 2022-08-22","B","2022-08-22","stale_unverified","IEBC","https://www.iebc.or.ke/uploads/resources/t5KQ6O4YGp.pdf","false",""
"MEMBER-OF-COUNTY-ASSEMBLY-KEN-C014-CON065-W0324","member_of_county_assembly","ward","KEN-C014-CON065-W0324","Makima","Nzangi Philip Kinyutu","WDM","elected","2022 general election, declared 2022-08-22","A","2022-08-22","stale_unverified","IEBC","https://www.iebc.or.ke/uploads/resources/t5KQ6O4YGp.pdf","false",""
"MEMBER-OF-COUNTY-ASSEMBLY-KEN-C014-CON065-W0325","member_of_county_assembly","ward","KEN-C014-CON065-W0325","Mbeti South","Kiura Murithi Njagi","JP","elected","2022 general election, declared 2022-08-22","A","2022-08-22","stale_unverified","IEBC","https://www.iebc.or.ke/uploads/resources/t5KQ6O4YGp.pdf","false",""
"MEMBER-OF-COUNTY-ASSEMBLY-KEN-C014-CON065-W0326","member_of_county_assembly","ward","KEN-C014-CON065-W0326","Mavuria","Mbaka John Ngari","DEP","elected","2022 general election, declared 2022-08-22","A","2022-08-22","stale_unverified","IEBC","https://www.iebc.or.ke/uploads/resources/t5KQ6O4YGp.pdf","false",""
"MEMBER-OF-COUNTY-ASSEMBLY-KEN-C014-CON065-W0327","member_of_county_assembly","ward","KEN-C014-CON065-W0327","Kiambere","Mwaniki Masters Leonard Muriuki","DEP","elected","2022 general election, declared 2022-08-22","A","2022-08-22","stale_unverified","IEBC","https://www.iebc.or.ke/uploads/resources/t5KQ6O4YGp.pdf","false",""
"MEMBER-OF-COUNTY-ASSEMBLY-KEN-C014-CON066-W0328","member_of_county_assembly","ward","KEN-C014-CON066-W0328","Nthawa","Githumbu Samuel Njeru","DEP","elected","2022 general election, declared 2022-08-22","A","2022-08-22","stale_unverified","IEBC","https://www.iebc.or.ke/uploads/resources/t5KQ6O4YGp.pdf","false",""
"MEMBER-OF-COUNTY-ASSEMBLY-KEN-C014-CON066-W0329","member_of_county_assembly","ward","KEN-C014-CON066-W0329","Muminji","Ndwiga Newton Kariuki","DEP","elected","2022 general election, declared 2022-08-22","A","2022-08-22","stale_unverified","IEBC","https://www.iebc.or.ke/uploads/resources/t5KQ6O4YGp.pdf","false",""
"MEMBER-OF-COUNTY-ASSEMBLY-KEN-C014-CON066-W0330","member_of_county_assembly","ward","KEN-C014-CON066-W0330","Evurore","Mbui Duncan Ireri","IND","elected","2022 general election, declared 2022-08-22","A","2022-08-22","stale_unverified","IEBC","https://www.iebc.or.ke/uploads/resources/t5KQ6O4YGp.pdf","false",""
"MEMBER-OF-COUNTY-ASSEMBLY-KEN-C015-CON067-W0331","member_of_county_assembly","ward","KEN-C015-CON067-W0331","Ngomeni","Ngwele Joseph Nzungi","IND","elected","2022 general election, declared 2022-08-22","A","2022-08-22","stale_unverified","IEBC","https://www.iebc.or.ke/uploads/resources/t5KQ6O4YGp.pdf","false",""
"MEMBER-OF-COUNTY-ASSEMBLY-KEN-C015-CON067-W0332","member_of_county_assembly","ward","KEN-C015-CON067-W0332","Kyuso","Mwinzi Munyoki","WDM","elected","2022 general election, declared 2022-08-22","A","2022-08-22","stale_unverified","IEBC","https://www.iebc.or.ke/uploads/resources/t5KQ6O4YGp.pdf","false",""
"MEMBER-OF-COUNTY-ASSEMBLY-KEN-C015-CON067-W0333","member_of_county_assembly","ward","KEN-C015-CON067-W0333","Mumoni","Kasinga Titus Munyoki","CCU","elected","2022 general election, declared 2022-08-22","A","2022-08-22","stale_unverified","IEBC","https://www.iebc.or.ke/uploads/resources/t5KQ6O4YGp.pdf","false",""
"MEMBER-OF-COUNTY-ASSEMBLY-KEN-C015-CON067-W0334","member_of_county_assembly","ward","KEN-C015-CON067-W0334","Tseikuru","Muange Daniel Kimanzi","WDM","elected","2022 general election, declared 2022-08-22","A","2022-08-22","stale_unverified","IEBC","https://www.iebc.or.ke/uploads/resources/t5KQ6O4YGp.pdf","false",""
"MEMBER-OF-COUNTY-ASSEMBLY-KEN-C015-CON067-W0335","member_of_county_assembly","ward","KEN-C015-CON067-W0335","Tharaka","Ndagara Godfrey Muthengi","WDM","elected","2022 general election, declared 2022-08-22","A","2022-08-22","stale_unverified","IEBC","https://www.iebc.or.ke/uploads/resources/t5KQ6O4YGp.pdf","false",""
"MEMBER-OF-COUNTY-ASSEMBLY-KEN-C015-CON068-W0337","member_of_county_assembly","ward","KEN-C015-CON068-W0337","Nguutani","Katana Stephen Ileve","IND","elected","2022 general election, declared 2022-08-22","A","2022-08-22","stale_unverified","IEBC","https://www.iebc.or.ke/uploads/resources/t5KQ6O4YGp.pdf","false",""
"MEMBER-OF-COUNTY-ASSEMBLY-KEN-C015-CON068-W0338","member_of_county_assembly","ward","KEN-C015-CON068-W0338","Migwani","Mawia Harrison Maluki","WDM","elected","2022 general election, declared 2022-08-22","A","2022-08-22","stale_unverified","IEBC","https://www.iebc.or.ke/uploads/resources/t5KQ6O4YGp.pdf","false",""
"MEMBER-OF-COUNTY-ASSEMBLY-KEN-C015-CON068-W0339","member_of_county_assembly","ward","KEN-C015-CON068-W0339","Kiomo/Kyethani","Musyoka Anthony Musyimi","WDM","elected","2022 general election, declared 2022-08-22","A","2022-08-22","stale_unverified","IEBC","https://www.iebc.or.ke/uploads/resources/t5KQ6O4YGp.pdf","false",""
"MEMBER-OF-COUNTY-ASSEMBLY-KEN-C015-CON069-W0340","member_of_county_assembly","ward","KEN-C015-CON069-W0340","Central","Munyasya Benard Mwangangi","WDM","elected","2022 general election, declared 2022-08-22","A","2022-08-22","stale_unverified","IEBC","https://www.iebc.or.ke/uploads/resources/t5KQ6O4YGp.pdf","false",""
"MEMBER-OF-COUNTY-ASSEMBLY-KEN-C015-CON069-W0341","member_of_county_assembly","ward","KEN-C015-CON069-W0341","Kivou","Munyithya Sammy Musili","WDM","elected","2022 general election, declared 2022-08-22","A","2022-08-22","stale_unverified","IEBC","https://www.iebc.or.ke/uploads/resources/t5KQ6O4YGp.pdf","false",""
"MEMBER-OF-COUNTY-ASSEMBLY-KEN-C015-CON069-W0342","member_of_county_assembly","ward","KEN-C015-CON069-W0342","Nguni","Mutua Jeremiah Musee","NARC","elected","2022 general election, declared 2022-08-22","A","2022-08-22","stale_unverified","IEBC","https://www.iebc.or.ke/uploads/resources/t5KQ6O4YGp.pdf","false",""
"MEMBER-OF-COUNTY-ASSEMBLY-KEN-C015-CON069-W0343","member_of_county_assembly","ward","KEN-C015-CON069-W0343","Nuu","Kasyoka Judith Wanza","IND","elected","2022 general election, declared 2022-08-22","A","2022-08-22","stale_unverified","IEBC","https://www.iebc.or.ke/uploads/resources/t5KQ6O4YGp.pdf","false",""
"MEMBER-OF-COUNTY-ASSEMBLY-KEN-C015-CON069-W0344","member_of_county_assembly","ward","KEN-C015-CON069-W0344","Mui","Muthami Cornelius Ngumbau","IND","elected","2022 general election, declared 2022-08-22","A","2022-08-22","stale_unverified","IEBC","https://www.iebc.or.ke/uploads/resources/t5KQ6O4YGp.pdf","false",""
"MEMBER-OF-COUNTY-ASSEMBLY-KEN-C015-CON069-W0345","member_of_county_assembly","ward","KEN-C015-CON069-W0345","Waita","Kavula Joseph Kasungi","IND","elected","2022 general election, declared 2022-08-22","A","2022-08-22","stale_unverified","IEBC","https://www.iebc.or.ke/uploads/resources/t5KQ6O4YGp.pdf","false",""
"MEMBER-OF-COUNTY-ASSEMBLY-KEN-C015-CON070-W0346","member_of_county_assembly","ward","KEN-C015-CON070-W0346","Mutonguni","Mulandi Ndambu Benjamin","IND","elected","2022 general election, declared 2022-08-22","A","2022-08-22","stale_unverified","IEBC","https://www.iebc.or.ke/uploads/resources/t5KQ6O4YGp.pdf","false",""
"MEMBER-OF-COUNTY-ASSEMBLY-KEN-C015-CON070-W0347","member_of_county_assembly","ward","KEN-C015-CON070-W0347","Kauwi","Mutunga Munyao Gabriel","NARC","elected","2022 general election, declared 2022-08-22","A","2022-08-22","stale_unverified","IEBC","https://www.iebc.or.ke/uploads/resources/t5KQ6O4YGp.pdf","false",""
"MEMBER-OF-COUNTY-ASSEMBLY-KEN-C015-CON070-W0348","member_of_county_assembly","ward","KEN-C015-CON070-W0348","Matinyani","Munyalo Kitheka Sylvester","NARC","elected","2022 general election, declared 2022-08-22","A","2022-08-22","stale_unverified","IEBC","https://www.iebc.or.ke/uploads/resources/t5KQ6O4YGp.pdf","false",""
"MEMBER-OF-COUNTY-ASSEMBLY-KEN-C015-CON070-W0349","member_of_county_assembly","ward","KEN-C015-CON070-W0349","Kwa Mutonga/Kithumula","Maluki Paul","UDA","elected","2022 general election, declared 2022-08-22","A","2022-08-22","stale_unverified","IEBC","https://www.iebc.or.ke/uploads/resources/t5KQ6O4YGp.pdf","false",""
"MEMBER-OF-COUNTY-ASSEMBLY-KEN-C015-CON071-W0350","member_of_county_assembly","ward","KEN-C015-CON071-W0350","Kisasi","Mutemi Nicholas Muema","CPK","elected","2022 general election, declared 2022-08-22","A","2022-08-22","stale_unverified","IEBC","https://www.iebc.or.ke/uploads/resources/t5KQ6O4YGp.pdf","false",""
"MEMBER-OF-COUNTY-ASSEMBLY-KEN-C015-CON071-W0351","member_of_county_assembly","ward","KEN-C015-CON071-W0351","Mbitini","Mwanzia Nzavu","MUUNG ANO","elected","2022 general election, declared 2022-08-22","A","2022-08-22","stale_unverified","IEBC","https://www.iebc.or.ke/uploads/resources/t5KQ6O4YGp.pdf","false",""
"MEMBER-OF-COUNTY-ASSEMBLY-KEN-C015-CON071-W0352","member_of_county_assembly","ward","KEN-C015-CON071-W0352","Kwavonza/Yatta","Nding’o Mark Kitute","IND","elected","2022 general election, declared 2022-08-22","A","2022-08-22","stale_unverified","IEBC","https://www.iebc.or.ke/uploads/resources/t5KQ6O4YGp.pdf","false",""
"MEMBER-OF-COUNTY-ASSEMBLY-KEN-C015-CON071-W0353","member_of_county_assembly","ward","KEN-C015-CON071-W0353","Kanyangi","Katula Boniface Mukwate","WDM","elected","2022 general election, declared 2022-08-22","A","2022-08-22","stale_unverified","IEBC","https://www.iebc.or.ke/uploads/resources/t5KQ6O4YGp.pdf","false",""
"MEMBER-OF-COUNTY-ASSEMBLY-KEN-C015-CON072-W0354","member_of_county_assembly","ward","KEN-C015-CON072-W0354","Miambani","Mutambu Alex Nganga","NARC","elected","2022 general election, declared 2022-08-22","A","2022-08-22","stale_unverified","IEBC","https://www.iebc.or.ke/uploads/resources/t5KQ6O4YGp.pdf","false",""
"MEMBER-OF-COUNTY-ASSEMBLY-KEN-C015-CON072-W0355","member_of_county_assembly","ward","KEN-C015-CON072-W0355","Township","Kimanzi Daniel Ngoima","WDM","elected","2022 general election, declared 2022-08-22","A","2022-08-22","stale_unverified","IEBC","https://www.iebc.or.ke/uploads/resources/t5KQ6O4YGp.pdf","false",""
"MEMBER-OF-COUNTY-ASSEMBLY-KEN-C015-CON072-W0356","member_of_county_assembly","ward","KEN-C015-CON072-W0356","Kyangwithya West","Nzioka Christopher Nzilu","WDM","elected","2022 general election, declared 2022-08-22","A","2022-08-22","stale_unverified","IEBC","https://www.iebc.or.ke/uploads/resources/t5KQ6O4YGp.pdf","false",""
"MEMBER-OF-COUNTY-ASSEMBLY-KEN-C015-CON072-W0357","member_of_county_assembly","ward","KEN-C015-CON072-W0357","Mulango","Kitonyo Peter Mwanza","IND","elected","2022 general election, declared 2022-08-22","A","2022-08-22","stale_unverified","IEBC","https://www.iebc.or.ke/uploads/resources/t5KQ6O4YGp.pdf","false",""
"MEMBER-OF-COUNTY-ASSEMBLY-KEN-C015-CON072-W0358","member_of_county_assembly","ward","KEN-C015-CON072-W0358","Kyangwithya East","Katumbi Boniface Maundu","NARC","elected","2022 general election, declared 2022-08-22","A","2022-08-22","stale_unverified","IEBC","https://www.iebc.or.ke/uploads/resources/t5KQ6O4YGp.pdf","false",""
"MEMBER-OF-COUNTY-ASSEMBLY-KEN-C015-CON073-W0359","member_of_county_assembly","ward","KEN-C015-CON073-W0359","Zombe/Mwitika","Munyao Malinga","UDA","elected","2022 general election, declared 2022-08-22","A","2022-08-22","stale_unverified","IEBC","https://www.iebc.or.ke/uploads/resources/t5KQ6O4YGp.pdf","false",""
"MEMBER-OF-COUNTY-ASSEMBLY-KEN-C015-CON073-W0360","member_of_county_assembly","ward","KEN-C015-CON073-W0360","Chuluni","Vuthi Mathew Ngovi","WDM","elected","2022 general election, declared 2022-08-22","B","2022-08-22","stale_unverified","IEBC","https://www.iebc.or.ke/uploads/resources/t5KQ6O4YGp.pdf","false",""
"MEMBER-OF-COUNTY-ASSEMBLY-KEN-C015-CON073-W0361","member_of_county_assembly","ward","KEN-C015-CON073-W0361","Nzambani","Mbite Joseph Musyoka","IND","elected","2022 general election, declared 2022-08-22","B","2022-08-22","stale_unverified","IEBC","https://www.iebc.or.ke/uploads/resources/t5KQ6O4YGp.pdf","false",""
"MEMBER-OF-COUNTY-ASSEMBLY-KEN-C015-CON073-W0362","member_of_county_assembly","ward","KEN-C015-CON073-W0362","Voo/Kyamatu","Syengo Zacchaeus Ivutha","WDM","elected","2022 general election, declared 2022-08-22","A","2022-08-22","stale_unverified","IEBC","https://www.iebc.or.ke/uploads/resources/t5KQ6O4YGp.pdf","false",""
"MEMBER-OF-COUNTY-ASSEMBLY-KEN-C015-CON073-W0363","member_of_county_assembly","ward","KEN-C015-CON073-W0363","Endau/Malalani","Mbuno Erastus Musyoka","WDM","elected","2022 general election, declared 2022-08-22","A","2022-08-22","stale_unverified","IEBC","https://www.iebc.or.ke/uploads/resources/t5KQ6O4YGp.pdf","false",""
"MEMBER-OF-COUNTY-ASSEMBLY-KEN-C015-CON073-W0364","member_of_county_assembly","ward","KEN-C015-CON073-W0364","Mutito/Kaliku","Kasele Aron Kilonzi","UDA","elected","2022 general election, declared 2022-08-22","B","2022-08-22","stale_unverified","IEBC","https://www.iebc.or.ke/uploads/resources/t5KQ6O4YGp.pdf","false",""
"MEMBER-OF-COUNTY-ASSEMBLY-KEN-C015-CON074-W0365","member_of_county_assembly","ward","KEN-C015-CON074-W0365","Ikanga/Kyatune","Musyoka Cyrus Kisavi","WDM","elected","2022 general election, declared 2022-08-22","A","2022-08-22","stale_unverified","IEBC","https://www.iebc.or.ke/uploads/resources/t5KQ6O4YGp.pdf","false",""
"MEMBER-OF-COUNTY-ASSEMBLY-KEN-C015-CON074-W0366","member_of_county_assembly","ward","KEN-C015-CON074-W0366","Mutomo","Munyau David Masaku","JP","elected","2022 general election, declared 2022-08-22","A","2022-08-22","stale_unverified","IEBC","https://www.iebc.or.ke/uploads/resources/t5KQ6O4YGp.pdf","false",""
"MEMBER-OF-COUNTY-ASSEMBLY-KEN-C015-CON074-W0367","member_of_county_assembly","ward","KEN-C015-CON074-W0367","Mutha","Isumail Dominic Mwamisi","GTAP","elected","2022 general election, declared 2022-08-22","A","2022-08-22","stale_unverified","IEBC","https://www.iebc.or.ke/uploads/resources/t5KQ6O4YGp.pdf","false",""
"MEMBER-OF-COUNTY-ASSEMBLY-KEN-C015-CON074-W0368","member_of_county_assembly","ward","KEN-C015-CON074-W0368","Ikutha","Mwandia Hussein","NARC","elected","2022 general election, declared 2022-08-22","A","2022-08-22","stale_unverified","IEBC","https://www.iebc.or.ke/uploads/resources/t5KQ6O4YGp.pdf","false",""
"MEMBER-OF-COUNTY-ASSEMBLY-KEN-C015-CON074-W0369","member_of_county_assembly","ward","KEN-C015-CON074-W0369","Kanziko","Kimuli Kyalo","JP","elected","2022 general election, declared 2022-08-22","A","2022-08-22","stale_unverified","IEBC","https://www.iebc.or.ke/uploads/resources/t5KQ6O4YGp.pdf","false",""
"MEMBER-OF-COUNTY-ASSEMBLY-KEN-C015-CON074-W0370","member_of_county_assembly","ward","KEN-C015-CON074-W0370","Athi","Kieti Muthama Musyoka","NARC","elected","2022 general election, declared 2022-08-22","A","2022-08-22","stale_unverified","IEBC","https://www.iebc.or.ke/uploads/resources/t5KQ6O4YGp.pdf","false",""
"MEMBER-OF-COUNTY-ASSEMBLY-KEN-C016-CON075-W0371","member_of_county_assembly","ward","KEN-C016-CON075-W0371","Kivaa","Nzioka Aliphonce Mutinda","MCCP","elected","2022 general election, declared 2022-08-22","A","2022-08-22","stale_unverified","IEBC","https://www.iebc.or.ke/uploads/resources/t5KQ6O4YGp.pdf","false",""
"MEMBER-OF-COUNTY-ASSEMBLY-KEN-C016-CON075-W0372","member_of_county_assembly","ward","KEN-C016-CON075-W0372","Masinga Central","Mwonga Joshua Kiilu","WDM","elected","2022 general election, declared 2022-08-22","A","2022-08-22","stale_unverified","IEBC","https://www.iebc.or.ke/uploads/resources/t5KQ6O4YGp.pdf","false",""
"MEMBER-OF-COUNTY-ASSEMBLY-KEN-C016-CON075-W0373","member_of_county_assembly","ward","KEN-C016-CON075-W0373","Ekalakala","Mwanthi Stephen Nzue","WDM","elected","2022 general election, declared 2022-08-22","A","2022-08-22","stale_unverified","IEBC","https://www.iebc.or.ke/uploads/resources/t5KQ6O4YGp.pdf","false",""
"MEMBER-OF-COUNTY-ASSEMBLY-KEN-C016-CON075-W0374","member_of_county_assembly","ward","KEN-C016-CON075-W0374","Muthesya","Muindi Daniel Musyoka","WDM","elected","2022 general election, declared 2022-08-22","A","2022-08-22","stale_unverified","IEBC","https://www.iebc.or.ke/uploads/resources/t5KQ6O4YGp.pdf","false",""
"MEMBER-OF-COUNTY-ASSEMBLY-KEN-C016-CON075-W0375","member_of_county_assembly","ward","KEN-C016-CON075-W0375","Ndithini","Musila Paul Muoki","WDM","elected","2022 general election, declared 2022-08-22","A","2022-08-22","stale_unverified","IEBC","https://www.iebc.or.ke/uploads/resources/t5KQ6O4YGp.pdf","false",""
"MEMBER-OF-COUNTY-ASSEMBLY-KEN-C016-CON076-W0376","member_of_county_assembly","ward","KEN-C016-CON076-W0376","Ndalani","Kitaka Francis Kyalo","WDM","elected","2022 general election, declared 2022-08-22","A","2022-08-22","stale_unverified","IEBC","https://www.iebc.or.ke/uploads/resources/t5KQ6O4YGp.pdf","false",""
"MEMBER-OF-COUNTY-ASSEMBLY-KEN-C016-CON076-W0377","member_of_county_assembly","ward","KEN-C016-CON076-W0377","Matuu","Ndawa Judas Mbili","MCCP","elected","2022 general election, declared 2022-08-22","A","2022-08-22","stale_unverified","IEBC","https://www.iebc.or.ke/uploads/resources/t5KQ6O4YGp.pdf","false",""
"MEMBER-OF-COUNTY-ASSEMBLY-KEN-C016-CON076-W0378","member_of_county_assembly","ward","KEN-C016-CON076-W0378","Kithimani","Muli Paul Mwanzia","MCCP","elected","2022 general election, declared 2022-08-22","A","2022-08-22","stale_unverified","IEBC","https://www.iebc.or.ke/uploads/resources/t5KQ6O4YGp.pdf","false",""
"MEMBER-OF-COUNTY-ASSEMBLY-KEN-C016-CON076-W0379","member_of_county_assembly","ward","KEN-C016-CON076-W0379","Ikombe","Muia Fredrick Kitetu","WDM","elected","2022 general election, declared 2022-08-22","A","2022-08-22","stale_unverified","IEBC","https://www.iebc.or.ke/uploads/resources/t5KQ6O4YGp.pdf","false",""
"MEMBER-OF-COUNTY-ASSEMBLY-KEN-C016-CON076-W0380","member_of_county_assembly","ward","KEN-C016-CON076-W0380","Katangi","Ngui Felix Mutunga","WDM","elected","2022 general election, declared 2022-08-22","A","2022-08-22","stale_unverified","IEBC","https://www.iebc.or.ke/uploads/resources/t5KQ6O4YGp.pdf","false",""
"MEMBER-OF-COUNTY-ASSEMBLY-KEN-C016-CON077-W0381","member_of_county_assembly","ward","KEN-C016-CON077-W0381","Kangundo North","Wilson Mathew Ndunda","IND","elected","2022 general election, declared 2022-08-22","B","2022-08-22","stale_unverified","IEBC","https://www.iebc.or.ke/uploads/resources/t5KQ6O4YGp.pdf","false",""
"MEMBER-OF-COUNTY-ASSEMBLY-KEN-C016-CON077-W0382","member_of_county_assembly","ward","KEN-C016-CON077-W0382","Kangundo Central","Maundu Dickson Kavaa Musyoki","MCCP","elected","2022 general election, declared 2022-08-22","A","2022-08-22","stale_unverified","IEBC","https://www.iebc.or.ke/uploads/resources/t5KQ6O4YGp.pdf","false",""
"MEMBER-OF-COUNTY-ASSEMBLY-KEN-C016-CON077-W0383","member_of_county_assembly","ward","KEN-C016-CON077-W0383","Kangundo East","Nzeki Everlyne Ndunge Nguli","MCCP","elected","2022 general election, declared 2022-08-22","A","2022-08-22","stale_unverified","IEBC","https://www.iebc.or.ke/uploads/resources/t5KQ6O4YGp.pdf","false",""
"MEMBER-OF-COUNTY-ASSEMBLY-KEN-C016-CON077-W0384","member_of_county_assembly","ward","KEN-C016-CON077-W0384","Kangundo West","Muli Charles Mbuva","GDDP","elected","2022 general election, declared 2022-08-22","A","2022-08-22","stale_unverified","IEBC","https://www.iebc.or.ke/uploads/resources/t5KQ6O4YGp.pdf","false",""
"MEMBER-OF-COUNTY-ASSEMBLY-KEN-C016-CON078-W0385","member_of_county_assembly","ward","KEN-C016-CON078-W0385","Tala","Wabua Jackson Ndaka","WDM","elected","2022 general election, declared 2022-08-22","A","2022-08-22","stale_unverified","IEBC","https://www.iebc.or.ke/uploads/resources/t5KQ6O4YGp.pdf","false",""
"MEMBER-OF-COUNTY-ASSEMBLY-KEN-C016-CON078-W0386","member_of_county_assembly","ward","KEN-C016-CON078-W0386","Matungulu North","Muasya Herskovitis Mathias","IND","elected","2022 general election, declared 2022-08-22","A","2022-08-22","stale_unverified","IEBC","https://www.iebc.or.ke/uploads/resources/t5KQ6O4YGp.pdf","false",""
"MEMBER-OF-COUNTY-ASSEMBLY-KEN-C016-CON078-W0387","member_of_county_assembly","ward","KEN-C016-CON078-W0387","Matungulu East","Munywoki Julius Mutuku","UDA","elected","2022 general election, declared 2022-08-22","A","2022-08-22","stale_unverified","IEBC","https://www.iebc.or.ke/uploads/resources/t5KQ6O4YGp.pdf","false",""
"MEMBER-OF-COUNTY-ASSEMBLY-KEN-C016-CON078-W0388","member_of_county_assembly","ward","KEN-C016-CON078-W0388","Matungulu West","Nzau Raphael Lucky","WDM","elected","2022 general election, declared 2022-08-22","A","2022-08-22","stale_unverified","IEBC","https://www.iebc.or.ke/uploads/resources/t5KQ6O4YGp.pdf","false",""
"MEMBER-OF-COUNTY-ASSEMBLY-KEN-C016-CON078-W0389","member_of_county_assembly","ward","KEN-C016-CON078-W0389","Kyeleni","Bahati Grace","IND","elected","2022 general election, declared 2022-08-22","A","2022-08-22","stale_unverified","IEBC","https://www.iebc.or.ke/uploads/resources/t5KQ6O4YGp.pdf","false",""
"MEMBER-OF-COUNTY-ASSEMBLY-KEN-C016-CON079-W0390","member_of_county_assembly","ward","KEN-C016-CON079-W0390","Mitaboni","Ndolo Philip Mutua","UDA","elected","2022 general election, declared 2022-08-22","A","2022-08-22","stale_unverified","IEBC","https://www.iebc.or.ke/uploads/resources/t5KQ6O4YGp.pdf","false",""
"MEMBER-OF-COUNTY-ASSEMBLY-KEN-C016-CON079-W0391","member_of_county_assembly","ward","KEN-C016-CON079-W0391","Kathiani Central","Ndambuki Dominic Mulwa","WDM","elected","2022 general election, declared 2022-08-22","A","2022-08-22","stale_unverified","IEBC","https://www.iebc.or.ke/uploads/resources/t5KQ6O4YGp.pdf","false",""
"MEMBER-OF-COUNTY-ASSEMBLY-KEN-C016-CON079-W0392","member_of_county_assembly","ward","KEN-C016-CON079-W0392","Upper Kaewa/Iveti","Nzioka Vincent Mutie","WDM","elected","2022 general election, declared 2022-08-22","A","2022-08-22","stale_unverified","IEBC","https://www.iebc.or.ke/uploads/resources/t5KQ6O4YGp.pdf","false",""
"MEMBER-OF-COUNTY-ASSEMBLY-KEN-C016-CON079-W0393","member_of_county_assembly","ward","KEN-C016-CON079-W0393","Lower Kaewa/Kaani","Kyule Benjamin Kinyungu","WDM","elected","2022 general election, declared 2022-08-22","A","2022-08-22","stale_unverified","IEBC","https://www.iebc.or.ke/uploads/resources/t5KQ6O4YGp.pdf","false",""
"MEMBER-OF-COUNTY-ASSEMBLY-KEN-C016-CON080-W0394","member_of_county_assembly","ward","KEN-C016-CON080-W0394","Athi River","Saitieu Jeremiah Kaloi","WDM","elected","2022 general election, declared 2022-08-22","A","2022-08-22","stale_unverified","IEBC","https://www.iebc.or.ke/uploads/resources/t5KQ6O4YGp.pdf","false",""
"MEMBER-OF-COUNTY-ASSEMBLY-KEN-C016-CON080-W0395","member_of_county_assembly","ward","KEN-C016-CON080-W0395","Kinanie","Kavyu Francis Wambua","MCCP","elected","2022 general election, declared 2022-08-22","A","2022-08-22","stale_unverified","IEBC","https://www.iebc.or.ke/uploads/resources/t5KQ6O4YGp.pdf","false",""
"MEMBER-OF-COUNTY-ASSEMBLY-KEN-C016-CON080-W0396","member_of_county_assembly","ward","KEN-C016-CON080-W0396","Muthwani","Maitha Dominic Ndonye","WDM","elected","2022 general election, declared 2022-08-22","A","2022-08-22","stale_unverified","IEBC","https://www.iebc.or.ke/uploads/resources/t5KQ6O4YGp.pdf","false",""
"MEMBER-OF-COUNTY-ASSEMBLY-KEN-C016-CON080-W0397","member_of_county_assembly","ward","KEN-C016-CON080-W0397","Syokimau/Mulolongo","Ndwi-Ki Mutinda Daniel","WDM","elected","2022 general election, declared 2022-08-22","B","2022-08-22","stale_unverified","IEBC","https://www.iebc.or.ke/uploads/resources/t5KQ6O4YGp.pdf","false",""
"MEMBER-OF-COUNTY-ASSEMBLY-KEN-C016-CON081-W0398","member_of_county_assembly","ward","KEN-C016-CON081-W0398","Kalama","Musyimi Boniface Maeke","CCU","elected","2022 general election, declared 2022-08-22","A","2022-08-22","stale_unverified","IEBC","https://www.iebc.or.ke/uploads/resources/t5KQ6O4YGp.pdf","false",""
"MEMBER-OF-COUNTY-ASSEMBLY-KEN-C016-CON081-W0399","member_of_county_assembly","ward","KEN-C016-CON081-W0399","Mua","Mwaniki Francis Ngunga","MCCP","elected","2022 general election, declared 2022-08-22","A","2022-08-22","stale_unverified","IEBC","https://www.iebc.or.ke/uploads/resources/t5KQ6O4YGp.pdf","false",""
"MEMBER-OF-COUNTY-ASSEMBLY-KEN-C016-CON081-W0400","member_of_county_assembly","ward","KEN-C016-CON081-W0400","Mutituni","Munyao Johana","MCCP","elected","2022 general election, declared 2022-08-22","A","2022-08-22","stale_unverified","IEBC","https://www.iebc.or.ke/uploads/resources/t5KQ6O4YGp.pdf","false",""
"MEMBER-OF-COUNTY-ASSEMBLY-KEN-C016-CON081-W0401","member_of_county_assembly","ward","KEN-C016-CON081-W0401","Machakos Central","Nzioka Nicholas Kitavi","WIPER","elected","2022 general election, declared 2022-08-22","A","2022-08-22","stale_unverified","IEBC","https://www.iebc.or.ke/uploads/resources/t5KQ6O4YGp.pdf","false",""
"MEMBER-OF-COUNTY-ASSEMBLY-KEN-C016-CON081-W0402","member_of_county_assembly","ward","KEN-C016-CON081-W0402","Mumbuni North","Kavuu Gideon Saul","MCCP","elected","2022 general election, declared 2022-08-22","A","2022-08-22","stale_unverified","IEBC","https://www.iebc.or.ke/uploads/resources/t5KQ6O4YGp.pdf","false",""
"MEMBER-OF-COUNTY-ASSEMBLY-KEN-C016-CON081-W0403","member_of_county_assembly","ward","KEN-C016-CON081-W0403","Muvuti/Kiima-Kimwe","Mulinge Joseph Musyoki","MCCP","elected","2022 general election, declared 2022-08-22","A","2022-08-22","stale_unverified","IEBC","https://www.iebc.or.ke/uploads/resources/t5KQ6O4YGp.pdf","false",""
"MEMBER-OF-COUNTY-ASSEMBLY-KEN-C016-CON081-W0404","member_of_county_assembly","ward","KEN-C016-CON081-W0404","Kola","Musembi Eric Wambua","PICK","elected","2022 general election, declared 2022-08-22","A","2022-08-22","stale_unverified","IEBC","https://www.iebc.or.ke/uploads/resources/t5KQ6O4YGp.pdf","false",""
"MEMBER-OF-COUNTY-ASSEMBLY-KEN-C016-CON082-W0405","member_of_county_assembly","ward","KEN-C016-CON082-W0405","Mbiuni","Kaviti Peter Kilonzo","UDA","elected","2022 general election, declared 2022-08-22","A","2022-08-22","stale_unverified","IEBC","https://www.iebc.or.ke/uploads/resources/t5KQ6O4YGp.pdf","false",""
"MEMBER-OF-COUNTY-ASSEMBLY-KEN-C016-CON082-W0406","member_of_county_assembly","ward","KEN-C016-CON082-W0406","Makutano/ Mwala","Kisila John Brian Kioko","MCCP","elected","2022 general election, declared 2022-08-22","A","2022-08-22","stale_unverified","IEBC","https://www.iebc.or.ke/uploads/resources/t5KQ6O4YGp.pdf","false",""
"MEMBER-OF-COUNTY-ASSEMBLY-KEN-C016-CON082-W0407","member_of_county_assembly","ward","KEN-C016-CON082-W0407","Masii","Musyoka Doughlas Muema","MCCP","elected","2022 general election, declared 2022-08-22","A","2022-08-22","stale_unverified","IEBC","https://www.iebc.or.ke/uploads/resources/t5KQ6O4YGp.pdf","false",""
"MEMBER-OF-COUNTY-ASSEMBLY-KEN-C016-CON082-W0408","member_of_county_assembly","ward","KEN-C016-CON082-W0408","Muthetheni","Katiti Boniface Kyalo","UDA","elected","2022 general election, declared 2022-08-22","A","2022-08-22","stale_unverified","IEBC","https://www.iebc.or.ke/uploads/resources/t5KQ6O4YGp.pdf","false",""
"MEMBER-OF-COUNTY-ASSEMBLY-KEN-C016-CON082-W0409","member_of_county_assembly","ward","KEN-C016-CON082-W0409","Wamunyu","Mutuku Justus Mulwa","PTP","elected","2022 general election, declared 2022-08-22","A","2022-08-22","stale_unverified","IEBC","https://www.iebc.or.ke/uploads/resources/t5KQ6O4YGp.pdf","false",""
"MEMBER-OF-COUNTY-ASSEMBLY-KEN-C016-CON082-W0410","member_of_county_assembly","ward","KEN-C016-CON082-W0410","Kibauni","Wambua Paul Mutua","PTP","elected","2022 general election, declared 2022-08-22","A","2022-08-22","stale_unverified","IEBC","https://www.iebc.or.ke/uploads/resources/t5KQ6O4YGp.pdf","false",""
"MEMBER-OF-COUNTY-ASSEMBLY-KEN-C017-CON083-W0411","member_of_county_assembly","ward","KEN-C017-CON083-W0411","Tulimani","Mumo Kyalo","WDM-K","elected","2022 general election, declared 2022-08-22","A","2022-08-22","stale_unverified","IEBC","https://www.iebc.or.ke/uploads/resources/t5KQ6O4YGp.pdf","false",""
"MEMBER-OF-COUNTY-ASSEMBLY-KEN-C017-CON083-W0412","member_of_county_assembly","ward","KEN-C017-CON083-W0412","Mbooni","Mulemba Alexander Mwanza Masila","WDM","elected","2022 general election, declared 2022-08-22","A","2022-08-22","stale_unverified","IEBC","https://www.iebc.or.ke/uploads/resources/t5KQ6O4YGp.pdf","false",""
"MEMBER-OF-COUNTY-ASSEMBLY-KEN-C017-CON083-W0413","member_of_county_assembly","ward","KEN-C017-CON083-W0413","Kithungo/Kitundu","Wa Katete Kisungi Kyalo Mulinge","WDM","elected","2022 general election, declared 2022-08-22","A","2022-08-22","stale_unverified","IEBC","https://www.iebc.or.ke/uploads/resources/t5KQ6O4YGp.pdf","false",""
"MEMBER-OF-COUNTY-ASSEMBLY-KEN-C017-CON083-W0414","member_of_county_assembly","ward","KEN-C017-CON083-W0414","Kisau/Kiteta","Mainga Darius Kioko","IND","elected","2022 general election, declared 2022-08-22","B","2022-08-22","stale_unverified","IEBC","https://www.iebc.or.ke/uploads/resources/t5KQ6O4YGp.pdf","false",""
"MEMBER-OF-COUNTY-ASSEMBLY-KEN-C017-CON083-W0415","member_of_county_assembly","ward","KEN-C017-CON083-W0415","Waia/Kako","Musyoka Dennis Mutinda","WDM","elected","2022 general election, declared 2022-08-22","A","2022-08-22","stale_unverified","IEBC","https://www.iebc.or.ke/uploads/resources/t5KQ6O4YGp.pdf","false",""
"MEMBER-OF-COUNTY-ASSEMBLY-KEN-C017-CON083-W0416","member_of_county_assembly","ward","KEN-C017-CON083-W0416","Kalawa","Ndambuki Meshack Kalii","MP","elected","2022 general election, declared 2022-08-22","A","2022-08-22","stale_unverified","IEBC","https://www.iebc.or.ke/uploads/resources/t5KQ6O4YGp.pdf","false",""
"MEMBER-OF-COUNTY-ASSEMBLY-KEN-C017-CON084-W0417","member_of_county_assembly","ward","KEN-C017-CON084-W0417","Kasikeu","Kavai Reuben Musau","MP","elected","2022 general election, declared 2022-08-22","A","2022-08-22","stale_unverified","IEBC","https://www.iebc.or.ke/uploads/resources/t5KQ6O4YGp.pdf","false",""
"MEMBER-OF-COUNTY-ASSEMBLY-KEN-C017-CON084-W0418","member_of_county_assembly","ward","KEN-C017-CON084-W0418","Mukaa","Muema Joseph Muthini","IND","elected","2022 general election, declared 2022-08-22","A","2022-08-22","stale_unverified","IEBC","https://www.iebc.or.ke/uploads/resources/t5KQ6O4YGp.pdf","false",""
"MEMBER-OF-COUNTY-ASSEMBLY-KEN-C017-CON084-W0419","member_of_county_assembly","ward","KEN-C017-CON084-W0419","Kiima Kiu/Kalanzoni","Muema Justus Mwanzia","WDM","elected","2022 general election, declared 2022-08-22","A","2022-08-22","stale_unverified","IEBC","https://www.iebc.or.ke/uploads/resources/t5KQ6O4YGp.pdf","false",""
"MEMBER-OF-COUNTY-ASSEMBLY-KEN-C017-CON085-W0420","member_of_county_assembly","ward","KEN-C017-CON085-W0420","Ukia","Kimunyi Jackson Ndolo","MP","elected","2022 general election, declared 2022-08-22","A","2022-08-22","stale_unverified","IEBC","https://www.iebc.or.ke/uploads/resources/t5KQ6O4YGp.pdf","false",""
"MEMBER-OF-COUNTY-ASSEMBLY-KEN-C017-CON085-W0421","member_of_county_assembly","ward","KEN-C017-CON085-W0421","Kee","Yulu Urbanus Manzu","WDM","elected","2022 general election, declared 2022-08-22","A","2022-08-22","stale_unverified","IEBC","https://www.iebc.or.ke/uploads/resources/t5KQ6O4YGp.pdf","false",""
"MEMBER-OF-COUNTY-ASSEMBLY-KEN-C017-CON085-W0422","member_of_county_assembly","ward","KEN-C017-CON085-W0422","Kilungu","Mbindyo Joseph Matheka","WDM","elected","2022 general election, declared 2022-08-22","A","2022-08-22","stale_unverified","IEBC","https://www.iebc.or.ke/uploads/resources/t5KQ6O4YGp.pdf","false",""
"MEMBER-OF-COUNTY-ASSEMBLY-KEN-C017-CON085-W0423","member_of_county_assembly","ward","KEN-C017-CON085-W0423","Ilima","Muthoka Jonathan Musyoki","WDM","elected","2022 general election, declared 2022-08-22","A","2022-08-22","stale_unverified","IEBC","https://www.iebc.or.ke/uploads/resources/t5KQ6O4YGp.pdf","false",""
"MEMBER-OF-COUNTY-ASSEMBLY-KEN-C017-CON086-W0424","member_of_county_assembly","ward","KEN-C017-CON086-W0424","Wote","Boniface Felix Mateso","WDM","elected","2022 general election, declared 2022-08-22","A","2022-08-22","stale_unverified","IEBC","https://www.iebc.or.ke/uploads/resources/t5KQ6O4YGp.pdf","false",""
"MEMBER-OF-COUNTY-ASSEMBLY-KEN-C017-CON086-W0425","member_of_county_assembly","ward","KEN-C017-CON086-W0425","Muvau/Kikuumini","Mutinda Elizabeth Kawembe","MP","elected","2022 general election, declared 2022-08-22","A","2022-08-22","stale_unverified","IEBC","https://www.iebc.or.ke/uploads/resources/t5KQ6O4YGp.pdf","false",""
"MEMBER-OF-COUNTY-ASSEMBLY-KEN-C017-CON086-W0426","member_of_county_assembly","ward","KEN-C017-CON086-W0426","Mavindini","Kimongo Jonathan Muunda","MP","elected","2022 general election, declared 2022-08-22","A","2022-08-22","stale_unverified","IEBC","https://www.iebc.or.ke/uploads/resources/t5KQ6O4YGp.pdf","false",""
"MEMBER-OF-COUNTY-ASSEMBLY-KEN-C017-CON086-W0427","member_of_county_assembly","ward","KEN-C017-CON086-W0427","Kitise/Kithuki","Munguti Sebastian Muli","WDM","elected","2022 general election, declared 2022-08-22","A","2022-08-22","stale_unverified","IEBC","https://www.iebc.or.ke/uploads/resources/t5KQ6O4YGp.pdf","false",""
"MEMBER-OF-COUNTY-ASSEMBLY-KEN-C017-CON086-W0428","member_of_county_assembly","ward","KEN-C017-CON086-W0428","Kathonzweni","Maneno Bendict Kennedy","WDM","elected","2022 general election, declared 2022-08-22","A","2022-08-22","stale_unverified","IEBC","https://www.iebc.or.ke/uploads/resources/t5KQ6O4YGp.pdf","false",""
"MEMBER-OF-COUNTY-ASSEMBLY-KEN-C017-CON086-W0429","member_of_county_assembly","ward","KEN-C017-CON086-W0429","Nzaui/Kilili/Kalamba","Mutuku Francis Munyao","WDM","elected","2022 general election, declared 2022-08-22","A","2022-08-22","stale_unverified","IEBC","https://www.iebc.or.ke/uploads/resources/t5KQ6O4YGp.pdf","false",""
"MEMBER-OF-COUNTY-ASSEMBLY-KEN-C017-CON086-W0430","member_of_county_assembly","ward","KEN-C017-CON086-W0430","Mbitini","Mutua Benard Tivu","IND","elected","2022 general election, declared 2022-08-22","A","2022-08-22","stale_unverified","IEBC","https://www.iebc.or.ke/uploads/resources/t5KQ6O4YGp.pdf","false",""
"MEMBER-OF-COUNTY-ASSEMBLY-KEN-C017-CON087-W0431","member_of_county_assembly","ward","KEN-C017-CON087-W0431","Makindu","Kilonzo Steve Nzivo","IND","elected","2022 general election, declared 2022-08-22","A","2022-08-22","stale_unverified","IEBC","https://www.iebc.or.ke/uploads/resources/t5KQ6O4YGp.pdf","false",""
"MEMBER-OF-COUNTY-ASSEMBLY-KEN-C017-CON087-W0432","member_of_county_assembly","ward","KEN-C017-CON087-W0432","Nguumo","Mwangangi Muthiani","WDM","elected","2022 general election, declared 2022-08-22","A","2022-08-22","stale_unverified","IEBC","https://www.iebc.or.ke/uploads/resources/t5KQ6O4YGp.pdf","false",""
"MEMBER-OF-COUNTY-ASSEMBLY-KEN-C017-CON087-W0433","member_of_county_assembly","ward","KEN-C017-CON087-W0433","Kikumbulyu North","Mbalu Jackson Muema","MCCP","elected","2022 general election, declared 2022-08-22","A","2022-08-22","stale_unverified","IEBC","https://www.iebc.or.ke/uploads/resources/t5KQ6O4YGp.pdf","false",""
"MEMBER-OF-COUNTY-ASSEMBLY-KEN-C017-CON087-W0434","member_of_county_assembly","ward","KEN-C017-CON087-W0434","Kikumbulyu South","Muema Jades Kalunda","MP","elected","2022 general election, declared 2022-08-22","A","2022-08-22","stale_unverified","IEBC","https://www.iebc.or.ke/uploads/resources/t5KQ6O4YGp.pdf","false",""
"MEMBER-OF-COUNTY-ASSEMBLY-KEN-C017-CON087-W0435","member_of_county_assembly","ward","KEN-C017-CON087-W0435","Nguu/Masumba","Musau Daniel Kivuva Masika","UDA","elected","2022 general election, declared 2022-08-22","A","2022-08-22","stale_unverified","IEBC","https://www.iebc.or.ke/uploads/resources/t5KQ6O4YGp.pdf","false",""
"MEMBER-OF-COUNTY-ASSEMBLY-KEN-C017-CON087-W0436","member_of_county_assembly","ward","KEN-C017-CON087-W0436","Emali/Mulala","Kaleli Cosmas Mutunga","MCCP","elected","2022 general election, declared 2022-08-22","A","2022-08-22","stale_unverified","IEBC","https://www.iebc.or.ke/uploads/resources/t5KQ6O4YGp.pdf","false",""
"MEMBER-OF-COUNTY-ASSEMBLY-KEN-C017-CON088-W0437","member_of_county_assembly","ward","KEN-C017-CON088-W0437","Masongaleni","Nzoka Bryan Kyalo","IND","elected","2022 general election, declared 2022-08-22","A","2022-08-22","stale_unverified","IEBC","https://www.iebc.or.ke/uploads/resources/t5KQ6O4YGp.pdf","false",""
"MEMBER-OF-COUNTY-ASSEMBLY-KEN-C017-CON088-W0438","member_of_county_assembly","ward","KEN-C017-CON088-W0438","Mtito Andei","Mwania Francis Mulwa","WDM","elected","2022 general election, declared 2022-08-22","A","2022-08-22","stale_unverified","IEBC","https://www.iebc.or.ke/uploads/resources/t5KQ6O4YGp.pdf","false",""
"MEMBER-OF-COUNTY-ASSEMBLY-KEN-C017-CON088-W0439","member_of_county_assembly","ward","KEN-C017-CON088-W0439","Thange","Katumo Erick Musyoki","MP","elected","2022 general election, declared 2022-08-22","A","2022-08-22","stale_unverified","IEBC","https://www.iebc.or.ke/uploads/resources/t5KQ6O4YGp.pdf","false",""
"MEMBER-OF-COUNTY-ASSEMBLY-KEN-C017-CON088-W0440","member_of_county_assembly","ward","KEN-C017-CON088-W0440","Ivingoni/Nzambani","Mutie Harrison Mwanzia","MP","elected","2022 general election, declared 2022-08-22","A","2022-08-22","stale_unverified","IEBC","https://www.iebc.or.ke/uploads/resources/t5KQ6O4YGp.pdf","false",""
"MEMBER-OF-COUNTY-ASSEMBLY-KEN-C018-CON089-W0441","member_of_county_assembly","ward","KEN-C018-CON089-W0441","Engineer","Mwangi Gichuki James","JP","elected","2022 general election, declared 2022-08-22","A","2022-08-22","stale_unverified","IEBC","https://www.iebc.or.ke/uploads/resources/t5KQ6O4YGp.pdf","false",""
"MEMBER-OF-COUNTY-ASSEMBLY-KEN-C018-CON089-W0442","member_of_county_assembly","ward","KEN-C018-CON089-W0442","Gathara","Waruiru Kamwana Geofrey","IND","elected","2022 general election, declared 2022-08-22","A","2022-08-22","stale_unverified","IEBC","https://www.iebc.or.ke/uploads/resources/t5KQ6O4YGp.pdf","false",""
"MEMBER-OF-COUNTY-ASSEMBLY-KEN-C018-CON089-W0443","member_of_county_assembly","ward","KEN-C018-CON089-W0443","North Kinangop","Wambugu King'ori Edinald","UDA","elected","2022 general election, declared 2022-08-22","A","2022-08-22","stale_unverified","IEBC","https://www.iebc.or.ke/uploads/resources/t5KQ6O4YGp.pdf","false",""
"MEMBER-OF-COUNTY-ASSEMBLY-KEN-C018-CON089-W0444","member_of_county_assembly","ward","KEN-C018-CON089-W0444","Murungaru","Mwangi Maina Ebrahim","JP","elected","2022 general election, declared 2022-08-22","A","2022-08-22","stale_unverified","IEBC","https://www.iebc.or.ke/uploads/resources/t5KQ6O4YGp.pdf","false",""
"MEMBER-OF-COUNTY-ASSEMBLY-KEN-C018-CON089-W0445","member_of_county_assembly","ward","KEN-C018-CON089-W0445","Njabini\kiburu","Kiiru Gachomba James","JP","elected","2022 general election, declared 2022-08-22","A","2022-08-22","stale_unverified","IEBC","https://www.iebc.or.ke/uploads/resources/t5KQ6O4YGp.pdf","false",""
"MEMBER-OF-COUNTY-ASSEMBLY-KEN-C018-CON089-W0446","member_of_county_assembly","ward","KEN-C018-CON089-W0446","Nyakio","Mwangi Njeru Zackary","UDA","elected","2022 general election, declared 2022-08-22","A","2022-08-22","stale_unverified","IEBC","https://www.iebc.or.ke/uploads/resources/t5KQ6O4YGp.pdf","false",""
"MEMBER-OF-COUNTY-ASSEMBLY-KEN-C018-CON089-W0447","member_of_county_assembly","ward","KEN-C018-CON089-W0447","Githabai","Rimui Kaiyani Samwel","UDA","elected","2022 general election, declared 2022-08-22","A","2022-08-22","stale_unverified","IEBC","https://www.iebc.or.ke/uploads/resources/t5KQ6O4YGp.pdf","false",""
"MEMBER-OF-COUNTY-ASSEMBLY-KEN-C018-CON089-W0448","member_of_county_assembly","ward","KEN-C018-CON089-W0448","Magumu","Ndungu Kassana Hussein","UDA","elected","2022 general election, declared 2022-08-22","A","2022-08-22","stale_unverified","IEBC","https://www.iebc.or.ke/uploads/resources/t5KQ6O4YGp.pdf","false",""
"MEMBER-OF-COUNTY-ASSEMBLY-KEN-C018-CON090-W0449","member_of_county_assembly","ward","KEN-C018-CON090-W0449","Wanjohi","Wanjiru Isaac Kung’u","UDA","elected","2022 general election, declared 2022-08-22","A","2022-08-22","stale_unverified","IEBC","https://www.iebc.or.ke/uploads/resources/t5KQ6O4YGp.pdf","false",""
"MEMBER-OF-COUNTY-ASSEMBLY-KEN-C018-CON090-W0450","member_of_county_assembly","ward","KEN-C018-CON090-W0450","Kipipiri","Ngeche Paul Wambaire","CCK","elected","2022 general election, declared 2022-08-22","A","2022-08-22","stale_unverified","IEBC","https://www.iebc.or.ke/uploads/resources/t5KQ6O4YGp.pdf","false",""
"MEMBER-OF-COUNTY-ASSEMBLY-KEN-C018-CON090-W0451","member_of_county_assembly","ward","KEN-C018-CON090-W0451","Geta","Gathirimu Samuel Chege","UDA","elected","2022 general election, declared 2022-08-22","A","2022-08-22","stale_unverified","IEBC","https://www.iebc.or.ke/uploads/resources/t5KQ6O4YGp.pdf","false",""
"MEMBER-OF-COUNTY-ASSEMBLY-KEN-C018-CON090-W0452","member_of_county_assembly","ward","KEN-C018-CON090-W0452","Githioro","Mbae Isaac Kamau","UDA","elected","2022 general election, declared 2022-08-22","A","2022-08-22","stale_unverified","IEBC","https://www.iebc.or.ke/uploads/resources/t5KQ6O4YGp.pdf","false",""
"MEMBER-OF-COUNTY-ASSEMBLY-KEN-C018-CON091-W0453","member_of_county_assembly","ward","KEN-C018-CON091-W0453","Karau","Ndungu Daniel Gitau","UDA","elected","2022 general election, declared 2022-08-22","A","2022-08-22","stale_unverified","IEBC","https://www.iebc.or.ke/uploads/resources/t5KQ6O4YGp.pdf","false",""
"MEMBER-OF-COUNTY-ASSEMBLY-KEN-C018-CON091-W0454","member_of_county_assembly","ward","KEN-C018-CON091-W0454","Kanjuiri Ridge","Gachino John Thuo","UDA","elected","2022 general election, declared 2022-08-22","B","2022-08-22","stale_unverified","IEBC","https://www.iebc.or.ke/uploads/resources/t5KQ6O4YGp.pdf","false",""
"MEMBER-OF-COUNTY-ASSEMBLY-KEN-C018-CON091-W0455","member_of_county_assembly","ward","KEN-C018-CON091-W0455","Mirangine","Wainaina Samuel Mathu","UDA","elected","2022 general election, declared 2022-08-22","A","2022-08-22","stale_unverified","IEBC","https://www.iebc.or.ke/uploads/resources/t5KQ6O4YGp.pdf","false",""
"MEMBER-OF-COUNTY-ASSEMBLY-KEN-C018-CON091-W0456","member_of_county_assembly","ward","KEN-C018-CON091-W0456","Kaimbaga","Nyagah Elijah Mwangi","UDA","elected","2022 general election, declared 2022-08-22","A","2022-08-22","stale_unverified","IEBC","https://www.iebc.or.ke/uploads/resources/t5KQ6O4YGp.pdf","false",""
"MEMBER-OF-COUNTY-ASSEMBLY-KEN-C018-CON091-W0457","member_of_county_assembly","ward","KEN-C018-CON091-W0457","Rurii","Kiriga Peter Thinji","IND","elected","2022 general election, declared 2022-08-22","A","2022-08-22","stale_unverified","IEBC","https://www.iebc.or.ke/uploads/resources/t5KQ6O4YGp.pdf","false",""
"MEMBER-OF-COUNTY-ASSEMBLY-KEN-C018-CON092-W0458","member_of_county_assembly","ward","KEN-C018-CON092-W0458","Gathanji","Kuria Joseph Thuo","UDA","elected","2022 general election, declared 2022-08-22","A","2022-08-22","stale_unverified","IEBC","https://www.iebc.or.ke/uploads/resources/t5KQ6O4YGp.pdf","false",""
"MEMBER-OF-COUNTY-ASSEMBLY-KEN-C018-CON092-W0459","member_of_county_assembly","ward","KEN-C018-CON092-W0459","Gatimu","Chege Duncan Githinji","IND","elected","2022 general election, declared 2022-08-22","A","2022-08-22","stale_unverified","IEBC","https://www.iebc.or.ke/uploads/resources/t5KQ6O4YGp.pdf","false",""
"MEMBER-OF-COUNTY-ASSEMBLY-KEN-C018-CON092-W0460","member_of_county_assembly","ward","KEN-C018-CON092-W0460","Weru","Mburu Simon Mbogo","UDA","elected","2022 general election, declared 2022-08-22","A","2022-08-22","stale_unverified","IEBC","https://www.iebc.or.ke/uploads/resources/t5KQ6O4YGp.pdf","false",""
"MEMBER-OF-COUNTY-ASSEMBLY-KEN-C018-CON092-W0461","member_of_county_assembly","ward","KEN-C018-CON092-W0461","Charagita","Mburu Paul Kiruka","UDA","elected","2022 general election, declared 2022-08-22","A","2022-08-22","stale_unverified","IEBC","https://www.iebc.or.ke/uploads/resources/t5KQ6O4YGp.pdf","false",""
"MEMBER-OF-COUNTY-ASSEMBLY-KEN-C018-CON093-W0462","member_of_county_assembly","ward","KEN-C018-CON093-W0462","Leshau Pondo","Kamau Peter Gathungu","UDA","elected","2022 general election, declared 2022-08-22","A","2022-08-22","stale_unverified","IEBC","https://www.iebc.or.ke/uploads/resources/t5KQ6O4YGp.pdf","false",""
"MEMBER-OF-COUNTY-ASSEMBLY-KEN-C018-CON093-W0463","member_of_county_assembly","ward","KEN-C018-CON093-W0463","Kiriita","Ndirangu Milkah Wanjiru","UDA","elected","2022 general election, declared 2022-08-22","A","2022-08-22","stale_unverified","IEBC","https://www.iebc.or.ke/uploads/resources/t5KQ6O4YGp.pdf","false",""
"MEMBER-OF-COUNTY-ASSEMBLY-KEN-C018-CON093-W0464","member_of_county_assembly","ward","KEN-C018-CON093-W0464","Central","Maina Peter Mwangi","UDA","elected","2022 general election, declared 2022-08-22","A","2022-08-22","stale_unverified","IEBC","https://www.iebc.or.ke/uploads/resources/t5KQ6O4YGp.pdf","false",""
"MEMBER-OF-COUNTY-ASSEMBLY-KEN-C018-CON093-W0465","member_of_county_assembly","ward","KEN-C018-CON093-W0465","Shamata","Karanja Reuben Gitau","UDA","elected","2022 general election, declared 2022-08-22","A","2022-08-22","stale_unverified","IEBC","https://www.iebc.or.ke/uploads/resources/t5KQ6O4YGp.pdf","false",""
"MEMBER-OF-COUNTY-ASSEMBLY-KEN-C019-CON094-W0466","member_of_county_assembly","ward","KEN-C019-CON094-W0466","Dedan Kimanthi","Wahinya Gibson Kuria","UDA","elected","2022 general election, declared 2022-08-22","B","2022-08-22","stale_unverified","IEBC","https://www.iebc.or.ke/uploads/resources/t5KQ6O4YGp.pdf","false",""
"MEMBER-OF-COUNTY-ASSEMBLY-KEN-C019-CON094-W0467","member_of_county_assembly","ward","KEN-C019-CON094-W0467","Wamagana","Theuri Sabastian Mugo","UDA","elected","2022 general election, declared 2022-08-22","A","2022-08-22","stale_unverified","IEBC","https://www.iebc.or.ke/uploads/resources/t5KQ6O4YGp.pdf","false",""
"MEMBER-OF-COUNTY-ASSEMBLY-KEN-C019-CON094-W0468","member_of_county_assembly","ward","KEN-C019-CON094-W0468","Aguthi/Gaaki","Wakibia Stanley Ngaru","IND","elected","2022 general election, declared 2022-08-22","A","2022-08-22","stale_unverified","IEBC","https://www.iebc.or.ke/uploads/resources/t5KQ6O4YGp.pdf","false",""
"MEMBER-OF-COUNTY-ASSEMBLY-KEN-C019-CON095-W0469","member_of_county_assembly","ward","KEN-C019-CON095-W0469","Mweiga","Kawanjiku Njuguna Wanjiku","UDA","elected","2022 general election, declared 2022-08-22","A","2022-08-22","stale_unverified","IEBC","https://www.iebc.or.ke/uploads/resources/t5KQ6O4YGp.pdf","false",""
"MEMBER-OF-COUNTY-ASSEMBLY-KEN-C019-CON095-W0470","member_of_county_assembly","ward","KEN-C019-CON095-W0470","Naromoru Kiamathaga","Kamau Martin Matu","UDA","elected","2022 general election, declared 2022-08-22","A","2022-08-22","stale_unverified","IEBC","https://www.iebc.or.ke/uploads/resources/t5KQ6O4YGp.pdf","false",""
"MEMBER-OF-COUNTY-ASSEMBLY-KEN-C019-CON095-W0471","member_of_county_assembly","ward","KEN-C019-CON095-W0471","Mwiyogo/Endarasha","Mbichi Christopher Wambugu","UDA","elected","2022 general election, declared 2022-08-22","A","2022-08-22","stale_unverified","IEBC","https://www.iebc.or.ke/uploads/resources/t5KQ6O4YGp.pdf","false",""
"MEMBER-OF-COUNTY-ASSEMBLY-KEN-C019-CON095-W0472","member_of_county_assembly","ward","KEN-C019-CON095-W0472","Mugunda","Mwangi Johnstone Kamau","UDA","elected","2022 general election, declared 2022-08-22","A","2022-08-22","stale_unverified","IEBC","https://www.iebc.or.ke/uploads/resources/t5KQ6O4YGp.pdf","false",""
"MEMBER-OF-COUNTY-ASSEMBLY-KEN-C019-CON095-W0473","member_of_county_assembly","ward","KEN-C019-CON095-W0473","Gatarakwa","Ndegwa Clement Warutere","UDA","elected","2022 general election, declared 2022-08-22","A","2022-08-22","stale_unverified","IEBC","https://www.iebc.or.ke/uploads/resources/t5KQ6O4YGp.pdf","false",""
"MEMBER-OF-COUNTY-ASSEMBLY-KEN-C019-CON095-W0474","member_of_county_assembly","ward","KEN-C019-CON095-W0474","Thegu River","Kanyi Patrick Wachira","IND","elected","2022 general election, declared 2022-08-22","A","2022-08-22","stale_unverified","IEBC","https://www.iebc.or.ke/uploads/resources/t5KQ6O4YGp.pdf","false",""
"MEMBER-OF-COUNTY-ASSEMBLY-KEN-C019-CON095-W0475","member_of_county_assembly","ward","KEN-C019-CON095-W0475","Kabaru","Wambui Patrick Muriuki","UDA","elected","2022 general election, declared 2022-08-22","A","2022-08-22","stale_unverified","IEBC","https://www.iebc.or.ke/uploads/resources/t5KQ6O4YGp.pdf","false",""
"MEMBER-OF-COUNTY-ASSEMBLY-KEN-C019-CON095-W0476","member_of_county_assembly","ward","KEN-C019-CON095-W0476","Gakawa","Wachira Charity Wangui","UDA","elected","2022 general election, declared 2022-08-22","A","2022-08-22","stale_unverified","IEBC","https://www.iebc.or.ke/uploads/resources/t5KQ6O4YGp.pdf","false",""
"MEMBER-OF-COUNTY-ASSEMBLY-KEN-C019-CON096-W0477","member_of_county_assembly","ward","KEN-C019-CON096-W0477","Ruguru","Muriuki Erastus Karanja","UDA","elected","2022 general election, declared 2022-08-22","A","2022-08-22","stale_unverified","IEBC","https://www.iebc.or.ke/uploads/resources/t5KQ6O4YGp.pdf","false",""
"MEMBER-OF-COUNTY-ASSEMBLY-KEN-C019-CON096-W0478","member_of_county_assembly","ward","KEN-C019-CON096-W0478","Magutu","Gichuhi Jackson Kabingu","UDA","elected","2022 general election, declared 2022-08-22","A","2022-08-22","stale_unverified","IEBC","https://www.iebc.or.ke/uploads/resources/t5KQ6O4YGp.pdf","false",""
"MEMBER-OF-COUNTY-ASSEMBLY-KEN-C019-CON096-W0479","member_of_county_assembly","ward","KEN-C019-CON096-W0479","Iriaini","Kabatha David Mwangi","UDA","elected","2022 general election, declared 2022-08-22","A","2022-08-22","stale_unverified","IEBC","https://www.iebc.or.ke/uploads/resources/t5KQ6O4YGp.pdf","false",""
"MEMBER-OF-COUNTY-ASSEMBLY-KEN-C019-CON096-W0480","member_of_county_assembly","ward","KEN-C019-CON096-W0480","Konyu","Ndaini Julius Kamiri","UDA","elected","2022 general election, declared 2022-08-22","A","2022-08-22","stale_unverified","IEBC","https://www.iebc.or.ke/uploads/resources/t5KQ6O4YGp.pdf","false",""
"MEMBER-OF-COUNTY-ASSEMBLY-KEN-C019-CON096-W0481","member_of_county_assembly","ward","KEN-C019-CON096-W0481","Kirimukuyu","Ndagita Antony Muriithi Maina","UDA","elected","2022 general election, declared 2022-08-22","A","2022-08-22","stale_unverified","IEBC","https://www.iebc.or.ke/uploads/resources/t5KQ6O4YGp.pdf","false",""
"MEMBER-OF-COUNTY-ASSEMBLY-KEN-C019-CON096-W0482","member_of_county_assembly","ward","KEN-C019-CON096-W0482","Karatina Town","Weru Watson Mburungo","UDA","elected","2022 general election, declared 2022-08-22","A","2022-08-22","stale_unverified","IEBC","https://www.iebc.or.ke/uploads/resources/t5KQ6O4YGp.pdf","false",""
"MEMBER-OF-COUNTY-ASSEMBLY-KEN-C019-CON097-W0483","member_of_county_assembly","ward","KEN-C019-CON097-W0483","Mahiga","Mwangi James Kanyugo","UDA","elected","2022 general election, declared 2022-08-22","A","2022-08-22","stale_unverified","IEBC","https://www.iebc.or.ke/uploads/resources/t5KQ6O4YGp.pdf","false",""
"MEMBER-OF-COUNTY-ASSEMBLY-KEN-C019-CON097-W0484","member_of_county_assembly","ward","KEN-C019-CON097-W0484","Iria-Ini","Nyaga Wilfred Wambari","UDA","elected","2022 general election, declared 2022-08-22","A","2022-08-22","stale_unverified","IEBC","https://www.iebc.or.ke/uploads/resources/t5KQ6O4YGp.pdf","false",""
"MEMBER-OF-COUNTY-ASSEMBLY-KEN-C019-CON097-W0485","member_of_county_assembly","ward","KEN-C019-CON097-W0485","Chinga","Thuku Meshack Kiruga","UDA","elected","2022 general election, declared 2022-08-22","A","2022-08-22","stale_unverified","IEBC","https://www.iebc.or.ke/uploads/resources/t5KQ6O4YGp.pdf","false",""
"MEMBER-OF-COUNTY-ASSEMBLY-KEN-C019-CON097-W0486","member_of_county_assembly","ward","KEN-C019-CON097-W0486","Karima","Wanderi Eunice Wagaki","ANC","elected","2022 general election, declared 2022-08-22","A","2022-08-22","stale_unverified","IEBC","https://www.iebc.or.ke/uploads/resources/t5KQ6O4YGp.pdf","false",""
"MEMBER-OF-COUNTY-ASSEMBLY-KEN-C019-CON098-W0487","member_of_county_assembly","ward","KEN-C019-CON098-W0487","Gikondi","Gathagu Stephen Kigotho","UDA","elected","2022 general election, declared 2022-08-22","A","2022-08-22","stale_unverified","IEBC","https://www.iebc.or.ke/uploads/resources/t5KQ6O4YGp.pdf","false",""
"MEMBER-OF-COUNTY-ASSEMBLY-KEN-C019-CON098-W0488","member_of_county_assembly","ward","KEN-C019-CON098-W0488","Rugi","Kagwi Cyrus Ngure","UDA","elected","2022 general election, declared 2022-08-22","A","2022-08-22","stale_unverified","IEBC","https://www.iebc.or.ke/uploads/resources/t5KQ6O4YGp.pdf","false",""
"MEMBER-OF-COUNTY-ASSEMBLY-KEN-C019-CON098-W0489","member_of_county_assembly","ward","KEN-C019-CON098-W0489","Mukurwe-Ini West","Kabaire Atanasio Gichohi","UDA","elected","2022 general election, declared 2022-08-22","A","2022-08-22","stale_unverified","IEBC","https://www.iebc.or.ke/uploads/resources/t5KQ6O4YGp.pdf","false",""
"MEMBER-OF-COUNTY-ASSEMBLY-KEN-C019-CON098-W0490","member_of_county_assembly","ward","KEN-C019-CON098-W0490","Mukurwe-Ini Central","Kibiru Cyrus Ndiritu","IND","elected","2022 general election, declared 2022-08-22","A","2022-08-22","stale_unverified","IEBC","https://www.iebc.or.ke/uploads/resources/t5KQ6O4YGp.pdf","false",""
"MEMBER-OF-COUNTY-ASSEMBLY-KEN-C019-CON099-W0491","member_of_county_assembly","ward","KEN-C019-CON099-W0491","Kiganjo/Mathari","Kuruga Margaret Muthoni","IND","elected","2022 general election, declared 2022-08-22","A","2022-08-22","stale_unverified","IEBC","https://www.iebc.or.ke/uploads/resources/t5KQ6O4YGp.pdf","false",""
"MEMBER-OF-COUNTY-ASSEMBLY-KEN-C019-CON099-W0492","member_of_county_assembly","ward","KEN-C019-CON099-W0492","Rware","Kiragu Simon Mbogo","UDA","elected","2022 general election, declared 2022-08-22","A","2022-08-22","stale_unverified","IEBC","https://www.iebc.or.ke/uploads/resources/t5KQ6O4YGp.pdf","false",""
"MEMBER-OF-COUNTY-ASSEMBLY-KEN-C019-CON099-W0493","member_of_county_assembly","ward","KEN-C019-CON099-W0493","Gatitu/Muruguru","Njithi Ziporah Wangechi","UDA","elected","2022 general election, declared 2022-08-22","A","2022-08-22","stale_unverified","IEBC","https://www.iebc.or.ke/uploads/resources/t5KQ6O4YGp.pdf","false",""
"MEMBER-OF-COUNTY-ASSEMBLY-KEN-C019-CON099-W0494","member_of_county_assembly","ward","KEN-C019-CON099-W0494","Ruring'u","Gichuki Samuel Kariuki","UDA","elected","2022 general election, declared 2022-08-22","A","2022-08-22","stale_unverified","IEBC","https://www.iebc.or.ke/uploads/resources/t5KQ6O4YGp.pdf","false",""
"MEMBER-OF-COUNTY-ASSEMBLY-KEN-C019-CON099-W0495","member_of_county_assembly","ward","KEN-C019-CON099-W0495","Kamakwa/Mukaro","Taiti Jonah Kamau","UDA","elected","2022 general election, declared 2022-08-22","A","2022-08-22","stale_unverified","IEBC","https://www.iebc.or.ke/uploads/resources/t5KQ6O4YGp.pdf","false",""
"MEMBER-OF-COUNTY-ASSEMBLY-KEN-C020-CON100-W0496","member_of_county_assembly","ward","KEN-C020-CON100-W0496","Mutithi","Njamumo Jinaro Namu","UDA","elected","2022 general election, declared 2022-08-22","A","2022-08-22","stale_unverified","IEBC","https://www.iebc.or.ke/uploads/resources/t5KQ6O4YGp.pdf","false",""
"MEMBER-OF-COUNTY-ASSEMBLY-KEN-C020-CON100-W0497","member_of_county_assembly","ward","KEN-C020-CON100-W0497","Kangai","Wambu James Njiru","UDA","elected","2022 general election, declared 2022-08-22","A","2022-08-22","stale_unverified","IEBC","https://www.iebc.or.ke/uploads/resources/t5KQ6O4YGp.pdf","false",""
"MEMBER-OF-COUNTY-ASSEMBLY-KEN-C020-CON100-W0498","member_of_county_assembly","ward","KEN-C020-CON100-W0498","Thiba","Muthura Joseph Kiragu","TSP","elected","2022 general election, declared 2022-08-22","A","2022-08-22","stale_unverified","IEBC","https://www.iebc.or.ke/uploads/resources/t5KQ6O4YGp.pdf","false",""
"MEMBER-OF-COUNTY-ASSEMBLY-KEN-C020-CON100-W0499","member_of_county_assembly","ward","KEN-C020-CON100-W0499","Wamumu","Njiru Peter Gitonga","JP","elected","2022 general election, declared 2022-08-22","A","2022-08-22","stale_unverified","IEBC","https://www.iebc.or.ke/uploads/resources/t5KQ6O4YGp.pdf","false",""
"MEMBER-OF-COUNTY-ASSEMBLY-KEN-C020-CON100-W0500","member_of_county_assembly","ward","KEN-C020-CON100-W0500","Nyangati","Ndambiri Kenneth Mwendia","UDA","elected","2022 general election, declared 2022-08-22","A","2022-08-22","stale_unverified","IEBC","https://www.iebc.or.ke/uploads/resources/t5KQ6O4YGp.pdf","false",""
"MEMBER-OF-COUNTY-ASSEMBLY-KEN-C020-CON100-W0501","member_of_county_assembly","ward","KEN-C020-CON100-W0501","Murinduko","Nyaga Charles Nyamu","TSP","elected","2022 general election, declared 2022-08-22","A","2022-08-22","stale_unverified","IEBC","https://www.iebc.or.ke/uploads/resources/t5KQ6O4YGp.pdf","false",""
"MEMBER-OF-COUNTY-ASSEMBLY-KEN-C020-CON100-W0502","member_of_county_assembly","ward","KEN-C020-CON100-W0502","Gathigiriri","Ngahu Benson Waweru","UDA","elected","2022 general election, declared 2022-08-22","A","2022-08-22","stale_unverified","IEBC","https://www.iebc.or.ke/uploads/resources/t5KQ6O4YGp.pdf","false",""
"MEMBER-OF-COUNTY-ASSEMBLY-KEN-C020-CON100-W0503","member_of_county_assembly","ward","KEN-C020-CON100-W0503","Tebere","Karinga Peter Muthii","UDA","elected","2022 general election, declared 2022-08-22","A","2022-08-22","stale_unverified","IEBC","https://www.iebc.or.ke/uploads/resources/t5KQ6O4YGp.pdf","false",""
"MEMBER-OF-COUNTY-ASSEMBLY-KEN-C020-CON101-W0504","member_of_county_assembly","ward","KEN-C020-CON101-W0504","Kabare","Mbogo Isaiah Muriithi","UDA","elected","2022 general election, declared 2022-08-22","A","2022-08-22","stale_unverified","IEBC","https://www.iebc.or.ke/uploads/resources/t5KQ6O4YGp.pdf","false",""
"MEMBER-OF-COUNTY-ASSEMBLY-KEN-C020-CON101-W0505","member_of_county_assembly","ward","KEN-C020-CON101-W0505","Baragwi","Mathenge David Munyi","UDA","elected","2022 general election, declared 2022-08-22","A","2022-08-22","stale_unverified","IEBC","https://www.iebc.or.ke/uploads/resources/t5KQ6O4YGp.pdf","false",""
"MEMBER-OF-COUNTY-ASSEMBLY-KEN-C020-CON101-W0506","member_of_county_assembly","ward","KEN-C020-CON101-W0506","Njukiini","Kathuri Timothy Kariuki","UDA","elected","2022 general election, declared 2022-08-22","A","2022-08-22","stale_unverified","IEBC","https://www.iebc.or.ke/uploads/resources/t5KQ6O4YGp.pdf","false",""
"MEMBER-OF-COUNTY-ASSEMBLY-KEN-C020-CON101-W0507","member_of_county_assembly","ward","KEN-C020-CON101-W0507","Ngariama","Mbungu Daniel Muriithi","UDA","elected","2022 general election, declared 2022-08-22","A","2022-08-22","stale_unverified","IEBC","https://www.iebc.or.ke/uploads/resources/t5KQ6O4YGp.pdf","false",""
"MEMBER-OF-COUNTY-ASSEMBLY-KEN-C020-CON101-W0508","member_of_county_assembly","ward","KEN-C020-CON101-W0508","Karumandi","Muriithi Caroline Wanjiku","UDA","elected","2022 general election, declared 2022-08-22","A","2022-08-22","stale_unverified","IEBC","https://www.iebc.or.ke/uploads/resources/t5KQ6O4YGp.pdf","false",""
"MEMBER-OF-COUNTY-ASSEMBLY-KEN-C020-CON102-W0509","member_of_county_assembly","ward","KEN-C020-CON102-W0509","Mukure","Muriuki Thomas Mwangi","UDA","elected","2022 general election, declared 2022-08-22","A","2022-08-22","stale_unverified","IEBC","https://www.iebc.or.ke/uploads/resources/t5KQ6O4YGp.pdf","false",""
"MEMBER-OF-COUNTY-ASSEMBLY-KEN-C020-CON102-W0510","member_of_county_assembly","ward","KEN-C020-CON102-W0510","Kiine","Gakuru Geoffrey Murimi","UDA","elected","2022 general election, declared 2022-08-22","A","2022-08-22","stale_unverified","IEBC","https://www.iebc.or.ke/uploads/resources/t5KQ6O4YGp.pdf","false",""
"MEMBER-OF-COUNTY-ASSEMBLY-KEN-C020-CON102-W0511","member_of_county_assembly","ward","KEN-C020-CON102-W0511","Kariti","Kariuki Jeremiah Makimi","UDA","elected","2022 general election, declared 2022-08-22","A","2022-08-22","stale_unverified","IEBC","https://www.iebc.or.ke/uploads/resources/t5KQ6O4YGp.pdf","false",""
"MEMBER-OF-COUNTY-ASSEMBLY-KEN-C020-CON103-W0512","member_of_county_assembly","ward","KEN-C020-CON103-W0512","Mutira","Wangui David Kinyua","UDA","elected","2022 general election, declared 2022-08-22","A","2022-08-22","stale_unverified","IEBC","https://www.iebc.or.ke/uploads/resources/t5KQ6O4YGp.pdf","false",""
"MEMBER-OF-COUNTY-ASSEMBLY-KEN-C020-CON103-W0513","member_of_county_assembly","ward","KEN-C020-CON103-W0513","Kanyeki-Ini","Maina Waziri Moses Migwi","UDA","elected","2022 general election, declared 2022-08-22","A","2022-08-22","stale_unverified","IEBC","https://www.iebc.or.ke/uploads/resources/t5KQ6O4YGp.pdf","false",""
"MEMBER-OF-COUNTY-ASSEMBLY-KEN-C020-CON103-W0514","member_of_county_assembly","ward","KEN-C020-CON103-W0514","Kerugoya","Muchina Eric Muriithi","UDA","elected","2022 general election, declared 2022-08-22","A","2022-08-22","stale_unverified","IEBC","https://www.iebc.or.ke/uploads/resources/t5KQ6O4YGp.pdf","false",""
"MEMBER-OF-COUNTY-ASSEMBLY-KEN-C020-CON103-W0515","member_of_county_assembly","ward","KEN-C020-CON103-W0515","Inoi","Karimi Fredrick Maina","UDA","elected","2022 general election, declared 2022-08-22","A","2022-08-22","stale_unverified","IEBC","https://www.iebc.or.ke/uploads/resources/t5KQ6O4YGp.pdf","false",""
"MEMBER-OF-COUNTY-ASSEMBLY-KEN-C021-CON104-W0516","member_of_county_assembly","ward","KEN-C021-CON104-W0516","Kanyenyaini","Wairimu Grace Nduta","UDA","elected","2022 general election, declared 2022-08-22","A","2022-08-22","stale_unverified","IEBC","https://www.iebc.or.ke/uploads/resources/t5KQ6O4YGp.pdf","false",""
"MEMBER-OF-COUNTY-ASSEMBLY-KEN-C021-CON104-W0517","member_of_county_assembly","ward","KEN-C021-CON104-W0517","Muguru","Maina Moses Muchiri","UDA","elected","2022 general election, declared 2022-08-22","A","2022-08-22","stale_unverified","IEBC","https://www.iebc.or.ke/uploads/resources/t5KQ6O4YGp.pdf","false",""
"MEMBER-OF-COUNTY-ASSEMBLY-KEN-C021-CON104-W0518","member_of_county_assembly","ward","KEN-C021-CON104-W0518","Rwathia","Mwangi Keneth Kamau","UDA","elected","2022 general election, declared 2022-08-22","A","2022-08-22","stale_unverified","IEBC","https://www.iebc.or.ke/uploads/resources/t5KQ6O4YGp.pdf","false",""
"MEMBER-OF-COUNTY-ASSEMBLY-KEN-C021-CON105-W0519","member_of_county_assembly","ward","KEN-C021-CON105-W0519","Gitugi","Wairagu Edwin Mwangi","UDA","elected","2022 general election, declared 2022-08-22","A","2022-08-22","stale_unverified","IEBC","https://www.iebc.or.ke/uploads/resources/t5KQ6O4YGp.pdf","false",""
"MEMBER-OF-COUNTY-ASSEMBLY-KEN-C021-CON105-W0520","member_of_county_assembly","ward","KEN-C021-CON105-W0520","Kiru","Gathoni Morris Thuku","UDA","elected","2022 general election, declared 2022-08-22","A","2022-08-22","stale_unverified","IEBC","https://www.iebc.or.ke/uploads/resources/t5KQ6O4YGp.pdf","false",""
"MEMBER-OF-COUNTY-ASSEMBLY-KEN-C021-CON105-W0521","member_of_county_assembly","ward","KEN-C021-CON105-W0521","Kamacharia","Mwangi Gerald Wambugu","IND","elected","2022 general election, declared 2022-08-22","A","2022-08-22","stale_unverified","IEBC","https://www.iebc.or.ke/uploads/resources/t5KQ6O4YGp.pdf","false",""
"MEMBER-OF-COUNTY-ASSEMBLY-KEN-C021-CON106-W0522","member_of_county_assembly","ward","KEN-C021-CON106-W0522","Wangu","Gichia Margaret Wanjiku","ANC","elected","2022 general election, declared 2022-08-22","A","2022-08-22","stale_unverified","IEBC","https://www.iebc.or.ke/uploads/resources/t5KQ6O4YGp.pdf","false",""
"MEMBER-OF-COUNTY-ASSEMBLY-KEN-C021-CON106-W0523","member_of_county_assembly","ward","KEN-C021-CON106-W0523","Mugoiri","Mwangi John Kamwaga","UDA","elected","2022 general election, declared 2022-08-22","A","2022-08-22","stale_unverified","IEBC","https://www.iebc.or.ke/uploads/resources/t5KQ6O4YGp.pdf","false",""
"MEMBER-OF-COUNTY-ASSEMBLY-KEN-C021-CON106-W0524","member_of_county_assembly","ward","KEN-C021-CON106-W0524","Mbiri","Njeri Benard Ruiru","UDA","elected","2022 general election, declared 2022-08-22","A","2022-08-22","stale_unverified","IEBC","https://www.iebc.or.ke/uploads/resources/t5KQ6O4YGp.pdf","false",""
"MEMBER-OF-COUNTY-ASSEMBLY-KEN-C021-CON106-W0525","member_of_county_assembly","ward","KEN-C021-CON106-W0525","Township","Karina Charles Machigo","UDA","elected","2022 general election, declared 2022-08-22","A","2022-08-22","stale_unverified","IEBC","https://www.iebc.or.ke/uploads/resources/t5KQ6O4YGp.pdf","false",""
"MEMBER-OF-COUNTY-ASSEMBLY-KEN-C021-CON106-W0526","member_of_county_assembly","ward","KEN-C021-CON106-W0526","Murarandia","Njuguna Peter Munga","IND","elected","2022 general election, declared 2022-08-22","A","2022-08-22","stale_unverified","IEBC","https://www.iebc.or.ke/uploads/resources/t5KQ6O4YGp.pdf","false",""
"MEMBER-OF-COUNTY-ASSEMBLY-KEN-C021-CON106-W0527","member_of_county_assembly","ward","KEN-C021-CON106-W0527","Gaturi","Njeri Gathee Wa","IND","elected","2022 general election, declared 2022-08-22","A","2022-08-22","stale_unverified","IEBC","https://www.iebc.or.ke/uploads/resources/t5KQ6O4YGp.pdf","false",""
"MEMBER-OF-COUNTY-ASSEMBLY-KEN-C021-CON107-W0528","member_of_county_assembly","ward","KEN-C021-CON107-W0528","Kahumbu","Njoroge Chefman Isaac","UDA","elected","2022 general election, declared 2022-08-22","A","2022-08-22","stale_unverified","IEBC","https://www.iebc.or.ke/uploads/resources/t5KQ6O4YGp.pdf","false",""
"MEMBER-OF-COUNTY-ASSEMBLY-KEN-C021-CON107-W0529","member_of_county_assembly","ward","KEN-C021-CON107-W0529","Muthithi","Mbau Boniface Nganga","IND","elected","2022 general election, declared 2022-08-22","A","2022-08-22","stale_unverified","IEBC","https://www.iebc.or.ke/uploads/resources/t5KQ6O4YGp.pdf","false",""
"MEMBER-OF-COUNTY-ASSEMBLY-KEN-C021-CON107-W0530","member_of_county_assembly","ward","KEN-C021-CON107-W0530","Kigumo","Njoroge Caroline Wairimu","ANC","elected","2022 general election, declared 2022-08-22","A","2022-08-22","stale_unverified","IEBC","https://www.iebc.or.ke/uploads/resources/t5KQ6O4YGp.pdf","false",""
"MEMBER-OF-COUNTY-ASSEMBLY-KEN-C021-CON107-W0531","member_of_county_assembly","ward","KEN-C021-CON107-W0531","Kangari","Mirara Moses Macharia","UDA","elected","2022 general election, declared 2022-08-22","A","2022-08-22","stale_unverified","IEBC","https://www.iebc.or.ke/uploads/resources/t5KQ6O4YGp.pdf","false",""
"MEMBER-OF-COUNTY-ASSEMBLY-KEN-C021-CON107-W0532","member_of_county_assembly","ward","KEN-C021-CON107-W0532","Kinyona","Mbugua Liz Muthoni","UDA","elected","2022 general election, declared 2022-08-22","A","2022-08-22","stale_unverified","IEBC","https://www.iebc.or.ke/uploads/resources/t5KQ6O4YGp.pdf","false",""
"MEMBER-OF-COUNTY-ASSEMBLY-KEN-C021-CON108-W0533","member_of_county_assembly","ward","KEN-C021-CON108-W0533","Kimorori/Wempa","Warisper Elizabeth Wambui Mwangi","UDA","elected","2022 general election, declared 2022-08-22","A","2022-08-22","stale_unverified","IEBC","https://www.iebc.or.ke/uploads/resources/t5KQ6O4YGp.pdf","false",""
"MEMBER-OF-COUNTY-ASSEMBLY-KEN-C021-CON108-W0534","member_of_county_assembly","ward","KEN-C021-CON108-W0534","Makuyu","Mwaura Thomas Muteti","UDA","elected","2022 general election, declared 2022-08-22","A","2022-08-22","stale_unverified","IEBC","https://www.iebc.or.ke/uploads/resources/t5KQ6O4YGp.pdf","false",""
"MEMBER-OF-COUNTY-ASSEMBLY-KEN-C021-CON108-W0535","member_of_county_assembly","ward","KEN-C021-CON108-W0535","Kambiti","Njaramba Chomba Laban","UDA","elected","2022 general election, declared 2022-08-22","A","2022-08-22","stale_unverified","IEBC","https://www.iebc.or.ke/uploads/resources/t5KQ6O4YGp.pdf","false",""
"MEMBER-OF-COUNTY-ASSEMBLY-KEN-C021-CON108-W0536","member_of_county_assembly","ward","KEN-C021-CON108-W0536","Kamahuha","Kabera James Karanja","IND","elected","2022 general election, declared 2022-08-22","A","2022-08-22","stale_unverified","IEBC","https://www.iebc.or.ke/uploads/resources/t5KQ6O4YGp.pdf","false",""
"MEMBER-OF-COUNTY-ASSEMBLY-KEN-C021-CON108-W0537","member_of_county_assembly","ward","KEN-C021-CON108-W0537","Ichagaki","Muchoki Hilary Muigai","UDA","elected","2022 general election, declared 2022-08-22","A","2022-08-22","stale_unverified","IEBC","https://www.iebc.or.ke/uploads/resources/t5KQ6O4YGp.pdf","false",""
"MEMBER-OF-COUNTY-ASSEMBLY-KEN-C021-CON108-W0538","member_of_county_assembly","ward","KEN-C021-CON108-W0538","Nginda","Kamau John Mwangi","UDA","elected","2022 general election, declared 2022-08-22","A","2022-08-22","stale_unverified","IEBC","https://www.iebc.or.ke/uploads/resources/t5KQ6O4YGp.pdf","false",""
"MEMBER-OF-COUNTY-ASSEMBLY-KEN-C021-CON109-W0539","member_of_county_assembly","ward","KEN-C021-CON109-W0539","Ng'araria","Wamwea Simon Mwaura","UDA","elected","2022 general election, declared 2022-08-22","A","2022-08-22","stale_unverified","IEBC","https://www.iebc.or.ke/uploads/resources/t5KQ6O4YGp.pdf","false",""
"MEMBER-OF-COUNTY-ASSEMBLY-KEN-C021-CON109-W0540","member_of_county_assembly","ward","KEN-C021-CON109-W0540","Muruka","Ngugi Peter Murigi","UDA","elected","2022 general election, declared 2022-08-22","A","2022-08-22","stale_unverified","IEBC","https://www.iebc.or.ke/uploads/resources/t5KQ6O4YGp.pdf","false",""
"MEMBER-OF-COUNTY-ASSEMBLY-KEN-C021-CON109-W0541","member_of_county_assembly","ward","KEN-C021-CON109-W0541","Kagundu-Ini","Ngigi Samson Mukora","UDA","elected","2022 general election, declared 2022-08-22","A","2022-08-22","stale_unverified","IEBC","https://www.iebc.or.ke/uploads/resources/t5KQ6O4YGp.pdf","false",""
"MEMBER-OF-COUNTY-ASSEMBLY-KEN-C021-CON109-W0542","member_of_county_assembly","ward","KEN-C021-CON109-W0542","Gaichanjiru","Munyua John Kamau","UDA","elected","2022 general election, declared 2022-08-22","A","2022-08-22","stale_unverified","IEBC","https://www.iebc.or.ke/uploads/resources/t5KQ6O4YGp.pdf","false",""
"MEMBER-OF-COUNTY-ASSEMBLY-KEN-C021-CON109-W0543","member_of_county_assembly","ward","KEN-C021-CON109-W0543","Ithiru","Wasary Francis Kibe Kamau","UDA","elected","2022 general election, declared 2022-08-22","A","2022-08-22","stale_unverified","IEBC","https://www.iebc.or.ke/uploads/resources/t5KQ6O4YGp.pdf","false",""
"MEMBER-OF-COUNTY-ASSEMBLY-KEN-C021-CON109-W0544","member_of_county_assembly","ward","KEN-C021-CON109-W0544","Ruchu","Maina Naomi Nyambura","UDA","elected","2022 general election, declared 2022-08-22","A","2022-08-22","stale_unverified","IEBC","https://www.iebc.or.ke/uploads/resources/t5KQ6O4YGp.pdf","false",""
"MEMBER-OF-COUNTY-ASSEMBLY-KEN-C021-CON110-W0545","member_of_county_assembly","ward","KEN-C021-CON110-W0545","Ithanga","Makau Alex Ndunda","PNU","elected","2022 general election, declared 2022-08-22","A","2022-08-22","stale_unverified","IEBC","https://www.iebc.or.ke/uploads/resources/t5KQ6O4YGp.pdf","false",""
"MEMBER-OF-COUNTY-ASSEMBLY-KEN-C021-CON110-W0546","member_of_county_assembly","ward","KEN-C021-CON110-W0546","Kakuzi/Mitubiri","Kimani Steven Mugai","UDA","elected","2022 general election, declared 2022-08-22","A","2022-08-22","stale_unverified","IEBC","https://www.iebc.or.ke/uploads/resources/t5KQ6O4YGp.pdf","false",""
"MEMBER-OF-COUNTY-ASSEMBLY-KEN-C021-CON110-W0547","member_of_county_assembly","ward","KEN-C021-CON110-W0547","Mugumo-Ini","Wanyoike Alex Wainaina","UDA","elected","2022 general election, declared 2022-08-22","A","2022-08-22","stale_unverified","IEBC","https://www.iebc.or.ke/uploads/resources/t5KQ6O4YGp.pdf","false",""
"MEMBER-OF-COUNTY-ASSEMBLY-KEN-C021-CON110-W0548","member_of_county_assembly","ward","KEN-C021-CON110-W0548","Kihumbu-Ini","Mungai Moses Gachui","UDA","elected","2022 general election, declared 2022-08-22","B","2022-08-22","stale_unverified","IEBC","https://www.iebc.or.ke/uploads/resources/t5KQ6O4YGp.pdf","false",""
"MEMBER-OF-COUNTY-ASSEMBLY-KEN-C021-CON110-W0549","member_of_county_assembly","ward","KEN-C021-CON110-W0549","Gatanga","Ngugi John Kibaiya","UDA","elected","2022 general election, declared 2022-08-22","A","2022-08-22","stale_unverified","IEBC","https://www.iebc.or.ke/uploads/resources/t5KQ6O4YGp.pdf","false",""
"MEMBER-OF-COUNTY-ASSEMBLY-KEN-C021-CON110-W0550","member_of_county_assembly","ward","KEN-C021-CON110-W0550","Kariara","Mbatia Jeremiah Clement Gichobe","UDA","elected","2022 general election, declared 2022-08-22","A","2022-08-22","stale_unverified","IEBC","https://www.iebc.or.ke/uploads/resources/t5KQ6O4YGp.pdf","false",""
"MEMBER-OF-COUNTY-ASSEMBLY-KEN-C022-CON111-W0551","member_of_county_assembly","ward","KEN-C022-CON111-W0551","Kiamwangi","Wanjiku Kungu Smart","JIBEBE","elected","2022 general election, declared 2022-08-22","A","2022-08-22","stale_unverified","IEBC","https://www.iebc.or.ke/uploads/resources/t5KQ6O4YGp.pdf","false",""
"MEMBER-OF-COUNTY-ASSEMBLY-KEN-C022-CON111-W0552","member_of_county_assembly","ward","KEN-C022-CON111-W0552","Kiganjo","Waweru Julius Kahura","IND","elected","2022 general election, declared 2022-08-22","A","2022-08-22","stale_unverified","IEBC","https://www.iebc.or.ke/uploads/resources/t5KQ6O4YGp.pdf","false",""
"MEMBER-OF-COUNTY-ASSEMBLY-KEN-C022-CON111-W0553","member_of_county_assembly","ward","KEN-C022-CON111-W0553","Ndarugu","Ndiba John Njinu","UDA","elected","2022 general election, declared 2022-08-22","A","2022-08-22","stale_unverified","IEBC","https://www.iebc.or.ke/uploads/resources/t5KQ6O4YGp.pdf","false",""
"MEMBER-OF-COUNTY-ASSEMBLY-KEN-C022-CON111-W0554","member_of_county_assembly","ward","KEN-C022-CON111-W0554","Ngenda","Kigara Joe Githui","JP","elected","2022 general election, declared 2022-08-22","A","2022-08-22","stale_unverified","IEBC","https://www.iebc.or.ke/uploads/resources/t5KQ6O4YGp.pdf","false",""
"MEMBER-OF-COUNTY-ASSEMBLY-KEN-C022-CON112-W0555","member_of_county_assembly","ward","KEN-C022-CON112-W0555","Gituamba","Wanyiri Francis Murima","UDA","elected","2022 general election, declared 2022-08-22","A","2022-08-22","stale_unverified","IEBC","https://www.iebc.or.ke/uploads/resources/t5KQ6O4YGp.pdf","false",""
"MEMBER-OF-COUNTY-ASSEMBLY-KEN-C022-CON112-W0556","member_of_county_assembly","ward","KEN-C022-CON112-W0556","Githobokoni","Munyua Moses Kiarie","UDA","elected","2022 general election, declared 2022-08-22","A","2022-08-22","stale_unverified","IEBC","https://www.iebc.or.ke/uploads/resources/t5KQ6O4YGp.pdf","false",""
"MEMBER-OF-COUNTY-ASSEMBLY-KEN-C022-CON112-W0557","member_of_county_assembly","ward","KEN-C022-CON112-W0557","Chania","Kibuu Joseph Mwangi","UDA","elected","2022 general election, declared 2022-08-22","A","2022-08-22","stale_unverified","IEBC","https://www.iebc.or.ke/uploads/resources/t5KQ6O4YGp.pdf","false",""
"MEMBER-OF-COUNTY-ASSEMBLY-KEN-C022-CON112-W0558","member_of_county_assembly","ward","KEN-C022-CON112-W0558","Mang'u","Mburu Patrick Mwangi","UDA","elected","2022 general election, declared 2022-08-22","A","2022-08-22","stale_unverified","IEBC","https://www.iebc.or.ke/uploads/resources/t5KQ6O4YGp.pdf","false",""
"MEMBER-OF-COUNTY-ASSEMBLY-KEN-C022-CON113-W0559","member_of_county_assembly","ward","KEN-C022-CON113-W0559","Murera","Wambiri Moses Ngatha","UDA","elected","2022 general election, declared 2022-08-22","A","2022-08-22","stale_unverified","IEBC","https://www.iebc.or.ke/uploads/resources/t5KQ6O4YGp.pdf","false",""
"MEMBER-OF-COUNTY-ASSEMBLY-KEN-C022-CON113-W0560","member_of_county_assembly","ward","KEN-C022-CON113-W0560","Theta","Munana Moses Muiruri","UDA","elected","2022 general election, declared 2022-08-22","A","2022-08-22","stale_unverified","IEBC","https://www.iebc.or.ke/uploads/resources/t5KQ6O4YGp.pdf","false",""
"MEMBER-OF-COUNTY-ASSEMBLY-KEN-C022-CON113-W0561","member_of_county_assembly","ward","KEN-C022-CON113-W0561","Juja","Mwangi Jeremiah Kiama","CCK","elected","2022 general election, declared 2022-08-22","A","2022-08-22","stale_unverified","IEBC","https://www.iebc.or.ke/uploads/resources/t5KQ6O4YGp.pdf","false",""
"MEMBER-OF-COUNTY-ASSEMBLY-KEN-C022-CON113-W0562","member_of_county_assembly","ward","KEN-C022-CON113-W0562","Witeithie","Ngugi Patrick Mwiberi","UDA","elected","2022 general election, declared 2022-08-22","A","2022-08-22","stale_unverified","IEBC","https://www.iebc.or.ke/uploads/resources/t5KQ6O4YGp.pdf","false",""
"MEMBER-OF-COUNTY-ASSEMBLY-KEN-C022-CON113-W0563","member_of_county_assembly","ward","KEN-C022-CON113-W0563","Kalimoni","Mucheke Godffrey Waiyaki","UDA","elected","2022 general election, declared 2022-08-22","A","2022-08-22","stale_unverified","IEBC","https://www.iebc.or.ke/uploads/resources/t5KQ6O4YGp.pdf","false",""
"MEMBER-OF-COUNTY-ASSEMBLY-KEN-C022-CON114-W0564","member_of_county_assembly","ward","KEN-C022-CON114-W0564","Township","Kimani Kennedy Kentams Mwangi","UDA","elected","2022 general election, declared 2022-08-22","A","2022-08-22","stale_unverified","IEBC","https://www.iebc.or.ke/uploads/resources/t5KQ6O4YGp.pdf","false",""
"MEMBER-OF-COUNTY-ASSEMBLY-KEN-C022-CON114-W0565","member_of_county_assembly","ward","KEN-C022-CON114-W0565","Kamenu","Mungai Peter Mburu","UDA","elected","2022 general election, declared 2022-08-22","A","2022-08-22","stale_unverified","IEBC","https://www.iebc.or.ke/uploads/resources/t5KQ6O4YGp.pdf","false",""
"MEMBER-OF-COUNTY-ASSEMBLY-KEN-C022-CON114-W0566","member_of_county_assembly","ward","KEN-C022-CON114-W0566","Hospital","Njue John Njiru","UDA","elected","2022 general election, declared 2022-08-22","A","2022-08-22","stale_unverified","IEBC","https://www.iebc.or.ke/uploads/resources/t5KQ6O4YGp.pdf","false",""
"MEMBER-OF-COUNTY-ASSEMBLY-KEN-C022-CON114-W0567","member_of_county_assembly","ward","KEN-C022-CON114-W0567","Gatuanyaga","Jackma Jackson Karanja Kungu","UDA","elected","2022 general election, declared 2022-08-22","A","2022-08-22","stale_unverified","IEBC","https://www.iebc.or.ke/uploads/resources/t5KQ6O4YGp.pdf","false",""
"MEMBER-OF-COUNTY-ASSEMBLY-KEN-C022-CON114-W0568","member_of_county_assembly","ward","KEN-C022-CON114-W0568","Ngoliba","Njama Joachim Mwangi","JP","elected","2022 general election, declared 2022-08-22","A","2022-08-22","stale_unverified","IEBC","https://www.iebc.or.ke/uploads/resources/t5KQ6O4YGp.pdf","false",""
"MEMBER-OF-COUNTY-ASSEMBLY-KEN-C022-CON115-W0569","member_of_county_assembly","ward","KEN-C022-CON115-W0569","Gitothua","Kamande John Njogu","UDA","elected","2022 general election, declared 2022-08-22","A","2022-08-22","stale_unverified","IEBC","https://www.iebc.or.ke/uploads/resources/t5KQ6O4YGp.pdf","false",""
"MEMBER-OF-COUNTY-ASSEMBLY-KEN-C022-CON115-W0570","member_of_county_assembly","ward","KEN-C022-CON115-W0570","Biashara","Nduta Kimani","JIBEBE","elected","2022 general election, declared 2022-08-22","A","2022-08-22","stale_unverified","IEBC","https://www.iebc.or.ke/uploads/resources/t5KQ6O4YGp.pdf","false",""
"MEMBER-OF-COUNTY-ASSEMBLY-KEN-C022-CON115-W0571","member_of_county_assembly","ward","KEN-C022-CON115-W0571","Gatongora","Kuria Daniel Gitau","UDA","elected","2022 general election, declared 2022-08-22","A","2022-08-22","stale_unverified","IEBC","https://www.iebc.or.ke/uploads/resources/t5KQ6O4YGp.pdf","false",""
"MEMBER-OF-COUNTY-ASSEMBLY-KEN-C022-CON115-W0572","member_of_county_assembly","ward","KEN-C022-CON115-W0572","Kahawa Sukari","Obudho Kennedy Odhiambo","JP","elected","2022 general election, declared 2022-08-22","A","2022-08-22","stale_unverified","IEBC","https://www.iebc.or.ke/uploads/resources/t5KQ6O4YGp.pdf","false",""
"MEMBER-OF-COUNTY-ASSEMBLY-KEN-C022-CON115-W0573","member_of_county_assembly","ward","KEN-C022-CON115-W0573","Kahawa Wendani","Sinne Brian Simiyu","UDA","elected","2022 general election, declared 2022-08-22","A","2022-08-22","stale_unverified","IEBC","https://www.iebc.or.ke/uploads/resources/t5KQ6O4YGp.pdf","false",""
"MEMBER-OF-COUNTY-ASSEMBLY-KEN-C022-CON115-W0574","member_of_county_assembly","ward","KEN-C022-CON115-W0574","Kiuu","Mbugua Zacharia Macharia","UDA","elected","2022 general election, declared 2022-08-22","A","2022-08-22","stale_unverified","IEBC","https://www.iebc.or.ke/uploads/resources/t5KQ6O4YGp.pdf","false",""
"MEMBER-OF-COUNTY-ASSEMBLY-KEN-C022-CON115-W0575","member_of_county_assembly","ward","KEN-C022-CON115-W0575","Mwiki","Anampiu Donna Kendi","UDA","elected","2022 general election, declared 2022-08-22","A","2022-08-22","stale_unverified","IEBC","https://www.iebc.or.ke/uploads/resources/t5KQ6O4YGp.pdf","false",""
"MEMBER-OF-COUNTY-ASSEMBLY-KEN-C022-CON115-W0576","member_of_county_assembly","ward","KEN-C022-CON115-W0576","Mwihoko","Gikanga George Ng’ang’a","CCK","elected","2022 general election, declared 2022-08-22","A","2022-08-22","stale_unverified","IEBC","https://www.iebc.or.ke/uploads/resources/t5KQ6O4YGp.pdf","false",""
"MEMBER-OF-COUNTY-ASSEMBLY-KEN-C022-CON116-W0577","member_of_county_assembly","ward","KEN-C022-CON116-W0577","Githunguri","Kamau Joseph Muhinja","UDA","elected","2022 general election, declared 2022-08-22","A","2022-08-22","stale_unverified","IEBC","https://www.iebc.or.ke/uploads/resources/t5KQ6O4YGp.pdf","false",""
"MEMBER-OF-COUNTY-ASSEMBLY-KEN-C022-CON116-W0578","member_of_county_assembly","ward","KEN-C022-CON116-W0578","Githiga","Wanjiku Ruth Waithira","UDA","elected","2022 general election, declared 2022-08-22","A","2022-08-22","stale_unverified","IEBC","https://www.iebc.or.ke/uploads/resources/t5KQ6O4YGp.pdf","false",""
"MEMBER-OF-COUNTY-ASSEMBLY-KEN-C022-CON116-W0579","member_of_county_assembly","ward","KEN-C022-CON116-W0579","Ikinu","Thuo Cedric Gachunga","UDA","elected","2022 general election, declared 2022-08-22","A","2022-08-22","stale_unverified","IEBC","https://www.iebc.or.ke/uploads/resources/t5KQ6O4YGp.pdf","false",""
"MEMBER-OF-COUNTY-ASSEMBLY-KEN-C022-CON116-W0580","member_of_county_assembly","ward","KEN-C022-CON116-W0580","Ngewa","Gitau Charles Kangethe","UDA","elected","2022 general election, declared 2022-08-22","A","2022-08-22","stale_unverified","IEBC","https://www.iebc.or.ke/uploads/resources/t5KQ6O4YGp.pdf","false",""
"MEMBER-OF-COUNTY-ASSEMBLY-KEN-C022-CON116-W0581","member_of_county_assembly","ward","KEN-C022-CON116-W0581","Komothai","Wanyutu Waweru","CCK","elected","2022 general election, declared 2022-08-22","A","2022-08-22","stale_unverified","IEBC","https://www.iebc.or.ke/uploads/resources/t5KQ6O4YGp.pdf","false",""
"MEMBER-OF-COUNTY-ASSEMBLY-KEN-C022-CON117-W0582","member_of_county_assembly","ward","KEN-C022-CON117-W0582","Ting'ang'a","Mwaura Lawrence","JIBEBE","elected","2022 general election, declared 2022-08-22","A","2022-08-22","stale_unverified","IEBC","https://www.iebc.or.ke/uploads/resources/t5KQ6O4YGp.pdf","false",""
"MEMBER-OF-COUNTY-ASSEMBLY-KEN-C022-CON117-W0583","member_of_county_assembly","ward","KEN-C022-CON117-W0583","Ndumberi","Nyokabi David Chogi","UDA","elected","2022 general election, declared 2022-08-22","A","2022-08-22","stale_unverified","IEBC","https://www.iebc.or.ke/uploads/resources/t5KQ6O4YGp.pdf","false",""
"MEMBER-OF-COUNTY-ASSEMBLY-KEN-C022-CON117-W0584","member_of_county_assembly","ward","KEN-C022-CON117-W0584","Riabai","Gachui Hezron Mwangi","UDA","elected","2022 general election, declared 2022-08-22","A","2022-08-22","stale_unverified","IEBC","https://www.iebc.or.ke/uploads/resources/t5KQ6O4YGp.pdf","false",""
"MEMBER-OF-COUNTY-ASSEMBLY-KEN-C022-CON117-W0585","member_of_county_assembly","ward","KEN-C022-CON117-W0585","Township","Wanjiru Francis Koina","UDA","elected","2022 general election, declared 2022-08-22","A","2022-08-22","stale_unverified","IEBC","https://www.iebc.or.ke/uploads/resources/t5KQ6O4YGp.pdf","false",""
"MEMBER-OF-COUNTY-ASSEMBLY-KEN-C022-CON118-W0586","member_of_county_assembly","ward","KEN-C022-CON118-W0586","Cianda","Kienjeku Joseph Koigi","UDA","elected","2022 general election, declared 2022-08-22","A","2022-08-22","stale_unverified","IEBC","https://www.iebc.or.ke/uploads/resources/t5KQ6O4YGp.pdf","false",""
"MEMBER-OF-COUNTY-ASSEMBLY-KEN-C022-CON118-W0587","member_of_county_assembly","ward","KEN-C022-CON118-W0587","Karuri","Wainaina Peter Njoroge","JIBEBE","elected","2022 general election, declared 2022-08-22","A","2022-08-22","stale_unverified","IEBC","https://www.iebc.or.ke/uploads/resources/t5KQ6O4YGp.pdf","false",""
"MEMBER-OF-COUNTY-ASSEMBLY-KEN-C022-CON118-W0588","member_of_county_assembly","ward","KEN-C022-CON118-W0588","Ndenderu","Wanjiru David Mwaura","UDA","elected","2022 general election, declared 2022-08-22","A","2022-08-22","stale_unverified","IEBC","https://www.iebc.or.ke/uploads/resources/t5KQ6O4YGp.pdf","false",""
"MEMBER-OF-COUNTY-ASSEMBLY-KEN-C022-CON118-W0589","member_of_county_assembly","ward","KEN-C022-CON118-W0589","Muchatha","Kamau Kenneth Karanja","UDA","elected","2022 general election, declared 2022-08-22","A","2022-08-22","stale_unverified","IEBC","https://www.iebc.or.ke/uploads/resources/t5KQ6O4YGp.pdf","false",""
"MEMBER-OF-COUNTY-ASSEMBLY-KEN-C022-CON118-W0590","member_of_county_assembly","ward","KEN-C022-CON118-W0590","Kihara","Muthondu John Ngure","JP","elected","2022 general election, declared 2022-08-22","A","2022-08-22","stale_unverified","IEBC","https://www.iebc.or.ke/uploads/resources/t5KQ6O4YGp.pdf","false",""
"MEMBER-OF-COUNTY-ASSEMBLY-KEN-C022-CON119-W0591","member_of_county_assembly","ward","KEN-C022-CON119-W0591","Gitaru","Karanja Jane Thogori","UDA","elected","2022 general election, declared 2022-08-22","A","2022-08-22","stale_unverified","IEBC","https://www.iebc.or.ke/uploads/resources/t5KQ6O4YGp.pdf","false",""
"MEMBER-OF-COUNTY-ASSEMBLY-KEN-C022-CON119-W0592","member_of_county_assembly","ward","KEN-C022-CON119-W0592","Muguga","Thumbi Peter Kamau","UDA","elected","2022 general election, declared 2022-08-22","A","2022-08-22","stale_unverified","IEBC","https://www.iebc.or.ke/uploads/resources/t5KQ6O4YGp.pdf","false",""
"MEMBER-OF-COUNTY-ASSEMBLY-KEN-C022-CON119-W0593","member_of_county_assembly","ward","KEN-C022-CON119-W0593","Nyadhuna","Ngugi Edward Kinyanjui","UDA","elected","2022 general election, declared 2022-08-22","A","2022-08-22","stale_unverified","IEBC","https://www.iebc.or.ke/uploads/resources/t5KQ6O4YGp.pdf","false",""
"MEMBER-OF-COUNTY-ASSEMBLY-KEN-C022-CON119-W0594","member_of_county_assembly","ward","KEN-C022-CON119-W0594","Kabete","Hinga Grace","UDA","elected","2022 general election, declared 2022-08-22","A","2022-08-22","stale_unverified","IEBC","https://www.iebc.or.ke/uploads/resources/t5KQ6O4YGp.pdf","false",""
"MEMBER-OF-COUNTY-ASSEMBLY-KEN-C022-CON119-W0595","member_of_county_assembly","ward","KEN-C022-CON119-W0595","Uthiru","Ndungu Erick Warugu","UDA","elected","2022 general election, declared 2022-08-22","A","2022-08-22","stale_unverified","IEBC","https://www.iebc.or.ke/uploads/resources/t5KQ6O4YGp.pdf","false",""
"MEMBER-OF-COUNTY-ASSEMBLY-KEN-C022-CON120-W0596","member_of_county_assembly","ward","KEN-C022-CON120-W0596","Karai","Kimani Samuel Njoroge Icembe","UDA","elected","2022 general election, declared 2022-08-22","A","2022-08-22","stale_unverified","IEBC","https://www.iebc.or.ke/uploads/resources/t5KQ6O4YGp.pdf","false",""
"MEMBER-OF-COUNTY-ASSEMBLY-KEN-C022-CON120-W0597","member_of_county_assembly","ward","KEN-C022-CON120-W0597","Nachu","Kimani George Njoroge","UDA","elected","2022 general election, declared 2022-08-22","A","2022-08-22","stale_unverified","IEBC","https://www.iebc.or.ke/uploads/resources/t5KQ6O4YGp.pdf","false",""
"MEMBER-OF-COUNTY-ASSEMBLY-KEN-C022-CON120-W0598","member_of_county_assembly","ward","KEN-C022-CON120-W0598","Sigona","Munyaka Naphtaly Ngugi","UDA","elected","2022 general election, declared 2022-08-22","A","2022-08-22","stale_unverified","IEBC","https://www.iebc.or.ke/uploads/resources/t5KQ6O4YGp.pdf","false",""
"MEMBER-OF-COUNTY-ASSEMBLY-KEN-C022-CON120-W0599","member_of_county_assembly","ward","KEN-C022-CON120-W0599","Kikuyu","Kamau James Boro","UDA","elected","2022 general election, declared 2022-08-22","A","2022-08-22","stale_unverified","IEBC","https://www.iebc.or.ke/uploads/resources/t5KQ6O4YGp.pdf","false",""
"MEMBER-OF-COUNTY-ASSEMBLY-KEN-C022-CON120-W0600","member_of_county_assembly","ward","KEN-C022-CON120-W0600","Kinoo","Kimani Evanson Muigu","UDA","elected","2022 general election, declared 2022-08-22","A","2022-08-22","stale_unverified","IEBC","https://www.iebc.or.ke/uploads/resources/t5KQ6O4YGp.pdf","false",""
"MEMBER-OF-COUNTY-ASSEMBLY-KEN-C022-CON121-W0601","member_of_county_assembly","ward","KEN-C022-CON121-W0601","Bibirioni","Kamau Christopher Ireri","UDA","elected","2022 general election, declared 2022-08-22","A","2022-08-22","stale_unverified","IEBC","https://www.iebc.or.ke/uploads/resources/t5KQ6O4YGp.pdf","false",""
"MEMBER-OF-COUNTY-ASSEMBLY-KEN-C022-CON121-W0602","member_of_county_assembly","ward","KEN-C022-CON121-W0602","Limuru Central","Nduta Josephine Muongi","UDA","elected","2022 general election, declared 2022-08-22","A","2022-08-22","stale_unverified","IEBC","https://www.iebc.or.ke/uploads/resources/t5KQ6O4YGp.pdf","false",""
"MEMBER-OF-COUNTY-ASSEMBLY-KEN-C022-CON121-W0603","member_of_county_assembly","ward","KEN-C022-CON121-W0603","Ndeiya","Mbuiyu Nelson Munga","UDA","elected","2022 general election, declared 2022-08-22","B","2022-08-22","stale_unverified","IEBC","https://www.iebc.or.ke/uploads/resources/t5KQ6O4YGp.pdf","false",""
"MEMBER-OF-COUNTY-ASSEMBLY-KEN-C022-CON121-W0604","member_of_county_assembly","ward","KEN-C022-CON121-W0604","Limuru East","Wambui Paul Macharia","UDA","elected","2022 general election, declared 2022-08-22","B","2022-08-22","stale_unverified","IEBC","https://www.iebc.or.ke/uploads/resources/t5KQ6O4YGp.pdf","false",""
"MEMBER-OF-COUNTY-ASSEMBLY-KEN-C022-CON121-W0605","member_of_county_assembly","ward","KEN-C022-CON121-W0605","Ngecha Tigoni","Ngaruiya Patrick Kimani","UDA","elected","2022 general election, declared 2022-08-22","B","2022-08-22","stale_unverified","IEBC","https://www.iebc.or.ke/uploads/resources/t5KQ6O4YGp.pdf","false",""
"MEMBER-OF-COUNTY-ASSEMBLY-KEN-C022-CON122-W0606","member_of_county_assembly","ward","KEN-C022-CON122-W0606","Kinale","Kiranga Dominic Mbugua","UDA","elected","2022 general election, declared 2022-08-22","A","2022-08-22","stale_unverified","IEBC","https://www.iebc.or.ke/uploads/resources/t5KQ6O4YGp.pdf","false",""
"MEMBER-OF-COUNTY-ASSEMBLY-KEN-C022-CON122-W0607","member_of_county_assembly","ward","KEN-C022-CON122-W0607","Kijabe","Wamwere Stephen Nyutu","UDA","elected","2022 general election, declared 2022-08-22","A","2022-08-22","stale_unverified","IEBC","https://www.iebc.or.ke/uploads/resources/t5KQ6O4YGp.pdf","false",""
"MEMBER-OF-COUNTY-ASSEMBLY-KEN-C022-CON122-W0608","member_of_county_assembly","ward","KEN-C022-CON122-W0608","Nyanduma","Chege Beth Wanjiku","UDA","elected","2022 general election, declared 2022-08-22","A","2022-08-22","stale_unverified","IEBC","https://www.iebc.or.ke/uploads/resources/t5KQ6O4YGp.pdf","false",""
"MEMBER-OF-COUNTY-ASSEMBLY-KEN-C022-CON122-W0609","member_of_county_assembly","ward","KEN-C022-CON122-W0609","Kamburu","Wainaina Samuel Mbeere","IND","elected","2022 general election, declared 2022-08-22","A","2022-08-22","stale_unverified","IEBC","https://www.iebc.or.ke/uploads/resources/t5KQ6O4YGp.pdf","false",""
"MEMBER-OF-COUNTY-ASSEMBLY-KEN-C022-CON122-W0610","member_of_county_assembly","ward","KEN-C022-CON122-W0610","Lari/Kirenga","Githing’a Josphat Kinyanjui","IND","elected","2022 general election, declared 2022-08-22","A","2022-08-22","stale_unverified","IEBC","https://www.iebc.or.ke/uploads/resources/t5KQ6O4YGp.pdf","false",""
"MEMBER-OF-COUNTY-ASSEMBLY-KEN-C023-CON123-W0611","member_of_county_assembly","ward","KEN-C023-CON123-W0611","Kaeris","Napion Patrick Ewoton","UDA","elected","2022 general election, declared 2022-08-22","A","2022-08-22","stale_unverified","IEBC","https://www.iebc.or.ke/uploads/resources/t5KQ6O4YGp.pdf","false",""
"MEMBER-OF-COUNTY-ASSEMBLY-KEN-C023-CON123-W0612","member_of_county_assembly","ward","KEN-C023-CON123-W0612","Lake Zone","Ekwar Michael Egelan","UDA","elected","2022 general election, declared 2022-08-22","A","2022-08-22","stale_unverified","IEBC","https://www.iebc.or.ke/uploads/resources/t5KQ6O4YGp.pdf","false",""
"MEMBER-OF-COUNTY-ASSEMBLY-KEN-C023-CON123-W0613","member_of_county_assembly","ward","KEN-C023-CON123-W0613","Lapur","Michael Ewoi Emase","UDA","elected","2022 general election, declared 2022-08-22","A","2022-08-22","stale_unverified","IEBC","https://www.iebc.or.ke/uploads/resources/t5KQ6O4YGp.pdf","false",""
"MEMBER-OF-COUNTY-ASSEMBLY-KEN-C023-CON123-W0614","member_of_county_assembly","ward","KEN-C023-CON123-W0614","Kaaleng/Kaikor","Ebei Abdi Fatar Kapua","UDA","elected","2022 general election, declared 2022-08-22","A","2022-08-22","stale_unverified","IEBC","https://www.iebc.or.ke/uploads/resources/t5KQ6O4YGp.pdf","false",""
"MEMBER-OF-COUNTY-ASSEMBLY-KEN-C023-CON123-W0615","member_of_county_assembly","ward","KEN-C023-CON123-W0615","Kibish","Aule Naoyakope Ebenyo","MAPK","elected","2022 general election, declared 2022-08-22","A","2022-08-22","stale_unverified","IEBC","https://www.iebc.or.ke/uploads/resources/t5KQ6O4YGp.pdf","false",""
"MEMBER-OF-COUNTY-ASSEMBLY-KEN-C023-CON123-W0616","member_of_county_assembly","ward","KEN-C023-CON123-W0616","Nakalale","Kalimapus Dedan Ngingaskou","ODM","elected","2022 general election, declared 2022-08-22","A","2022-08-22","stale_unverified","IEBC","https://www.iebc.or.ke/uploads/resources/t5KQ6O4YGp.pdf","false",""
"MEMBER-OF-COUNTY-ASSEMBLY-KEN-C023-CON124-W0617","member_of_county_assembly","ward","KEN-C023-CON124-W0617","Kakuma","Lokwee Emoni Eliud","JP","elected","2022 general election, declared 2022-08-22","A","2022-08-22","stale_unverified","IEBC","https://www.iebc.or.ke/uploads/resources/t5KQ6O4YGp.pdf","false",""
"MEMBER-OF-COUNTY-ASSEMBLY-KEN-C023-CON124-W0618","member_of_county_assembly","ward","KEN-C023-CON124-W0618","Lopur","Eweet Topos Gilbert","UDA","elected","2022 general election, declared 2022-08-22","A","2022-08-22","stale_unverified","IEBC","https://www.iebc.or.ke/uploads/resources/t5KQ6O4YGp.pdf","false",""
"MEMBER-OF-COUNTY-ASSEMBLY-KEN-C023-CON124-W0619","member_of_county_assembly","ward","KEN-C023-CON124-W0619","Letea","Namuya Francis Ngimusia","JP","elected","2022 general election, declared 2022-08-22","A","2022-08-22","stale_unverified","IEBC","https://www.iebc.or.ke/uploads/resources/t5KQ6O4YGp.pdf","false",""
"MEMBER-OF-COUNTY-ASSEMBLY-KEN-C023-CON124-W0620","member_of_county_assembly","ward","KEN-C023-CON124-W0620","Songot","Bethwel Lochor Kobongin","UDA","elected","2022 general election, declared 2022-08-22","A","2022-08-22","stale_unverified","IEBC","https://www.iebc.or.ke/uploads/resources/t5KQ6O4YGp.pdf","false",""
"MEMBER-OF-COUNTY-ASSEMBLY-KEN-C023-CON124-W0621","member_of_county_assembly","ward","KEN-C023-CON124-W0621","Kalobeyei","Apuron Julius Edung","JP","elected","2022 general election, declared 2022-08-22","A","2022-08-22","stale_unverified","IEBC","https://www.iebc.or.ke/uploads/resources/t5KQ6O4YGp.pdf","false",""
"MEMBER-OF-COUNTY-ASSEMBLY-KEN-C023-CON124-W0622","member_of_county_assembly","ward","KEN-C023-CON124-W0622","Lokichoggio","Ekipor Lobwin Vincent","JP","elected","2022 general election, declared 2022-08-22","A","2022-08-22","stale_unverified","IEBC","https://www.iebc.or.ke/uploads/resources/t5KQ6O4YGp.pdf","false",""
"MEMBER-OF-COUNTY-ASSEMBLY-KEN-C023-CON124-W0623","member_of_county_assembly","ward","KEN-C023-CON124-W0623","Nanaam","Ekuwam Philip Lomoria","UDA","elected","2022 general election, declared 2022-08-22","A","2022-08-22","stale_unverified","IEBC","https://www.iebc.or.ke/uploads/resources/t5KQ6O4YGp.pdf","false",""
"MEMBER-OF-COUNTY-ASSEMBLY-KEN-C023-CON125-W0624","member_of_county_assembly","ward","KEN-C023-CON125-W0624","Kerio Delta","Lotiang David Ekod","UDA","elected","2022 general election, declared 2022-08-22","A","2022-08-22","stale_unverified","IEBC","https://www.iebc.or.ke/uploads/resources/t5KQ6O4YGp.pdf","false",""
"MEMBER-OF-COUNTY-ASSEMBLY-KEN-C023-CON125-W0625","member_of_county_assembly","ward","KEN-C023-CON125-W0625","Kang'atotha","Lonyait Alany Mathew","UDA","elected","2022 general election, declared 2022-08-22","A","2022-08-22","stale_unverified","IEBC","https://www.iebc.or.ke/uploads/resources/t5KQ6O4YGp.pdf","false",""
"MEMBER-OF-COUNTY-ASSEMBLY-KEN-C023-CON125-W0626","member_of_county_assembly","ward","KEN-C023-CON125-W0626","Kalokol","Ebenyo Michael Epem","IND","elected","2022 general election, declared 2022-08-22","A","2022-08-22","stale_unverified","IEBC","https://www.iebc.or.ke/uploads/resources/t5KQ6O4YGp.pdf","false",""
"MEMBER-OF-COUNTY-ASSEMBLY-KEN-C023-CON125-W0627","member_of_county_assembly","ward","KEN-C023-CON125-W0627","Lodwar Township","Itabo Ruth Kuya","UDA","elected","2022 general election, declared 2022-08-22","A","2022-08-22","stale_unverified","IEBC","https://www.iebc.or.ke/uploads/resources/t5KQ6O4YGp.pdf","false",""
"MEMBER-OF-COUNTY-ASSEMBLY-KEN-C023-CON125-W0628","member_of_county_assembly","ward","KEN-C023-CON125-W0628","Kanamkemer","Loyelei James Ikeny","UDA","elected","2022 general election, declared 2022-08-22","A","2022-08-22","stale_unverified","IEBC","https://www.iebc.or.ke/uploads/resources/t5KQ6O4YGp.pdf","false",""
"MEMBER-OF-COUNTY-ASSEMBLY-KEN-C023-CON126-W0629","member_of_county_assembly","ward","KEN-C023-CON126-W0629","Kotaruk/Lobei","Lemuya Anarclet Esekhon","FORD KENYA","elected","2022 general election, declared 2022-08-22","A","2022-08-22","stale_unverified","IEBC","https://www.iebc.or.ke/uploads/resources/t5KQ6O4YGp.pdf","false",""
"MEMBER-OF-COUNTY-ASSEMBLY-KEN-C023-CON126-W0630","member_of_county_assembly","ward","KEN-C023-CON126-W0630","Turkwel","Edukon Stephen Ekamais","UDA","elected","2022 general election, declared 2022-08-22","A","2022-08-22","stale_unverified","IEBC","https://www.iebc.or.ke/uploads/resources/t5KQ6O4YGp.pdf","false",""
"MEMBER-OF-COUNTY-ASSEMBLY-KEN-C023-CON126-W0631","member_of_county_assembly","ward","KEN-C023-CON126-W0631","Loima","Amojong Mark Akeru","UDA","elected","2022 general election, declared 2022-08-22","A","2022-08-22","stale_unverified","IEBC","https://www.iebc.or.ke/uploads/resources/t5KQ6O4YGp.pdf","false",""
"MEMBER-OF-COUNTY-ASSEMBLY-KEN-C023-CON126-W0632","member_of_county_assembly","ward","KEN-C023-CON126-W0632","Lokiriama/Lorengippi","Lopayo Lomuria Lawrence","ODM","elected","2022 general election, declared 2022-08-22","A","2022-08-22","stale_unverified","IEBC","https://www.iebc.or.ke/uploads/resources/t5KQ6O4YGp.pdf","false",""
"MEMBER-OF-COUNTY-ASSEMBLY-KEN-C023-CON127-W0633","member_of_county_assembly","ward","KEN-C023-CON127-W0633","Kaputir","Ekaale Aemun Michael","UDA","elected","2022 general election, declared 2022-08-22","A","2022-08-22","stale_unverified","IEBC","https://www.iebc.or.ke/uploads/resources/t5KQ6O4YGp.pdf","false",""
"MEMBER-OF-COUNTY-ASSEMBLY-KEN-C023-CON127-W0634","member_of_county_assembly","ward","KEN-C023-CON127-W0634","Katilu","Etubon William Samal","UDA","elected","2022 general election, declared 2022-08-22","A","2022-08-22","stale_unverified","IEBC","https://www.iebc.or.ke/uploads/resources/t5KQ6O4YGp.pdf","false",""
"MEMBER-OF-COUNTY-ASSEMBLY-KEN-C023-CON127-W0635","member_of_county_assembly","ward","KEN-C023-CON127-W0635","Lobokat","Elimlim Samwel Aliwo","UDA","elected","2022 general election, declared 2022-08-22","A","2022-08-22","stale_unverified","IEBC","https://www.iebc.or.ke/uploads/resources/t5KQ6O4YGp.pdf","false",""
"MEMBER-OF-COUNTY-ASSEMBLY-KEN-C023-CON127-W0636","member_of_county_assembly","ward","KEN-C023-CON127-W0636","Kalapata","Nauyongorot Linus Echeme","UDA","elected","2022 general election, declared 2022-08-22","A","2022-08-22","stale_unverified","IEBC","https://www.iebc.or.ke/uploads/resources/t5KQ6O4YGp.pdf","false",""
"MEMBER-OF-COUNTY-ASSEMBLY-KEN-C023-CON127-W0637","member_of_county_assembly","ward","KEN-C023-CON127-W0637","Lokichar","Lomodo Lokaale Samwel","JP","elected","2022 general election, declared 2022-08-22","A","2022-08-22","stale_unverified","IEBC","https://www.iebc.or.ke/uploads/resources/t5KQ6O4YGp.pdf","false",""
"MEMBER-OF-COUNTY-ASSEMBLY-KEN-C023-CON128-W0638","member_of_county_assembly","ward","KEN-C023-CON128-W0638","Kapedo/Napeitom","Lolim Willy Nalimo","ODM","elected","2022 general election, declared 2022-08-22","A","2022-08-22","stale_unverified","IEBC","https://www.iebc.or.ke/uploads/resources/t5KQ6O4YGp.pdf","false",""
"MEMBER-OF-COUNTY-ASSEMBLY-KEN-C023-CON128-W0639","member_of_county_assembly","ward","KEN-C023-CON128-W0639","Katilia","Alphonse Loteder A","IND","elected","2022 general election, declared 2022-08-22","A","2022-08-22","stale_unverified","IEBC","https://www.iebc.or.ke/uploads/resources/t5KQ6O4YGp.pdf","false",""
"MEMBER-OF-COUNTY-ASSEMBLY-KEN-C023-CON128-W0640","member_of_county_assembly","ward","KEN-C023-CON128-W0640","Lokori/Kochodin","Ngasike Willy Napuyo","UDA","elected","2022 general election, declared 2022-08-22","A","2022-08-22","stale_unverified","IEBC","https://www.iebc.or.ke/uploads/resources/t5KQ6O4YGp.pdf","false",""
"MEMBER-OF-COUNTY-ASSEMBLY-KEN-C024-CON129-W0641","member_of_county_assembly","ward","KEN-C024-CON129-W0641","Riwo","Alukulem David Jumaa","UDA","elected","2022 general election, declared 2022-08-22","A","2022-08-22","stale_unverified","IEBC","https://www.iebc.or.ke/uploads/resources/t5KQ6O4YGp.pdf","false",""
"MEMBER-OF-COUNTY-ASSEMBLY-KEN-C024-CON129-W0642","member_of_county_assembly","ward","KEN-C024-CON129-W0642","Kapenguria","Mastaluk Richard Achekek","UDA","elected","2022 general election, declared 2022-08-22","A","2022-08-22","stale_unverified","IEBC","https://www.iebc.or.ke/uploads/resources/t5KQ6O4YGp.pdf","false",""
"MEMBER-OF-COUNTY-ASSEMBLY-KEN-C024-CON129-W0643","member_of_county_assembly","ward","KEN-C024-CON129-W0643","Mnagei","Todosia Richard Ruto","UDA","elected","2022 general election, declared 2022-08-22","A","2022-08-22","stale_unverified","IEBC","https://www.iebc.or.ke/uploads/resources/t5KQ6O4YGp.pdf","false",""
"MEMBER-OF-COUNTY-ASSEMBLY-KEN-C024-CON129-W0644","member_of_county_assembly","ward","KEN-C024-CON129-W0644","Siyoi","Serem Esther Chemtai","UDA","elected","2022 general election, declared 2022-08-22","A","2022-08-22","stale_unverified","IEBC","https://www.iebc.or.ke/uploads/resources/t5KQ6O4YGp.pdf","false",""
"MEMBER-OF-COUNTY-ASSEMBLY-KEN-C024-CON129-W0645","member_of_county_assembly","ward","KEN-C024-CON129-W0645","Endugh","Siywat Plimo Victor","KANU","elected","2022 general election, declared 2022-08-22","A","2022-08-22","stale_unverified","IEBC","https://www.iebc.or.ke/uploads/resources/t5KQ6O4YGp.pdf","false",""
"MEMBER-OF-COUNTY-ASSEMBLY-KEN-C024-CON129-W0646","member_of_county_assembly","ward","KEN-C024-CON129-W0646","Sook","Poghen Martin Komongiro","UDA","elected","2022 general election, declared 2022-08-22","A","2022-08-22","stale_unverified","IEBC","https://www.iebc.or.ke/uploads/resources/t5KQ6O4YGp.pdf","false",""
"MEMBER-OF-COUNTY-ASSEMBLY-KEN-C024-CON130-W0647","member_of_county_assembly","ward","KEN-C024-CON130-W0647","Sekerr","Mengich Jane Chepaty","KUP","elected","2022 general election, declared 2022-08-22","A","2022-08-22","stale_unverified","IEBC","https://www.iebc.or.ke/uploads/resources/t5KQ6O4YGp.pdf","false",""
"MEMBER-OF-COUNTY-ASSEMBLY-KEN-C024-CON130-W0648","member_of_county_assembly","ward","KEN-C024-CON130-W0648","Masool","Chekeruk Wilson Pkerker","KANU","elected","2022 general election, declared 2022-08-22","A","2022-08-22","stale_unverified","IEBC","https://www.iebc.or.ke/uploads/resources/t5KQ6O4YGp.pdf","false",""
"MEMBER-OF-COUNTY-ASSEMBLY-KEN-C024-CON130-W0649","member_of_county_assembly","ward","KEN-C024-CON130-W0649","Lomut","Toungole Jacob Pkiach","UDA","elected","2022 general election, declared 2022-08-22","A","2022-08-22","stale_unverified","IEBC","https://www.iebc.or.ke/uploads/resources/t5KQ6O4YGp.pdf","false",""
"MEMBER-OF-COUNTY-ASSEMBLY-KEN-C024-CON130-W0650","member_of_county_assembly","ward","KEN-C024-CON130-W0650","Weiwei","Longarinyang Moiben David","KANU","elected","2022 general election, declared 2022-08-22","A","2022-08-22","stale_unverified","IEBC","https://www.iebc.or.ke/uploads/resources/t5KQ6O4YGp.pdf","false",""
"MEMBER-OF-COUNTY-ASSEMBLY-KEN-C024-CON131-W0651","member_of_county_assembly","ward","KEN-C024-CON131-W0651","Suam","Akasile Emmanuel Lochaun","KANU","elected","2022 general election, declared 2022-08-22","A","2022-08-22","stale_unverified","IEBC","https://www.iebc.or.ke/uploads/resources/t5KQ6O4YGp.pdf","false",""
"MEMBER-OF-COUNTY-ASSEMBLY-KEN-C024-CON131-W0652","member_of_county_assembly","ward","KEN-C024-CON131-W0652","Kodich","Loktary Paul Ywapamoy","JP","elected","2022 general election, declared 2022-08-22","A","2022-08-22","stale_unverified","IEBC","https://www.iebc.or.ke/uploads/resources/t5KQ6O4YGp.pdf","false",""
"MEMBER-OF-COUNTY-ASSEMBLY-KEN-C024-CON131-W0653","member_of_county_assembly","ward","KEN-C024-CON131-W0653","Kapckok","Lokor Yerer Peter","KUP","elected","2022 general election, declared 2022-08-22","B","2022-08-22","stale_unverified","IEBC","https://www.iebc.or.ke/uploads/resources/t5KQ6O4YGp.pdf","false",""
"MEMBER-OF-COUNTY-ASSEMBLY-KEN-C024-CON131-W0654","member_of_county_assembly","ward","KEN-C024-CON131-W0654","Kasei","Losia Krop Francis","UDA","elected","2022 general election, declared 2022-08-22","B","2022-08-22","stale_unverified","IEBC","https://www.iebc.or.ke/uploads/resources/t5KQ6O4YGp.pdf","false",""
"MEMBER-OF-COUNTY-ASSEMBLY-KEN-C024-CON131-W0655","member_of_county_assembly","ward","KEN-C024-CON131-W0655","Kiwawa","Chumel Joshua","KUP","elected","2022 general election, declared 2022-08-22","A","2022-08-22","stale_unverified","IEBC","https://www.iebc.or.ke/uploads/resources/t5KQ6O4YGp.pdf","false",""
"MEMBER-OF-COUNTY-ASSEMBLY-KEN-C024-CON131-W0656","member_of_county_assembly","ward","KEN-C024-CON131-W0656","Alale","Giratum Johnbosco","UDA","elected","2022 general election, declared 2022-08-22","A","2022-08-22","stale_unverified","IEBC","https://www.iebc.or.ke/uploads/resources/t5KQ6O4YGp.pdf","false",""
"MEMBER-OF-COUNTY-ASSEMBLY-KEN-C024-CON132-W0657","member_of_county_assembly","ward","KEN-C024-CON132-W0657","Chepareria","Lokomol Patrick Patey","KUP","elected","2022 general election, declared 2022-08-22","A","2022-08-22","stale_unverified","IEBC","https://www.iebc.or.ke/uploads/resources/t5KQ6O4YGp.pdf","false",""
"MEMBER-OF-COUNTY-ASSEMBLY-KEN-C024-CON132-W0658","member_of_county_assembly","ward","KEN-C024-CON132-W0658","Batei","Yusuf Long’iro","UDA","elected","2022 general election, declared 2022-08-22","A","2022-08-22","stale_unverified","IEBC","https://www.iebc.or.ke/uploads/resources/t5KQ6O4YGp.pdf","false",""
"MEMBER-OF-COUNTY-ASSEMBLY-KEN-C024-CON132-W0659","member_of_county_assembly","ward","KEN-C024-CON132-W0659","Lelan","Korwasia James Kapeli","IND","elected","2022 general election, declared 2022-08-22","A","2022-08-22","stale_unverified","IEBC","https://www.iebc.or.ke/uploads/resources/t5KQ6O4YGp.pdf","false",""
"MEMBER-OF-COUNTY-ASSEMBLY-KEN-C024-CON132-W0660","member_of_county_assembly","ward","KEN-C024-CON132-W0660","Tapach","Korinyang Samwel Timtim","KUP","elected","2022 general election, declared 2022-08-22","A","2022-08-22","stale_unverified","IEBC","https://www.iebc.or.ke/uploads/resources/t5KQ6O4YGp.pdf","false",""
"MEMBER-OF-COUNTY-ASSEMBLY-KEN-C025-CON133-W0661","member_of_county_assembly","ward","KEN-C025-CON133-W0661","Lodokejek","Lekuchula David Leinas","UDA","elected","2022 general election, declared 2022-08-22","A","2022-08-22","stale_unverified","IEBC","https://www.iebc.or.ke/uploads/resources/t5KQ6O4YGp.pdf","false",""
"MEMBER-OF-COUNTY-ASSEMBLY-KEN-C025-CON133-W0662","member_of_county_assembly","ward","KEN-C025-CON133-W0662","Suguta Marmar","Leleruk James Koileken","KANU","elected","2022 general election, declared 2022-08-22","A","2022-08-22","stale_unverified","IEBC","https://www.iebc.or.ke/uploads/resources/t5KQ6O4YGp.pdf","false",""
"MEMBER-OF-COUNTY-ASSEMBLY-KEN-C025-CON133-W0663","member_of_county_assembly","ward","KEN-C025-CON133-W0663","Maralal","Loloju Joseph Lekoren","JP","elected","2022 general election, declared 2022-08-22","A","2022-08-22","stale_unverified","IEBC","https://www.iebc.or.ke/uploads/resources/t5KQ6O4YGp.pdf","false",""
"MEMBER-OF-COUNTY-ASSEMBLY-KEN-C025-CON133-W0664","member_of_county_assembly","ward","KEN-C025-CON133-W0664","Loosuk","Lenamparasio Phelix Caunda","UDA","elected","2022 general election, declared 2022-08-22","A","2022-08-22","stale_unverified","IEBC","https://www.iebc.or.ke/uploads/resources/t5KQ6O4YGp.pdf","false",""
"MEMBER-OF-COUNTY-ASSEMBLY-KEN-C025-CON133-W0665","member_of_county_assembly","ward","KEN-C025-CON133-W0665","Poro","Leerte Patrick","ANC","elected","2022 general election, declared 2022-08-22","A","2022-08-22","stale_unverified","IEBC","https://www.iebc.or.ke/uploads/resources/t5KQ6O4YGp.pdf","false",""
"MEMBER-OF-COUNTY-ASSEMBLY-KEN-C025-CON134-W0666","member_of_county_assembly","ward","KEN-C025-CON134-W0666","El-Barta","Leitoro Jeremiah Loitemu","JP","elected","2022 general election, declared 2022-08-22","A","2022-08-22","stale_unverified","IEBC","https://www.iebc.or.ke/uploads/resources/t5KQ6O4YGp.pdf","false",""
"MEMBER-OF-COUNTY-ASSEMBLY-KEN-C025-CON134-W0667","member_of_county_assembly","ward","KEN-C025-CON134-W0667","Nachola","Lorunyei Lawrence Sebastian","UDA","elected","2022 general election, declared 2022-08-22","A","2022-08-22","stale_unverified","IEBC","https://www.iebc.or.ke/uploads/resources/t5KQ6O4YGp.pdf","false",""
"MEMBER-OF-COUNTY-ASSEMBLY-KEN-C025-CON134-W0668","member_of_county_assembly","ward","KEN-C025-CON134-W0668","Ndoto","Lealmusia Ali","PNU","elected","2022 general election, declared 2022-08-22","A","2022-08-22","stale_unverified","IEBC","https://www.iebc.or.ke/uploads/resources/t5KQ6O4YGp.pdf","false",""
"MEMBER-OF-COUNTY-ASSEMBLY-KEN-C025-CON134-W0669","member_of_county_assembly","ward","KEN-C025-CON134-W0669","Nyiro","Lemoosa Maura Lekuram","JP","elected","2022 general election, declared 2022-08-22","A","2022-08-22","stale_unverified","IEBC","https://www.iebc.or.ke/uploads/resources/t5KQ6O4YGp.pdf","false",""
"MEMBER-OF-COUNTY-ASSEMBLY-KEN-C025-CON134-W0670","member_of_county_assembly","ward","KEN-C025-CON134-W0670","Angata Nanyokie","Leshimpiro Paul Husima","JP","elected","2022 general election, declared 2022-08-22","B","2022-08-22","stale_unverified","IEBC","https://www.iebc.or.ke/uploads/resources/t5KQ6O4YGp.pdf","false",""
"MEMBER-OF-COUNTY-ASSEMBLY-KEN-C025-CON134-W0671","member_of_county_assembly","ward","KEN-C025-CON134-W0671","Baawa","Lenanguram James Ntiituk","JP","elected","2022 general election, declared 2022-08-22","A","2022-08-22","stale_unverified","IEBC","https://www.iebc.or.ke/uploads/resources/t5KQ6O4YGp.pdf","false",""
"MEMBER-OF-COUNTY-ASSEMBLY-KEN-C025-CON135-W0672","member_of_county_assembly","ward","KEN-C025-CON135-W0672","Waso","Lpesina Kelvin Lemantaan","UDA","elected","2022 general election, declared 2022-08-22","A","2022-08-22","stale_unverified","IEBC","https://www.iebc.or.ke/uploads/resources/t5KQ6O4YGp.pdf","false",""
"MEMBER-OF-COUNTY-ASSEMBLY-KEN-C025-CON135-W0673","member_of_county_assembly","ward","KEN-C025-CON135-W0673","Wamba West","Lemartile Francis Ltirisen","JP","elected","2022 general election, declared 2022-08-22","A","2022-08-22","stale_unverified","IEBC","https://www.iebc.or.ke/uploads/resources/t5KQ6O4YGp.pdf","false",""
"MEMBER-OF-COUNTY-ASSEMBLY-KEN-C025-CON135-W0674","member_of_county_assembly","ward","KEN-C025-CON135-W0674","Wamba East","Lelenkeju Jackson Layan","UDA","elected","2022 general election, declared 2022-08-22","A","2022-08-22","stale_unverified","IEBC","https://www.iebc.or.ke/uploads/resources/t5KQ6O4YGp.pdf","false",""
"MEMBER-OF-COUNTY-ASSEMBLY-KEN-C025-CON135-W0675","member_of_county_assembly","ward","KEN-C025-CON135-W0675","Wamba North","Lentukunye Christopher","JP","elected","2022 general election, declared 2022-08-22","A","2022-08-22","stale_unverified","IEBC","https://www.iebc.or.ke/uploads/resources/t5KQ6O4YGp.pdf","false",""
"MEMBER-OF-COUNTY-ASSEMBLY-KEN-C026-CON136-W0676","member_of_county_assembly","ward","KEN-C026-CON136-W0676","Kapomboi","Were Kefa Wafula Karoli","UDA","elected","2022 general election, declared 2022-08-22","A","2022-08-22","stale_unverified","IEBC","https://www.iebc.or.ke/uploads/resources/t5KQ6O4YGp.pdf","false",""
"MEMBER-OF-COUNTY-ASSEMBLY-KEN-C026-CON136-W0677","member_of_county_assembly","ward","KEN-C026-CON136-W0677","Kwanza","Lubano Sarah Nekesa Simiyu","DAP-K","elected","2022 general election, declared 2022-08-22","A","2022-08-22","stale_unverified","IEBC","https://www.iebc.or.ke/uploads/resources/t5KQ6O4YGp.pdf","false",""
"MEMBER-OF-COUNTY-ASSEMBLY-KEN-C026-CON136-W0678","member_of_county_assembly","ward","KEN-C026-CON136-W0678","Keiyo","Mugushu Kennedy Muthee","ODM","elected","2022 general election, declared 2022-08-22","A","2022-08-22","stale_unverified","IEBC","https://www.iebc.or.ke/uploads/resources/t5KQ6O4YGp.pdf","false",""
"MEMBER-OF-COUNTY-ASSEMBLY-KEN-C026-CON136-W0679","member_of_county_assembly","ward","KEN-C026-CON136-W0679","Bidii","Gitau James Mwangi","UDA","elected","2022 general election, declared 2022-08-22","A","2022-08-22","stale_unverified","IEBC","https://www.iebc.or.ke/uploads/resources/t5KQ6O4YGp.pdf","false",""
"MEMBER-OF-COUNTY-ASSEMBLY-KEN-C026-CON137-W0680","member_of_county_assembly","ward","KEN-C026-CON137-W0680","Chepchoina","Chakali Peter Barasa","UDA","elected","2022 general election, declared 2022-08-22","A","2022-08-22","stale_unverified","IEBC","https://www.iebc.or.ke/uploads/resources/t5KQ6O4YGp.pdf","false",""
"MEMBER-OF-COUNTY-ASSEMBLY-KEN-C026-CON137-W0681","member_of_county_assembly","ward","KEN-C026-CON137-W0681","Endebess","Ndiwa Kibet","UDA","elected","2022 general election, declared 2022-08-22","A","2022-08-22","stale_unverified","IEBC","https://www.iebc.or.ke/uploads/resources/t5KQ6O4YGp.pdf","false",""
"MEMBER-OF-COUNTY-ASSEMBLY-KEN-C026-CON137-W0682","member_of_county_assembly","ward","KEN-C026-CON137-W0682","Matumbei","Mutai Margaret Kapsulel","UDA","elected","2022 general election, declared 2022-08-22","A","2022-08-22","stale_unverified","IEBC","https://www.iebc.or.ke/uploads/resources/t5KQ6O4YGp.pdf","false",""
"MEMBER-OF-COUNTY-ASSEMBLY-KEN-C026-CON138-W0683","member_of_county_assembly","ward","KEN-C026-CON138-W0683","Kinyoro","Kipekee Andrew Kibet","UDA","elected","2022 general election, declared 2022-08-22","A","2022-08-22","stale_unverified","IEBC","https://www.iebc.or.ke/uploads/resources/t5KQ6O4YGp.pdf","false",""
"MEMBER-OF-COUNTY-ASSEMBLY-KEN-C026-CON138-W0684","member_of_county_assembly","ward","KEN-C026-CON138-W0684","Matisi","Mahanga Obed Mwale","ANC","elected","2022 general election, declared 2022-08-22","A","2022-08-22","stale_unverified","IEBC","https://www.iebc.or.ke/uploads/resources/t5KQ6O4YGp.pdf","false",""
"MEMBER-OF-COUNTY-ASSEMBLY-KEN-C026-CON138-W0685","member_of_county_assembly","ward","KEN-C026-CON138-W0685","Tuwani","Were Francis Obingo","ODM","elected","2022 general election, declared 2022-08-22","A","2022-08-22","stale_unverified","IEBC","https://www.iebc.or.ke/uploads/resources/t5KQ6O4YGp.pdf","false",""
"MEMBER-OF-COUNTY-ASSEMBLY-KEN-C026-CON138-W0686","member_of_county_assembly","ward","KEN-C026-CON138-W0686","Saboti","Chelott Bonface Wanyonyi","DAP-K","elected","2022 general election, declared 2022-08-22","A","2022-08-22","stale_unverified","IEBC","https://www.iebc.or.ke/uploads/resources/t5KQ6O4YGp.pdf","false",""
"MEMBER-OF-COUNTY-ASSEMBLY-KEN-C026-CON138-W0687","member_of_county_assembly","ward","KEN-C026-CON138-W0687","Machewa","Wambwa Geofrey Kisiangani","FORD KENYA","elected","2022 general election, declared 2022-08-22","A","2022-08-22","stale_unverified","IEBC","https://www.iebc.or.ke/uploads/resources/t5KQ6O4YGp.pdf","false",""
"MEMBER-OF-COUNTY-ASSEMBLY-KEN-C026-CON139-W0688","member_of_county_assembly","ward","KEN-C026-CON139-W0688","Kiminini","Machinga Joshua Amwai","FORD KENYA","elected","2022 general election, declared 2022-08-22","A","2022-08-22","stale_unverified","IEBC","https://www.iebc.or.ke/uploads/resources/t5KQ6O4YGp.pdf","false",""
"MEMBER-OF-COUNTY-ASSEMBLY-KEN-C026-CON139-W0689","member_of_county_assembly","ward","KEN-C026-CON139-W0689","Waitaluk","Bks Lusweti Furaha","FORD-K","elected","2022 general election, declared 2022-08-22","A","2022-08-22","stale_unverified","IEBC","https://www.iebc.or.ke/uploads/resources/t5KQ6O4YGp.pdf","false",""
"MEMBER-OF-COUNTY-ASSEMBLY-KEN-C026-CON139-W0690","member_of_county_assembly","ward","KEN-C026-CON139-W0690","Sirende","Weswa Alfred Wafula","DAP-K","elected","2022 general election, declared 2022-08-22","A","2022-08-22","stale_unverified","IEBC","https://www.iebc.or.ke/uploads/resources/t5KQ6O4YGp.pdf","false",""
"MEMBER-OF-COUNTY-ASSEMBLY-KEN-C026-CON139-W0691","member_of_county_assembly","ward","KEN-C026-CON139-W0691","Hospital","Wafula Erick Wekhomba","DAP-K","elected","2022 general election, declared 2022-08-22","A","2022-08-22","stale_unverified","IEBC","https://www.iebc.or.ke/uploads/resources/t5KQ6O4YGp.pdf","false",""
"MEMBER-OF-COUNTY-ASSEMBLY-KEN-C026-CON139-W0692","member_of_county_assembly","ward","KEN-C026-CON139-W0692","Sikhendu","Kutitila Andrew Sichangi","DAP-K","elected","2022 general election, declared 2022-08-22","A","2022-08-22","stale_unverified","IEBC","https://www.iebc.or.ke/uploads/resources/t5KQ6O4YGp.pdf","false",""
"MEMBER-OF-COUNTY-ASSEMBLY-KEN-C026-CON139-W0693","member_of_county_assembly","ward","KEN-C026-CON139-W0693","Nabiswa","Jamanuru Martin Simiyu","DAP-K","elected","2022 general election, declared 2022-08-22","A","2022-08-22","stale_unverified","IEBC","https://www.iebc.or.ke/uploads/resources/t5KQ6O4YGp.pdf","false",""
"MEMBER-OF-COUNTY-ASSEMBLY-KEN-C026-CON140-W0694","member_of_county_assembly","ward","KEN-C026-CON140-W0694","Sinyerere","Chingi John Makhanu","DAP-K","elected","2022 general election, declared 2022-08-22","A","2022-08-22","stale_unverified","IEBC","https://www.iebc.or.ke/uploads/resources/t5KQ6O4YGp.pdf","false",""
"MEMBER-OF-COUNTY-ASSEMBLY-KEN-C026-CON140-W0695","member_of_county_assembly","ward","KEN-C026-CON140-W0695","Makutano","Rono Emily Chepchirchir","IND","elected","2022 general election, declared 2022-08-22","A","2022-08-22","stale_unverified","IEBC","https://www.iebc.or.ke/uploads/resources/t5KQ6O4YGp.pdf","false",""
"MEMBER-OF-COUNTY-ASSEMBLY-KEN-C026-CON140-W0696","member_of_county_assembly","ward","KEN-C026-CON140-W0696","Kaplamai","Mosbei Daniel Kiprugut","UDA","elected","2022 general election, declared 2022-08-22","A","2022-08-22","stale_unverified","IEBC","https://www.iebc.or.ke/uploads/resources/t5KQ6O4YGp.pdf","false",""
"MEMBER-OF-COUNTY-ASSEMBLY-KEN-C026-CON140-W0697","member_of_county_assembly","ward","KEN-C026-CON140-W0697","Motosiet","Kurgat Jacquiline","UDA","elected","2022 general election, declared 2022-08-22","A","2022-08-22","stale_unverified","IEBC","https://www.iebc.or.ke/uploads/resources/t5KQ6O4YGp.pdf","false",""
"MEMBER-OF-COUNTY-ASSEMBLY-KEN-C026-CON140-W0698","member_of_county_assembly","ward","KEN-C026-CON140-W0698","Cherangany/Suwerwa","Koech Edwin Kosgei","UDA","elected","2022 general election, declared 2022-08-22","A","2022-08-22","stale_unverified","IEBC","https://www.iebc.or.ke/uploads/resources/t5KQ6O4YGp.pdf","false",""
"MEMBER-OF-COUNTY-ASSEMBLY-KEN-C026-CON140-W0699","member_of_county_assembly","ward","KEN-C026-CON140-W0699","Chepsiro/Kiptoror","Birir Abraham Kipchumba Kirwa","UDA","elected","2022 general election, declared 2022-08-22","A","2022-08-22","stale_unverified","IEBC","https://www.iebc.or.ke/uploads/resources/t5KQ6O4YGp.pdf","false",""
"MEMBER-OF-COUNTY-ASSEMBLY-KEN-C026-CON140-W0700","member_of_county_assembly","ward","KEN-C026-CON140-W0700","Sitatunga","Tanui Simon Murei","UDA","elected","2022 general election, declared 2022-08-22","A","2022-08-22","stale_unverified","IEBC","https://www.iebc.or.ke/uploads/resources/t5KQ6O4YGp.pdf","false",""
"MEMBER-OF-COUNTY-ASSEMBLY-KEN-C027-CON141-W0701","member_of_county_assembly","ward","KEN-C027-CON141-W0701","Moi's Bridge","Kimaiyo Patrick Kimeli","IND","elected","2022 general election, declared 2022-08-22","B","2022-08-22","stale_unverified","IEBC","https://www.iebc.or.ke/uploads/resources/t5KQ6O4YGp.pdf","false",""
"MEMBER-OF-COUNTY-ASSEMBLY-KEN-C027-CON141-W0702","member_of_county_assembly","ward","KEN-C027-CON141-W0702","Kapkures","Tarus David Kiptoo","UDA","elected","2022 general election, declared 2022-08-22","A","2022-08-22","stale_unverified","IEBC","https://www.iebc.or.ke/uploads/resources/t5KQ6O4YGp.pdf","false",""
"MEMBER-OF-COUNTY-ASSEMBLY-KEN-C027-CON141-W0703","member_of_county_assembly","ward","KEN-C027-CON141-W0703","Ziwa","Kodi Ngeti Ezekiel","UDA","elected","2022 general election, declared 2022-08-22","A","2022-08-22","stale_unverified","IEBC","https://www.iebc.or.ke/uploads/resources/t5KQ6O4YGp.pdf","false",""
"MEMBER-OF-COUNTY-ASSEMBLY-KEN-C027-CON141-W0704","member_of_county_assembly","ward","KEN-C027-CON141-W0704","Segero/Barsombe","Maina Nathan Malamoch","UDA","elected","2022 general election, declared 2022-08-22","A","2022-08-22","stale_unverified","IEBC","https://www.iebc.or.ke/uploads/resources/t5KQ6O4YGp.pdf","false",""
"MEMBER-OF-COUNTY-ASSEMBLY-KEN-C027-CON141-W0705","member_of_county_assembly","ward","KEN-C027-CON141-W0705","Kipsomba","Boroswa Mary Goretti","UDA","elected","2022 general election, declared 2022-08-22","A","2022-08-22","stale_unverified","IEBC","https://www.iebc.or.ke/uploads/resources/t5KQ6O4YGp.pdf","false",""
"MEMBER-OF-COUNTY-ASSEMBLY-KEN-C027-CON141-W0706","member_of_county_assembly","ward","KEN-C027-CON141-W0706","Soy","Kiptanui Chirchir Isaack","UDA","elected","2022 general election, declared 2022-08-22","A","2022-08-22","stale_unverified","IEBC","https://www.iebc.or.ke/uploads/resources/t5KQ6O4YGp.pdf","false",""
"MEMBER-OF-COUNTY-ASSEMBLY-KEN-C027-CON141-W0707","member_of_county_assembly","ward","KEN-C027-CON141-W0707","Kuinet/Kapsuswa","Chepchirchir Sugut Rebecca","UDA","elected","2022 general election, declared 2022-08-22","A","2022-08-22","stale_unverified","IEBC","https://www.iebc.or.ke/uploads/resources/t5KQ6O4YGp.pdf","false",""
"MEMBER-OF-COUNTY-ASSEMBLY-KEN-C027-CON142-W0708","member_of_county_assembly","ward","KEN-C027-CON142-W0708","Ngenyilel","Natui Benjamin Kimeli","UDA","elected","2022 general election, declared 2022-08-22","A","2022-08-22","stale_unverified","IEBC","https://www.iebc.or.ke/uploads/resources/t5KQ6O4YGp.pdf","false",""
"MEMBER-OF-COUNTY-ASSEMBLY-KEN-C027-CON142-W0709","member_of_county_assembly","ward","KEN-C027-CON142-W0709","Tapsagoi","Bitok Nicholas Kipruto","UDA","elected","2022 general election, declared 2022-08-22","A","2022-08-22","stale_unverified","IEBC","https://www.iebc.or.ke/uploads/resources/t5KQ6O4YGp.pdf","false",""
"MEMBER-OF-COUNTY-ASSEMBLY-KEN-C027-CON142-W0710","member_of_county_assembly","ward","KEN-C027-CON142-W0710","Kamagut","Sawe Samuel Kipsang","UDA","elected","2022 general election, declared 2022-08-22","A","2022-08-22","stale_unverified","IEBC","https://www.iebc.or.ke/uploads/resources/t5KQ6O4YGp.pdf","false",""
"MEMBER-OF-COUNTY-ASSEMBLY-KEN-C027-CON142-W0711","member_of_county_assembly","ward","KEN-C027-CON142-W0711","Kiplombe","Lagat Gilbert Kipchumb","UDA","elected","2022 general election, declared 2022-08-22","A","2022-08-22","stale_unverified","IEBC","https://www.iebc.or.ke/uploads/resources/t5KQ6O4YGp.pdf","false",""
"MEMBER-OF-COUNTY-ASSEMBLY-KEN-C027-CON142-W0712","member_of_county_assembly","ward","KEN-C027-CON142-W0712","Kapsaos","Samoei Isaac Kibet","UDA","elected","2022 general election, declared 2022-08-22","A","2022-08-22","stale_unverified","IEBC","https://www.iebc.or.ke/uploads/resources/t5KQ6O4YGp.pdf","false",""
"MEMBER-OF-COUNTY-ASSEMBLY-KEN-C027-CON142-W0713","member_of_county_assembly","ward","KEN-C027-CON142-W0713","Huruma","Wanjohi Peter Kimani","JP","elected","2022 general election, declared 2022-08-22","A","2022-08-22","stale_unverified","IEBC","https://www.iebc.or.ke/uploads/resources/t5KQ6O4YGp.pdf","false",""
"MEMBER-OF-COUNTY-ASSEMBLY-KEN-C027-CON143-W0714","member_of_county_assembly","ward","KEN-C027-CON143-W0714","Tembelio","Kapkea Evans Kipruto","UDA","elected","2022 general election, declared 2022-08-22","A","2022-08-22","stale_unverified","IEBC","https://www.iebc.or.ke/uploads/resources/t5KQ6O4YGp.pdf","false",""
"MEMBER-OF-COUNTY-ASSEMBLY-KEN-C027-CON143-W0715","member_of_county_assembly","ward","KEN-C027-CON143-W0715","Sergoit","Keitany David Biwott","UDA","elected","2022 general election, declared 2022-08-22","A","2022-08-22","stale_unverified","IEBC","https://www.iebc.or.ke/uploads/resources/t5KQ6O4YGp.pdf","false",""
"MEMBER-OF-COUNTY-ASSEMBLY-KEN-C027-CON143-W0716","member_of_county_assembly","ward","KEN-C027-CON143-W0716","Karuna/Meibeki","Serem James Kiprotich","UDA","elected","2022 general election, declared 2022-08-22","A","2022-08-22","stale_unverified","IEBC","https://www.iebc.or.ke/uploads/resources/t5KQ6O4YGp.pdf","false",""
"MEMBER-OF-COUNTY-ASSEMBLY-KEN-C027-CON143-W0717","member_of_county_assembly","ward","KEN-C027-CON143-W0717","Moiben","Toroitich Hillary Kipchumba","UDA","elected","2022 general election, declared 2022-08-22","A","2022-08-22","stale_unverified","IEBC","https://www.iebc.or.ke/uploads/resources/t5KQ6O4YGp.pdf","false",""
"MEMBER-OF-COUNTY-ASSEMBLY-KEN-C027-CON143-W0718","member_of_county_assembly","ward","KEN-C027-CON143-W0718","Kimumu","Malel Sarah Jelagat","UDA","elected","2022 general election, declared 2022-08-22","A","2022-08-22","stale_unverified","IEBC","https://www.iebc.or.ke/uploads/resources/t5KQ6O4YGp.pdf","false",""
"MEMBER-OF-COUNTY-ASSEMBLY-KEN-C027-CON144-W0719","member_of_county_assembly","ward","KEN-C027-CON144-W0719","Kapsoya","Kemboi Isaack Kirwa","UDA","elected","2022 general election, declared 2022-08-22","A","2022-08-22","stale_unverified","IEBC","https://www.iebc.or.ke/uploads/resources/t5KQ6O4YGp.pdf","false",""
"MEMBER-OF-COUNTY-ASSEMBLY-KEN-C027-CON144-W0720","member_of_county_assembly","ward","KEN-C027-CON144-W0720","Kaptagat","Ngetich Jonathan Kiprop","UDA","elected","2022 general election, declared 2022-08-22","A","2022-08-22","stale_unverified","IEBC","https://www.iebc.or.ke/uploads/resources/t5KQ6O4YGp.pdf","false",""
"MEMBER-OF-COUNTY-ASSEMBLY-KEN-C027-CON144-W0721","member_of_county_assembly","ward","KEN-C027-CON144-W0721","Ainabkoi/Olare","Chepkonga Gilbert Kiptoo","UDA","elected","2022 general election, declared 2022-08-22","A","2022-08-22","stale_unverified","IEBC","https://www.iebc.or.ke/uploads/resources/t5KQ6O4YGp.pdf","false",""
"MEMBER-OF-COUNTY-ASSEMBLY-KEN-C027-CON145-W0722","member_of_county_assembly","ward","KEN-C027-CON145-W0722","Simat/Kapseret","Kebeney Moses Kipchumba","UDA","elected","2022 general election, declared 2022-08-22","A","2022-08-22","stale_unverified","IEBC","https://www.iebc.or.ke/uploads/resources/t5KQ6O4YGp.pdf","false",""
"MEMBER-OF-COUNTY-ASSEMBLY-KEN-C027-CON145-W0723","member_of_county_assembly","ward","KEN-C027-CON145-W0723","Kipkenyo","Letting David Kimeli","UDA","elected","2022 general election, declared 2022-08-22","A","2022-08-22","stale_unverified","IEBC","https://www.iebc.or.ke/uploads/resources/t5KQ6O4YGp.pdf","false",""
"MEMBER-OF-COUNTY-ASSEMBLY-KEN-C027-CON145-W0724","member_of_county_assembly","ward","KEN-C027-CON145-W0724","Ngeria","Kering Richard Kipkirong","UDA","elected","2022 general election, declared 2022-08-22","A","2022-08-22","stale_unverified","IEBC","https://www.iebc.or.ke/uploads/resources/t5KQ6O4YGp.pdf","false",""
"MEMBER-OF-COUNTY-ASSEMBLY-KEN-C027-CON145-W0725","member_of_county_assembly","ward","KEN-C027-CON145-W0725","Megun","Sang Julius Kibet","UDA","elected","2022 general election, declared 2022-08-22","A","2022-08-22","stale_unverified","IEBC","https://www.iebc.or.ke/uploads/resources/t5KQ6O4YGp.pdf","false",""
"MEMBER-OF-COUNTY-ASSEMBLY-KEN-C027-CON145-W0726","member_of_county_assembly","ward","KEN-C027-CON145-W0726","Langas","Mwangi Francis Muya","JP","elected","2022 general election, declared 2022-08-22","A","2022-08-22","stale_unverified","IEBC","https://www.iebc.or.ke/uploads/resources/t5KQ6O4YGp.pdf","false",""
"MEMBER-OF-COUNTY-ASSEMBLY-KEN-C027-CON146-W0727","member_of_county_assembly","ward","KEN-C027-CON146-W0727","Racecourse","Kiptanui Amos Kimeli","UDA","elected","2022 general election, declared 2022-08-22","A","2022-08-22","stale_unverified","IEBC","https://www.iebc.or.ke/uploads/resources/t5KQ6O4YGp.pdf","false",""
"MEMBER-OF-COUNTY-ASSEMBLY-KEN-C027-CON146-W0728","member_of_county_assembly","ward","KEN-C027-CON146-W0728","Cheptiret/Kipchamo","Koskei Gilbert Kipsang","IND","elected","2022 general election, declared 2022-08-22","A","2022-08-22","stale_unverified","IEBC","https://www.iebc.or.ke/uploads/resources/t5KQ6O4YGp.pdf","false",""
"MEMBER-OF-COUNTY-ASSEMBLY-KEN-C027-CON146-W0729","member_of_county_assembly","ward","KEN-C027-CON146-W0729","Tulwet/Chuiyat","Songok Julius Kiptoo","UDA","elected","2022 general election, declared 2022-08-22","A","2022-08-22","stale_unverified","IEBC","https://www.iebc.or.ke/uploads/resources/t5KQ6O4YGp.pdf","false",""
"MEMBER-OF-COUNTY-ASSEMBLY-KEN-C027-CON146-W0730","member_of_county_assembly","ward","KEN-C027-CON146-W0730","Tarakwa","Rugut Thomas Kipyego","UDA","elected","2022 general election, declared 2022-08-22","A","2022-08-22","stale_unverified","IEBC","https://www.iebc.or.ke/uploads/resources/t5KQ6O4YGp.pdf","false",""
"MEMBER-OF-COUNTY-ASSEMBLY-KEN-C028-CON147-W0731","member_of_county_assembly","ward","KEN-C028-CON147-W0731","Kapyego","Chebet Joseph Kipkorir","UDA","elected","2022 general election, declared 2022-08-22","A","2022-08-22","stale_unverified","IEBC","https://www.iebc.or.ke/uploads/resources/t5KQ6O4YGp.pdf","false",""
"MEMBER-OF-COUNTY-ASSEMBLY-KEN-C028-CON147-W0732","member_of_county_assembly","ward","KEN-C028-CON147-W0732","Sambirir","Suter Paul Kipkemoi","UDA","elected","2022 general election, declared 2022-08-22","A","2022-08-22","stale_unverified","IEBC","https://www.iebc.or.ke/uploads/resources/t5KQ6O4YGp.pdf","false",""
"MEMBER-OF-COUNTY-ASSEMBLY-KEN-C028-CON147-W0733","member_of_county_assembly","ward","KEN-C028-CON147-W0733","Endo","Kibiwott Jeremiah Kiptum","UDA","elected","2022 general election, declared 2022-08-22","A","2022-08-22","stale_unverified","IEBC","https://www.iebc.or.ke/uploads/resources/t5KQ6O4YGp.pdf","false",""
"MEMBER-OF-COUNTY-ASSEMBLY-KEN-C028-CON147-W0734","member_of_county_assembly","ward","KEN-C028-CON147-W0734","Embobut / Embulot","Kipyatich Paul Kipchumba","UDA","elected","2022 general election, declared 2022-08-22","B","2022-08-22","stale_unverified","IEBC","https://www.iebc.or.ke/uploads/resources/t5KQ6O4YGp.pdf","false",""
"MEMBER-OF-COUNTY-ASSEMBLY-KEN-C028-CON148-W0735","member_of_county_assembly","ward","KEN-C028-CON148-W0735","Lelan","Kurgat Pricillah Jepkoech","UDA","elected","2022 general election, declared 2022-08-22","A","2022-08-22","stale_unverified","IEBC","https://www.iebc.or.ke/uploads/resources/t5KQ6O4YGp.pdf","false",""
"MEMBER-OF-COUNTY-ASSEMBLY-KEN-C028-CON148-W0736","member_of_county_assembly","ward","KEN-C028-CON148-W0736","Sengwer","Kiptoo Asbel Kisang","IND","elected","2022 general election, declared 2022-08-22","A","2022-08-22","stale_unverified","IEBC","https://www.iebc.or.ke/uploads/resources/t5KQ6O4YGp.pdf","false",""
"MEMBER-OF-COUNTY-ASSEMBLY-KEN-C028-CON148-W0737","member_of_county_assembly","ward","KEN-C028-CON148-W0737","Cherang'any/Chebororwa","Kosgei Evans Kimutai","UDA","elected","2022 general election, declared 2022-08-22","B","2022-08-22","stale_unverified","IEBC","https://www.iebc.or.ke/uploads/resources/t5KQ6O4YGp.pdf","false",""
"MEMBER-OF-COUNTY-ASSEMBLY-KEN-C028-CON148-W0738","member_of_county_assembly","ward","KEN-C028-CON148-W0738","Moiben/Kuserwo","Kiplagat Hillary Kipchirchir","UDA","elected","2022 general election, declared 2022-08-22","A","2022-08-22","stale_unverified","IEBC","https://www.iebc.or.ke/uploads/resources/t5KQ6O4YGp.pdf","false",""
"MEMBER-OF-COUNTY-ASSEMBLY-KEN-C028-CON148-W0739","member_of_county_assembly","ward","KEN-C028-CON148-W0739","Kapsowar","Kipruto Joshua","UDA","elected","2022 general election, declared 2022-08-22","A","2022-08-22","stale_unverified","IEBC","https://www.iebc.or.ke/uploads/resources/t5KQ6O4YGp.pdf","false",""
"MEMBER-OF-COUNTY-ASSEMBLY-KEN-C028-CON148-W0740","member_of_county_assembly","ward","KEN-C028-CON148-W0740","Arror","Mutwol Justine Kosgei","IND","elected","2022 general election, declared 2022-08-22","A","2022-08-22","stale_unverified","IEBC","https://www.iebc.or.ke/uploads/resources/t5KQ6O4YGp.pdf","false",""
"MEMBER-OF-COUNTY-ASSEMBLY-KEN-C028-CON149-W0741","member_of_county_assembly","ward","KEN-C028-CON149-W0741","Emsoo","Cheboiboch Christopher Kangogo","UDA","elected","2022 general election, declared 2022-08-22","A","2022-08-22","stale_unverified","IEBC","https://www.iebc.or.ke/uploads/resources/t5KQ6O4YGp.pdf","false",""
"MEMBER-OF-COUNTY-ASSEMBLY-KEN-C028-CON149-W0742","member_of_county_assembly","ward","KEN-C028-CON149-W0742","Kamariny","Cheptiony Benjamin Kipkemboi","UDA","elected","2022 general election, declared 2022-08-22","A","2022-08-22","stale_unverified","IEBC","https://www.iebc.or.ke/uploads/resources/t5KQ6O4YGp.pdf","false",""
"MEMBER-OF-COUNTY-ASSEMBLY-KEN-C028-CON149-W0743","member_of_county_assembly","ward","KEN-C028-CON149-W0743","Kapchemutwa","Cheruiyot Stephen Kemboi","UDA","elected","2022 general election, declared 2022-08-22","A","2022-08-22","stale_unverified","IEBC","https://www.iebc.or.ke/uploads/resources/t5KQ6O4YGp.pdf","false",""
"MEMBER-OF-COUNTY-ASSEMBLY-KEN-C028-CON149-W0744","member_of_county_assembly","ward","KEN-C028-CON149-W0744","Tambach","Chesire Dominic","UDA","elected","2022 general election, declared 2022-08-22","A","2022-08-22","stale_unverified","IEBC","https://www.iebc.or.ke/uploads/resources/t5KQ6O4YGp.pdf","false",""
"MEMBER-OF-COUNTY-ASSEMBLY-KEN-C028-CON150-W0745","member_of_county_assembly","ward","KEN-C028-CON150-W0745","Kaptarakwa","Kimutai Mathew Cheruiyot","UDA","elected","2022 general election, declared 2022-08-22","A","2022-08-22","stale_unverified","IEBC","https://www.iebc.or.ke/uploads/resources/t5KQ6O4YGp.pdf","false",""
"MEMBER-OF-COUNTY-ASSEMBLY-KEN-C028-CON150-W0746","member_of_county_assembly","ward","KEN-C028-CON150-W0746","Chepkorio","Koima John Kimeli","UDA","elected","2022 general election, declared 2022-08-22","A","2022-08-22","stale_unverified","IEBC","https://www.iebc.or.ke/uploads/resources/t5KQ6O4YGp.pdf","false",""
"MEMBER-OF-COUNTY-ASSEMBLY-KEN-C028-CON150-W0747","member_of_county_assembly","ward","KEN-C028-CON150-W0747","Soy North","Chepseba Simeon Kibet","UDA","elected","2022 general election, declared 2022-08-22","A","2022-08-22","stale_unverified","IEBC","https://www.iebc.or.ke/uploads/resources/t5KQ6O4YGp.pdf","false",""
"MEMBER-OF-COUNTY-ASSEMBLY-KEN-C028-CON150-W0748","member_of_county_assembly","ward","KEN-C028-CON150-W0748","Soy South","Tanui Jonah Korir","UDA","elected","2022 general election, declared 2022-08-22","A","2022-08-22","stale_unverified","IEBC","https://www.iebc.or.ke/uploads/resources/t5KQ6O4YGp.pdf","false",""
"MEMBER-OF-COUNTY-ASSEMBLY-KEN-C028-CON150-W0749","member_of_county_assembly","ward","KEN-C028-CON150-W0749","Kabiemit","Barsulai Alfred Kipkoech","UDA","elected","2022 general election, declared 2022-08-22","A","2022-08-22","stale_unverified","IEBC","https://www.iebc.or.ke/uploads/resources/t5KQ6O4YGp.pdf","false",""
"MEMBER-OF-COUNTY-ASSEMBLY-KEN-C028-CON150-W0750","member_of_county_assembly","ward","KEN-C028-CON150-W0750","Metkei","Kibire Lawi Kipng’etich","UDA","elected","2022 general election, declared 2022-08-22","A","2022-08-22","stale_unverified","IEBC","https://www.iebc.or.ke/uploads/resources/t5KQ6O4YGp.pdf","false",""
"MEMBER-OF-COUNTY-ASSEMBLY-KEN-C029-CON151-W0751","member_of_county_assembly","ward","KEN-C029-CON151-W0751","Songhor/Soba","Chelulei Raymond Kipkoech","UDA","elected","2022 general election, declared 2022-08-22","A","2022-08-22","stale_unverified","IEBC","https://www.iebc.or.ke/uploads/resources/t5KQ6O4YGp.pdf","false",""
"MEMBER-OF-COUNTY-ASSEMBLY-KEN-C029-CON151-W0752","member_of_county_assembly","ward","KEN-C029-CON151-W0752","Tindiret","Birech Paul Kipkemboi","UDA","elected","2022 general election, declared 2022-08-22","A","2022-08-22","stale_unverified","IEBC","https://www.iebc.or.ke/uploads/resources/t5KQ6O4YGp.pdf","false",""
"MEMBER-OF-COUNTY-ASSEMBLY-KEN-C029-CON151-W0753","member_of_county_assembly","ward","KEN-C029-CON151-W0753","Chemelil/Chemase","Martin Douglas","UDA","elected","2022 general election, declared 2022-08-22","A","2022-08-22","stale_unverified","IEBC","https://www.iebc.or.ke/uploads/resources/t5KQ6O4YGp.pdf","false",""
"MEMBER-OF-COUNTY-ASSEMBLY-KEN-C029-CON151-W0754","member_of_county_assembly","ward","KEN-C029-CON151-W0754","Kapsimotwo","Korir Korir Edwin Kipchumba","UDA","elected","2022 general election, declared 2022-08-22","A","2022-08-22","stale_unverified","IEBC","https://www.iebc.or.ke/uploads/resources/t5KQ6O4YGp.pdf","false",""
"MEMBER-OF-COUNTY-ASSEMBLY-KEN-C029-CON152-W0755","member_of_county_assembly","ward","KEN-C029-CON152-W0755","Kabwareng","Kagoni Hassan Majani","FORD KENYA","elected","2022 general election, declared 2022-08-22","A","2022-08-22","stale_unverified","IEBC","https://www.iebc.or.ke/uploads/resources/t5KQ6O4YGp.pdf","false",""
"MEMBER-OF-COUNTY-ASSEMBLY-KEN-C029-CON152-W0756","member_of_county_assembly","ward","KEN-C029-CON152-W0756","Terik","Kirwa Eliud","IND","elected","2022 general election, declared 2022-08-22","A","2022-08-22","stale_unverified","IEBC","https://www.iebc.or.ke/uploads/resources/t5KQ6O4YGp.pdf","false",""
"MEMBER-OF-COUNTY-ASSEMBLY-KEN-C029-CON152-W0757","member_of_county_assembly","ward","KEN-C029-CON152-W0757","Kemeloi-Maraba","Kutto Trufosa Jelagat","UDA","elected","2022 general election, declared 2022-08-22","A","2022-08-22","stale_unverified","IEBC","https://www.iebc.or.ke/uploads/resources/t5KQ6O4YGp.pdf","false",""
"MEMBER-OF-COUNTY-ASSEMBLY-KEN-C029-CON152-W0758","member_of_county_assembly","ward","KEN-C029-CON152-W0758","Kobujoi","Sang Mathew Kiprotich","UDA","elected","2022 general election, declared 2022-08-22","A","2022-08-22","stale_unverified","IEBC","https://www.iebc.or.ke/uploads/resources/t5KQ6O4YGp.pdf","false",""
"MEMBER-OF-COUNTY-ASSEMBLY-KEN-C029-CON152-W0759","member_of_county_assembly","ward","KEN-C029-CON152-W0759","Kaptumo-Kaboi","Mosbei Isaac Yitzhak","UDA","elected","2022 general election, declared 2022-08-22","A","2022-08-22","stale_unverified","IEBC","https://www.iebc.or.ke/uploads/resources/t5KQ6O4YGp.pdf","false",""
"MEMBER-OF-COUNTY-ASSEMBLY-KEN-C029-CON152-W0760","member_of_county_assembly","ward","KEN-C029-CON152-W0760","Koyo-Ndurio","Sangutei Davies Boor","UDA","elected","2022 general election, declared 2022-08-22","A","2022-08-22","stale_unverified","IEBC","https://www.iebc.or.ke/uploads/resources/t5KQ6O4YGp.pdf","false",""
"MEMBER-OF-COUNTY-ASSEMBLY-KEN-C029-CON153-W0761","member_of_county_assembly","ward","KEN-C029-CON153-W0761","Nandi Hills","Kiprop Edwin","UDA","elected","2022 general election, declared 2022-08-22","A","2022-08-22","stale_unverified","IEBC","https://www.iebc.or.ke/uploads/resources/t5KQ6O4YGp.pdf","false",""
"MEMBER-OF-COUNTY-ASSEMBLY-KEN-C029-CON153-W0762","member_of_county_assembly","ward","KEN-C029-CON153-W0762","Chepkunyuk","Keter John Kiprotich","UDA","elected","2022 general election, declared 2022-08-22","A","2022-08-22","stale_unverified","IEBC","https://www.iebc.or.ke/uploads/resources/t5KQ6O4YGp.pdf","false",""
"MEMBER-OF-COUNTY-ASSEMBLY-KEN-C029-CON153-W0763","member_of_county_assembly","ward","KEN-C029-CON153-W0763","Ol'lessos","Maina Isaiah","UDA","elected","2022 general election, declared 2022-08-22","A","2022-08-22","stale_unverified","IEBC","https://www.iebc.or.ke/uploads/resources/t5KQ6O4YGp.pdf","false",""
"MEMBER-OF-COUNTY-ASSEMBLY-KEN-C029-CON153-W0764","member_of_county_assembly","ward","KEN-C029-CON153-W0764","Kapchorua","Bett Richard Kipkosgei","UDA","elected","2022 general election, declared 2022-08-22","A","2022-08-22","stale_unverified","IEBC","https://www.iebc.or.ke/uploads/resources/t5KQ6O4YGp.pdf","false",""
"MEMBER-OF-COUNTY-ASSEMBLY-KEN-C029-CON154-W0765","member_of_county_assembly","ward","KEN-C029-CON154-W0765","Chemundu/Kapng'etuny","Keter Julius Kipruto","UDA","elected","2022 general election, declared 2022-08-22","B","2022-08-22","stale_unverified","IEBC","https://www.iebc.or.ke/uploads/resources/t5KQ6O4YGp.pdf","false",""
"MEMBER-OF-COUNTY-ASSEMBLY-KEN-C029-CON154-W0766","member_of_county_assembly","ward","KEN-C029-CON154-W0766","Kosirai","Keino Sarah Rubety","IND","elected","2022 general election, declared 2022-08-22","A","2022-08-22","stale_unverified","IEBC","https://www.iebc.or.ke/uploads/resources/t5KQ6O4YGp.pdf","false",""
"MEMBER-OF-COUNTY-ASSEMBLY-KEN-C029-CON154-W0767","member_of_county_assembly","ward","KEN-C029-CON154-W0767","Lelmokwo/Ngechek","Arusei Julius Kipkosgei","UDA","elected","2022 general election, declared 2022-08-22","A","2022-08-22","stale_unverified","IEBC","https://www.iebc.or.ke/uploads/resources/t5KQ6O4YGp.pdf","false",""
"MEMBER-OF-COUNTY-ASSEMBLY-KEN-C029-CON154-W0768","member_of_county_assembly","ward","KEN-C029-CON154-W0768","Kaptel/Kamoiywo","Bett Josphat Kiptoo","UDA","elected","2022 general election, declared 2022-08-22","A","2022-08-22","stale_unverified","IEBC","https://www.iebc.or.ke/uploads/resources/t5KQ6O4YGp.pdf","false",""
"MEMBER-OF-COUNTY-ASSEMBLY-KEN-C029-CON154-W0769","member_of_county_assembly","ward","KEN-C029-CON154-W0769","Kiptuya","Kevolwe Geoffrey Imbuchi","ANC","elected","2022 general election, declared 2022-08-22","B","2022-08-22","stale_unverified","IEBC","https://www.iebc.or.ke/uploads/resources/t5KQ6O4YGp.pdf","false",""
"MEMBER-OF-COUNTY-ASSEMBLY-KEN-C029-CON155-W0770","member_of_county_assembly","ward","KEN-C029-CON155-W0770","Chepkumia","Sang Wilson Kipkirui","UDA","elected","2022 general election, declared 2022-08-22","A","2022-08-22","stale_unverified","IEBC","https://www.iebc.or.ke/uploads/resources/t5KQ6O4YGp.pdf","false",""
"MEMBER-OF-COUNTY-ASSEMBLY-KEN-C029-CON155-W0771","member_of_county_assembly","ward","KEN-C029-CON155-W0771","Kapkangani","Kirongo Eliud K.","ANC","elected","2022 general election, declared 2022-08-22","A","2022-08-22","stale_unverified","IEBC","https://www.iebc.or.ke/uploads/resources/t5KQ6O4YGp.pdf","false",""
"MEMBER-OF-COUNTY-ASSEMBLY-KEN-C029-CON155-W0772","member_of_county_assembly","ward","KEN-C029-CON155-W0772","Kapsabet","Matata Benjamin Kerich","UDA","elected","2022 general election, declared 2022-08-22","A","2022-08-22","stale_unverified","IEBC","https://www.iebc.or.ke/uploads/resources/t5KQ6O4YGp.pdf","false",""
"MEMBER-OF-COUNTY-ASSEMBLY-KEN-C029-CON155-W0773","member_of_county_assembly","ward","KEN-C029-CON155-W0773","Kilibwoni","Kipchumba Emmanuel","UDA","elected","2022 general election, declared 2022-08-22","A","2022-08-22","stale_unverified","IEBC","https://www.iebc.or.ke/uploads/resources/t5KQ6O4YGp.pdf","false",""
"MEMBER-OF-COUNTY-ASSEMBLY-KEN-C029-CON156-W0774","member_of_county_assembly","ward","KEN-C029-CON156-W0774","Chepterwai","Jepkemei Lucy","UDA","elected","2022 general election, declared 2022-08-22","A","2022-08-22","stale_unverified","IEBC","https://www.iebc.or.ke/uploads/resources/t5KQ6O4YGp.pdf","false",""
"MEMBER-OF-COUNTY-ASSEMBLY-KEN-C029-CON156-W0775","member_of_county_assembly","ward","KEN-C029-CON156-W0775","Kipkaren","Kogo Gideon Kipkemei","UDA","elected","2022 general election, declared 2022-08-22","A","2022-08-22","stale_unverified","IEBC","https://www.iebc.or.ke/uploads/resources/t5KQ6O4YGp.pdf","false",""
"MEMBER-OF-COUNTY-ASSEMBLY-KEN-C029-CON156-W0776","member_of_county_assembly","ward","KEN-C029-CON156-W0776","Kurgung/Surungai","Rotich Ezra Kipchirchir","UDA","elected","2022 general election, declared 2022-08-22","A","2022-08-22","stale_unverified","IEBC","https://www.iebc.or.ke/uploads/resources/t5KQ6O4YGp.pdf","false",""
"MEMBER-OF-COUNTY-ASSEMBLY-KEN-C029-CON156-W0777","member_of_county_assembly","ward","KEN-C029-CON156-W0777","Kabiyet","Kiplagat Walter","UDA","elected","2022 general election, declared 2022-08-22","A","2022-08-22","stale_unverified","IEBC","https://www.iebc.or.ke/uploads/resources/t5KQ6O4YGp.pdf","false",""
"MEMBER-OF-COUNTY-ASSEMBLY-KEN-C029-CON156-W0778","member_of_county_assembly","ward","KEN-C029-CON156-W0778","Ndalat","Kemboi Nicholas Kipkorir","UDA","elected","2022 general election, declared 2022-08-22","A","2022-08-22","stale_unverified","IEBC","https://www.iebc.or.ke/uploads/resources/t5KQ6O4YGp.pdf","false",""
"MEMBER-OF-COUNTY-ASSEMBLY-KEN-C029-CON156-W0779","member_of_county_assembly","ward","KEN-C029-CON156-W0779","Kabisaga","Sum Silahs Cyrus Kipkoech","UDA","elected","2022 general election, declared 2022-08-22","A","2022-08-22","stale_unverified","IEBC","https://www.iebc.or.ke/uploads/resources/t5KQ6O4YGp.pdf","false",""
"MEMBER-OF-COUNTY-ASSEMBLY-KEN-C029-CON156-W0780","member_of_county_assembly","ward","KEN-C029-CON156-W0780","Sangalo/Kebulonik","Kogo Silas Kipkemboi","UDA","elected","2022 general election, declared 2022-08-22","A","2022-08-22","stale_unverified","IEBC","https://www.iebc.or.ke/uploads/resources/t5KQ6O4YGp.pdf","false",""
"MEMBER-OF-COUNTY-ASSEMBLY-KEN-C030-CON157-W0781","member_of_county_assembly","ward","KEN-C030-CON157-W0781","Tirioko","Limo Sam Lourien","KANU","elected","2022 general election, declared 2022-08-22","A","2022-08-22","stale_unverified","IEBC","https://www.iebc.or.ke/uploads/resources/t5KQ6O4YGp.pdf","false",""
"MEMBER-OF-COUNTY-ASSEMBLY-KEN-C030-CON157-W0782","member_of_county_assembly","ward","KEN-C030-CON157-W0782","Kolowa","Loluka Makal Solomon","KANU","elected","2022 general election, declared 2022-08-22","A","2022-08-22","stale_unverified","IEBC","https://www.iebc.or.ke/uploads/resources/t5KQ6O4YGp.pdf","false",""
"MEMBER-OF-COUNTY-ASSEMBLY-KEN-C030-CON157-W0783","member_of_county_assembly","ward","KEN-C030-CON157-W0783","Ribkwo","Loreria Daniel Tuwit","KANU","elected","2022 general election, declared 2022-08-22","A","2022-08-22","stale_unverified","IEBC","https://www.iebc.or.ke/uploads/resources/t5KQ6O4YGp.pdf","false",""
"MEMBER-OF-COUNTY-ASSEMBLY-KEN-C030-CON157-W0784","member_of_county_assembly","ward","KEN-C030-CON157-W0784","Silale","Lomaringoria B Clement Alexander","KANU","elected","2022 general election, declared 2022-08-22","A","2022-08-22","stale_unverified","IEBC","https://www.iebc.or.ke/uploads/resources/t5KQ6O4YGp.pdf","false",""
"MEMBER-OF-COUNTY-ASSEMBLY-KEN-C030-CON157-W0785","member_of_county_assembly","ward","KEN-C030-CON157-W0785","Loiyamorock","Cheporiot Losile Maria","KANU","elected","2022 general election, declared 2022-08-22","A","2022-08-22","stale_unverified","IEBC","https://www.iebc.or.ke/uploads/resources/t5KQ6O4YGp.pdf","false",""
"MEMBER-OF-COUNTY-ASSEMBLY-KEN-C030-CON157-W0786","member_of_county_assembly","ward","KEN-C030-CON157-W0786","Tangulbei/Korossi","Mailuk Shadrack Akeno","KANU","elected","2022 general election, declared 2022-08-22","B","2022-08-22","stale_unverified","IEBC","https://www.iebc.or.ke/uploads/resources/t5KQ6O4YGp.pdf","false",""
"MEMBER-OF-COUNTY-ASSEMBLY-KEN-C030-CON157-W0787","member_of_county_assembly","ward","KEN-C030-CON157-W0787","Churo/Amaya","Siriti Diana","KUP","elected","2022 general election, declared 2022-08-22","A","2022-08-22","stale_unverified","IEBC","https://www.iebc.or.ke/uploads/resources/t5KQ6O4YGp.pdf","false",""
"MEMBER-OF-COUNTY-ASSEMBLY-KEN-C030-CON158-W0788","member_of_county_assembly","ward","KEN-C030-CON158-W0788","Barwessa","Lang’at Josphat Lokorio","UDA","elected","2022 general election, declared 2022-08-22","A","2022-08-22","stale_unverified","IEBC","https://www.iebc.or.ke/uploads/resources/t5KQ6O4YGp.pdf","false",""
"MEMBER-OF-COUNTY-ASSEMBLY-KEN-C030-CON158-W0789","member_of_county_assembly","ward","KEN-C030-CON158-W0789","Kabartonjo","Kiplagat Symon Kimuge","UDA","elected","2022 general election, declared 2022-08-22","A","2022-08-22","stale_unverified","IEBC","https://www.iebc.or.ke/uploads/resources/t5KQ6O4YGp.pdf","false",""
"MEMBER-OF-COUNTY-ASSEMBLY-KEN-C030-CON158-W0790","member_of_county_assembly","ward","KEN-C030-CON158-W0790","Saimo/Kipsaraman","Aengwo John Chongwo","UDA","elected","2022 general election, declared 2022-08-22","A","2022-08-22","stale_unverified","IEBC","https://www.iebc.or.ke/uploads/resources/t5KQ6O4YGp.pdf","false",""
"MEMBER-OF-COUNTY-ASSEMBLY-KEN-C030-CON158-W0791","member_of_county_assembly","ward","KEN-C030-CON158-W0791","Saimo/Soi","Chebon Michael Chepkeres","UDA","elected","2022 general election, declared 2022-08-22","A","2022-08-22","stale_unverified","IEBC","https://www.iebc.or.ke/uploads/resources/t5KQ6O4YGp.pdf","false",""
"MEMBER-OF-COUNTY-ASSEMBLY-KEN-C030-CON158-W0792","member_of_county_assembly","ward","KEN-C030-CON158-W0792","Bartabwa","Telieny David Sitoi","UDA","elected","2022 general election, declared 2022-08-22","A","2022-08-22","stale_unverified","IEBC","https://www.iebc.or.ke/uploads/resources/t5KQ6O4YGp.pdf","false",""
"MEMBER-OF-COUNTY-ASSEMBLY-KEN-C030-CON159-W0793","member_of_county_assembly","ward","KEN-C030-CON159-W0793","Kabarnet","Tarus Ernest Kibet","UDA","elected","2022 general election, declared 2022-08-22","A","2022-08-22","stale_unverified","IEBC","https://www.iebc.or.ke/uploads/resources/t5KQ6O4YGp.pdf","false",""
"MEMBER-OF-COUNTY-ASSEMBLY-KEN-C030-CON159-W0794","member_of_county_assembly","ward","KEN-C030-CON159-W0794","Sacho","Lagat John Tarus","UDA","elected","2022 general election, declared 2022-08-22","A","2022-08-22","stale_unverified","IEBC","https://www.iebc.or.ke/uploads/resources/t5KQ6O4YGp.pdf","false",""
"MEMBER-OF-COUNTY-ASSEMBLY-KEN-C030-CON159-W0795","member_of_county_assembly","ward","KEN-C030-CON159-W0795","Tenges","Kigen Henry Kipkurui","UDA","elected","2022 general election, declared 2022-08-22","A","2022-08-22","stale_unverified","IEBC","https://www.iebc.or.ke/uploads/resources/t5KQ6O4YGp.pdf","false",""
"MEMBER-OF-COUNTY-ASSEMBLY-KEN-C030-CON159-W0796","member_of_county_assembly","ward","KEN-C030-CON159-W0796","Ewalel Chapchap","Serem Ayub Kibet Keitany","IND","elected","2022 general election, declared 2022-08-22","A","2022-08-22","stale_unverified","IEBC","https://www.iebc.or.ke/uploads/resources/t5KQ6O4YGp.pdf","false",""
"MEMBER-OF-COUNTY-ASSEMBLY-KEN-C030-CON159-W0797","member_of_county_assembly","ward","KEN-C030-CON159-W0797","Kapropita","Kurui Alex Kiprono","UDA","elected","2022 general election, declared 2022-08-22","A","2022-08-22","stale_unverified","IEBC","https://www.iebc.or.ke/uploads/resources/t5KQ6O4YGp.pdf","false",""
"MEMBER-OF-COUNTY-ASSEMBLY-KEN-C030-CON160-W0798","member_of_county_assembly","ward","KEN-C030-CON160-W0798","Marigat","Lemlem Nixon","UDA","elected","2022 general election, declared 2022-08-22","A","2022-08-22","stale_unverified","IEBC","https://www.iebc.or.ke/uploads/resources/t5KQ6O4YGp.pdf","false",""
"MEMBER-OF-COUNTY-ASSEMBLY-KEN-C030-CON160-W0799","member_of_county_assembly","ward","KEN-C030-CON160-W0799","Ilchamus","Lekakimon Wesley Lemweli","ODM","elected","2022 general election, declared 2022-08-22","A","2022-08-22","stale_unverified","IEBC","https://www.iebc.or.ke/uploads/resources/t5KQ6O4YGp.pdf","false",""
"MEMBER-OF-COUNTY-ASSEMBLY-KEN-C030-CON160-W0800","member_of_county_assembly","ward","KEN-C030-CON160-W0800","Mochongoi","Kimosop Nicholas Kipruto","UDA","elected","2022 general election, declared 2022-08-22","A","2022-08-22","stale_unverified","IEBC","https://www.iebc.or.ke/uploads/resources/t5KQ6O4YGp.pdf","false",""
"MEMBER-OF-COUNTY-ASSEMBLY-KEN-C030-CON160-W0801","member_of_county_assembly","ward","KEN-C030-CON160-W0801","Mukutani","Lolgisoi Paul","JP","elected","2022 general election, declared 2022-08-22","A","2022-08-22","stale_unverified","IEBC","https://www.iebc.or.ke/uploads/resources/t5KQ6O4YGp.pdf","false",""
"MEMBER-OF-COUNTY-ASSEMBLY-KEN-C030-CON161-W0802","member_of_county_assembly","ward","KEN-C030-CON161-W0802","Mogotio","Sialo Mark Kimiring","UDA","elected","2022 general election, declared 2022-08-22","A","2022-08-22","stale_unverified","IEBC","https://www.iebc.or.ke/uploads/resources/t5KQ6O4YGp.pdf","false",""
"MEMBER-OF-COUNTY-ASSEMBLY-KEN-C030-CON161-W0803","member_of_county_assembly","ward","KEN-C030-CON161-W0803","Emining","Tallam Purity Jepkemoi","UDA","elected","2022 general election, declared 2022-08-22","A","2022-08-22","stale_unverified","IEBC","https://www.iebc.or.ke/uploads/resources/t5KQ6O4YGp.pdf","false",""
"MEMBER-OF-COUNTY-ASSEMBLY-KEN-C030-CON161-W0804","member_of_county_assembly","ward","KEN-C030-CON161-W0804","Kisanana","Cheboiwo Jacob Kiprotich","UDA","elected","2022 general election, declared 2022-08-22","A","2022-08-22","stale_unverified","IEBC","https://www.iebc.or.ke/uploads/resources/t5KQ6O4YGp.pdf","false",""
"MEMBER-OF-COUNTY-ASSEMBLY-KEN-C030-CON162-W0805","member_of_county_assembly","ward","KEN-C030-CON162-W0805","Lembus","Koech Benjamin","UDA","elected","2022 general election, declared 2022-08-22","A","2022-08-22","stale_unverified","IEBC","https://www.iebc.or.ke/uploads/resources/t5KQ6O4YGp.pdf","false",""
"MEMBER-OF-COUNTY-ASSEMBLY-KEN-C030-CON162-W0806","member_of_county_assembly","ward","KEN-C030-CON162-W0806","Lembus Kwen","Tallam Lawi Kipchumba","UDA","elected","2022 general election, declared 2022-08-22","A","2022-08-22","stale_unverified","IEBC","https://www.iebc.or.ke/uploads/resources/t5KQ6O4YGp.pdf","false",""
"MEMBER-OF-COUNTY-ASSEMBLY-KEN-C030-CON162-W0807","member_of_county_assembly","ward","KEN-C030-CON162-W0807","Ravine","Ngotie Julius Kimutai","UDA No (elected unopposed","elected","2022 general election, declared 2022-08-22","A","2022-08-22","stale_unverified","IEBC","https://www.iebc.or.ke/uploads/resources/t5KQ6O4YGp.pdf","false",""
"MEMBER-OF-COUNTY-ASSEMBLY-KEN-C030-CON162-W0808","member_of_county_assembly","ward","KEN-C030-CON162-W0808","Mumberes/Maji Mazuri","Kuria Solomon Kariuki","UDA","elected","2022 general election, declared 2022-08-22","B","2022-08-22","stale_unverified","IEBC","https://www.iebc.or.ke/uploads/resources/t5KQ6O4YGp.pdf","false",""
"MEMBER-OF-COUNTY-ASSEMBLY-KEN-C030-CON162-W0809","member_of_county_assembly","ward","KEN-C030-CON162-W0809","Lembus/Perkerra","Kiprono Kennedy Benjamin","UDA","elected","2022 general election, declared 2022-08-22","A","2022-08-22","stale_unverified","IEBC","https://www.iebc.or.ke/uploads/resources/t5KQ6O4YGp.pdf","false",""
"MEMBER-OF-COUNTY-ASSEMBLY-KEN-C030-CON162-W0810","member_of_county_assembly","ward","KEN-C030-CON162-W0810","Koibatek","Kipsang Robert Kiplagat","UDA","elected","2022 general election, declared 2022-08-22","B","2022-08-22","stale_unverified","IEBC","https://www.iebc.or.ke/uploads/resources/t5KQ6O4YGp.pdf","false",""
"MEMBER-OF-COUNTY-ASSEMBLY-KEN-C031-CON163-W0811","member_of_county_assembly","ward","KEN-C031-CON163-W0811","Olmoran","Wairimu George Karuiru","UDA","elected","2022 general election, declared 2022-08-22","A","2022-08-22","stale_unverified","IEBC","https://www.iebc.or.ke/uploads/resources/t5KQ6O4YGp.pdf","false",""
"MEMBER-OF-COUNTY-ASSEMBLY-KEN-C031-CON163-W0812","member_of_county_assembly","ward","KEN-C031-CON163-W0812","Rumuruti Township","Maina John Gichuki","UDA","elected","2022 general election, declared 2022-08-22","A","2022-08-22","stale_unverified","IEBC","https://www.iebc.or.ke/uploads/resources/t5KQ6O4YGp.pdf","false",""
"MEMBER-OF-COUNTY-ASSEMBLY-KEN-C031-CON163-W0813","member_of_county_assembly","ward","KEN-C031-CON163-W0813","Kinamba","Macharia Joseph Gitahi","UDA","elected","2022 general election, declared 2022-08-22","B","2022-08-22","stale_unverified","IEBC","https://www.iebc.or.ke/uploads/resources/t5KQ6O4YGp.pdf","false",""
"MEMBER-OF-COUNTY-ASSEMBLY-KEN-C031-CON163-W0814","member_of_county_assembly","ward","KEN-C031-CON163-W0814","Marmanet","Kimani Simon Kanyutu","IND","elected","2022 general election, declared 2022-08-22","A","2022-08-22","stale_unverified","IEBC","https://www.iebc.or.ke/uploads/resources/t5KQ6O4YGp.pdf","false",""
"MEMBER-OF-COUNTY-ASSEMBLY-KEN-C031-CON163-W0815","member_of_county_assembly","ward","KEN-C031-CON163-W0815","Igwamiti","John Irene Wachuka","UDA","elected","2022 general election, declared 2022-08-22","A","2022-08-22","stale_unverified","IEBC","https://www.iebc.or.ke/uploads/resources/t5KQ6O4YGp.pdf","false",""
"MEMBER-OF-COUNTY-ASSEMBLY-KEN-C031-CON163-W0816","member_of_county_assembly","ward","KEN-C031-CON163-W0816","Salama","Gatati Samuel Mugambi","TSP","elected","2022 general election, declared 2022-08-22","A","2022-08-22","stale_unverified","IEBC","https://www.iebc.or.ke/uploads/resources/t5KQ6O4YGp.pdf","false",""
"MEMBER-OF-COUNTY-ASSEMBLY-KEN-C031-CON164-W0817","member_of_county_assembly","ward","KEN-C031-CON164-W0817","Ngobit","Kibui Catherine Nyokabi","UDA","elected","2022 general election, declared 2022-08-22","A","2022-08-22","stale_unverified","IEBC","https://www.iebc.or.ke/uploads/resources/t5KQ6O4YGp.pdf","false",""
"MEMBER-OF-COUNTY-ASSEMBLY-KEN-C031-CON164-W0818","member_of_county_assembly","ward","KEN-C031-CON164-W0818","Tigithi","Muturi Nicholas Mwaniki","UDA","elected","2022 general election, declared 2022-08-22","A","2022-08-22","stale_unverified","IEBC","https://www.iebc.or.ke/uploads/resources/t5KQ6O4YGp.pdf","false",""
"MEMBER-OF-COUNTY-ASSEMBLY-KEN-C031-CON164-W0819","member_of_county_assembly","ward","KEN-C031-CON164-W0819","Thingithu","Kamau Stephen Ndiritu","UDA","elected","2022 general election, declared 2022-08-22","A","2022-08-22","stale_unverified","IEBC","https://www.iebc.or.ke/uploads/resources/t5KQ6O4YGp.pdf","false",""
"MEMBER-OF-COUNTY-ASSEMBLY-KEN-C031-CON164-W0820","member_of_county_assembly","ward","KEN-C031-CON164-W0820","Nanyuki","Wambui Anthony Theuri","UDA","elected","2022 general election, declared 2022-08-22","A","2022-08-22","stale_unverified","IEBC","https://www.iebc.or.ke/uploads/resources/t5KQ6O4YGp.pdf","false",""
"MEMBER-OF-COUNTY-ASSEMBLY-KEN-C031-CON164-W0821","member_of_county_assembly","ward","KEN-C031-CON164-W0821","Umande","Muchemi Daniel Mugweru","UDA","elected","2022 general election, declared 2022-08-22","A","2022-08-22","stale_unverified","IEBC","https://www.iebc.or.ke/uploads/resources/t5KQ6O4YGp.pdf","false",""
"MEMBER-OF-COUNTY-ASSEMBLY-KEN-C031-CON165-W0822","member_of_county_assembly","ward","KEN-C031-CON165-W0822","Sosian","Parleto Lekopien Sammy","ODM","elected","2022 general election, declared 2022-08-22","A","2022-08-22","stale_unverified","IEBC","https://www.iebc.or.ke/uploads/resources/t5KQ6O4YGp.pdf","false",""
"MEMBER-OF-COUNTY-ASSEMBLY-KEN-C031-CON165-W0823","member_of_county_assembly","ward","KEN-C031-CON165-W0823","Segera","Lowaya Salim Edung","UDA","elected","2022 general election, declared 2022-08-22","A","2022-08-22","stale_unverified","IEBC","https://www.iebc.or.ke/uploads/resources/t5KQ6O4YGp.pdf","false",""
"MEMBER-OF-COUNTY-ASSEMBLY-KEN-C031-CON165-W0824","member_of_county_assembly","ward","KEN-C031-CON165-W0824","Mukogondo West","Nicholas Lempaira Korkole","ODM","elected","2022 general election, declared 2022-08-22","B","2022-08-22","stale_unverified","IEBC","https://www.iebc.or.ke/uploads/resources/t5KQ6O4YGp.pdf","false",""
"MEMBER-OF-COUNTY-ASSEMBLY-KEN-C031-CON165-W0825","member_of_county_assembly","ward","KEN-C031-CON165-W0825","Mukogondo East","Leshuel Paul Kirenyi","IND","elected","2022 general election, declared 2022-08-22","B","2022-08-22","stale_unverified","IEBC","https://www.iebc.or.ke/uploads/resources/t5KQ6O4YGp.pdf","false",""
"MEMBER-OF-COUNTY-ASSEMBLY-KEN-C032-CON166-W0826","member_of_county_assembly","ward","KEN-C032-CON166-W0826","Mariashoni","Langat Bernard Kipngetich","UDA","elected","2022 general election, declared 2022-08-22","B","2022-08-22","stale_unverified","IEBC","https://www.iebc.or.ke/uploads/resources/t5KQ6O4YGp.pdf","false",""
"MEMBER-OF-COUNTY-ASSEMBLY-KEN-C032-CON166-W0827","member_of_county_assembly","ward","KEN-C032-CON166-W0827","Elburgon","Mwaura Njuguna","IND","elected","2022 general election, declared 2022-08-22","A","2022-08-22","stale_unverified","IEBC","https://www.iebc.or.ke/uploads/resources/t5KQ6O4YGp.pdf","false",""
"MEMBER-OF-COUNTY-ASSEMBLY-KEN-C032-CON166-W0828","member_of_county_assembly","ward","KEN-C032-CON166-W0828","Turi","Macharia John Mwangi","JP","elected","2022 general election, declared 2022-08-22","A","2022-08-22","stale_unverified","IEBC","https://www.iebc.or.ke/uploads/resources/t5KQ6O4YGp.pdf","false",""
"MEMBER-OF-COUNTY-ASSEMBLY-KEN-C032-CON166-W0829","member_of_county_assembly","ward","KEN-C032-CON166-W0829","Molo","Nganga Joseph Ngware","UDA","elected","2022 general election, declared 2022-08-22","A","2022-08-22","stale_unverified","IEBC","https://www.iebc.or.ke/uploads/resources/t5KQ6O4YGp.pdf","false",""
"MEMBER-OF-COUNTY-ASSEMBLY-KEN-C032-CON167-W0830","member_of_county_assembly","ward","KEN-C032-CON167-W0830","Maunarok","Ndegwa Cyrus Dida","UDA","elected","2022 general election, declared 2022-08-22","A","2022-08-22","stale_unverified","IEBC","https://www.iebc.or.ke/uploads/resources/t5KQ6O4YGp.pdf","false",""
"MEMBER-OF-COUNTY-ASSEMBLY-KEN-C032-CON167-W0831","member_of_county_assembly","ward","KEN-C032-CON167-W0831","Mauche","Koros Moses Ngeny","UDA","elected","2022 general election, declared 2022-08-22","A","2022-08-22","stale_unverified","IEBC","https://www.iebc.or.ke/uploads/resources/t5KQ6O4YGp.pdf","false",""
"MEMBER-OF-COUNTY-ASSEMBLY-KEN-C032-CON167-W0832","member_of_county_assembly","ward","KEN-C032-CON167-W0832","Kihingo","Karanja Simon Kamau","JP","elected","2022 general election, declared 2022-08-22","A","2022-08-22","stale_unverified","IEBC","https://www.iebc.or.ke/uploads/resources/t5KQ6O4YGp.pdf","false",""
"MEMBER-OF-COUNTY-ASSEMBLY-KEN-C032-CON167-W0833","member_of_county_assembly","ward","KEN-C032-CON167-W0833","Nessuit","Tonui Samwel Kipkemoi","UDA","elected","2022 general election, declared 2022-08-22","A","2022-08-22","stale_unverified","IEBC","https://www.iebc.or.ke/uploads/resources/t5KQ6O4YGp.pdf","false",""
"MEMBER-OF-COUNTY-ASSEMBLY-KEN-C032-CON167-W0834","member_of_county_assembly","ward","KEN-C032-CON167-W0834","Lare","Ndiritu Philip Wanjohi","JP","elected","2022 general election, declared 2022-08-22","A","2022-08-22","stale_unverified","IEBC","https://www.iebc.or.ke/uploads/resources/t5KQ6O4YGp.pdf","false",""
"MEMBER-OF-COUNTY-ASSEMBLY-KEN-C032-CON167-W0835","member_of_county_assembly","ward","KEN-C032-CON167-W0835","Njoro","Hezy Ezekiah Kung’u Kariuki","IND","elected","2022 general election, declared 2022-08-22","A","2022-08-22","stale_unverified","IEBC","https://www.iebc.or.ke/uploads/resources/t5KQ6O4YGp.pdf","false",""
"MEMBER-OF-COUNTY-ASSEMBLY-KEN-C032-CON168-W0836","member_of_county_assembly","ward","KEN-C032-CON168-W0836","Biashara","Macharia Elijah Mwaura","UDA","elected","2022 general election, declared 2022-08-22","A","2022-08-22","stale_unverified","IEBC","https://www.iebc.or.ke/uploads/resources/t5KQ6O4YGp.pdf","false",""
"MEMBER-OF-COUNTY-ASSEMBLY-KEN-C032-CON168-W0837","member_of_county_assembly","ward","KEN-C032-CON168-W0837","Hells Gate","Gicanga Viginia Wamaitha","JP","elected","2022 general election, declared 2022-08-22","A","2022-08-22","stale_unverified","IEBC","https://www.iebc.or.ke/uploads/resources/t5KQ6O4YGp.pdf","false",""
"MEMBER-OF-COUNTY-ASSEMBLY-KEN-C032-CON168-W0838","member_of_county_assembly","ward","KEN-C032-CON168-W0838","Lakeview","Mbugua Alex Ndungu","UDA","elected","2022 general election, declared 2022-08-22","A","2022-08-22","stale_unverified","IEBC","https://www.iebc.or.ke/uploads/resources/t5KQ6O4YGp.pdf","false",""
"MEMBER-OF-COUNTY-ASSEMBLY-KEN-C032-CON168-W0839","member_of_county_assembly","ward","KEN-C032-CON168-W0839","Maai-Mahiu","Chege Eliud Kamau","UDA","elected","2022 general election, declared 2022-08-22","B","2022-08-22","stale_unverified","IEBC","https://www.iebc.or.ke/uploads/resources/t5KQ6O4YGp.pdf","false",""
"MEMBER-OF-COUNTY-ASSEMBLY-KEN-C032-CON168-W0840","member_of_county_assembly","ward","KEN-C032-CON168-W0840","Maiella","Gituku Jane Wanjiru","UDA","elected","2022 general election, declared 2022-08-22","A","2022-08-22","stale_unverified","IEBC","https://www.iebc.or.ke/uploads/resources/t5KQ6O4YGp.pdf","false",""
"MEMBER-OF-COUNTY-ASSEMBLY-KEN-C032-CON168-W0841","member_of_county_assembly","ward","KEN-C032-CON168-W0841","Olkaria","Palanga Peter Wanjala M.","ODM","elected","2022 general election, declared 2022-08-22","A","2022-08-22","stale_unverified","IEBC","https://www.iebc.or.ke/uploads/resources/t5KQ6O4YGp.pdf","false",""
"MEMBER-OF-COUNTY-ASSEMBLY-KEN-C032-CON168-W0842","member_of_county_assembly","ward","KEN-C032-CON168-W0842","Naivasha East","Karanja Stanley","UDA","elected","2022 general election, declared 2022-08-22","A","2022-08-22","stale_unverified","IEBC","https://www.iebc.or.ke/uploads/resources/t5KQ6O4YGp.pdf","false",""
"MEMBER-OF-COUNTY-ASSEMBLY-KEN-C032-CON168-W0843","member_of_county_assembly","ward","KEN-C032-CON168-W0843","Viwandani","Muraya Joseph Mwangi","UDA","elected","2022 general election, declared 2022-08-22","A","2022-08-22","stale_unverified","IEBC","https://www.iebc.or.ke/uploads/resources/t5KQ6O4YGp.pdf","false",""
"MEMBER-OF-COUNTY-ASSEMBLY-KEN-C032-CON169-W0844","member_of_county_assembly","ward","KEN-C032-CON169-W0844","Gilgil","Njoroge Rose Gathoni","UDA","elected","2022 general election, declared 2022-08-22","A","2022-08-22","stale_unverified","IEBC","https://www.iebc.or.ke/uploads/resources/t5KQ6O4YGp.pdf","false",""
"MEMBER-OF-COUNTY-ASSEMBLY-KEN-C032-CON169-W0845","member_of_county_assembly","ward","KEN-C032-CON169-W0845","Elementaita","Nene George Wang’ang’a","SAFINA","elected","2022 general election, declared 2022-08-22","A","2022-08-22","stale_unverified","IEBC","https://www.iebc.or.ke/uploads/resources/t5KQ6O4YGp.pdf","false",""
"MEMBER-OF-COUNTY-ASSEMBLY-KEN-C032-CON169-W0846","member_of_county_assembly","ward","KEN-C032-CON169-W0846","Mbaruk/Eburu","Ngigi Michael Gathanwa","UDA","elected","2022 general election, declared 2022-08-22","A","2022-08-22","stale_unverified","IEBC","https://www.iebc.or.ke/uploads/resources/t5KQ6O4YGp.pdf","false",""
"MEMBER-OF-COUNTY-ASSEMBLY-KEN-C032-CON169-W0847","member_of_county_assembly","ward","KEN-C032-CON169-W0847","Malewa West","Kuria Francis Mungai","UDA","elected","2022 general election, declared 2022-08-22","A","2022-08-22","stale_unverified","IEBC","https://www.iebc.or.ke/uploads/resources/t5KQ6O4YGp.pdf","false",""
"MEMBER-OF-COUNTY-ASSEMBLY-KEN-C032-CON169-W0848","member_of_county_assembly","ward","KEN-C032-CON169-W0848","Murindati","Maina Peter Njoroge","UDA","elected","2022 general election, declared 2022-08-22","A","2022-08-22","stale_unverified","IEBC","https://www.iebc.or.ke/uploads/resources/t5KQ6O4YGp.pdf","false",""
"MEMBER-OF-COUNTY-ASSEMBLY-KEN-C032-CON170-W0849","member_of_county_assembly","ward","KEN-C032-CON170-W0849","Amalo","Langat Robert Kipyegon","UDA","elected","2022 general election, declared 2022-08-22","A","2022-08-22","stale_unverified","IEBC","https://www.iebc.or.ke/uploads/resources/t5KQ6O4YGp.pdf","false",""
"MEMBER-OF-COUNTY-ASSEMBLY-KEN-C032-CON170-W0850","member_of_county_assembly","ward","KEN-C032-CON170-W0850","Keringet","Mutai William","UDA","elected","2022 general election, declared 2022-08-22","A","2022-08-22","stale_unverified","IEBC","https://www.iebc.or.ke/uploads/resources/t5KQ6O4YGp.pdf","false",""
"MEMBER-OF-COUNTY-ASSEMBLY-KEN-C032-CON170-W0851","member_of_county_assembly","ward","KEN-C032-CON170-W0851","Kiptagich","Chepkoech Rose","UDA","elected","2022 general election, declared 2022-08-22","A","2022-08-22","stale_unverified","IEBC","https://www.iebc.or.ke/uploads/resources/t5KQ6O4YGp.pdf","false",""
"MEMBER-OF-COUNTY-ASSEMBLY-KEN-C032-CON170-W0852","member_of_county_assembly","ward","KEN-C032-CON170-W0852","Tinet","Lang 'at Paul Kipkorir","UDA","elected","2022 general election, declared 2022-08-22","A","2022-08-22","stale_unverified","IEBC","https://www.iebc.or.ke/uploads/resources/t5KQ6O4YGp.pdf","false",""
"MEMBER-OF-COUNTY-ASSEMBLY-KEN-C032-CON171-W0853","member_of_county_assembly","ward","KEN-C032-CON171-W0853","Kiptororo","Bor Alex","UDA","elected","2022 general election, declared 2022-08-22","A","2022-08-22","stale_unverified","IEBC","https://www.iebc.or.ke/uploads/resources/t5KQ6O4YGp.pdf","false",""
"MEMBER-OF-COUNTY-ASSEMBLY-KEN-C032-CON171-W0854","member_of_county_assembly","ward","KEN-C032-CON171-W0854","Nyota","Langat Wesley Kipkurui","UDA","elected","2022 general election, declared 2022-08-22","A","2022-08-22","stale_unverified","IEBC","https://www.iebc.or.ke/uploads/resources/t5KQ6O4YGp.pdf","false",""
"MEMBER-OF-COUNTY-ASSEMBLY-KEN-C032-CON171-W0855","member_of_county_assembly","ward","KEN-C032-CON171-W0855","Sirikwa","Langat Emmanuel","UDA","elected","2022 general election, declared 2022-08-22","A","2022-08-22","stale_unverified","IEBC","https://www.iebc.or.ke/uploads/resources/t5KQ6O4YGp.pdf","false",""
"MEMBER-OF-COUNTY-ASSEMBLY-KEN-C032-CON171-W0856","member_of_county_assembly","ward","KEN-C032-CON171-W0856","Kamara","Maritim John Kipngetich","UDA","elected","2022 general election, declared 2022-08-22","A","2022-08-22","stale_unverified","IEBC","https://www.iebc.or.ke/uploads/resources/t5KQ6O4YGp.pdf","false",""
"MEMBER-OF-COUNTY-ASSEMBLY-KEN-C032-CON172-W0857","member_of_county_assembly","ward","KEN-C032-CON172-W0857","Subukia","Makori Isabella Kerubo","UDA","elected","2022 general election, declared 2022-08-22","A","2022-08-22","stale_unverified","IEBC","https://www.iebc.or.ke/uploads/resources/t5KQ6O4YGp.pdf","false",""
"MEMBER-OF-COUNTY-ASSEMBLY-KEN-C032-CON172-W0858","member_of_county_assembly","ward","KEN-C032-CON172-W0858","Waseges","Murage Elijah Mwangi","IND","elected","2022 general election, declared 2022-08-22","A","2022-08-22","stale_unverified","IEBC","https://www.iebc.or.ke/uploads/resources/t5KQ6O4YGp.pdf","false",""
"MEMBER-OF-COUNTY-ASSEMBLY-KEN-C032-CON172-W0859","member_of_county_assembly","ward","KEN-C032-CON172-W0859","Kabazi","Tallam George Cheruiyot","UDA","elected","2022 general election, declared 2022-08-22","A","2022-08-22","stale_unverified","IEBC","https://www.iebc.or.ke/uploads/resources/t5KQ6O4YGp.pdf","false",""
"MEMBER-OF-COUNTY-ASSEMBLY-KEN-C032-CON173-W0860","member_of_county_assembly","ward","KEN-C032-CON173-W0860","Menengai West","Rottok Isaac Kiptisya","UDA","elected","2022 general election, declared 2022-08-22","A","2022-08-22","stale_unverified","IEBC","https://www.iebc.or.ke/uploads/resources/t5KQ6O4YGp.pdf","false",""
"MEMBER-OF-COUNTY-ASSEMBLY-KEN-C032-CON173-W0861","member_of_county_assembly","ward","KEN-C032-CON173-W0861","Soin","Naburuki Degaulle Elibas","UDA","elected","2022 general election, declared 2022-08-22","A","2022-08-22","stale_unverified","IEBC","https://www.iebc.or.ke/uploads/resources/t5KQ6O4YGp.pdf","false",""
"MEMBER-OF-COUNTY-ASSEMBLY-KEN-C032-CON173-W0862","member_of_county_assembly","ward","KEN-C032-CON173-W0862","Visoi","Megek Chemutai Hellen","UDA","elected","2022 general election, declared 2022-08-22","A","2022-08-22","stale_unverified","IEBC","https://www.iebc.or.ke/uploads/resources/t5KQ6O4YGp.pdf","false",""
"MEMBER-OF-COUNTY-ASSEMBLY-KEN-C032-CON173-W0863","member_of_county_assembly","ward","KEN-C032-CON173-W0863","Mosop","Langat Alex Kipkoech Arap","UDA","elected","2022 general election, declared 2022-08-22","A","2022-08-22","stale_unverified","IEBC","https://www.iebc.or.ke/uploads/resources/t5KQ6O4YGp.pdf","false",""
"MEMBER-OF-COUNTY-ASSEMBLY-KEN-C032-CON173-W0864","member_of_county_assembly","ward","KEN-C032-CON173-W0864","Solai","Morogo Nixon Kiprotich","Independent","elected","2022 general election, declared 2022-08-22","A","2022-08-22","stale_unverified","IEBC","https://www.iebc.or.ke/uploads/resources/t5KQ6O4YGp.pdf","false",""
"MEMBER-OF-COUNTY-ASSEMBLY-KEN-C032-CON174-W0865","member_of_county_assembly","ward","KEN-C032-CON174-W0865","Dundori","Mwangi James Gathuita","UDA","elected","2022 general election, declared 2022-08-22","A","2022-08-22","stale_unverified","IEBC","https://www.iebc.or.ke/uploads/resources/t5KQ6O4YGp.pdf","false",""
"MEMBER-OF-COUNTY-ASSEMBLY-KEN-C032-CON174-W0866","member_of_county_assembly","ward","KEN-C032-CON174-W0866","Kabatini","Ng’ang’a Leah Wambui","IND","elected","2022 general election, declared 2022-08-22","A","2022-08-22","stale_unverified","IEBC","https://www.iebc.or.ke/uploads/resources/t5KQ6O4YGp.pdf","false",""
"MEMBER-OF-COUNTY-ASSEMBLY-KEN-C032-CON174-W0867","member_of_county_assembly","ward","KEN-C032-CON174-W0867","Kiamaina","Warege Paul Waweru","UDA","elected","2022 general election, declared 2022-08-22","A","2022-08-22","stale_unverified","IEBC","https://www.iebc.or.ke/uploads/resources/t5KQ6O4YGp.pdf","false",""
"MEMBER-OF-COUNTY-ASSEMBLY-KEN-C032-CON174-W0868","member_of_county_assembly","ward","KEN-C032-CON174-W0868","Lanet/Umoja","Ngarama Samuel Mwangi Kamau","UDA","elected","2022 general election, declared 2022-08-22","A","2022-08-22","stale_unverified","IEBC","https://www.iebc.or.ke/uploads/resources/t5KQ6O4YGp.pdf","false",""
"MEMBER-OF-COUNTY-ASSEMBLY-KEN-C032-CON174-W0869","member_of_county_assembly","ward","KEN-C032-CON174-W0869","Bahati","Mwathi Grace Wambui","UDA","elected","2022 general election, declared 2022-08-22","A","2022-08-22","stale_unverified","IEBC","https://www.iebc.or.ke/uploads/resources/t5KQ6O4YGp.pdf","false",""
"MEMBER-OF-COUNTY-ASSEMBLY-KEN-C032-CON175-W0870","member_of_county_assembly","ward","KEN-C032-CON175-W0870","Barut","Kirui Benard Kiprotich","UDA","elected","2022 general election, declared 2022-08-22","A","2022-08-22","stale_unverified","IEBC","https://www.iebc.or.ke/uploads/resources/t5KQ6O4YGp.pdf","false",""
"MEMBER-OF-COUNTY-ASSEMBLY-KEN-C032-CON175-W0871","member_of_county_assembly","ward","KEN-C032-CON175-W0871","London","Gatuso Benard Maina Kariuki","JP","elected","2022 general election, declared 2022-08-22","A","2022-08-22","stale_unverified","IEBC","https://www.iebc.or.ke/uploads/resources/t5KQ6O4YGp.pdf","false",""
"MEMBER-OF-COUNTY-ASSEMBLY-KEN-C032-CON175-W0872","member_of_county_assembly","ward","KEN-C032-CON175-W0872","Kaptembwo","Kajwang Peter Mwamba","ODM","elected","2022 general election, declared 2022-08-22","A","2022-08-22","stale_unverified","IEBC","https://www.iebc.or.ke/uploads/resources/t5KQ6O4YGp.pdf","false",""
"MEMBER-OF-COUNTY-ASSEMBLY-KEN-C032-CON175-W0873","member_of_county_assembly","ward","KEN-C032-CON175-W0873","Kapkures","Rutto Robert Kiplangat","UDA","elected","2022 general election, declared 2022-08-22","A","2022-08-22","stale_unverified","IEBC","https://www.iebc.or.ke/uploads/resources/t5KQ6O4YGp.pdf","false",""
"MEMBER-OF-COUNTY-ASSEMBLY-KEN-C032-CON175-W0874","member_of_county_assembly","ward","KEN-C032-CON175-W0874","Rhoda","Gachiri John Macharia","UDA","elected","2022 general election, declared 2022-08-22","A","2022-08-22","stale_unverified","IEBC","https://www.iebc.or.ke/uploads/resources/t5KQ6O4YGp.pdf","false",""
"MEMBER-OF-COUNTY-ASSEMBLY-KEN-C032-CON175-W0875","member_of_county_assembly","ward","KEN-C032-CON175-W0875","Shaabab","Macharia David Wathiai","UDA","elected","2022 general election, declared 2022-08-22","A","2022-08-22","stale_unverified","IEBC","https://www.iebc.or.ke/uploads/resources/t5KQ6O4YGp.pdf","false",""
"MEMBER-OF-COUNTY-ASSEMBLY-KEN-C032-CON176-W0876","member_of_county_assembly","ward","KEN-C032-CON176-W0876","Biashara","Fadhili Hamisi Msuri","UDA","elected","2022 general election, declared 2022-08-22","A","2022-08-22","stale_unverified","IEBC","https://www.iebc.or.ke/uploads/resources/t5KQ6O4YGp.pdf","false",""
"MEMBER-OF-COUNTY-ASSEMBLY-KEN-C032-CON176-W0877","member_of_county_assembly","ward","KEN-C032-CON176-W0877","Kivumbini","Alukutsa Neto Sakwa","IND","elected","2022 general election, declared 2022-08-22","A","2022-08-22","stale_unverified","IEBC","https://www.iebc.or.ke/uploads/resources/t5KQ6O4YGp.pdf","false",""
"MEMBER-OF-COUNTY-ASSEMBLY-KEN-C032-CON176-W0878","member_of_county_assembly","ward","KEN-C032-CON176-W0878","Flamingo","Muraya David Kihumba","IND","elected","2022 general election, declared 2022-08-22","A","2022-08-22","stale_unverified","IEBC","https://www.iebc.or.ke/uploads/resources/t5KQ6O4YGp.pdf","false",""
"MEMBER-OF-COUNTY-ASSEMBLY-KEN-C032-CON176-W0879","member_of_county_assembly","ward","KEN-C032-CON176-W0879","Menengai","Wachira Wajeff Wilson Mwangi","JP","elected","2022 general election, declared 2022-08-22","B","2022-08-22","stale_unverified","IEBC","https://www.iebc.or.ke/uploads/resources/t5KQ6O4YGp.pdf","false",""
"MEMBER-OF-COUNTY-ASSEMBLY-KEN-C032-CON176-W0880","member_of_county_assembly","ward","KEN-C032-CON176-W0880","Nakuru East","Kanyere Antony Charles Kamau","UDA","elected","2022 general election, declared 2022-08-22","A","2022-08-22","stale_unverified","IEBC","https://www.iebc.or.ke/uploads/resources/t5KQ6O4YGp.pdf","false",""
"MEMBER-OF-COUNTY-ASSEMBLY-KEN-C033-CON177-W0881","member_of_county_assembly","ward","KEN-C033-CON177-W0881","Kilgoris Central","Morintat Leina","IND","elected","2022 general election, declared 2022-08-22","A","2022-08-22","stale_unverified","IEBC","https://www.iebc.or.ke/uploads/resources/t5KQ6O4YGp.pdf","false",""
"MEMBER-OF-COUNTY-ASSEMBLY-KEN-C033-CON177-W0882","member_of_county_assembly","ward","KEN-C033-CON177-W0882","Keyian","Mukut Mark K.","IND","elected","2022 general election, declared 2022-08-22","A","2022-08-22","stale_unverified","IEBC","https://www.iebc.or.ke/uploads/resources/t5KQ6O4YGp.pdf","false",""
"MEMBER-OF-COUNTY-ASSEMBLY-KEN-C033-CON177-W0883","member_of_county_assembly","ward","KEN-C033-CON177-W0883","Angata Barikoi","Koech Joseph Kibeigo","UDA","elected","2022 general election, declared 2022-08-22","A","2022-08-22","stale_unverified","IEBC","https://www.iebc.or.ke/uploads/resources/t5KQ6O4YGp.pdf","false",""
"MEMBER-OF-COUNTY-ASSEMBLY-KEN-C033-CON177-W0884","member_of_county_assembly","ward","KEN-C033-CON177-W0884","Shankoe","Yiamboi Moses Olaimerri","UDA","elected","2022 general election, declared 2022-08-22","A","2022-08-22","stale_unverified","IEBC","https://www.iebc.or.ke/uploads/resources/t5KQ6O4YGp.pdf","false",""
"MEMBER-OF-COUNTY-ASSEMBLY-KEN-C033-CON177-W0885","member_of_county_assembly","ward","KEN-C033-CON177-W0885","Kimintet","Ntokoyuan Sangau Ole","CCM","elected","2022 general election, declared 2022-08-22","A","2022-08-22","stale_unverified","IEBC","https://www.iebc.or.ke/uploads/resources/t5KQ6O4YGp.pdf","false",""
"MEMBER-OF-COUNTY-ASSEMBLY-KEN-C033-CON177-W0886","member_of_county_assembly","ward","KEN-C033-CON177-W0886","Lolgorian","Seme Michael Ololdikir","JP","elected","2022 general election, declared 2022-08-22","A","2022-08-22","stale_unverified","IEBC","https://www.iebc.or.ke/uploads/resources/t5KQ6O4YGp.pdf","false",""
"MEMBER-OF-COUNTY-ASSEMBLY-KEN-C033-CON178-W0887","member_of_county_assembly","ward","KEN-C033-CON178-W0887","Ilkerin","Koskey Kiprono Ezekiel","ANC","elected","2022 general election, declared 2022-08-22","A","2022-08-22","stale_unverified","IEBC","https://www.iebc.or.ke/uploads/resources/t5KQ6O4YGp.pdf","false",""
"MEMBER-OF-COUNTY-ASSEMBLY-KEN-C033-CON178-W0889","member_of_county_assembly","ward","KEN-C033-CON178-W0889","Mogondo","Kipsang Mibei Kennedy","UDA","elected","2022 general election, declared 2022-08-22","A","2022-08-22","stale_unverified","IEBC","https://www.iebc.or.ke/uploads/resources/t5KQ6O4YGp.pdf","false",""
"MEMBER-OF-COUNTY-ASSEMBLY-KEN-C033-CON178-W0890","member_of_county_assembly","ward","KEN-C033-CON178-W0890","Kapsasian","Kipkorir Ngok Jackson","UDA","elected","2022 general election, declared 2022-08-22","A","2022-08-22","stale_unverified","IEBC","https://www.iebc.or.ke/uploads/resources/t5KQ6O4YGp.pdf","false",""
"MEMBER-OF-COUNTY-ASSEMBLY-KEN-C033-CON179-W0891","member_of_county_assembly","ward","KEN-C033-CON179-W0891","Olpusimoru","Naimodu James Leparan","ODM","elected","2022 general election, declared 2022-08-22","A","2022-08-22","stale_unverified","IEBC","https://www.iebc.or.ke/uploads/resources/t5KQ6O4YGp.pdf","false",""
"MEMBER-OF-COUNTY-ASSEMBLY-KEN-C033-CON179-W0892","member_of_county_assembly","ward","KEN-C033-CON179-W0892","Olokurto","Kishoyian Joshua Tumpes","JP","elected","2022 general election, declared 2022-08-22","A","2022-08-22","stale_unverified","IEBC","https://www.iebc.or.ke/uploads/resources/t5KQ6O4YGp.pdf","false",""
"MEMBER-OF-COUNTY-ASSEMBLY-KEN-C033-CON179-W0893","member_of_county_assembly","ward","KEN-C033-CON179-W0893","Narok Town","Kudate Lucas Ntalamea Ole","ODM","elected","2022 general election, declared 2022-08-22","A","2022-08-22","stale_unverified","IEBC","https://www.iebc.or.ke/uploads/resources/t5KQ6O4YGp.pdf","false",""
"MEMBER-OF-COUNTY-ASSEMBLY-KEN-C033-CON179-W0894","member_of_county_assembly","ward","KEN-C033-CON179-W0894","Nkareta","Kuyioni Nkaluena Ole","ODM","elected","2022 general election, declared 2022-08-22","A","2022-08-22","stale_unverified","IEBC","https://www.iebc.or.ke/uploads/resources/t5KQ6O4YGp.pdf","false",""
"MEMBER-OF-COUNTY-ASSEMBLY-KEN-C033-CON179-W0895","member_of_county_assembly","ward","KEN-C033-CON179-W0895","Olorropil","Murguyia Wilson Mateya","UPF","elected","2022 general election, declared 2022-08-22","A","2022-08-22","stale_unverified","IEBC","https://www.iebc.or.ke/uploads/resources/t5KQ6O4YGp.pdf","false",""
"MEMBER-OF-COUNTY-ASSEMBLY-KEN-C033-CON179-W0896","member_of_county_assembly","ward","KEN-C033-CON179-W0896","Melili","Dapash Isaac Salau","JP","elected","2022 general election, declared 2022-08-22","A","2022-08-22","stale_unverified","IEBC","https://www.iebc.or.ke/uploads/resources/t5KQ6O4YGp.pdf","false",""
"MEMBER-OF-COUNTY-ASSEMBLY-KEN-C033-CON180-W0897","member_of_county_assembly","ward","KEN-C033-CON180-W0897","Mosiro","Olorgeso Maika Eliud","UDA","elected","2022 general election, declared 2022-08-22","A","2022-08-22","stale_unverified","IEBC","https://www.iebc.or.ke/uploads/resources/t5KQ6O4YGp.pdf","false",""
"MEMBER-OF-COUNTY-ASSEMBLY-KEN-C033-CON180-W0898","member_of_county_assembly","ward","KEN-C033-CON180-W0898","Ildamat","Kutingala Elijah Maison","JP","elected","2022 general election, declared 2022-08-22","A","2022-08-22","stale_unverified","IEBC","https://www.iebc.or.ke/uploads/resources/t5KQ6O4YGp.pdf","false",""
"MEMBER-OF-COUNTY-ASSEMBLY-KEN-C033-CON180-W0899","member_of_county_assembly","ward","KEN-C033-CON180-W0899","Keekonyokie","Kimiti Erastus Lemiso","JP","elected","2022 general election, declared 2022-08-22","A","2022-08-22","stale_unverified","IEBC","https://www.iebc.or.ke/uploads/resources/t5KQ6O4YGp.pdf","false",""
"MEMBER-OF-COUNTY-ASSEMBLY-KEN-C033-CON180-W0900","member_of_county_assembly","ward","KEN-C033-CON180-W0900","Suswa","Kisotu Salaash Nickson","JP","elected","2022 general election, declared 2022-08-22","A","2022-08-22","stale_unverified","IEBC","https://www.iebc.or.ke/uploads/resources/t5KQ6O4YGp.pdf","false",""
"MEMBER-OF-COUNTY-ASSEMBLY-KEN-C033-CON181-W0901","member_of_county_assembly","ward","KEN-C033-CON181-W0901","Majimoto/Naroosura","Kilerai Pariken Daniel","ODM","elected","2022 general election, declared 2022-08-22","A","2022-08-22","stale_unverified","IEBC","https://www.iebc.or.ke/uploads/resources/t5KQ6O4YGp.pdf","false",""
"MEMBER-OF-COUNTY-ASSEMBLY-KEN-C033-CON181-W0902","member_of_county_assembly","ward","KEN-C033-CON181-W0902","Ololulung'a","Dominic Shonkoi Lemein","UDA","elected","2022 general election, declared 2022-08-22","A","2022-08-22","stale_unverified","IEBC","https://www.iebc.or.ke/uploads/resources/t5KQ6O4YGp.pdf","false",""
"MEMBER-OF-COUNTY-ASSEMBLY-KEN-C033-CON181-W0903","member_of_county_assembly","ward","KEN-C033-CON181-W0903","Melelo","David Lekuta Ole Sulunye","UDA","elected","2022 general election, declared 2022-08-22","A","2022-08-22","stale_unverified","IEBC","https://www.iebc.or.ke/uploads/resources/t5KQ6O4YGp.pdf","false",""
"MEMBER-OF-COUNTY-ASSEMBLY-KEN-C033-CON181-W0904","member_of_county_assembly","ward","KEN-C033-CON181-W0904","Loita","Shuma Olonoku Manchau","CCM","elected","2022 general election, declared 2022-08-22","A","2022-08-22","stale_unverified","IEBC","https://www.iebc.or.ke/uploads/resources/t5KQ6O4YGp.pdf","false",""
"MEMBER-OF-COUNTY-ASSEMBLY-KEN-C033-CON181-W0905","member_of_county_assembly","ward","KEN-C033-CON181-W0905","Sogoo","Hillary Kipngeno","UDA","elected","2022 general election, declared 2022-08-22","A","2022-08-22","stale_unverified","IEBC","https://www.iebc.or.ke/uploads/resources/t5KQ6O4YGp.pdf","false",""
"MEMBER-OF-COUNTY-ASSEMBLY-KEN-C033-CON181-W0906","member_of_county_assembly","ward","KEN-C033-CON181-W0906","Sagamian","Stephen Kiprotich Koech","UDA","elected","2022 general election, declared 2022-08-22","A","2022-08-22","stale_unverified","IEBC","https://www.iebc.or.ke/uploads/resources/t5KQ6O4YGp.pdf","false",""
"MEMBER-OF-COUNTY-ASSEMBLY-KEN-C033-CON182-W0907","member_of_county_assembly","ward","KEN-C033-CON182-W0907","Ilmotiok","Duncan Bore","UDA","elected","2022 general election, declared 2022-08-22","A","2022-08-22","stale_unverified","IEBC","https://www.iebc.or.ke/uploads/resources/t5KQ6O4YGp.pdf","false",""
"MEMBER-OF-COUNTY-ASSEMBLY-KEN-C033-CON182-W0908","member_of_county_assembly","ward","KEN-C033-CON182-W0908","Mara","Kipngeno Chepkwony","IND","elected","2022 general election, declared 2022-08-22","A","2022-08-22","stale_unverified","IEBC","https://www.iebc.or.ke/uploads/resources/t5KQ6O4YGp.pdf","false",""
"MEMBER-OF-COUNTY-ASSEMBLY-KEN-C033-CON182-W0909","member_of_county_assembly","ward","KEN-C033-CON182-W0909","Siana","Sikona Moses Ole","UDA","elected","2022 general election, declared 2022-08-22","A","2022-08-22","stale_unverified","IEBC","https://www.iebc.or.ke/uploads/resources/t5KQ6O4YGp.pdf","false",""
"MEMBER-OF-COUNTY-ASSEMBLY-KEN-C033-CON182-W0910","member_of_county_assembly","ward","KEN-C033-CON182-W0910","Naikarra","Mako Timothy Ole","UDA","elected","2022 general election, declared 2022-08-22","A","2022-08-22","stale_unverified","IEBC","https://www.iebc.or.ke/uploads/resources/t5KQ6O4YGp.pdf","false",""
"MEMBER-OF-COUNTY-ASSEMBLY-KEN-C034-CON183-W0911","member_of_county_assembly","ward","KEN-C034-CON183-W0911","Olkeri","Kinuthia Stephen Ngatho","UDA","elected","2022 general election, declared 2022-08-22","A","2022-08-22","stale_unverified","IEBC","https://www.iebc.or.ke/uploads/resources/t5KQ6O4YGp.pdf","false",""
"MEMBER-OF-COUNTY-ASSEMBLY-KEN-C034-CON183-W0912","member_of_county_assembly","ward","KEN-C034-CON183-W0912","Ongata Rongai","Masila Titus Matheka","UDA","elected","2022 general election, declared 2022-08-22","A","2022-08-22","stale_unverified","IEBC","https://www.iebc.or.ke/uploads/resources/t5KQ6O4YGp.pdf","false",""
"MEMBER-OF-COUNTY-ASSEMBLY-KEN-C034-CON183-W0913","member_of_county_assembly","ward","KEN-C034-CON183-W0913","Nkaimurunya","Mutiga James Maina","UDA","elected","2022 general election, declared 2022-08-22","A","2022-08-22","stale_unverified","IEBC","https://www.iebc.or.ke/uploads/resources/t5KQ6O4YGp.pdf","false",""
"MEMBER-OF-COUNTY-ASSEMBLY-KEN-C034-CON183-W0914","member_of_county_assembly","ward","KEN-C034-CON183-W0914","Oloolua","Gor Eli Ochieng","ODM","elected","2022 general election, declared 2022-08-22","A","2022-08-22","stale_unverified","IEBC","https://www.iebc.or.ke/uploads/resources/t5KQ6O4YGp.pdf","false",""
"MEMBER-OF-COUNTY-ASSEMBLY-KEN-C034-CON183-W0915","member_of_county_assembly","ward","KEN-C034-CON183-W0915","Ngong","Mbiriri James Mwaura","UDA","elected","2022 general election, declared 2022-08-22","A","2022-08-22","stale_unverified","IEBC","https://www.iebc.or.ke/uploads/resources/t5KQ6O4YGp.pdf","false",""
"MEMBER-OF-COUNTY-ASSEMBLY-KEN-C034-CON184-W0916","member_of_county_assembly","ward","KEN-C034-CON184-W0916","Purko","Saitoti Simon Mumeita","WDM","elected","2022 general election, declared 2022-08-22","A","2022-08-22","stale_unverified","IEBC","https://www.iebc.or.ke/uploads/resources/t5KQ6O4YGp.pdf","false",""
"MEMBER-OF-COUNTY-ASSEMBLY-KEN-C034-CON184-W0917","member_of_county_assembly","ward","KEN-C034-CON184-W0917","Ildamat","Mutunkei Joseph","JP","elected","2022 general election, declared 2022-08-22","A","2022-08-22","stale_unverified","IEBC","https://www.iebc.or.ke/uploads/resources/t5KQ6O4YGp.pdf","false",""
"MEMBER-OF-COUNTY-ASSEMBLY-KEN-C034-CON184-W0918","member_of_county_assembly","ward","KEN-C034-CON184-W0918","Dalalekutuk","Loisa John Ntione Lemayian","UDA","elected","2022 general election, declared 2022-08-22","A","2022-08-22","stale_unverified","IEBC","https://www.iebc.or.ke/uploads/resources/t5KQ6O4YGp.pdf","false",""
"MEMBER-OF-COUNTY-ASSEMBLY-KEN-C034-CON184-W0919","member_of_county_assembly","ward","KEN-C034-CON184-W0919","Matapato North","Orikai Abraham Osoi","WDM","elected","2022 general election, declared 2022-08-22","A","2022-08-22","stale_unverified","IEBC","https://www.iebc.or.ke/uploads/resources/t5KQ6O4YGp.pdf","false",""
"MEMBER-OF-COUNTY-ASSEMBLY-KEN-C034-CON184-W0920","member_of_county_assembly","ward","KEN-C034-CON184-W0920","Matapato South","Mutunkei David Nkanini","ODM","elected","2022 general election, declared 2022-08-22","A","2022-08-22","stale_unverified","IEBC","https://www.iebc.or.ke/uploads/resources/t5KQ6O4YGp.pdf","false",""
"MEMBER-OF-COUNTY-ASSEMBLY-KEN-C034-CON185-W0921","member_of_county_assembly","ward","KEN-C034-CON185-W0921","Kaputiei North","Olowasa Joshua Kintei","ODM","elected","2022 general election, declared 2022-08-22","A","2022-08-22","stale_unverified","IEBC","https://www.iebc.or.ke/uploads/resources/t5KQ6O4YGp.pdf","false",""
"MEMBER-OF-COUNTY-ASSEMBLY-KEN-C034-CON185-W0922","member_of_county_assembly","ward","KEN-C034-CON185-W0922","Kitengela","Matuyia Paul Kipamet","ODM","elected","2022 general election, declared 2022-08-22","A","2022-08-22","stale_unverified","IEBC","https://www.iebc.or.ke/uploads/resources/t5KQ6O4YGp.pdf","false",""
"MEMBER-OF-COUNTY-ASSEMBLY-KEN-C034-CON185-W0923","member_of_county_assembly","ward","KEN-C034-CON185-W0923","Oloosirkon/Sholinke","Kisemei Stephen Rais Marush","UDA","elected","2022 general election, declared 2022-08-22","A","2022-08-22","stale_unverified","IEBC","https://www.iebc.or.ke/uploads/resources/t5KQ6O4YGp.pdf","false",""
"MEMBER-OF-COUNTY-ASSEMBLY-KEN-C034-CON185-W0924","member_of_county_assembly","ward","KEN-C034-CON185-W0924","Kenyawa-Poka","Moloma Bernard Supeet","ODM","elected","2022 general election, declared 2022-08-22","A","2022-08-22","stale_unverified","IEBC","https://www.iebc.or.ke/uploads/resources/t5KQ6O4YGp.pdf","false",""
"MEMBER-OF-COUNTY-ASSEMBLY-KEN-C034-CON185-W0925","member_of_county_assembly","ward","KEN-C034-CON185-W0925","Imaroro","Kokan Daniel Memusi","UDA","elected","2022 general election, declared 2022-08-22","A","2022-08-22","stale_unverified","IEBC","https://www.iebc.or.ke/uploads/resources/t5KQ6O4YGp.pdf","false",""
"MEMBER-OF-COUNTY-ASSEMBLY-KEN-C034-CON186-W0926","member_of_county_assembly","ward","KEN-C034-CON186-W0926","Keekonyokie","Semeyian Amos Solitei","JP","elected","2022 general election, declared 2022-08-22","A","2022-08-22","stale_unverified","IEBC","https://www.iebc.or.ke/uploads/resources/t5KQ6O4YGp.pdf","false",""
"MEMBER-OF-COUNTY-ASSEMBLY-KEN-C034-CON186-W0927","member_of_county_assembly","ward","KEN-C034-CON186-W0927","Iloodokilani","Saigilu Joshua Saitoti","UDA","elected","2022 general election, declared 2022-08-22","A","2022-08-22","stale_unverified","IEBC","https://www.iebc.or.ke/uploads/resources/t5KQ6O4YGp.pdf","false",""
"MEMBER-OF-COUNTY-ASSEMBLY-KEN-C034-CON186-W0928","member_of_county_assembly","ward","KEN-C034-CON186-W0928","Magadi","Keses Kiresian Isaac","ODM","elected","2022 general election, declared 2022-08-22","A","2022-08-22","stale_unverified","IEBC","https://www.iebc.or.ke/uploads/resources/t5KQ6O4YGp.pdf","false",""
"MEMBER-OF-COUNTY-ASSEMBLY-KEN-C034-CON186-W0929","member_of_county_assembly","ward","KEN-C034-CON186-W0929","Ewuaso Oonkidong'i","Torris Joseph Karatina","ODM","elected","2022 general election, declared 2022-08-22","A","2022-08-22","stale_unverified","IEBC","https://www.iebc.or.ke/uploads/resources/t5KQ6O4YGp.pdf","false",""
"MEMBER-OF-COUNTY-ASSEMBLY-KEN-C034-CON186-W0930","member_of_county_assembly","ward","KEN-C034-CON186-W0930","Mosiro","Koroine Koilekan Jonathan","UDA","elected","2022 general election, declared 2022-08-22","A","2022-08-22","stale_unverified","IEBC","https://www.iebc.or.ke/uploads/resources/t5KQ6O4YGp.pdf","false",""
"MEMBER-OF-COUNTY-ASSEMBLY-KEN-C034-CON187-W0931","member_of_county_assembly","ward","KEN-C034-CON187-W0931","Entonet/Lenkisim","Muterian Paul Metui","UDA","elected","2022 general election, declared 2022-08-22","A","2022-08-22","stale_unverified","IEBC","https://www.iebc.or.ke/uploads/resources/t5KQ6O4YGp.pdf","false",""
"MEMBER-OF-COUNTY-ASSEMBLY-KEN-C034-CON187-W0932","member_of_county_assembly","ward","KEN-C034-CON187-W0932","Mbirikani/Eselenkei","Kanka Timothy Saigilu","UDA","elected","2022 general election, declared 2022-08-22","B","2022-08-22","stale_unverified","IEBC","https://www.iebc.or.ke/uploads/resources/t5KQ6O4YGp.pdf","false",""
"MEMBER-OF-COUNTY-ASSEMBLY-KEN-C034-CON187-W0933","member_of_county_assembly","ward","KEN-C034-CON187-W0933","Kuku","Lemomo Edwin Lewuantai","ODM","elected","2022 general election, declared 2022-08-22","A","2022-08-22","stale_unverified","IEBC","https://www.iebc.or.ke/uploads/resources/t5KQ6O4YGp.pdf","false",""
"MEMBER-OF-COUNTY-ASSEMBLY-KEN-C034-CON187-W0934","member_of_county_assembly","ward","KEN-C034-CON187-W0934","Rombo","Angaine Jackson Ningori","UDA","elected","2022 general election, declared 2022-08-22","A","2022-08-22","stale_unverified","IEBC","https://www.iebc.or.ke/uploads/resources/t5KQ6O4YGp.pdf","false",""
"MEMBER-OF-COUNTY-ASSEMBLY-KEN-C034-CON187-W0935","member_of_county_assembly","ward","KEN-C034-CON187-W0935","Kimana","Nina James Kuya","UDA","elected","2022 general election, declared 2022-08-22","A","2022-08-22","stale_unverified","IEBC","https://www.iebc.or.ke/uploads/resources/t5KQ6O4YGp.pdf","false",""
"MEMBER-OF-COUNTY-ASSEMBLY-KEN-C035-CON188-W0936","member_of_county_assembly","ward","KEN-C035-CON188-W0936","Londiani","Vincent Korir Kipkirui","UDA","elected","2022 general election, declared 2022-08-22","A","2022-08-22","stale_unverified","IEBC","https://www.iebc.or.ke/uploads/resources/t5KQ6O4YGp.pdf","false",""
"MEMBER-OF-COUNTY-ASSEMBLY-KEN-C035-CON188-W0937","member_of_county_assembly","ward","KEN-C035-CON188-W0937","Kedowa/Kimugul","Richard Cheruiyot Langat","UDA","elected","2022 general election, declared 2022-08-22","A","2022-08-22","stale_unverified","IEBC","https://www.iebc.or.ke/uploads/resources/t5KQ6O4YGp.pdf","false",""
"MEMBER-OF-COUNTY-ASSEMBLY-KEN-C035-CON188-W0938","member_of_county_assembly","ward","KEN-C035-CON188-W0938","Chepseon","David Maritim Kipkorir","UDA","elected","2022 general election, declared 2022-08-22","A","2022-08-22","stale_unverified","IEBC","https://www.iebc.or.ke/uploads/resources/t5KQ6O4YGp.pdf","false",""
"MEMBER-OF-COUNTY-ASSEMBLY-KEN-C035-CON188-W0939","member_of_county_assembly","ward","KEN-C035-CON188-W0939","Tendeno/Sorget","Moses Rotich Cheruiyot","UDA","elected","2022 general election, declared 2022-08-22","A","2022-08-22","stale_unverified","IEBC","https://www.iebc.or.ke/uploads/resources/t5KQ6O4YGp.pdf","false",""
"MEMBER-OF-COUNTY-ASSEMBLY-KEN-C035-CON189-W0940","member_of_county_assembly","ward","KEN-C035-CON189-W0940","Kunyak","Koskei Simon","UDA","elected","2022 general election, declared 2022-08-22","A","2022-08-22","stale_unverified","IEBC","https://www.iebc.or.ke/uploads/resources/t5KQ6O4YGp.pdf","false",""
"MEMBER-OF-COUNTY-ASSEMBLY-KEN-C035-CON189-W0941","member_of_county_assembly","ward","KEN-C035-CON189-W0941","Kamasian","Rono Philip Kingetich","UDA","elected","2022 general election, declared 2022-08-22","A","2022-08-22","stale_unverified","IEBC","https://www.iebc.or.ke/uploads/resources/t5KQ6O4YGp.pdf","false",""
"MEMBER-OF-COUNTY-ASSEMBLY-KEN-C035-CON189-W0942","member_of_county_assembly","ward","KEN-C035-CON189-W0942","Kipkelion","Ruto Anthony Kibet","UDA","elected","2022 general election, declared 2022-08-22","A","2022-08-22","stale_unverified","IEBC","https://www.iebc.or.ke/uploads/resources/t5KQ6O4YGp.pdf","false",""
"MEMBER-OF-COUNTY-ASSEMBLY-KEN-C035-CON189-W0943","member_of_county_assembly","ward","KEN-C035-CON189-W0943","Chilchila","Kipngeno Hezron","UDA","elected","2022 general election, declared 2022-08-22","A","2022-08-22","stale_unverified","IEBC","https://www.iebc.or.ke/uploads/resources/t5KQ6O4YGp.pdf","false",""
"MEMBER-OF-COUNTY-ASSEMBLY-KEN-C035-CON190-W0944","member_of_county_assembly","ward","KEN-C035-CON190-W0944","Kapsoit","Chirchir Paul Kibiegon","UDA","elected","2022 general election, declared 2022-08-22","A","2022-08-22","stale_unverified","IEBC","https://www.iebc.or.ke/uploads/resources/t5KQ6O4YGp.pdf","false",""
"MEMBER-OF-COUNTY-ASSEMBLY-KEN-C035-CON190-W0945","member_of_county_assembly","ward","KEN-C035-CON190-W0945","Ainamoi","Bett Cheruiyot","UDA","elected","2022 general election, declared 2022-08-22","A","2022-08-22","stale_unverified","IEBC","https://www.iebc.or.ke/uploads/resources/t5KQ6O4YGp.pdf","false",""
"MEMBER-OF-COUNTY-ASSEMBLY-KEN-C035-CON190-W0946","member_of_county_assembly","ward","KEN-C035-CON190-W0946","Kapkugerwet","Cheruiyot Martin Kiplangat","UDA","elected","2022 general election, declared 2022-08-22","A","2022-08-22","stale_unverified","IEBC","https://www.iebc.or.ke/uploads/resources/t5KQ6O4YGp.pdf","false",""
"MEMBER-OF-COUNTY-ASSEMBLY-KEN-C035-CON190-W0947","member_of_county_assembly","ward","KEN-C035-CON190-W0947","Kipchebor","Eric Kipkirui Bett","UDA","elected","2022 general election, declared 2022-08-22","A","2022-08-22","stale_unverified","IEBC","https://www.iebc.or.ke/uploads/resources/t5KQ6O4YGp.pdf","false",""
"MEMBER-OF-COUNTY-ASSEMBLY-KEN-C035-CON190-W0948","member_of_county_assembly","ward","KEN-C035-CON190-W0948","Kipchimchim","Mutai Philiph Kipngenoh","UDA","elected","2022 general election, declared 2022-08-22","A","2022-08-22","stale_unverified","IEBC","https://www.iebc.or.ke/uploads/resources/t5KQ6O4YGp.pdf","false",""
"MEMBER-OF-COUNTY-ASSEMBLY-KEN-C035-CON190-W0949","member_of_county_assembly","ward","KEN-C035-CON190-W0949","Kapsaos","Bii Kiptoo Paul","UDA","elected","2022 general election, declared 2022-08-22","A","2022-08-22","stale_unverified","IEBC","https://www.iebc.or.ke/uploads/resources/t5KQ6O4YGp.pdf","false",""
"MEMBER-OF-COUNTY-ASSEMBLY-KEN-C035-CON191-W0950","member_of_county_assembly","ward","KEN-C035-CON191-W0950","Kisiara","Kiprob Ngetich Gilbert","UDA","elected","2022 general election, declared 2022-08-22","A","2022-08-22","stale_unverified","IEBC","https://www.iebc.or.ke/uploads/resources/t5KQ6O4YGp.pdf","false",""
"MEMBER-OF-COUNTY-ASSEMBLY-KEN-C035-CON191-W0951","member_of_county_assembly","ward","KEN-C035-CON191-W0951","Tebesonik","Kirui Kipngeno","IND","elected","2022 general election, declared 2022-08-22","A","2022-08-22","stale_unverified","IEBC","https://www.iebc.or.ke/uploads/resources/t5KQ6O4YGp.pdf","false",""
"MEMBER-OF-COUNTY-ASSEMBLY-KEN-C035-CON191-W0952","member_of_county_assembly","ward","KEN-C035-CON191-W0952","Cheboin","Terer Francis Kiplangat","UDA","elected","2022 general election, declared 2022-08-22","A","2022-08-22","stale_unverified","IEBC","https://www.iebc.or.ke/uploads/resources/t5KQ6O4YGp.pdf","false",""
"MEMBER-OF-COUNTY-ASSEMBLY-KEN-C035-CON191-W0953","member_of_county_assembly","ward","KEN-C035-CON191-W0953","Chemosot","Mibey Anita Cherono","UDA","elected","2022 general election, declared 2022-08-22","A","2022-08-22","stale_unverified","IEBC","https://www.iebc.or.ke/uploads/resources/t5KQ6O4YGp.pdf","false",""
"MEMBER-OF-COUNTY-ASSEMBLY-KEN-C035-CON191-W0954","member_of_county_assembly","ward","KEN-C035-CON191-W0954","Litein","Kirui Vincent Kipngeno","UDA","elected","2022 general election, declared 2022-08-22","A","2022-08-22","stale_unverified","IEBC","https://www.iebc.or.ke/uploads/resources/t5KQ6O4YGp.pdf","false",""
"MEMBER-OF-COUNTY-ASSEMBLY-KEN-C035-CON191-W0955","member_of_county_assembly","ward","KEN-C035-CON191-W0955","Cheplanget","Bosuben Hillary Kibet","UDA","elected","2022 general election, declared 2022-08-22","A","2022-08-22","stale_unverified","IEBC","https://www.iebc.or.ke/uploads/resources/t5KQ6O4YGp.pdf","false",""
"MEMBER-OF-COUNTY-ASSEMBLY-KEN-C035-CON191-W0956","member_of_county_assembly","ward","KEN-C035-CON191-W0956","Kapkatet","Birir Amos Kimutai","UDA","elected","2022 general election, declared 2022-08-22","A","2022-08-22","stale_unverified","IEBC","https://www.iebc.or.ke/uploads/resources/t5KQ6O4YGp.pdf","false",""
"MEMBER-OF-COUNTY-ASSEMBLY-KEN-C035-CON192-W0957","member_of_county_assembly","ward","KEN-C035-CON192-W0957","Waldai","Siele Julius Kipkorir","UDA","elected","2022 general election, declared 2022-08-22","A","2022-08-22","stale_unverified","IEBC","https://www.iebc.or.ke/uploads/resources/t5KQ6O4YGp.pdf","false",""
"MEMBER-OF-COUNTY-ASSEMBLY-KEN-C035-CON192-W0958","member_of_county_assembly","ward","KEN-C035-CON192-W0958","Kabianga","Mutai Dominic Kipkirui","IND","elected","2022 general election, declared 2022-08-22","A","2022-08-22","stale_unverified","IEBC","https://www.iebc.or.ke/uploads/resources/t5KQ6O4YGp.pdf","false",""
"MEMBER-OF-COUNTY-ASSEMBLY-KEN-C035-CON192-W0959","member_of_county_assembly","ward","KEN-C035-CON192-W0959","Cheptororiet/Seretut","Rotich Haron Kipkemoi","UDA","elected","2022 general election, declared 2022-08-22","A","2022-08-22","stale_unverified","IEBC","https://www.iebc.or.ke/uploads/resources/t5KQ6O4YGp.pdf","false",""
"MEMBER-OF-COUNTY-ASSEMBLY-KEN-C035-CON192-W0960","member_of_county_assembly","ward","KEN-C035-CON192-W0960","Chaik","Korir Mathew Kipkurui","IND","elected","2022 general election, declared 2022-08-22","A","2022-08-22","stale_unverified","IEBC","https://www.iebc.or.ke/uploads/resources/t5KQ6O4YGp.pdf","false",""
"MEMBER-OF-COUNTY-ASSEMBLY-KEN-C035-CON192-W0961","member_of_county_assembly","ward","KEN-C035-CON192-W0961","Kapsuser","Kemoi Peter Kibet","UDA","elected","2022 general election, declared 2022-08-22","A","2022-08-22","stale_unverified","IEBC","https://www.iebc.or.ke/uploads/resources/t5KQ6O4YGp.pdf","false",""
"MEMBER-OF-COUNTY-ASSEMBLY-KEN-C035-CON193-W0962","member_of_county_assembly","ward","KEN-C035-CON193-W0962","Sigowet","Rogony Kiprotich","UDA","elected","2022 general election, declared 2022-08-22","B","2022-08-22","stale_unverified","IEBC","https://www.iebc.or.ke/uploads/resources/t5KQ6O4YGp.pdf","false",""
"MEMBER-OF-COUNTY-ASSEMBLY-KEN-C035-CON193-W0963","member_of_county_assembly","ward","KEN-C035-CON193-W0963","Kaplelartet","Bii Erick Kiprop","UDA","elected","2022 general election, declared 2022-08-22","B","2022-08-22","stale_unverified","IEBC","https://www.iebc.or.ke/uploads/resources/t5KQ6O4YGp.pdf","false",""
"MEMBER-OF-COUNTY-ASSEMBLY-KEN-C035-CON193-W0964","member_of_county_assembly","ward","KEN-C035-CON193-W0964","Soliat","Kipkoech Albert","UDA","elected","2022 general election, declared 2022-08-22","B","2022-08-22","stale_unverified","IEBC","https://www.iebc.or.ke/uploads/resources/t5KQ6O4YGp.pdf","false",""
"MEMBER-OF-COUNTY-ASSEMBLY-KEN-C035-CON193-W0965","member_of_county_assembly","ward","KEN-C035-CON193-W0965","Soin","Rop Naaman Kipsigei","UDA","elected","2022 general election, declared 2022-08-22","B","2022-08-22","stale_unverified","IEBC","https://www.iebc.or.ke/uploads/resources/t5KQ6O4YGp.pdf","false",""
"MEMBER-OF-COUNTY-ASSEMBLY-KEN-C036-CON194-W0966","member_of_county_assembly","ward","KEN-C036-CON194-W0966","Ndanai/Abosi","Kirui Paul Kipyegon","UDA","elected","2022 general election, declared 2022-08-22","A","2022-08-22","stale_unverified","IEBC","https://www.iebc.or.ke/uploads/resources/t5KQ6O4YGp.pdf","false",""
"MEMBER-OF-COUNTY-ASSEMBLY-KEN-C036-CON194-W0967","member_of_county_assembly","ward","KEN-C036-CON194-W0967","Chemagel","Busienei Dennis Kiprotich","UDA","elected","2022 general election, declared 2022-08-22","A","2022-08-22","stale_unverified","IEBC","https://www.iebc.or.ke/uploads/resources/t5KQ6O4YGp.pdf","false",""
"MEMBER-OF-COUNTY-ASSEMBLY-KEN-C036-CON194-W0968","member_of_county_assembly","ward","KEN-C036-CON194-W0968","Kipsonoi","Peter Ronoh","UDA","elected","2022 general election, declared 2022-08-22","A","2022-08-22","stale_unverified","IEBC","https://www.iebc.or.ke/uploads/resources/t5KQ6O4YGp.pdf","false",""
"MEMBER-OF-COUNTY-ASSEMBLY-KEN-C036-CON194-W0969","member_of_county_assembly","ward","KEN-C036-CON194-W0969","Kapletundo","Nathan Kibet","UDA","elected","2022 general election, declared 2022-08-22","A","2022-08-22","stale_unverified","IEBC","https://www.iebc.or.ke/uploads/resources/t5KQ6O4YGp.pdf","false",""
"MEMBER-OF-COUNTY-ASSEMBLY-KEN-C036-CON194-W0970","member_of_county_assembly","ward","KEN-C036-CON194-W0970","Rongena/Manaret","Rosaline Cheptoo","UDA","elected","2022 general election, declared 2022-08-22","A","2022-08-22","stale_unverified","IEBC","https://www.iebc.or.ke/uploads/resources/t5KQ6O4YGp.pdf","false",""
"MEMBER-OF-COUNTY-ASSEMBLY-KEN-C036-CON195-W0971","member_of_county_assembly","ward","KEN-C036-CON195-W0971","Kong'asis","Ngeno Dennis Kiplangat","CCM","elected","2022 general election, declared 2022-08-22","A","2022-08-22","stale_unverified","IEBC","https://www.iebc.or.ke/uploads/resources/t5KQ6O4YGp.pdf","false",""
"MEMBER-OF-COUNTY-ASSEMBLY-KEN-C036-CON195-W0972","member_of_county_assembly","ward","KEN-C036-CON195-W0972","Nyangores","Samoel Joseah Kipkoech","UDA","elected","2022 general election, declared 2022-08-22","A","2022-08-22","stale_unverified","IEBC","https://www.iebc.or.ke/uploads/resources/t5KQ6O4YGp.pdf","false",""
"MEMBER-OF-COUNTY-ASSEMBLY-KEN-C036-CON195-W0973","member_of_county_assembly","ward","KEN-C036-CON195-W0973","Sigor","Peter Mutai Kipkirui","UDA","elected","2022 general election, declared 2022-08-22","A","2022-08-22","stale_unverified","IEBC","https://www.iebc.or.ke/uploads/resources/t5KQ6O4YGp.pdf","false",""
"MEMBER-OF-COUNTY-ASSEMBLY-KEN-C036-CON195-W0974","member_of_county_assembly","ward","KEN-C036-CON195-W0974","Chebunyo","Benard Kimutai Rotich","IND","elected","2022 general election, declared 2022-08-22","A","2022-08-22","stale_unverified","IEBC","https://www.iebc.or.ke/uploads/resources/t5KQ6O4YGp.pdf","false",""
"MEMBER-OF-COUNTY-ASSEMBLY-KEN-C036-CON195-W0975","member_of_county_assembly","ward","KEN-C036-CON195-W0975","Siongiroi","Ngetich Kibet V","CCM","elected","2022 general election, declared 2022-08-22","A","2022-08-22","stale_unverified","IEBC","https://www.iebc.or.ke/uploads/resources/t5KQ6O4YGp.pdf","false",""
"MEMBER-OF-COUNTY-ASSEMBLY-KEN-C036-CON196-W0976","member_of_county_assembly","ward","KEN-C036-CON196-W0976","Merigi","Langat Peter Kipkorir","IND","elected","2022 general election, declared 2022-08-22","A","2022-08-22","stale_unverified","IEBC","https://www.iebc.or.ke/uploads/resources/t5KQ6O4YGp.pdf","false",""
"MEMBER-OF-COUNTY-ASSEMBLY-KEN-C036-CON196-W0977","member_of_county_assembly","ward","KEN-C036-CON196-W0977","Kembu","Langat Benard Kipkorir","UDA","elected","2022 general election, declared 2022-08-22","A","2022-08-22","stale_unverified","IEBC","https://www.iebc.or.ke/uploads/resources/t5KQ6O4YGp.pdf","false",""
"MEMBER-OF-COUNTY-ASSEMBLY-KEN-C036-CON196-W0978","member_of_county_assembly","ward","KEN-C036-CON196-W0978","Longisa","Koech Stephen Changmorik Kipngetich","UDA","elected","2022 general election, declared 2022-08-22","A","2022-08-22","stale_unverified","IEBC","https://www.iebc.or.ke/uploads/resources/t5KQ6O4YGp.pdf","false",""
"MEMBER-OF-COUNTY-ASSEMBLY-KEN-C036-CON196-W0979","member_of_county_assembly","ward","KEN-C036-CON196-W0979","Kipreres","Korir Philiph Kiplangat","UDA","elected","2022 general election, declared 2022-08-22","A","2022-08-22","stale_unverified","IEBC","https://www.iebc.or.ke/uploads/resources/t5KQ6O4YGp.pdf","false",""
"MEMBER-OF-COUNTY-ASSEMBLY-KEN-C036-CON196-W0980","member_of_county_assembly","ward","KEN-C036-CON196-W0980","Chemaner","Ruttoh Richard Cheruiyot","UDA","elected","2022 general election, declared 2022-08-22","A","2022-08-22","stale_unverified","IEBC","https://www.iebc.or.ke/uploads/resources/t5KQ6O4YGp.pdf","false",""
"MEMBER-OF-COUNTY-ASSEMBLY-KEN-C036-CON197-W0981","member_of_county_assembly","ward","KEN-C036-CON197-W0981","Silibwet Township","Chepkemoi Anne","IND","elected","2022 general election, declared 2022-08-22","A","2022-08-22","stale_unverified","IEBC","https://www.iebc.or.ke/uploads/resources/t5KQ6O4YGp.pdf","false",""
"MEMBER-OF-COUNTY-ASSEMBLY-KEN-C036-CON197-W0982","member_of_county_assembly","ward","KEN-C036-CON197-W0982","Ndaraweta","Kirui Dancel Kipngeno","UDA","elected","2022 general election, declared 2022-08-22","A","2022-08-22","stale_unverified","IEBC","https://www.iebc.or.ke/uploads/resources/t5KQ6O4YGp.pdf","false",""
"MEMBER-OF-COUNTY-ASSEMBLY-KEN-C036-CON197-W0983","member_of_county_assembly","ward","KEN-C036-CON197-W0983","Singorwet","Kipkirui Josphat","IND","elected","2022 general election, declared 2022-08-22","A","2022-08-22","stale_unverified","IEBC","https://www.iebc.or.ke/uploads/resources/t5KQ6O4YGp.pdf","false",""
"MEMBER-OF-COUNTY-ASSEMBLY-KEN-C036-CON197-W0984","member_of_county_assembly","ward","KEN-C036-CON197-W0984","Chesoen","Rotich Leonard Kipkoech","UDA","elected","2022 general election, declared 2022-08-22","A","2022-08-22","stale_unverified","IEBC","https://www.iebc.or.ke/uploads/resources/t5KQ6O4YGp.pdf","false",""
"MEMBER-OF-COUNTY-ASSEMBLY-KEN-C036-CON197-W0985","member_of_county_assembly","ward","KEN-C036-CON197-W0985","Mutarakwa","Robert Kiprono Langat","UDA","elected","2022 general election, declared 2022-08-22","A","2022-08-22","stale_unverified","IEBC","https://www.iebc.or.ke/uploads/resources/t5KQ6O4YGp.pdf","false",""
"MEMBER-OF-COUNTY-ASSEMBLY-KEN-C036-CON198-W0986","member_of_county_assembly","ward","KEN-C036-CON198-W0986","Chepchabas","Wesley Kiprotich","UDA","elected","2022 general election, declared 2022-08-22","A","2022-08-22","stale_unverified","IEBC","https://www.iebc.or.ke/uploads/resources/t5KQ6O4YGp.pdf","false",""
"MEMBER-OF-COUNTY-ASSEMBLY-KEN-C036-CON198-W0987","member_of_county_assembly","ward","KEN-C036-CON198-W0987","Kimulot","Kirui Eric Kiprono","UDA","elected","2022 general election, declared 2022-08-22","A","2022-08-22","stale_unverified","IEBC","https://www.iebc.or.ke/uploads/resources/t5KQ6O4YGp.pdf","false",""
"MEMBER-OF-COUNTY-ASSEMBLY-KEN-C036-CON198-W0988","member_of_county_assembly","ward","KEN-C036-CON198-W0988","Mogogosiek","Rotich Ernest Kipkemoi","UDA","elected","2022 general election, declared 2022-08-22","A","2022-08-22","stale_unverified","IEBC","https://www.iebc.or.ke/uploads/resources/t5KQ6O4YGp.pdf","false",""
"MEMBER-OF-COUNTY-ASSEMBLY-KEN-C036-CON198-W0989","member_of_county_assembly","ward","KEN-C036-CON198-W0989","Boito","Langat Charles Kipyegon","UDA","elected","2022 general election, declared 2022-08-22","A","2022-08-22","stale_unverified","IEBC","https://www.iebc.or.ke/uploads/resources/t5KQ6O4YGp.pdf","false",""
"MEMBER-OF-COUNTY-ASSEMBLY-KEN-C036-CON198-W0990","member_of_county_assembly","ward","KEN-C036-CON198-W0990","Embomos","Cheruiyot Japhet Kipkirui","UDA","elected","2022 general election, declared 2022-08-22","A","2022-08-22","stale_unverified","IEBC","https://www.iebc.or.ke/uploads/resources/t5KQ6O4YGp.pdf","false",""
"MEMBER-OF-COUNTY-ASSEMBLY-KEN-C037-CON199-W0991","member_of_county_assembly","ward","KEN-C037-CON199-W0991","Mautuma","Anyona Charles Ogachi","UDP","elected","2022 general election, declared 2022-08-22","A","2022-08-22","stale_unverified","IEBC","https://www.iebc.or.ke/uploads/resources/t5KQ6O4YGp.pdf","false",""
"MEMBER-OF-COUNTY-ASSEMBLY-KEN-C037-CON199-W0992","member_of_county_assembly","ward","KEN-C037-CON199-W0992","Lugari","Amutete Grey Moi","UDP","elected","2022 general election, declared 2022-08-22","A","2022-08-22","stale_unverified","IEBC","https://www.iebc.or.ke/uploads/resources/t5KQ6O4YGp.pdf","false",""
"MEMBER-OF-COUNTY-ASSEMBLY-KEN-C037-CON199-W0993","member_of_county_assembly","ward","KEN-C037-CON199-W0993","Lumakanda","Mulama Benard Wanyonyi","ODM","elected","2022 general election, declared 2022-08-22","A","2022-08-22","stale_unverified","IEBC","https://www.iebc.or.ke/uploads/resources/t5KQ6O4YGp.pdf","false",""
"MEMBER-OF-COUNTY-ASSEMBLY-KEN-C037-CON199-W0994","member_of_county_assembly","ward","KEN-C037-CON199-W0994","Chekalini","Kwomah Titus Marachi","ANC","elected","2022 general election, declared 2022-08-22","A","2022-08-22","stale_unverified","IEBC","https://www.iebc.or.ke/uploads/resources/t5KQ6O4YGp.pdf","false",""
"MEMBER-OF-COUNTY-ASSEMBLY-KEN-C037-CON199-W0995","member_of_county_assembly","ward","KEN-C037-CON199-W0995","Chevaywa","Pius Barlex Samuel Juma","ANC","elected","2022 general election, declared 2022-08-22","A","2022-08-22","stale_unverified","IEBC","https://www.iebc.or.ke/uploads/resources/t5KQ6O4YGp.pdf","false",""
"MEMBER-OF-COUNTY-ASSEMBLY-KEN-C037-CON199-W0996","member_of_county_assembly","ward","KEN-C037-CON199-W0996","Lwandeti","Mukhwami Dan","MDP","elected","2022 general election, declared 2022-08-22","A","2022-08-22","stale_unverified","IEBC","https://www.iebc.or.ke/uploads/resources/t5KQ6O4YGp.pdf","false",""
"MEMBER-OF-COUNTY-ASSEMBLY-KEN-C037-CON200-W0997","member_of_county_assembly","ward","KEN-C037-CON200-W0997","Likuyani","Mafunga Brian","ODM","elected","2022 general election, declared 2022-08-22","A","2022-08-22","stale_unverified","IEBC","https://www.iebc.or.ke/uploads/resources/t5KQ6O4YGp.pdf","false",""
"MEMBER-OF-COUNTY-ASSEMBLY-KEN-C037-CON200-W0998","member_of_county_assembly","ward","KEN-C037-CON200-W0998","Sango","Lutilo Kennedy Sudi","UDP","elected","2022 general election, declared 2022-08-22","A","2022-08-22","stale_unverified","IEBC","https://www.iebc.or.ke/uploads/resources/t5KQ6O4YGp.pdf","false",""
"MEMBER-OF-COUNTY-ASSEMBLY-KEN-C037-CON200-W0999","member_of_county_assembly","ward","KEN-C037-CON200-W0999","Kongoni","Kundu Robert Makhanu","DAP-K","elected","2022 general election, declared 2022-08-22","A","2022-08-22","stale_unverified","IEBC","https://www.iebc.or.ke/uploads/resources/t5KQ6O4YGp.pdf","false",""
"MEMBER-OF-COUNTY-ASSEMBLY-KEN-C037-CON200-W1000","member_of_county_assembly","ward","KEN-C037-CON200-W1000","Nzoia","Chapurukha Collins Sifuna","ODM","elected","2022 general election, declared 2022-08-22","A","2022-08-22","stale_unverified","IEBC","https://www.iebc.or.ke/uploads/resources/t5KQ6O4YGp.pdf","false",""
"MEMBER-OF-COUNTY-ASSEMBLY-KEN-C037-CON200-W1001","member_of_county_assembly","ward","KEN-C037-CON200-W1001","Sinoko","Mix Antony Wangila","ODM","elected","2022 general election, declared 2022-08-22","A","2022-08-22","stale_unverified","IEBC","https://www.iebc.or.ke/uploads/resources/t5KQ6O4YGp.pdf","false",""
"MEMBER-OF-COUNTY-ASSEMBLY-KEN-C037-CON201-W1002","member_of_county_assembly","ward","KEN-C037-CON201-W1002","West Kabras","Ndakwa David Athman","ANC","elected","2022 general election, declared 2022-08-22","A","2022-08-22","stale_unverified","IEBC","https://www.iebc.or.ke/uploads/resources/t5KQ6O4YGp.pdf","false",""
"MEMBER-OF-COUNTY-ASSEMBLY-KEN-C037-CON201-W1003","member_of_county_assembly","ward","KEN-C037-CON201-W1003","Chemuche","Sikolia Geoffrey","DAP-K","elected","2022 general election, declared 2022-08-22","A","2022-08-22","stale_unverified","IEBC","https://www.iebc.or.ke/uploads/resources/t5KQ6O4YGp.pdf","false",""
"MEMBER-OF-COUNTY-ASSEMBLY-KEN-C037-CON201-W1004","member_of_county_assembly","ward","KEN-C037-CON201-W1004","East Kabras","Musiya Kepha Sachile","ANC","elected","2022 general election, declared 2022-08-22","B","2022-08-22","stale_unverified","IEBC","https://www.iebc.or.ke/uploads/resources/t5KQ6O4YGp.pdf","false",""
"MEMBER-OF-COUNTY-ASSEMBLY-KEN-C037-CON201-W1005","member_of_county_assembly","ward","KEN-C037-CON201-W1005","Butali/Chegulo","Inzofu Kevin Mahelo","UDA","elected","2022 general election, declared 2022-08-22","A","2022-08-22","stale_unverified","IEBC","https://www.iebc.or.ke/uploads/resources/t5KQ6O4YGp.pdf","false",""
"MEMBER-OF-COUNTY-ASSEMBLY-KEN-C037-CON201-W1006","member_of_county_assembly","ward","KEN-C037-CON201-W1006","Manda-Shivanga","Kivishi David","PAA","elected","2022 general election, declared 2022-08-22","A","2022-08-22","stale_unverified","IEBC","https://www.iebc.or.ke/uploads/resources/t5KQ6O4YGp.pdf","false",""
"MEMBER-OF-COUNTY-ASSEMBLY-KEN-C037-CON201-W1007","member_of_county_assembly","ward","KEN-C037-CON201-W1007","Shirugu-Mugai","Wanami Peter","UDA","elected","2022 general election, declared 2022-08-22","A","2022-08-22","stale_unverified","IEBC","https://www.iebc.or.ke/uploads/resources/t5KQ6O4YGp.pdf","false",""
"MEMBER-OF-COUNTY-ASSEMBLY-KEN-C037-CON201-W1008","member_of_county_assembly","ward","KEN-C037-CON201-W1008","South Kabras","Panyoko Josphat J. Wakukha","FORD-K","elected","2022 general election, declared 2022-08-22","A","2022-08-22","stale_unverified","IEBC","https://www.iebc.or.ke/uploads/resources/t5KQ6O4YGp.pdf","false",""
"MEMBER-OF-COUNTY-ASSEMBLY-KEN-C037-CON202-W1009","member_of_county_assembly","ward","KEN-C037-CON202-W1009","Butsotso East","Kamadi Dickson Lovegah","ANC","elected","2022 general election, declared 2022-08-22","A","2022-08-22","stale_unverified","IEBC","https://www.iebc.or.ke/uploads/resources/t5KQ6O4YGp.pdf","false",""
"MEMBER-OF-COUNTY-ASSEMBLY-KEN-C037-CON202-W1010","member_of_county_assembly","ward","KEN-C037-CON202-W1010","Butsotso South","Shiosho Gildon Opati","ODM","elected","2022 general election, declared 2022-08-22","A","2022-08-22","stale_unverified","IEBC","https://www.iebc.or.ke/uploads/resources/t5KQ6O4YGp.pdf","false",""
"MEMBER-OF-COUNTY-ASSEMBLY-KEN-C037-CON202-W1011","member_of_county_assembly","ward","KEN-C037-CON202-W1011","Butsotso Central","Ambale Evance Goeffry","MDP","elected","2022 general election, declared 2022-08-22","A","2022-08-22","stale_unverified","IEBC","https://www.iebc.or.ke/uploads/resources/t5KQ6O4YGp.pdf","false",""
"MEMBER-OF-COUNTY-ASSEMBLY-KEN-C037-CON202-W1012","member_of_county_assembly","ward","KEN-C037-CON202-W1012","Sheywe","Musundi Moses","ANC","elected","2022 general election, declared 2022-08-22","A","2022-08-22","stale_unverified","IEBC","https://www.iebc.or.ke/uploads/resources/t5KQ6O4YGp.pdf","false",""
"MEMBER-OF-COUNTY-ASSEMBLY-KEN-C037-CON202-W1013","member_of_county_assembly","ward","KEN-C037-CON202-W1013","Mahiakalo","Auka Modesta Lungatso","ODM","elected","2022 general election, declared 2022-08-22","A","2022-08-22","stale_unverified","IEBC","https://www.iebc.or.ke/uploads/resources/t5KQ6O4YGp.pdf","false",""
"MEMBER-OF-COUNTY-ASSEMBLY-KEN-C037-CON202-W1014","member_of_county_assembly","ward","KEN-C037-CON202-W1014","Shirere","Ikunza David Murila","ODM","elected","2022 general election, declared 2022-08-22","A","2022-08-22","stale_unverified","IEBC","https://www.iebc.or.ke/uploads/resources/t5KQ6O4YGp.pdf","false",""
"MEMBER-OF-COUNTY-ASSEMBLY-KEN-C037-CON203-W1015","member_of_county_assembly","ward","KEN-C037-CON203-W1015","Ingostse-Mathia","Andati Lumbasi Absolom","ANC","elected","2022 general election, declared 2022-08-22","B","2022-08-22","stale_unverified","IEBC","https://www.iebc.or.ke/uploads/resources/t5KQ6O4YGp.pdf","false",""
"MEMBER-OF-COUNTY-ASSEMBLY-KEN-C037-CON203-W1016","member_of_county_assembly","ward","KEN-C037-CON203-W1016","Shinoyi-Shikomari-","Akosi Boniface Sakwa","ANC","elected","2022 general election, declared 2022-08-22","B","2022-08-22","stale_unverified","IEBC","https://www.iebc.or.ke/uploads/resources/t5KQ6O4YGp.pdf","false",""
"MEMBER-OF-COUNTY-ASSEMBLY-KEN-C037-CON203-W1017","member_of_county_assembly","ward","KEN-C037-CON203-W1017","Bunyala West","Mang'eni Sebastian Juma","DAP-K","elected","2022 general election, declared 2022-08-22","A","2022-08-22","stale_unverified","IEBC","https://www.iebc.or.ke/uploads/resources/t5KQ6O4YGp.pdf","false",""
"MEMBER-OF-COUNTY-ASSEMBLY-KEN-C037-CON203-W1018","member_of_county_assembly","ward","KEN-C037-CON203-W1018","Bunyala East","Nato Rodgers Mwangala","ANC","elected","2022 general election, declared 2022-08-22","A","2022-08-22","stale_unverified","IEBC","https://www.iebc.or.ke/uploads/resources/t5KQ6O4YGp.pdf","false",""
"MEMBER-OF-COUNTY-ASSEMBLY-KEN-C037-CON203-W1019","member_of_county_assembly","ward","KEN-C037-CON203-W1019","Bunyala Central","Were Benjamin ochwaya","ODM","elected","2022 general election, declared 2022-08-22","A","2022-08-22","stale_unverified","IEBC","https://www.iebc.or.ke/uploads/resources/t5KQ6O4YGp.pdf","false",""
"MEMBER-OF-COUNTY-ASSEMBLY-KEN-C037-CON204-W1020","member_of_county_assembly","ward","KEN-C037-CON204-W1020","Mumias Central","Nyangweso Ali Okomba","ODM","elected","2022 general election, declared 2022-08-22","A","2022-08-22","stale_unverified","IEBC","https://www.iebc.or.ke/uploads/resources/t5KQ6O4YGp.pdf","false",""
"MEMBER-OF-COUNTY-ASSEMBLY-KEN-C037-CON204-W1022","member_of_county_assembly","ward","KEN-C037-CON204-W1022","Etenje","Obwakah Eddie Makokha","KANU","elected","2022 general election, declared 2022-08-22","A","2022-08-22","stale_unverified","IEBC","https://www.iebc.or.ke/uploads/resources/t5KQ6O4YGp.pdf","false",""
"MEMBER-OF-COUNTY-ASSEMBLY-KEN-C037-CON204-W1023","member_of_county_assembly","ward","KEN-C037-CON204-W1023","Musanda","Omusula Joseph Omusinde","ODM","elected","2022 general election, declared 2022-08-22","A","2022-08-22","stale_unverified","IEBC","https://www.iebc.or.ke/uploads/resources/t5KQ6O4YGp.pdf","false",""
"MEMBER-OF-COUNTY-ASSEMBLY-KEN-C037-CON205-W1024","member_of_county_assembly","ward","KEN-C037-CON205-W1024","Lubinu/Lusheya","Anzetse Timothy Mayabi","ODM","elected","2022 general election, declared 2022-08-22","B","2022-08-22","stale_unverified","IEBC","https://www.iebc.or.ke/uploads/resources/t5KQ6O4YGp.pdf","false",""
"MEMBER-OF-COUNTY-ASSEMBLY-KEN-C037-CON205-W1025","member_of_county_assembly","ward","KEN-C037-CON205-W1025","Isongo/Makunga/Malaha","Walunya Peter . I.","ANC","elected","2022 general election, declared 2022-08-22","B","2022-08-22","stale_unverified","IEBC","https://www.iebc.or.ke/uploads/resources/t5KQ6O4YGp.pdf","false",""
"MEMBER-OF-COUNTY-ASSEMBLY-KEN-C037-CON205-W1026","member_of_county_assembly","ward","KEN-C037-CON205-W1026","East Wanga","Washika Francis Ekutu","UDA","elected","2022 general election, declared 2022-08-22","A","2022-08-22","stale_unverified","IEBC","https://www.iebc.or.ke/uploads/resources/t5KQ6O4YGp.pdf","false",""
"MEMBER-OF-COUNTY-ASSEMBLY-KEN-C037-CON206-W1027","member_of_county_assembly","ward","KEN-C037-CON206-W1027","Koyonzo","Okumu Donald Odhiambo","ODM","elected","2022 general election, declared 2022-08-22","A","2022-08-22","stale_unverified","IEBC","https://www.iebc.or.ke/uploads/resources/t5KQ6O4YGp.pdf","false",""
"MEMBER-OF-COUNTY-ASSEMBLY-KEN-C037-CON206-W1028","member_of_county_assembly","ward","KEN-C037-CON206-W1028","Kholera","Wesonga Tingili Karim","ANC","elected","2022 general election, declared 2022-08-22","A","2022-08-22","stale_unverified","IEBC","https://www.iebc.or.ke/uploads/resources/t5KQ6O4YGp.pdf","false",""
"MEMBER-OF-COUNTY-ASSEMBLY-KEN-C037-CON206-W1029","member_of_county_assembly","ward","KEN-C037-CON206-W1029","Khalaba","Osanga Bonface Lubanga","ODM","elected","2022 general election, declared 2022-08-22","A","2022-08-22","stale_unverified","IEBC","https://www.iebc.or.ke/uploads/resources/t5KQ6O4YGp.pdf","false",""
"MEMBER-OF-COUNTY-ASSEMBLY-KEN-C037-CON206-W1030","member_of_county_assembly","ward","KEN-C037-CON206-W1030","Mayoni","Watitwa Fredrick Washika","UDA","elected","2022 general election, declared 2022-08-22","A","2022-08-22","stale_unverified","IEBC","https://www.iebc.or.ke/uploads/resources/t5KQ6O4YGp.pdf","false",""
"MEMBER-OF-COUNTY-ASSEMBLY-KEN-C037-CON206-W1031","member_of_county_assembly","ward","KEN-C037-CON206-W1031","Namamali","Anyanyi Bonface Mabuka","ANC","elected","2022 general election, declared 2022-08-22","A","2022-08-22","stale_unverified","IEBC","https://www.iebc.or.ke/uploads/resources/t5KQ6O4YGp.pdf","false",""
"MEMBER-OF-COUNTY-ASSEMBLY-KEN-C037-CON207-W1032","member_of_county_assembly","ward","KEN-C037-CON207-W1032","Marama West","Omukunda Milton Boaz","ODM","elected","2022 general election, declared 2022-08-22","A","2022-08-22","stale_unverified","IEBC","https://www.iebc.or.ke/uploads/resources/t5KQ6O4YGp.pdf","false",""
"MEMBER-OF-COUNTY-ASSEMBLY-KEN-C037-CON207-W1033","member_of_county_assembly","ward","KEN-C037-CON207-W1033","Marama Central","Maina Phillip Ondako","ODM","elected","2022 general election, declared 2022-08-22","A","2022-08-22","stale_unverified","IEBC","https://www.iebc.or.ke/uploads/resources/t5KQ6O4YGp.pdf","false",""
"MEMBER-OF-COUNTY-ASSEMBLY-KEN-C037-CON207-W1034","member_of_county_assembly","ward","KEN-C037-CON207-W1034","Marenyo - Shianda","Obonyo Geoffrey Ondiro","ODM","elected","2022 general election, declared 2022-08-22","B","2022-08-22","stale_unverified","IEBC","https://www.iebc.or.ke/uploads/resources/t5KQ6O4YGp.pdf","false",""
"MEMBER-OF-COUNTY-ASSEMBLY-KEN-C037-CON207-W1035","member_of_county_assembly","ward","KEN-C037-CON207-W1035","Marama North","Nandwa Charles Edwin Lisunu","ODM","elected","2022 general election, declared 2022-08-22","A","2022-08-22","stale_unverified","IEBC","https://www.iebc.or.ke/uploads/resources/t5KQ6O4YGp.pdf","false",""
"MEMBER-OF-COUNTY-ASSEMBLY-KEN-C037-CON207-W1036","member_of_county_assembly","ward","KEN-C037-CON207-W1036","Marama South","Omung'ala William Opuka","ODM","elected","2022 general election, declared 2022-08-22","A","2022-08-22","stale_unverified","IEBC","https://www.iebc.or.ke/uploads/resources/t5KQ6O4YGp.pdf","false",""
"MEMBER-OF-COUNTY-ASSEMBLY-KEN-C037-CON208-W1037","member_of_county_assembly","ward","KEN-C037-CON208-W1037","Kisa North","Etabale James Omutachi","IND","elected","2022 general election, declared 2022-08-22","A","2022-08-22","stale_unverified","IEBC","https://www.iebc.or.ke/uploads/resources/t5KQ6O4YGp.pdf","false",""
"MEMBER-OF-COUNTY-ASSEMBLY-KEN-C037-CON208-W1038","member_of_county_assembly","ward","KEN-C037-CON208-W1038","Kisa East","Maloba Stephen","IND","elected","2022 general election, declared 2022-08-22","A","2022-08-22","stale_unverified","IEBC","https://www.iebc.or.ke/uploads/resources/t5KQ6O4YGp.pdf","false",""
"MEMBER-OF-COUNTY-ASSEMBLY-KEN-C037-CON208-W1039","member_of_county_assembly","ward","KEN-C037-CON208-W1039","Kisa West","Omboko Bernard Shisia","ODM","elected","2022 general election, declared 2022-08-22","A","2022-08-22","stale_unverified","IEBC","https://www.iebc.or.ke/uploads/resources/t5KQ6O4YGp.pdf","false",""
"MEMBER-OF-COUNTY-ASSEMBLY-KEN-C037-CON208-W1040","member_of_county_assembly","ward","KEN-C037-CON208-W1040","Kisa Central","Saya Joseph Handman","KANU","elected","2022 general election, declared 2022-08-22","A","2022-08-22","stale_unverified","IEBC","https://www.iebc.or.ke/uploads/resources/t5KQ6O4YGp.pdf","false",""
"MEMBER-OF-COUNTY-ASSEMBLY-KEN-C037-CON209-W1041","member_of_county_assembly","ward","KEN-C037-CON209-W1041","Isukha North","Llanziva Helemina Shikokoti","ODM","elected","2022 general election, declared 2022-08-22","A","2022-08-22","stale_unverified","IEBC","https://www.iebc.or.ke/uploads/resources/t5KQ6O4YGp.pdf","false",""
"MEMBER-OF-COUNTY-ASSEMBLY-KEN-C037-CON209-W1042","member_of_county_assembly","ward","KEN-C037-CON209-W1042","Murhanda","Shilosio Elphas Litsanga","ODM","elected","2022 general election, declared 2022-08-22","A","2022-08-22","stale_unverified","IEBC","https://www.iebc.or.ke/uploads/resources/t5KQ6O4YGp.pdf","false",""
"MEMBER-OF-COUNTY-ASSEMBLY-KEN-C037-CON209-W1043","member_of_county_assembly","ward","KEN-C037-CON209-W1043","Isukha Central","Danstone Muchikha Mukofu","ODM","elected","2022 general election, declared 2022-08-22","A","2022-08-22","stale_unverified","IEBC","https://www.iebc.or.ke/uploads/resources/t5KQ6O4YGp.pdf","false",""
"MEMBER-OF-COUNTY-ASSEMBLY-KEN-C037-CON209-W1044","member_of_county_assembly","ward","KEN-C037-CON209-W1044","Isukha South","Lwanga Charles Misicko","ODM","elected","2022 general election, declared 2022-08-22","A","2022-08-22","stale_unverified","IEBC","https://www.iebc.or.ke/uploads/resources/t5KQ6O4YGp.pdf","false",""
"MEMBER-OF-COUNTY-ASSEMBLY-KEN-C037-CON209-W1045","member_of_county_assembly","ward","KEN-C037-CON209-W1045","Isukha East","Shitiabayi Bernard Isindu","ODM","elected","2022 general election, declared 2022-08-22","A","2022-08-22","stale_unverified","IEBC","https://www.iebc.or.ke/uploads/resources/t5KQ6O4YGp.pdf","false",""
"MEMBER-OF-COUNTY-ASSEMBLY-KEN-C037-CON209-W1046","member_of_county_assembly","ward","KEN-C037-CON209-W1046","Isukha West","Segero Samuel Mullavu","DAP-K","elected","2022 general election, declared 2022-08-22","A","2022-08-22","stale_unverified","IEBC","https://www.iebc.or.ke/uploads/resources/t5KQ6O4YGp.pdf","false",""
"MEMBER-OF-COUNTY-ASSEMBLY-KEN-C037-CON210-W1047","member_of_county_assembly","ward","KEN-C037-CON210-W1047","Idakho South","Mukhala Stephen","ODM","elected","2022 general election, declared 2022-08-22","A","2022-08-22","stale_unverified","IEBC","https://www.iebc.or.ke/uploads/resources/t5KQ6O4YGp.pdf","false",""
"MEMBER-OF-COUNTY-ASSEMBLY-KEN-C037-CON210-W1048","member_of_county_assembly","ward","KEN-C037-CON210-W1048","Idakho East","Muyeyia Silas Shiyenji","ODM","elected","2022 general election, declared 2022-08-22","A","2022-08-22","stale_unverified","IEBC","https://www.iebc.or.ke/uploads/resources/t5KQ6O4YGp.pdf","false",""
"MEMBER-OF-COUNTY-ASSEMBLY-KEN-C037-CON210-W1049","member_of_county_assembly","ward","KEN-C037-CON210-W1049","Idakho North","Omukongolo Gladys Malenya","ODM","elected","2022 general election, declared 2022-08-22","A","2022-08-22","stale_unverified","IEBC","https://www.iebc.or.ke/uploads/resources/t5KQ6O4YGp.pdf","false",""
"MEMBER-OF-COUNTY-ASSEMBLY-KEN-C037-CON210-W1050","member_of_county_assembly","ward","KEN-C037-CON210-W1050","Idakho Central","Liyayi Archeadious Likhako","IND","elected","2022 general election, declared 2022-08-22","A","2022-08-22","stale_unverified","IEBC","https://www.iebc.or.ke/uploads/resources/t5KQ6O4YGp.pdf","false",""
"MEMBER-OF-COUNTY-ASSEMBLY-KEN-C038-CON211-W1051","member_of_county_assembly","ward","KEN-C038-CON211-W1051","Lugaga-Wamuluma","Muhindi Fredrick Mavisi","ODM","elected","2022 general election, declared 2022-08-22","A","2022-08-22","stale_unverified","IEBC","https://www.iebc.or.ke/uploads/resources/t5KQ6O4YGp.pdf","false",""
"MEMBER-OF-COUNTY-ASSEMBLY-KEN-C038-CON211-W1052","member_of_county_assembly","ward","KEN-C038-CON211-W1052","South Maragoli","Kigumba Patrick Mahagwa","ODM","elected","2022 general election, declared 2022-08-22","A","2022-08-22","stale_unverified","IEBC","https://www.iebc.or.ke/uploads/resources/t5KQ6O4YGp.pdf","false",""
"MEMBER-OF-COUNTY-ASSEMBLY-KEN-C038-CON211-W1053","member_of_county_assembly","ward","KEN-C038-CON211-W1053","Central Maragoli","Pauline Amwata Endesia","ODM","elected","2022 general election, declared 2022-08-22","A","2022-08-22","stale_unverified","IEBC","https://www.iebc.or.ke/uploads/resources/t5KQ6O4YGp.pdf","false",""
"MEMBER-OF-COUNTY-ASSEMBLY-KEN-C038-CON211-W1054","member_of_county_assembly","ward","KEN-C038-CON211-W1054","Mungoma","Mugata Albert Ala","ODM","elected","2022 general election, declared 2022-08-22","A","2022-08-22","stale_unverified","IEBC","https://www.iebc.or.ke/uploads/resources/t5KQ6O4YGp.pdf","false",""
"MEMBER-OF-COUNTY-ASSEMBLY-KEN-C038-CON212-W1055","member_of_county_assembly","ward","KEN-C038-CON212-W1055","Lyaduywa/Izava","Abudiku Duncan Nkrumah","IND","elected","2022 general election, declared 2022-08-22","A","2022-08-22","stale_unverified","IEBC","https://www.iebc.or.ke/uploads/resources/t5KQ6O4YGp.pdf","false",""
"MEMBER-OF-COUNTY-ASSEMBLY-KEN-C038-CON212-W1056","member_of_county_assembly","ward","KEN-C038-CON212-W1056","West Sabatia","Gidali Frankline Muhindi","IND","elected","2022 general election, declared 2022-08-22","A","2022-08-22","stale_unverified","IEBC","https://www.iebc.or.ke/uploads/resources/t5KQ6O4YGp.pdf","false",""
"MEMBER-OF-COUNTY-ASSEMBLY-KEN-C038-CON212-W1057","member_of_county_assembly","ward","KEN-C038-CON212-W1057","Chavakali","Yalwala Gladys Inyanje","PPOK","elected","2022 general election, declared 2022-08-22","A","2022-08-22","stale_unverified","IEBC","https://www.iebc.or.ke/uploads/resources/t5KQ6O4YGp.pdf","false",""
"MEMBER-OF-COUNTY-ASSEMBLY-KEN-C038-CON212-W1058","member_of_county_assembly","ward","KEN-C038-CON212-W1058","North Maragoli","Ivusa Domnic Baraka","ANC","elected","2022 general election, declared 2022-08-22","A","2022-08-22","stale_unverified","IEBC","https://www.iebc.or.ke/uploads/resources/t5KQ6O4YGp.pdf","false",""
"MEMBER-OF-COUNTY-ASSEMBLY-KEN-C038-CON212-W1059","member_of_county_assembly","ward","KEN-C038-CON212-W1059","Wodanga","Mwatia Vincent Atsiaya","ANC","elected","2022 general election, declared 2022-08-22","A","2022-08-22","stale_unverified","IEBC","https://www.iebc.or.ke/uploads/resources/t5KQ6O4YGp.pdf","false",""
"MEMBER-OF-COUNTY-ASSEMBLY-KEN-C038-CON212-W1060","member_of_county_assembly","ward","KEN-C038-CON212-W1060","Busali","Kegode Florence Anganoi","ANC","elected","2022 general election, declared 2022-08-22","A","2022-08-22","stale_unverified","IEBC","https://www.iebc.or.ke/uploads/resources/t5KQ6O4YGp.pdf","false",""
"MEMBER-OF-COUNTY-ASSEMBLY-KEN-C038-CON213-W1061","member_of_county_assembly","ward","KEN-C038-CON213-W1061","Shiru","Mwashi David Lusava","ODM","elected","2022 general election, declared 2022-08-22","A","2022-08-22","stale_unverified","IEBC","https://www.iebc.or.ke/uploads/resources/t5KQ6O4YGp.pdf","false",""
"MEMBER-OF-COUNTY-ASSEMBLY-KEN-C038-CON213-W1062","member_of_county_assembly","ward","KEN-C038-CON213-W1062","Muhudu","Amunyanyi Bonface Shanga","IND","elected","2022 general election, declared 2022-08-22","B","2022-08-22","stale_unverified","IEBC","https://www.iebc.or.ke/uploads/resources/t5KQ6O4YGp.pdf","false",""
"MEMBER-OF-COUNTY-ASSEMBLY-KEN-C038-CON213-W1063","member_of_county_assembly","ward","KEN-C038-CON213-W1063","Shamakhokho","Muhiga Richard Shugh","UDP","elected","2022 general election, declared 2022-08-22","A","2022-08-22","stale_unverified","IEBC","https://www.iebc.or.ke/uploads/resources/t5KQ6O4YGp.pdf","false",""
"MEMBER-OF-COUNTY-ASSEMBLY-KEN-C038-CON213-W1064","member_of_county_assembly","ward","KEN-C038-CON213-W1064","Gisambai","Obamo Erick Odei","ANC","elected","2022 general election, declared 2022-08-22","B","2022-08-22","stale_unverified","IEBC","https://www.iebc.or.ke/uploads/resources/t5KQ6O4YGp.pdf","false",""
"MEMBER-OF-COUNTY-ASSEMBLY-KEN-C038-CON213-W1065","member_of_county_assembly","ward","KEN-C038-CON213-W1065","Banja","Ayugu Collins Anyanje","ODM","elected","2022 general election, declared 2022-08-22","B","2022-08-22","stale_unverified","IEBC","https://www.iebc.or.ke/uploads/resources/t5KQ6O4YGp.pdf","false",""
"MEMBER-OF-COUNTY-ASSEMBLY-KEN-C038-CON213-W1066","member_of_county_assembly","ward","KEN-C038-CON213-W1066","Tambua","Mboku Manoah Karage","ODM","elected","2022 general election, declared 2022-08-22","A","2022-08-22","stale_unverified","IEBC","https://www.iebc.or.ke/uploads/resources/t5KQ6O4YGp.pdf","false",""
"MEMBER-OF-COUNTY-ASSEMBLY-KEN-C038-CON213-W1067","member_of_county_assembly","ward","KEN-C038-CON213-W1067","Jepkoyai","Caleb Gaduve Ndolo","FORD KENYA","elected","2022 general election, declared 2022-08-22","A","2022-08-22","stale_unverified","IEBC","https://www.iebc.or.ke/uploads/resources/t5KQ6O4YGp.pdf","false",""
"MEMBER-OF-COUNTY-ASSEMBLY-KEN-C038-CON214-W1068","member_of_county_assembly","ward","KEN-C038-CON214-W1068","Luanda Township","Onjiri David Donald Nabakwe","DAP-K","elected","2022 general election, declared 2022-08-22","A","2022-08-22","stale_unverified","IEBC","https://www.iebc.or.ke/uploads/resources/t5KQ6O4YGp.pdf","false",""
"MEMBER-OF-COUNTY-ASSEMBLY-KEN-C038-CON214-W1069","member_of_county_assembly","ward","KEN-C038-CON214-W1069","Wemilabi","Akhwale Patrick J O","ODM","elected","2022 general election, declared 2022-08-22","A","2022-08-22","stale_unverified","IEBC","https://www.iebc.or.ke/uploads/resources/t5KQ6O4YGp.pdf","false",""
"MEMBER-OF-COUNTY-ASSEMBLY-KEN-C038-CON214-W1070","member_of_county_assembly","ward","KEN-C038-CON214-W1070","Mwibona","Anguche Zakayo Manyasa","ODM","elected","2022 general election, declared 2022-08-22","A","2022-08-22","stale_unverified","IEBC","https://www.iebc.or.ke/uploads/resources/t5KQ6O4YGp.pdf","false",""
"MEMBER-OF-COUNTY-ASSEMBLY-KEN-C038-CON214-W1071","member_of_county_assembly","ward","KEN-C038-CON214-W1071","Luanda South","Elegwa Kelvin Njiro","ODM","elected","2022 general election, declared 2022-08-22","A","2022-08-22","stale_unverified","IEBC","https://www.iebc.or.ke/uploads/resources/t5KQ6O4YGp.pdf","false",""
"MEMBER-OF-COUNTY-ASSEMBLY-KEN-C038-CON214-W1072","member_of_county_assembly","ward","KEN-C038-CON214-W1072","Emabungo","Okoba Michael Katai","MCCP","elected","2022 general election, declared 2022-08-22","A","2022-08-22","stale_unverified","IEBC","https://www.iebc.or.ke/uploads/resources/t5KQ6O4YGp.pdf","false",""
"MEMBER-OF-COUNTY-ASSEMBLY-KEN-C038-CON215-W1073","member_of_county_assembly","ward","KEN-C038-CON215-W1073","North East Bunyore","Esipirah Aineah Hellam","ANC","elected","2022 general election, declared 2022-08-22","A","2022-08-22","stale_unverified","IEBC","https://www.iebc.or.ke/uploads/resources/t5KQ6O4YGp.pdf","false",""
"MEMBER-OF-COUNTY-ASSEMBLY-KEN-C038-CON215-W1074","member_of_county_assembly","ward","KEN-C038-CON215-W1074","Central Bunyore","Tirra Paul Ananda","ANC","elected","2022 general election, declared 2022-08-22","A","2022-08-22","stale_unverified","IEBC","https://www.iebc.or.ke/uploads/resources/t5KQ6O4YGp.pdf","false",""
"MEMBER-OF-COUNTY-ASSEMBLY-KEN-C038-CON215-W1075","member_of_county_assembly","ward","KEN-C038-CON215-W1075","West Bunyore","Osore Wimsy Manoah","ANC","elected","2022 general election, declared 2022-08-22","A","2022-08-22","stale_unverified","IEBC","https://www.iebc.or.ke/uploads/resources/t5KQ6O4YGp.pdf","false",""
"MEMBER-OF-COUNTY-ASSEMBLY-KEN-C039-CON216-W1076","member_of_county_assembly","ward","KEN-C039-CON216-W1076","Cheptais","Chemorion Cheseto Martin","UDA","elected","2022 general election, declared 2022-08-22","A","2022-08-22","stale_unverified","IEBC","https://www.iebc.or.ke/uploads/resources/t5KQ6O4YGp.pdf","false",""
"MEMBER-OF-COUNTY-ASSEMBLY-KEN-C039-CON216-W1077","member_of_county_assembly","ward","KEN-C039-CON216-W1077","Chesikaki","Psero Jacob Marugaa","IND","elected","2022 general election, declared 2022-08-22","A","2022-08-22","stale_unverified","IEBC","https://www.iebc.or.ke/uploads/resources/t5KQ6O4YGp.pdf","false",""
"MEMBER-OF-COUNTY-ASSEMBLY-KEN-C039-CON216-W1078","member_of_county_assembly","ward","KEN-C039-CON216-W1078","Chepyuk","Franklin Simotwo Korir","FORD KENYA","elected","2022 general election, declared 2022-08-22","A","2022-08-22","stale_unverified","IEBC","https://www.iebc.or.ke/uploads/resources/t5KQ6O4YGp.pdf","false",""
"MEMBER-OF-COUNTY-ASSEMBLY-KEN-C039-CON216-W1079","member_of_county_assembly","ward","KEN-C039-CON216-W1079","Kapkateny","Kirong Joan Chemayiek","UDA","elected","2022 general election, declared 2022-08-22","A","2022-08-22","stale_unverified","IEBC","https://www.iebc.or.ke/uploads/resources/t5KQ6O4YGp.pdf","false",""
"MEMBER-OF-COUNTY-ASSEMBLY-KEN-C039-CON216-W1080","member_of_county_assembly","ward","KEN-C039-CON216-W1080","Kaptama","Masai Francis Chemion","UDA","elected","2022 general election, declared 2022-08-22","A","2022-08-22","stale_unverified","IEBC","https://www.iebc.or.ke/uploads/resources/t5KQ6O4YGp.pdf","false",""
"MEMBER-OF-COUNTY-ASSEMBLY-KEN-C039-CON216-W1081","member_of_county_assembly","ward","KEN-C039-CON216-W1081","Elgon","Tendet George Kwemoi","IND","elected","2022 general election, declared 2022-08-22","A","2022-08-22","stale_unverified","IEBC","https://www.iebc.or.ke/uploads/resources/t5KQ6O4YGp.pdf","false",""
"MEMBER-OF-COUNTY-ASSEMBLY-KEN-C039-CON217-W1082","member_of_county_assembly","ward","KEN-C039-CON217-W1082","Namwela","Nangulu Charles Simiyu","FORD- KENYA","elected","2022 general election, declared 2022-08-22","A","2022-08-22","stale_unverified","IEBC","https://www.iebc.or.ke/uploads/resources/t5KQ6O4YGp.pdf","false",""
"MEMBER-OF-COUNTY-ASSEMBLY-KEN-C039-CON217-W1083","member_of_county_assembly","ward","KEN-C039-CON217-W1083","Malakisi/South Kulisiru","Naboelela Everlyne Mutiembu","JP","elected","2022 general election, declared 2022-08-22","A","2022-08-22","stale_unverified","IEBC","https://www.iebc.or.ke/uploads/resources/t5KQ6O4YGp.pdf","false",""
"MEMBER-OF-COUNTY-ASSEMBLY-KEN-C039-CON217-W1084","member_of_county_assembly","ward","KEN-C039-CON217-W1084","Lwandanyi","Barasa Tony Khaoya","FORD- KENYA","elected","2022 general election, declared 2022-08-22","A","2022-08-22","stale_unverified","IEBC","https://www.iebc.or.ke/uploads/resources/t5KQ6O4YGp.pdf","false",""
"MEMBER-OF-COUNTY-ASSEMBLY-KEN-C039-CON218-W1085","member_of_county_assembly","ward","KEN-C039-CON218-W1085","Kabuchai/Chwele","Mukhongo James Barasa","FORD-K","elected","2022 general election, declared 2022-08-22","A","2022-08-22","stale_unverified","IEBC","https://www.iebc.or.ke/uploads/resources/t5KQ6O4YGp.pdf","false",""
"MEMBER-OF-COUNTY-ASSEMBLY-KEN-C039-CON218-W1086","member_of_county_assembly","ward","KEN-C039-CON218-W1086","West Nalondo","Wandabusi Kimeta Polycarp","FORD-K","elected","2022 general election, declared 2022-08-22","A","2022-08-22","stale_unverified","IEBC","https://www.iebc.or.ke/uploads/resources/t5KQ6O4YGp.pdf","false",""
"MEMBER-OF-COUNTY-ASSEMBLY-KEN-C039-CON218-W1087","member_of_county_assembly","ward","KEN-C039-CON218-W1087","Bwake/Luuya","Opwora Edwin Wekesa","FORD-K","elected","2022 general election, declared 2022-08-22","A","2022-08-22","stale_unverified","IEBC","https://www.iebc.or.ke/uploads/resources/t5KQ6O4YGp.pdf","false",""
"MEMBER-OF-COUNTY-ASSEMBLY-KEN-C039-CON218-W1088","member_of_county_assembly","ward","KEN-C039-CON218-W1088","Mukuyuni","Museveni Meshack Wekesa Simiyu","FORD-K","elected","2022 general election, declared 2022-08-22","A","2022-08-22","stale_unverified","IEBC","https://www.iebc.or.ke/uploads/resources/t5KQ6O4YGp.pdf","false",""
"MEMBER-OF-COUNTY-ASSEMBLY-KEN-C039-CON219-W1089","member_of_county_assembly","ward","KEN-C039-CON219-W1089","South Bukusu","Sudi Isaiah Busolo","UDA","elected","2022 general election, declared 2022-08-22","A","2022-08-22","stale_unverified","IEBC","https://www.iebc.or.ke/uploads/resources/t5KQ6O4YGp.pdf","false",""
"MEMBER-OF-COUNTY-ASSEMBLY-KEN-C039-CON219-W1090","member_of_county_assembly","ward","KEN-C039-CON219-W1090","Bumula","Khaemba Hentry Nyongesa","UDA","elected","2022 general election, declared 2022-08-22","A","2022-08-22","stale_unverified","IEBC","https://www.iebc.or.ke/uploads/resources/t5KQ6O4YGp.pdf","false",""
"MEMBER-OF-COUNTY-ASSEMBLY-KEN-C039-CON219-W1091","member_of_county_assembly","ward","KEN-C039-CON219-W1091","Khasoko","Otsiulah Benjamin Jeremiah","FORD KENYA","elected","2022 general election, declared 2022-08-22","A","2022-08-22","stale_unverified","IEBC","https://www.iebc.or.ke/uploads/resources/t5KQ6O4YGp.pdf","false",""
"MEMBER-OF-COUNTY-ASSEMBLY-KEN-C039-CON219-W1092","member_of_county_assembly","ward","KEN-C039-CON219-W1092","Kabula","Wangila Vitalis Sifuna","DAP-K","elected","2022 general election, declared 2022-08-22","A","2022-08-22","stale_unverified","IEBC","https://www.iebc.or.ke/uploads/resources/t5KQ6O4YGp.pdf","false",""
"MEMBER-OF-COUNTY-ASSEMBLY-KEN-C039-CON219-W1093","member_of_county_assembly","ward","KEN-C039-CON219-W1093","Kimaeti","Wambulwa Jackson Ouma","FORD KENYA","elected","2022 general election, declared 2022-08-22","A","2022-08-22","stale_unverified","IEBC","https://www.iebc.or.ke/uploads/resources/t5KQ6O4YGp.pdf","false",""
"MEMBER-OF-COUNTY-ASSEMBLY-KEN-C039-CON219-W1094","member_of_county_assembly","ward","KEN-C039-CON219-W1094","West Bukusu","Mukoyandali Job Lumbwani","DAP-K","elected","2022 general election, declared 2022-08-22","A","2022-08-22","stale_unverified","IEBC","https://www.iebc.or.ke/uploads/resources/t5KQ6O4YGp.pdf","false",""
"MEMBER-OF-COUNTY-ASSEMBLY-KEN-C039-CON219-W1095","member_of_county_assembly","ward","KEN-C039-CON219-W1095","Siboti","Kundu Orize Wanjala","UDA","elected","2022 general election, declared 2022-08-22","A","2022-08-22","stale_unverified","IEBC","https://www.iebc.or.ke/uploads/resources/t5KQ6O4YGp.pdf","false",""
"MEMBER-OF-COUNTY-ASSEMBLY-KEN-C039-CON220-W1096","member_of_county_assembly","ward","KEN-C039-CON220-W1096","Bukembe West","Namunyu Anthony Luseneka","DAP-K","elected","2022 general election, declared 2022-08-22","A","2022-08-22","stale_unverified","IEBC","https://www.iebc.or.ke/uploads/resources/t5KQ6O4YGp.pdf","false",""
"MEMBER-OF-COUNTY-ASSEMBLY-KEN-C039-CON220-W1097","member_of_county_assembly","ward","KEN-C039-CON220-W1097","Bukembe East","Peter Caleb Wanjala","FORD- KENYA","elected","2022 general election, declared 2022-08-22","A","2022-08-22","stale_unverified","IEBC","https://www.iebc.or.ke/uploads/resources/t5KQ6O4YGp.pdf","false",""
"MEMBER-OF-COUNTY-ASSEMBLY-KEN-C039-CON220-W1098","member_of_county_assembly","ward","KEN-C039-CON220-W1098","Township","Kuloba Jeremiah","DAP-K","elected","2022 general election, declared 2022-08-22","A","2022-08-22","stale_unverified","IEBC","https://www.iebc.or.ke/uploads/resources/t5KQ6O4YGp.pdf","false",""
"MEMBER-OF-COUNTY-ASSEMBLY-KEN-C039-CON220-W1099","member_of_county_assembly","ward","KEN-C039-CON220-W1099","Khalaba","Makhanu Cornelius Wanjala","DAP-K","elected","2022 general election, declared 2022-08-22","A","2022-08-22","stale_unverified","IEBC","https://www.iebc.or.ke/uploads/resources/t5KQ6O4YGp.pdf","false",""
"MEMBER-OF-COUNTY-ASSEMBLY-KEN-C039-CON220-W1100","member_of_county_assembly","ward","KEN-C039-CON220-W1100","Musikoma","Makari George Wasike","FORD- KENYA","elected","2022 general election, declared 2022-08-22","A","2022-08-22","stale_unverified","IEBC","https://www.iebc.or.ke/uploads/resources/t5KQ6O4YGp.pdf","false",""
"MEMBER-OF-COUNTY-ASSEMBLY-KEN-C039-CON220-W1101","member_of_county_assembly","ward","KEN-C039-CON220-W1101","East Sang'alo","Nganga Everton Sifuna","DAP-K","elected","2022 general election, declared 2022-08-22","B","2022-08-22","stale_unverified","IEBC","https://www.iebc.or.ke/uploads/resources/t5KQ6O4YGp.pdf","false",""
"MEMBER-OF-COUNTY-ASSEMBLY-KEN-C039-CON220-W1102","member_of_county_assembly","ward","KEN-C039-CON220-W1102","Marakaru/Tuuti","Juma Joseph Nyongesa","FORD- KENYA","elected","2022 general election, declared 2022-08-22","A","2022-08-22","stale_unverified","IEBC","https://www.iebc.or.ke/uploads/resources/t5KQ6O4YGp.pdf","false",""
"MEMBER-OF-COUNTY-ASSEMBLY-KEN-C039-CON220-W1103","member_of_county_assembly","ward","KEN-C039-CON220-W1103","Sang'alo West","Mukhwana Godfrey Wanyama","IND","elected","2022 general election, declared 2022-08-22","B","2022-08-22","stale_unverified","IEBC","https://www.iebc.or.ke/uploads/resources/t5KQ6O4YGp.pdf","false",""
"MEMBER-OF-COUNTY-ASSEMBLY-KEN-C039-CON221-W1104","member_of_county_assembly","ward","KEN-C039-CON221-W1104","Mihuu","Makhanu Violet Namaemba","FORD-K","elected","2022 general election, declared 2022-08-22","A","2022-08-22","stale_unverified","IEBC","https://www.iebc.or.ke/uploads/resources/t5KQ6O4YGp.pdf","false",""
"MEMBER-OF-COUNTY-ASSEMBLY-KEN-C039-CON221-W1105","member_of_county_assembly","ward","KEN-C039-CON221-W1105","Ndivisi","Mukhanya Kmn Alfred Wekesa","DAP-K","elected","2022 general election, declared 2022-08-22","A","2022-08-22","stale_unverified","IEBC","https://www.iebc.or.ke/uploads/resources/t5KQ6O4YGp.pdf","false",""
"MEMBER-OF-COUNTY-ASSEMBLY-KEN-C039-CON221-W1106","member_of_county_assembly","ward","KEN-C039-CON221-W1106","Maraka","Mutoka Ali Machani","ODM","elected","2022 general election, declared 2022-08-22","A","2022-08-22","stale_unverified","IEBC","https://www.iebc.or.ke/uploads/resources/t5KQ6O4YGp.pdf","false",""
"MEMBER-OF-COUNTY-ASSEMBLY-KEN-C039-CON222-W1107","member_of_county_assembly","ward","KEN-C039-CON222-W1107","Misikhu","Masungo Miliah Nanyoka","DAP-K","elected","2022 general election, declared 2022-08-22","A","2022-08-22","stale_unverified","IEBC","https://www.iebc.or.ke/uploads/resources/t5KQ6O4YGp.pdf","false",""
"MEMBER-OF-COUNTY-ASSEMBLY-KEN-C039-CON222-W1108","member_of_county_assembly","ward","KEN-C039-CON222-W1108","Sitikho","Sundukwa Grace","FORD- KENYA","elected","2022 general election, declared 2022-08-22","A","2022-08-22","stale_unverified","IEBC","https://www.iebc.or.ke/uploads/resources/t5KQ6O4YGp.pdf","false",""
"MEMBER-OF-COUNTY-ASSEMBLY-KEN-C039-CON222-W1109","member_of_county_assembly","ward","KEN-C039-CON222-W1109","Matulo","Simiyu Stephen Kaiser","FORD- KENYA","elected","2022 general election, declared 2022-08-22","A","2022-08-22","stale_unverified","IEBC","https://www.iebc.or.ke/uploads/resources/t5KQ6O4YGp.pdf","false",""
"MEMBER-OF-COUNTY-ASSEMBLY-KEN-C039-CON222-W1110","member_of_county_assembly","ward","KEN-C039-CON222-W1110","Bokoli","Kawa Jack Zakayo","UDA","elected","2022 general election, declared 2022-08-22","A","2022-08-22","stale_unverified","IEBC","https://www.iebc.or.ke/uploads/resources/t5KQ6O4YGp.pdf","false",""
"MEMBER-OF-COUNTY-ASSEMBLY-KEN-C039-CON223-W1111","member_of_county_assembly","ward","KEN-C039-CON223-W1111","Kimilili","Mukhongo Christine Cunera","UDA","elected","2022 general election, declared 2022-08-22","B","2022-08-22","stale_unverified","IEBC","https://www.iebc.or.ke/uploads/resources/t5KQ6O4YGp.pdf","false",""
"MEMBER-OF-COUNTY-ASSEMBLY-KEN-C039-CON223-W1112","member_of_county_assembly","ward","KEN-C039-CON223-W1112","Kibingei","Waliaula Aggrey Mulongo","DAP -K","elected","2022 general election, declared 2022-08-22","B","2022-08-22","stale_unverified","IEBC","https://www.iebc.or.ke/uploads/resources/t5KQ6O4YGp.pdf","false",""
"MEMBER-OF-COUNTY-ASSEMBLY-KEN-C039-CON223-W1113","member_of_county_assembly","ward","KEN-C039-CON223-W1113","Maeni","Owongo Idd Chamawi","FORD KENYA","elected","2022 general election, declared 2022-08-22","A","2022-08-22","stale_unverified","IEBC","https://www.iebc.or.ke/uploads/resources/t5KQ6O4YGp.pdf","false",""
"MEMBER-OF-COUNTY-ASSEMBLY-KEN-C039-CON223-W1114","member_of_county_assembly","ward","KEN-C039-CON223-W1114","Kamukuywa","Obama Abraham Kimungui Waliekeke","UDA","elected","2022 general election, declared 2022-08-22","A","2022-08-22","stale_unverified","IEBC","https://www.iebc.or.ke/uploads/resources/t5KQ6O4YGp.pdf","false",""
"MEMBER-OF-COUNTY-ASSEMBLY-KEN-C039-CON224-W1115","member_of_county_assembly","ward","KEN-C039-CON224-W1115","Mbakalo","Kikechi Benard Wekesa","FORD-K","elected","2022 general election, declared 2022-08-22","A","2022-08-22","stale_unverified","IEBC","https://www.iebc.or.ke/uploads/resources/t5KQ6O4YGp.pdf","false",""
"MEMBER-OF-COUNTY-ASSEMBLY-KEN-C039-CON224-W1116","member_of_county_assembly","ward","KEN-C039-CON224-W1116","Naitiri/Kabuyefwe","Waiti Wafula Waiti","FORD-K","elected","2022 general election, declared 2022-08-22","A","2022-08-22","stale_unverified","IEBC","https://www.iebc.or.ke/uploads/resources/t5KQ6O4YGp.pdf","false",""
"MEMBER-OF-COUNTY-ASSEMBLY-KEN-C039-CON224-W1117","member_of_county_assembly","ward","KEN-C039-CON224-W1117","Milima","Sikuku Jerusa Aleu","FORD-K","elected","2022 general election, declared 2022-08-22","A","2022-08-22","stale_unverified","IEBC","https://www.iebc.or.ke/uploads/resources/t5KQ6O4YGp.pdf","false",""
"MEMBER-OF-COUNTY-ASSEMBLY-KEN-C039-CON224-W1118","member_of_county_assembly","ward","KEN-C039-CON224-W1118","Ndalu/ Tabani","Chikati Timothy Chitekei","DAP-K","elected","2022 general election, declared 2022-08-22","B","2022-08-22","stale_unverified","IEBC","https://www.iebc.or.ke/uploads/resources/t5KQ6O4YGp.pdf","false",""
"MEMBER-OF-COUNTY-ASSEMBLY-KEN-C039-CON224-W1119","member_of_county_assembly","ward","KEN-C039-CON224-W1119","Tongaren","Ipara Johnston Okasida","MCC","elected","2022 general election, declared 2022-08-22","B","2022-08-22","stale_unverified","IEBC","https://www.iebc.or.ke/uploads/resources/t5KQ6O4YGp.pdf","false",""
"MEMBER-OF-COUNTY-ASSEMBLY-KEN-C039-CON224-W1120","member_of_county_assembly","ward","KEN-C039-CON224-W1120","Soysambu/ Mitua","Wamalwa Stephen Wafula","FORD-K","elected","2022 general election, declared 2022-08-22","B","2022-08-22","stale_unverified","IEBC","https://www.iebc.or.ke/uploads/resources/t5KQ6O4YGp.pdf","false",""
"MEMBER-OF-COUNTY-ASSEMBLY-KEN-C040-CON225-W1121","member_of_county_assembly","ward","KEN-C040-CON225-W1121","Malaba Central","Ochalu Ronald Baamu Kakyada","ODM","elected","2022 general election, declared 2022-08-22","A","2022-08-22","stale_unverified","IEBC","https://www.iebc.or.ke/uploads/resources/t5KQ6O4YGp.pdf","false",""
"MEMBER-OF-COUNTY-ASSEMBLY-KEN-C040-CON225-W1122","member_of_county_assembly","ward","KEN-C040-CON225-W1122","Malaba North","Omanyala Patrick Geoffrey","WDM-K","elected","2022 general election, declared 2022-08-22","A","2022-08-22","stale_unverified","IEBC","https://www.iebc.or.ke/uploads/resources/t5KQ6O4YGp.pdf","false",""
"MEMBER-OF-COUNTY-ASSEMBLY-KEN-C040-CON225-W1123","member_of_county_assembly","ward","KEN-C040-CON225-W1123","Ang'urai South","Eseme Joseph Anthony","Democratice Action Party – Kenya","elected","2022 general election, declared 2022-08-22","A","2022-08-22","stale_unverified","IEBC","https://www.iebc.or.ke/uploads/resources/t5KQ6O4YGp.pdf","false",""
"MEMBER-OF-COUNTY-ASSEMBLY-KEN-C040-CON225-W1124","member_of_county_assembly","ward","KEN-C040-CON225-W1124","Ang'urai North","Wamalwa Isaac","DAP-K","elected","2022 general election, declared 2022-08-22","A","2022-08-22","stale_unverified","IEBC","https://www.iebc.or.ke/uploads/resources/t5KQ6O4YGp.pdf","false",""
"MEMBER-OF-COUNTY-ASSEMBLY-KEN-C040-CON225-W1125","member_of_county_assembly","ward","KEN-C040-CON225-W1125","Ang'urai East","Karai David Parapara","MCCP","elected","2022 general election, declared 2022-08-22","A","2022-08-22","stale_unverified","IEBC","https://www.iebc.or.ke/uploads/resources/t5KQ6O4YGp.pdf","false",""
"MEMBER-OF-COUNTY-ASSEMBLY-KEN-C040-CON225-W1126","member_of_county_assembly","ward","KEN-C040-CON225-W1126","Malaba South","Mamai Bonface Ekada","MDG","elected","2022 general election, declared 2022-08-22","A","2022-08-22","stale_unverified","IEBC","https://www.iebc.or.ke/uploads/resources/t5KQ6O4YGp.pdf","false",""
"MEMBER-OF-COUNTY-ASSEMBLY-KEN-C040-CON226-W1127","member_of_county_assembly","ward","KEN-C040-CON226-W1127","Ang'orom","Ong’ole James Adung’osi","ODM","elected","2022 general election, declared 2022-08-22","A","2022-08-22","stale_unverified","IEBC","https://www.iebc.or.ke/uploads/resources/t5KQ6O4YGp.pdf","false",""
"MEMBER-OF-COUNTY-ASSEMBLY-KEN-C040-CON226-W1128","member_of_county_assembly","ward","KEN-C040-CON226-W1128","Chakol South","Musumba Denzil Edung’ot","ODM","elected","2022 general election, declared 2022-08-22","A","2022-08-22","stale_unverified","IEBC","https://www.iebc.or.ke/uploads/resources/t5KQ6O4YGp.pdf","false",""
"MEMBER-OF-COUNTY-ASSEMBLY-KEN-C040-CON226-W1129","member_of_county_assembly","ward","KEN-C040-CON226-W1129","Chakol North","Onjole Dalmas Ekilejo","DAP-K","elected","2022 general election, declared 2022-08-22","A","2022-08-22","stale_unverified","IEBC","https://www.iebc.or.ke/uploads/resources/t5KQ6O4YGp.pdf","false",""
"MEMBER-OF-COUNTY-ASSEMBLY-KEN-C040-CON226-W1130","member_of_county_assembly","ward","KEN-C040-CON226-W1130","Amukura West","Ekabten Bonface Erute","UDA","elected","2022 general election, declared 2022-08-22","A","2022-08-22","stale_unverified","IEBC","https://www.iebc.or.ke/uploads/resources/t5KQ6O4YGp.pdf","false",""
"MEMBER-OF-COUNTY-ASSEMBLY-KEN-C040-CON226-W1131","member_of_county_assembly","ward","KEN-C040-CON226-W1131","Amukura East","Emureit Leonard","ODM","elected","2022 general election, declared 2022-08-22","A","2022-08-22","stale_unverified","IEBC","https://www.iebc.or.ke/uploads/resources/t5KQ6O4YGp.pdf","false",""
"MEMBER-OF-COUNTY-ASSEMBLY-KEN-C040-CON226-W1132","member_of_county_assembly","ward","KEN-C040-CON226-W1132","Amukura Central","Okello Paul Odhiambo","NRA","elected","2022 general election, declared 2022-08-22","A","2022-08-22","stale_unverified","IEBC","https://www.iebc.or.ke/uploads/resources/t5KQ6O4YGp.pdf","false",""
"MEMBER-OF-COUNTY-ASSEMBLY-KEN-C040-CON227-W1133","member_of_county_assembly","ward","KEN-C040-CON227-W1133","Nambale Township","Rupia Kennedy Ouma","DAP-K","elected","2022 general election, declared 2022-08-22","A","2022-08-22","stale_unverified","IEBC","https://www.iebc.or.ke/uploads/resources/t5KQ6O4YGp.pdf","false",""
"MEMBER-OF-COUNTY-ASSEMBLY-KEN-C040-CON227-W1134","member_of_county_assembly","ward","KEN-C040-CON227-W1134","Bukhayo North/Waltsi","Jakaa Gardy Obara","MDG","elected","2022 general election, declared 2022-08-22","A","2022-08-22","stale_unverified","IEBC","https://www.iebc.or.ke/uploads/resources/t5KQ6O4YGp.pdf","false",""
"MEMBER-OF-COUNTY-ASSEMBLY-KEN-C040-CON227-W1135","member_of_county_assembly","ward","KEN-C040-CON227-W1135","Bukhayo East","Wandera Eunice Wesonga","ODM","elected","2022 general election, declared 2022-08-22","A","2022-08-22","stale_unverified","IEBC","https://www.iebc.or.ke/uploads/resources/t5KQ6O4YGp.pdf","false",""
"MEMBER-OF-COUNTY-ASSEMBLY-KEN-C040-CON227-W1136","member_of_county_assembly","ward","KEN-C040-CON227-W1136","Bukhayo Central","Makokha Bonventure Okwach","NRA","elected","2022 general election, declared 2022-08-22","A","2022-08-22","stale_unverified","IEBC","https://www.iebc.or.ke/uploads/resources/t5KQ6O4YGp.pdf","false",""
"MEMBER-OF-COUNTY-ASSEMBLY-KEN-C040-CON228-W1137","member_of_county_assembly","ward","KEN-C040-CON228-W1137","Bukhayo West","Talam Peter Kipkoech","ODM","elected","2022 general election, declared 2022-08-22","A","2022-08-22","stale_unverified","IEBC","https://www.iebc.or.ke/uploads/resources/t5KQ6O4YGp.pdf","false",""
"MEMBER-OF-COUNTY-ASSEMBLY-KEN-C040-CON228-W1138","member_of_county_assembly","ward","KEN-C040-CON228-W1138","Mayenje","Mudibo Richard Okello","ODM","elected","2022 general election, declared 2022-08-22","A","2022-08-22","stale_unverified","IEBC","https://www.iebc.or.ke/uploads/resources/t5KQ6O4YGp.pdf","false",""
"MEMBER-OF-COUNTY-ASSEMBLY-KEN-C040-CON228-W1139","member_of_county_assembly","ward","KEN-C040-CON228-W1139","Matayos South","Okinda Denis Wafula","ODM","elected","2022 general election, declared 2022-08-22","A","2022-08-22","stale_unverified","IEBC","https://www.iebc.or.ke/uploads/resources/t5KQ6O4YGp.pdf","false",""
"MEMBER-OF-COUNTY-ASSEMBLY-KEN-C040-CON228-W1140","member_of_county_assembly","ward","KEN-C040-CON228-W1140","Busibwabo","Zakayo Harrisson Nyongesa","ODM","elected","2022 general election, declared 2022-08-22","A","2022-08-22","stale_unverified","IEBC","https://www.iebc.or.ke/uploads/resources/t5KQ6O4YGp.pdf","false",""
"MEMBER-OF-COUNTY-ASSEMBLY-KEN-C040-CON228-W1141","member_of_county_assembly","ward","KEN-C040-CON228-W1141","Burumba","Opondo Tony Onyango.","ODM","elected","2022 general election, declared 2022-08-22","A","2022-08-22","stale_unverified","IEBC","https://www.iebc.or.ke/uploads/resources/t5KQ6O4YGp.pdf","false",""
"MEMBER-OF-COUNTY-ASSEMBLY-KEN-C040-CON229-W1142","member_of_county_assembly","ward","KEN-C040-CON229-W1142","Marachi West","Kuria Simon Maina","MDG","elected","2022 general election, declared 2022-08-22","A","2022-08-22","stale_unverified","IEBC","https://www.iebc.or.ke/uploads/resources/t5KQ6O4YGp.pdf","false",""
"MEMBER-OF-COUNTY-ASSEMBLY-KEN-C040-CON229-W1143","member_of_county_assembly","ward","KEN-C040-CON229-W1143","Kingandole","Ogochi Johnvoster Ouma","ODM","elected","2022 general election, declared 2022-08-22","A","2022-08-22","stale_unverified","IEBC","https://www.iebc.or.ke/uploads/resources/t5KQ6O4YGp.pdf","false",""
"MEMBER-OF-COUNTY-ASSEMBLY-KEN-C040-CON229-W1144","member_of_county_assembly","ward","KEN-C040-CON229-W1144","Marachi Central","Masinde Shadrack O","ODM","elected","2022 general election, declared 2022-08-22","A","2022-08-22","stale_unverified","IEBC","https://www.iebc.or.ke/uploads/resources/t5KQ6O4YGp.pdf","false",""
"MEMBER-OF-COUNTY-ASSEMBLY-KEN-C040-CON229-W1145","member_of_county_assembly","ward","KEN-C040-CON229-W1145","Marachi East","Ayieko Alexander Otsieno","ODM","elected","2022 general election, declared 2022-08-22","A","2022-08-22","stale_unverified","IEBC","https://www.iebc.or.ke/uploads/resources/t5KQ6O4YGp.pdf","false",""
"MEMBER-OF-COUNTY-ASSEMBLY-KEN-C040-CON229-W1146","member_of_county_assembly","ward","KEN-C040-CON229-W1146","Marachi North","Kubasu Zaccheaus Adukeyi","MDG","elected","2022 general election, declared 2022-08-22","A","2022-08-22","stale_unverified","IEBC","https://www.iebc.or.ke/uploads/resources/t5KQ6O4YGp.pdf","false",""
"MEMBER-OF-COUNTY-ASSEMBLY-KEN-C040-CON229-W1147","member_of_county_assembly","ward","KEN-C040-CON229-W1147","Elugulu","Wandera Josephat","ODM","elected","2022 general election, declared 2022-08-22","A","2022-08-22","stale_unverified","IEBC","https://www.iebc.or.ke/uploads/resources/t5KQ6O4YGp.pdf","false",""
"MEMBER-OF-COUNTY-ASSEMBLY-KEN-C040-CON230-W1148","member_of_county_assembly","ward","KEN-C040-CON230-W1148","Namboboto Nambuku","Okumu Haggai Wonder","NRA","elected","2022 general election, declared 2022-08-22","A","2022-08-22","stale_unverified","IEBC","https://www.iebc.or.ke/uploads/resources/t5KQ6O4YGp.pdf","false",""
"MEMBER-OF-COUNTY-ASSEMBLY-KEN-C040-CON230-W1149","member_of_county_assembly","ward","KEN-C040-CON230-W1149","Nangina","Makabwa Johnstone Bwire","ODM","elected","2022 general election, declared 2022-08-22","A","2022-08-22","stale_unverified","IEBC","https://www.iebc.or.ke/uploads/resources/t5KQ6O4YGp.pdf","false",""
"MEMBER-OF-COUNTY-ASSEMBLY-KEN-C040-CON230-W1150","member_of_county_assembly","ward","KEN-C040-CON230-W1150","Ageng'a Nanguba","Obada Camulus Ojiambo","ODM","elected","2022 general election, declared 2022-08-22","A","2022-08-22","stale_unverified","IEBC","https://www.iebc.or.ke/uploads/resources/t5KQ6O4YGp.pdf","false",""
"MEMBER-OF-COUNTY-ASSEMBLY-KEN-C040-CON230-W1151","member_of_county_assembly","ward","KEN-C040-CON230-W1151","Bwiri","Kanoti Beatrice Phemmy","IND","elected","2022 general election, declared 2022-08-22","A","2022-08-22","stale_unverified","IEBC","https://www.iebc.or.ke/uploads/resources/t5KQ6O4YGp.pdf","false",""
"MEMBER-OF-COUNTY-ASSEMBLY-KEN-C040-CON231-W1152","member_of_county_assembly","ward","KEN-C040-CON231-W1152","Bunyala Central","Omumi John Alfred","ODM","elected","2022 general election, declared 2022-08-22","A","2022-08-22","stale_unverified","IEBC","https://www.iebc.or.ke/uploads/resources/t5KQ6O4YGp.pdf","false",""
"MEMBER-OF-COUNTY-ASSEMBLY-KEN-C040-CON231-W1153","member_of_county_assembly","ward","KEN-C040-CON231-W1153","Bunyala North","Alianda Sylvanus Maindi","ODM","elected","2022 general election, declared 2022-08-22","A","2022-08-22","stale_unverified","IEBC","https://www.iebc.or.ke/uploads/resources/t5KQ6O4YGp.pdf","false",""
"MEMBER-OF-COUNTY-ASSEMBLY-KEN-C040-CON231-W1154","member_of_county_assembly","ward","KEN-C040-CON231-W1154","Bunyala West","Okonya Calbenz Michael","ODM","elected","2022 general election, declared 2022-08-22","A","2022-08-22","stale_unverified","IEBC","https://www.iebc.or.ke/uploads/resources/t5KQ6O4YGp.pdf","false",""
"MEMBER-OF-COUNTY-ASSEMBLY-KEN-C040-CON231-W1155","member_of_county_assembly","ward","KEN-C040-CON231-W1155","Bunyala South","Oyango Stephen Nasiagi","ODM","elected","2022 general election, declared 2022-08-22","A","2022-08-22","stale_unverified","IEBC","https://www.iebc.or.ke/uploads/resources/t5KQ6O4YGp.pdf","false",""
"MEMBER-OF-COUNTY-ASSEMBLY-KEN-C041-CON232-W1156","member_of_county_assembly","ward","KEN-C041-CON232-W1156","West Ugenya","Odongo Andericus Oduor","ODM","elected","2022 general election, declared 2022-08-22","A","2022-08-22","stale_unverified","IEBC","https://www.iebc.or.ke/uploads/resources/t5KQ6O4YGp.pdf","false",""
"MEMBER-OF-COUNTY-ASSEMBLY-KEN-C041-CON232-W1157","member_of_county_assembly","ward","KEN-C041-CON232-W1157","Ukwala","Omondi Joseph Peter","ODM","elected","2022 general election, declared 2022-08-22","A","2022-08-22","stale_unverified","IEBC","https://www.iebc.or.ke/uploads/resources/t5KQ6O4YGp.pdf","false",""
"MEMBER-OF-COUNTY-ASSEMBLY-KEN-C041-CON232-W1158","member_of_county_assembly","ward","KEN-C041-CON232-W1158","North Ugenya","Adala Benard Onyango","ODM","elected","2022 general election, declared 2022-08-22","A","2022-08-22","stale_unverified","IEBC","https://www.iebc.or.ke/uploads/resources/t5KQ6O4YGp.pdf","false",""
"MEMBER-OF-COUNTY-ASSEMBLY-KEN-C041-CON232-W1159","member_of_county_assembly","ward","KEN-C041-CON232-W1159","East Ugenya","Omoro Fredrick Oluoch","ODM","elected","2022 general election, declared 2022-08-22","A","2022-08-22","stale_unverified","IEBC","https://www.iebc.or.ke/uploads/resources/t5KQ6O4YGp.pdf","false",""
"MEMBER-OF-COUNTY-ASSEMBLY-KEN-C041-CON233-W1160","member_of_county_assembly","ward","KEN-C041-CON233-W1160","Sidindi","Apodo John Otieno","ODM","elected","2022 general election, declared 2022-08-22","A","2022-08-22","stale_unverified","IEBC","https://www.iebc.or.ke/uploads/resources/t5KQ6O4YGp.pdf","false",""
"MEMBER-OF-COUNTY-ASSEMBLY-KEN-C041-CON233-W1161","member_of_county_assembly","ward","KEN-C041-CON233-W1161","Sigomere","Omolo Andrew Omwende","ODM","elected","2022 general election, declared 2022-08-22","A","2022-08-22","stale_unverified","IEBC","https://www.iebc.or.ke/uploads/resources/t5KQ6O4YGp.pdf","false",""
"MEMBER-OF-COUNTY-ASSEMBLY-KEN-C041-CON233-W1162","member_of_county_assembly","ward","KEN-C041-CON233-W1162","Ugunja","Otieno Edwin Martin","ODM","elected","2022 general election, declared 2022-08-22","A","2022-08-22","stale_unverified","IEBC","https://www.iebc.or.ke/uploads/resources/t5KQ6O4YGp.pdf","false",""
"MEMBER-OF-COUNTY-ASSEMBLY-KEN-C041-CON234-W1163","member_of_county_assembly","ward","KEN-C041-CON234-W1163","Usonga","Madialo Sylvester Otieno","ODM","elected","2022 general election, declared 2022-08-22","A","2022-08-22","stale_unverified","IEBC","https://www.iebc.or.ke/uploads/resources/t5KQ6O4YGp.pdf","false",""
"MEMBER-OF-COUNTY-ASSEMBLY-KEN-C041-CON234-W1164","member_of_county_assembly","ward","KEN-C041-CON234-W1164","West Alego","Okumu Felix Ouma","ODM","elected","2022 general election, declared 2022-08-22","A","2022-08-22","stale_unverified","IEBC","https://www.iebc.or.ke/uploads/resources/t5KQ6O4YGp.pdf","false",""
"MEMBER-OF-COUNTY-ASSEMBLY-KEN-C041-CON234-W1165","member_of_county_assembly","ward","KEN-C041-CON234-W1165","Central Alego","Ragen David Omondi","ODM","elected","2022 general election, declared 2022-08-22","A","2022-08-22","stale_unverified","IEBC","https://www.iebc.or.ke/uploads/resources/t5KQ6O4YGp.pdf","false",""
"MEMBER-OF-COUNTY-ASSEMBLY-KEN-C041-CON234-W1166","member_of_county_assembly","ward","KEN-C041-CON234-W1166","Siaya Township","Otare James Obiero","ODM","elected","2022 general election, declared 2022-08-22","A","2022-08-22","stale_unverified","IEBC","https://www.iebc.or.ke/uploads/resources/t5KQ6O4YGp.pdf","false",""
"MEMBER-OF-COUNTY-ASSEMBLY-KEN-C041-CON234-W1167","member_of_county_assembly","ward","KEN-C041-CON234-W1167","North Alego","Odawa Vincent Otieno","ODM","elected","2022 general election, declared 2022-08-22","A","2022-08-22","stale_unverified","IEBC","https://www.iebc.or.ke/uploads/resources/t5KQ6O4YGp.pdf","false",""
"MEMBER-OF-COUNTY-ASSEMBLY-KEN-C041-CON234-W1168","member_of_county_assembly","ward","KEN-C041-CON234-W1168","South East Alego","Madowo Scholastica Masidis Owoko","ODM","elected","2022 general election, declared 2022-08-22","A","2022-08-22","stale_unverified","IEBC","https://www.iebc.or.ke/uploads/resources/t5KQ6O4YGp.pdf","false",""
"MEMBER-OF-COUNTY-ASSEMBLY-KEN-C041-CON235-W1169","member_of_county_assembly","ward","KEN-C041-CON235-W1169","North Gem","Abuba Philip Obonyo Oluoch","FPK","elected","2022 general election, declared 2022-08-22","A","2022-08-22","stale_unverified","IEBC","https://www.iebc.or.ke/uploads/resources/t5KQ6O4YGp.pdf","false",""
"MEMBER-OF-COUNTY-ASSEMBLY-KEN-C041-CON235-W1170","member_of_county_assembly","ward","KEN-C041-CON235-W1170","West Gem","Okwirry Achieng Susan","ODM","elected","2022 general election, declared 2022-08-22","A","2022-08-22","stale_unverified","IEBC","https://www.iebc.or.ke/uploads/resources/t5KQ6O4YGp.pdf","false",""
"MEMBER-OF-COUNTY-ASSEMBLY-KEN-C041-CON235-W1171","member_of_county_assembly","ward","KEN-C041-CON235-W1171","Central Gem","Anyango Sylas Madingu","ODM","elected","2022 general election, declared 2022-08-22","A","2022-08-22","stale_unverified","IEBC","https://www.iebc.or.ke/uploads/resources/t5KQ6O4YGp.pdf","false",""
"MEMBER-OF-COUNTY-ASSEMBLY-KEN-C041-CON235-W1172","member_of_county_assembly","ward","KEN-C041-CON235-W1172","Yala Township","Onyango William Kinyanyi","ODM","elected","2022 general election, declared 2022-08-22","A","2022-08-22","stale_unverified","IEBC","https://www.iebc.or.ke/uploads/resources/t5KQ6O4YGp.pdf","false",""
"MEMBER-OF-COUNTY-ASSEMBLY-KEN-C041-CON235-W1173","member_of_county_assembly","ward","KEN-C041-CON235-W1173","East Gem","Ochieng Seth Baraka","ODM","elected","2022 general election, declared 2022-08-22","A","2022-08-22","stale_unverified","IEBC","https://www.iebc.or.ke/uploads/resources/t5KQ6O4YGp.pdf","false",""
"MEMBER-OF-COUNTY-ASSEMBLY-KEN-C041-CON236-W1175","member_of_county_assembly","ward","KEN-C041-CON236-W1175","West Yimbo","Angule Simon Otieno","IND","elected","2022 general election, declared 2022-08-22","A","2022-08-22","stale_unverified","IEBC","https://www.iebc.or.ke/uploads/resources/t5KQ6O4YGp.pdf","false",""
"MEMBER-OF-COUNTY-ASSEMBLY-KEN-C041-CON236-W1176","member_of_county_assembly","ward","KEN-C041-CON236-W1176","Central Sakwa","Otieno Joseph Bismark Olang’o","ODM","elected","2022 general election, declared 2022-08-22","A","2022-08-22","stale_unverified","IEBC","https://www.iebc.or.ke/uploads/resources/t5KQ6O4YGp.pdf","false",""
"MEMBER-OF-COUNTY-ASSEMBLY-KEN-C041-CON236-W1177","member_of_county_assembly","ward","KEN-C041-CON236-W1177","South Sakwa","Achieng Eunice Rahel","ODM","elected","2022 general election, declared 2022-08-22","A","2022-08-22","stale_unverified","IEBC","https://www.iebc.or.ke/uploads/resources/t5KQ6O4YGp.pdf","false",""
"MEMBER-OF-COUNTY-ASSEMBLY-KEN-C041-CON236-W1178","member_of_county_assembly","ward","KEN-C041-CON236-W1178","Yimbo East","Otieno Francis Otiato","ODM","elected","2022 general election, declared 2022-08-22","A","2022-08-22","stale_unverified","IEBC","https://www.iebc.or.ke/uploads/resources/t5KQ6O4YGp.pdf","false",""
"MEMBER-OF-COUNTY-ASSEMBLY-KEN-C041-CON236-W1179","member_of_county_assembly","ward","KEN-C041-CON236-W1179","West Sakwa","Odinga Truphosa Apondi Osewe","ODM","elected","2022 general election, declared 2022-08-22","A","2022-08-22","stale_unverified","IEBC","https://www.iebc.or.ke/uploads/resources/t5KQ6O4YGp.pdf","false",""
"MEMBER-OF-COUNTY-ASSEMBLY-KEN-C041-CON236-W1180","member_of_county_assembly","ward","KEN-C041-CON236-W1180","North Sakwa","Arika Oliver Otieno","ODM","elected","2022 general election, declared 2022-08-22","A","2022-08-22","stale_unverified","IEBC","https://www.iebc.or.ke/uploads/resources/t5KQ6O4YGp.pdf","false",""
"MEMBER-OF-COUNTY-ASSEMBLY-KEN-C041-CON237-W1181","member_of_county_assembly","ward","KEN-C041-CON237-W1181","East Asembo","Onguuru Gordon Onyango","UDM","elected","2022 general election, declared 2022-08-22","A","2022-08-22","stale_unverified","IEBC","https://www.iebc.or.ke/uploads/resources/t5KQ6O4YGp.pdf","false",""
"MEMBER-OF-COUNTY-ASSEMBLY-KEN-C041-CON237-W1182","member_of_county_assembly","ward","KEN-C041-CON237-W1182","West Asembo","Okeyo Mark Okeyo","ODM","elected","2022 general election, declared 2022-08-22","A","2022-08-22","stale_unverified","IEBC","https://www.iebc.or.ke/uploads/resources/t5KQ6O4YGp.pdf","false",""
"MEMBER-OF-COUNTY-ASSEMBLY-KEN-C041-CON237-W1183","member_of_county_assembly","ward","KEN-C041-CON237-W1183","North Uyoma","Bonyo Washington Booker","ODM","elected","2022 general election, declared 2022-08-22","B","2022-08-22","stale_unverified","IEBC","https://www.iebc.or.ke/uploads/resources/t5KQ6O4YGp.pdf","false",""
"MEMBER-OF-COUNTY-ASSEMBLY-KEN-C041-CON237-W1184","member_of_county_assembly","ward","KEN-C041-CON237-W1184","South Uyoma","Otieno Michael Omondi","ODM","elected","2022 general election, declared 2022-08-22","B","2022-08-22","stale_unverified","IEBC","https://www.iebc.or.ke/uploads/resources/t5KQ6O4YGp.pdf","false",""
"MEMBER-OF-COUNTY-ASSEMBLY-KEN-C041-CON237-W1185","member_of_county_assembly","ward","KEN-C041-CON237-W1185","West Uyoma","Obuya Justus Oguta","ODM","elected","2022 general election, declared 2022-08-22","B","2022-08-22","stale_unverified","IEBC","https://www.iebc.or.ke/uploads/resources/t5KQ6O4YGp.pdf","false",""
"MEMBER-OF-COUNTY-ASSEMBLY-KEN-C042-CON238-W1186","member_of_county_assembly","ward","KEN-C042-CON238-W1186","Kajulu","Adega Benson Ambuti","ODM","elected","2022 general election, declared 2022-08-22","A","2022-08-22","stale_unverified","IEBC","https://www.iebc.or.ke/uploads/resources/t5KQ6O4YGp.pdf","false",""
"MEMBER-OF-COUNTY-ASSEMBLY-KEN-C042-CON238-W1187","member_of_county_assembly","ward","KEN-C042-CON238-W1187","Kolwa East","Rakwach Reuben Okoth","ODM","elected","2022 general election, declared 2022-08-22","A","2022-08-22","stale_unverified","IEBC","https://www.iebc.or.ke/uploads/resources/t5KQ6O4YGp.pdf","false",""
"MEMBER-OF-COUNTY-ASSEMBLY-KEN-C042-CON238-W1188","member_of_county_assembly","ward","KEN-C042-CON238-W1188","Manyatta 'b'","Nereah Akoth Okombo","ODM","elected","2022 general election, declared 2022-08-22","A","2022-08-22","stale_unverified","IEBC","https://www.iebc.or.ke/uploads/resources/t5KQ6O4YGp.pdf","false",""
"MEMBER-OF-COUNTY-ASSEMBLY-KEN-C042-CON238-W1189","member_of_county_assembly","ward","KEN-C042-CON238-W1189","Nyalenda 'a'","Boitone Ratib Ahmed","ODM","elected","2022 general election, declared 2022-08-22","A","2022-08-22","stale_unverified","IEBC","https://www.iebc.or.ke/uploads/resources/t5KQ6O4YGp.pdf","false",""
"MEMBER-OF-COUNTY-ASSEMBLY-KEN-C042-CON238-W1190","member_of_county_assembly","ward","KEN-C042-CON238-W1190","Kolwa Central","Okoth Kevin Odhiambo","ODM","elected","2022 general election, declared 2022-08-22","A","2022-08-22","stale_unverified","IEBC","https://www.iebc.or.ke/uploads/resources/t5KQ6O4YGp.pdf","false",""
"MEMBER-OF-COUNTY-ASSEMBLY-KEN-C042-CON239-W1191","member_of_county_assembly","ward","KEN-C042-CON239-W1191","South West Kisumu","Obonyo Jenipher Akeyo","ODM","elected","2022 general election, declared 2022-08-22","A","2022-08-22","stale_unverified","IEBC","https://www.iebc.or.ke/uploads/resources/t5KQ6O4YGp.pdf","false",""
"MEMBER-OF-COUNTY-ASSEMBLY-KEN-C042-CON239-W1192","member_of_county_assembly","ward","KEN-C042-CON239-W1192","Central Kisumu","Okoyo Zacharia Mbuya","ODM","elected","2022 general election, declared 2022-08-22","A","2022-08-22","stale_unverified","IEBC","https://www.iebc.or.ke/uploads/resources/t5KQ6O4YGp.pdf","false",""
"MEMBER-OF-COUNTY-ASSEMBLY-KEN-C042-CON239-W1193","member_of_county_assembly","ward","KEN-C042-CON239-W1193","Kisumu North","Dedeh Samuel Otieno","ODM","elected","2022 general election, declared 2022-08-22","A","2022-08-22","stale_unverified","IEBC","https://www.iebc.or.ke/uploads/resources/t5KQ6O4YGp.pdf","false",""
"MEMBER-OF-COUNTY-ASSEMBLY-KEN-C042-CON239-W1194","member_of_county_assembly","ward","KEN-C042-CON239-W1194","West Kisumu","Ouko Kenedy Odhiambo","ODM","elected","2022 general election, declared 2022-08-22","A","2022-08-22","stale_unverified","IEBC","https://www.iebc.or.ke/uploads/resources/t5KQ6O4YGp.pdf","false",""
"MEMBER-OF-COUNTY-ASSEMBLY-KEN-C042-CON239-W1195","member_of_county_assembly","ward","KEN-C042-CON239-W1195","North West Kisumu","Jagongo Vincent Onyango","ODM","elected","2022 general election, declared 2022-08-22","B","2022-08-22","stale_unverified","IEBC","https://www.iebc.or.ke/uploads/resources/t5KQ6O4YGp.pdf","false",""
"MEMBER-OF-COUNTY-ASSEMBLY-KEN-C042-CON240-W1196","member_of_county_assembly","ward","KEN-C042-CON240-W1196","Railways","Omollo Samwel Onyango","ODM","elected","2022 general election, declared 2022-08-22","A","2022-08-22","stale_unverified","IEBC","https://www.iebc.or.ke/uploads/resources/t5KQ6O4YGp.pdf","false",""
"MEMBER-OF-COUNTY-ASSEMBLY-KEN-C042-CON240-W1197","member_of_county_assembly","ward","KEN-C042-CON240-W1197","Migosi","Oyoo Pamela Awuor","ODM","elected","2022 general election, declared 2022-08-22","A","2022-08-22","stale_unverified","IEBC","https://www.iebc.or.ke/uploads/resources/t5KQ6O4YGp.pdf","false",""
"MEMBER-OF-COUNTY-ASSEMBLY-KEN-C042-CON240-W1198","member_of_county_assembly","ward","KEN-C042-CON240-W1198","Shaurimoyo Kaloleni","Odhiambo Carren Ajwang","ODM","elected","2022 general election, declared 2022-08-22","A","2022-08-22","stale_unverified","IEBC","https://www.iebc.or.ke/uploads/resources/t5KQ6O4YGp.pdf","false",""
"MEMBER-OF-COUNTY-ASSEMBLY-KEN-C042-CON240-W1199","member_of_county_assembly","ward","KEN-C042-CON240-W1199","Market Milimani","Ochieng Seth","ODM","elected","2022 general election, declared 2022-08-22","A","2022-08-22","stale_unverified","IEBC","https://www.iebc.or.ke/uploads/resources/t5KQ6O4YGp.pdf","false",""
"MEMBER-OF-COUNTY-ASSEMBLY-KEN-C042-CON240-W1200","member_of_county_assembly","ward","KEN-C042-CON240-W1200","Kondele","Omieno Oketch Joachim","ODM","elected","2022 general election, declared 2022-08-22","A","2022-08-22","stale_unverified","IEBC","https://www.iebc.or.ke/uploads/resources/t5KQ6O4YGp.pdf","false",""
"MEMBER-OF-COUNTY-ASSEMBLY-KEN-C042-CON240-W1201","member_of_county_assembly","ward","KEN-C042-CON240-W1201","Nyalenda B","Were James Oyugi","ODM","elected","2022 general election, declared 2022-08-22","A","2022-08-22","stale_unverified","IEBC","https://www.iebc.or.ke/uploads/resources/t5KQ6O4YGp.pdf","false",""
"MEMBER-OF-COUNTY-ASSEMBLY-KEN-C042-CON241-W1202","member_of_county_assembly","ward","KEN-C042-CON241-W1202","West Seme","Othuthu George Abaja","ODM","elected","2022 general election, declared 2022-08-22","A","2022-08-22","stale_unverified","IEBC","https://www.iebc.or.ke/uploads/resources/t5KQ6O4YGp.pdf","false",""
"MEMBER-OF-COUNTY-ASSEMBLY-KEN-C042-CON241-W1203","member_of_county_assembly","ward","KEN-C042-CON241-W1203","Central Seme","Biko Mildred Achieng","ODM","elected","2022 general election, declared 2022-08-22","A","2022-08-22","stale_unverified","IEBC","https://www.iebc.or.ke/uploads/resources/t5KQ6O4YGp.pdf","false",""
"MEMBER-OF-COUNTY-ASSEMBLY-KEN-C042-CON241-W1204","member_of_county_assembly","ward","KEN-C042-CON241-W1204","East Seme","Okumu Seth Ogutu","ODM","elected","2022 general election, declared 2022-08-22","A","2022-08-22","stale_unverified","IEBC","https://www.iebc.or.ke/uploads/resources/t5KQ6O4YGp.pdf","false",""
"MEMBER-OF-COUNTY-ASSEMBLY-KEN-C042-CON241-W1205","member_of_county_assembly","ward","KEN-C042-CON241-W1205","North Seme","Omuya Millicent Atieno","ODM","elected","2022 general election, declared 2022-08-22","A","2022-08-22","stale_unverified","IEBC","https://www.iebc.or.ke/uploads/resources/t5KQ6O4YGp.pdf","false",""
"MEMBER-OF-COUNTY-ASSEMBLY-KEN-C042-CON242-W1206","member_of_county_assembly","ward","KEN-C042-CON242-W1206","East Kano/Wawidhi","Ochele Moses Odhiambo","ODM","elected","2022 general election, declared 2022-08-22","A","2022-08-22","stale_unverified","IEBC","https://www.iebc.or.ke/uploads/resources/t5KQ6O4YGp.pdf","false",""
"MEMBER-OF-COUNTY-ASSEMBLY-KEN-C042-CON242-W1207","member_of_county_assembly","ward","KEN-C042-CON242-W1207","Awasi/Onjiko","Ngeta Maurice","ODM","elected","2022 general election, declared 2022-08-22","A","2022-08-22","stale_unverified","IEBC","https://www.iebc.or.ke/uploads/resources/t5KQ6O4YGp.pdf","false",""
"MEMBER-OF-COUNTY-ASSEMBLY-KEN-C042-CON242-W1208","member_of_county_assembly","ward","KEN-C042-CON242-W1208","Ahero","Ooko Kennedy Omondiodm","ODM","elected","2022 general election, declared 2022-08-22","A","2022-08-22","stale_unverified","IEBC","https://www.iebc.or.ke/uploads/resources/t5KQ6O4YGp.pdf","false",""
"MEMBER-OF-COUNTY-ASSEMBLY-KEN-C042-CON242-W1209","member_of_county_assembly","ward","KEN-C042-CON242-W1209","Kabonyo/Kanyagwal","Oiko Benny Pete","ODM","elected","2022 general election, declared 2022-08-22","A","2022-08-22","stale_unverified","IEBC","https://www.iebc.or.ke/uploads/resources/t5KQ6O4YGp.pdf","false",""
"MEMBER-OF-COUNTY-ASSEMBLY-KEN-C042-CON242-W1210","member_of_county_assembly","ward","KEN-C042-CON242-W1210","Kobura","Bill Oliver","IND","elected","2022 general election, declared 2022-08-22","A","2022-08-22","stale_unverified","IEBC","https://www.iebc.or.ke/uploads/resources/t5KQ6O4YGp.pdf","false",""
"MEMBER-OF-COUNTY-ASSEMBLY-KEN-C042-CON243-W1211","member_of_county_assembly","ward","KEN-C042-CON243-W1211","Miwani","Warindo Geofrey","ODM","elected","2022 general election, declared 2022-08-22","A","2022-08-22","stale_unverified","IEBC","https://www.iebc.or.ke/uploads/resources/t5KQ6O4YGp.pdf","false",""
"MEMBER-OF-COUNTY-ASSEMBLY-KEN-C042-CON243-W1212","member_of_county_assembly","ward","KEN-C042-CON243-W1212","Ombeyi","Onditi Tom Onditi","ODM","elected","2022 general election, declared 2022-08-22","A","2022-08-22","stale_unverified","IEBC","https://www.iebc.or.ke/uploads/resources/t5KQ6O4YGp.pdf","false",""
"MEMBER-OF-COUNTY-ASSEMBLY-KEN-C042-CON243-W1213","member_of_county_assembly","ward","KEN-C042-CON243-W1213","Masogo/Nyang'oma","Nyasuna Habil Omondi","ODM","elected","2022 general election, declared 2022-08-22","A","2022-08-22","stale_unverified","IEBC","https://www.iebc.or.ke/uploads/resources/t5KQ6O4YGp.pdf","false",""
"MEMBER-OF-COUNTY-ASSEMBLY-KEN-C042-CON243-W1214","member_of_county_assembly","ward","KEN-C042-CON243-W1214","Chemelil","Odari Fredrick Ochieng Adonija","ODM","elected","2022 general election, declared 2022-08-22","A","2022-08-22","stale_unverified","IEBC","https://www.iebc.or.ke/uploads/resources/t5KQ6O4YGp.pdf","false",""
"MEMBER-OF-COUNTY-ASSEMBLY-KEN-C042-CON243-W1215","member_of_county_assembly","ward","KEN-C042-CON243-W1215","Muhoroni/Koru","K’omudho Vitalis Oliewo","ODM","elected","2022 general election, declared 2022-08-22","A","2022-08-22","stale_unverified","IEBC","https://www.iebc.or.ke/uploads/resources/t5KQ6O4YGp.pdf","false",""
"MEMBER-OF-COUNTY-ASSEMBLY-KEN-C042-CON244-W1216","member_of_county_assembly","ward","KEN-C042-CON244-W1216","South West Nyakach","Olima Gard Okoth","ODM","elected","2022 general election, declared 2022-08-22","A","2022-08-22","stale_unverified","IEBC","https://www.iebc.or.ke/uploads/resources/t5KQ6O4YGp.pdf","false",""
"MEMBER-OF-COUNTY-ASSEMBLY-KEN-C042-CON244-W1217","member_of_county_assembly","ward","KEN-C042-CON244-W1217","North Nyakach","Nyaoke Tom Odhiambo","ODM","elected","2022 general election, declared 2022-08-22","A","2022-08-22","stale_unverified","IEBC","https://www.iebc.or.ke/uploads/resources/t5KQ6O4YGp.pdf","false",""
"MEMBER-OF-COUNTY-ASSEMBLY-KEN-C042-CON244-W1218","member_of_county_assembly","ward","KEN-C042-CON244-W1218","Central Nyakach","Obuya Vincent Odhiambo","ODM","elected","2022 general election, declared 2022-08-22","A","2022-08-22","stale_unverified","IEBC","https://www.iebc.or.ke/uploads/resources/t5KQ6O4YGp.pdf","false",""
"MEMBER-OF-COUNTY-ASSEMBLY-KEN-C042-CON244-W1219","member_of_county_assembly","ward","KEN-C042-CON244-W1219","West Nyakach","Omolo James Ochieng","ODM","elected","2022 general election, declared 2022-08-22","A","2022-08-22","stale_unverified","IEBC","https://www.iebc.or.ke/uploads/resources/t5KQ6O4YGp.pdf","false",""
"MEMBER-OF-COUNTY-ASSEMBLY-KEN-C042-CON244-W1220","member_of_county_assembly","ward","KEN-C042-CON244-W1220","South East Nyakach","Owade Patrick Lumumba","ODM","elected","2022 general election, declared 2022-08-22","A","2022-08-22","stale_unverified","IEBC","https://www.iebc.or.ke/uploads/resources/t5KQ6O4YGp.pdf","false",""
"MEMBER-OF-COUNTY-ASSEMBLY-KEN-C043-CON245-W1221","member_of_county_assembly","ward","KEN-C043-CON245-W1221","West Kasipul","Bondo Vickins","IND","elected","2022 general election, declared 2022-08-22","A","2022-08-22","stale_unverified","IEBC","https://www.iebc.or.ke/uploads/resources/t5KQ6O4YGp.pdf","false",""
"MEMBER-OF-COUNTY-ASSEMBLY-KEN-C043-CON245-W1222","member_of_county_assembly","ward","KEN-C043-CON245-W1222","South Kasipul","Ongondo Zakayo Okuma","ODM","elected","2022 general election, declared 2022-08-22","A","2022-08-22","stale_unverified","IEBC","https://www.iebc.or.ke/uploads/resources/t5KQ6O4YGp.pdf","false",""
"MEMBER-OF-COUNTY-ASSEMBLY-KEN-C043-CON245-W1223","member_of_county_assembly","ward","KEN-C043-CON245-W1223","Central Kasipul","Obondo Bob Benard","ODM","elected","2022 general election, declared 2022-08-22","A","2022-08-22","stale_unverified","IEBC","https://www.iebc.or.ke/uploads/resources/t5KQ6O4YGp.pdf","false",""
"MEMBER-OF-COUNTY-ASSEMBLY-KEN-C043-CON245-W1224","member_of_county_assembly","ward","KEN-C043-CON245-W1224","East Kamagak","Oyugi Dorine Aoko","ODM","elected","2022 general election, declared 2022-08-22","A","2022-08-22","stale_unverified","IEBC","https://www.iebc.or.ke/uploads/resources/t5KQ6O4YGp.pdf","false",""
"MEMBER-OF-COUNTY-ASSEMBLY-KEN-C043-CON245-W1225","member_of_county_assembly","ward","KEN-C043-CON245-W1225","West Kamagak","Noah Billy Odhiambo","ODM","elected","2022 general election, declared 2022-08-22","A","2022-08-22","stale_unverified","IEBC","https://www.iebc.or.ke/uploads/resources/t5KQ6O4YGp.pdf","false",""
"MEMBER-OF-COUNTY-ASSEMBLY-KEN-C043-CON246-W1226","member_of_county_assembly","ward","KEN-C043-CON246-W1226","Kabondo East","Oloo Alice Weke","ODM","elected","2022 general election, declared 2022-08-22","A","2022-08-22","stale_unverified","IEBC","https://www.iebc.or.ke/uploads/resources/t5KQ6O4YGp.pdf","false",""
"MEMBER-OF-COUNTY-ASSEMBLY-KEN-C043-CON246-W1227","member_of_county_assembly","ward","KEN-C043-CON246-W1227","Kabondo West","Nyakomitta Peter Sungu","ODM","elected","2022 general election, declared 2022-08-22","A","2022-08-22","stale_unverified","IEBC","https://www.iebc.or.ke/uploads/resources/t5KQ6O4YGp.pdf","false",""
"MEMBER-OF-COUNTY-ASSEMBLY-KEN-C043-CON246-W1228","member_of_county_assembly","ward","KEN-C043-CON246-W1228","Kokwanyo/Kakelo","Miruka Paul Barry","ODM","elected","2022 general election, declared 2022-08-22","A","2022-08-22","stale_unverified","IEBC","https://www.iebc.or.ke/uploads/resources/t5KQ6O4YGp.pdf","false",""
"MEMBER-OF-COUNTY-ASSEMBLY-KEN-C043-CON246-W1229","member_of_county_assembly","ward","KEN-C043-CON246-W1229","Kojwach","Ogada Joan Minsari","ODM","elected","2022 general election, declared 2022-08-22","A","2022-08-22","stale_unverified","IEBC","https://www.iebc.or.ke/uploads/resources/t5KQ6O4YGp.pdf","false",""
"MEMBER-OF-COUNTY-ASSEMBLY-KEN-C043-CON247-W1230","member_of_county_assembly","ward","KEN-C043-CON247-W1230","West Karachuonyo","Lieta Samuel Okuta","ODM","elected","2022 general election, declared 2022-08-22","A","2022-08-22","stale_unverified","IEBC","https://www.iebc.or.ke/uploads/resources/t5KQ6O4YGp.pdf","false",""
"MEMBER-OF-COUNTY-ASSEMBLY-KEN-C043-CON247-W1231","member_of_county_assembly","ward","KEN-C043-CON247-W1231","North Karachuonyo","Odongo Daniel Ouma","ODM","elected","2022 general election, declared 2022-08-22","A","2022-08-22","stale_unverified","IEBC","https://www.iebc.or.ke/uploads/resources/t5KQ6O4YGp.pdf","false",""
"MEMBER-OF-COUNTY-ASSEMBLY-KEN-C043-CON247-W1232","member_of_county_assembly","ward","KEN-C043-CON247-W1232","Central","Onyango Lazarus Ojango","ODM","elected","2022 general election, declared 2022-08-22","A","2022-08-22","stale_unverified","IEBC","https://www.iebc.or.ke/uploads/resources/t5KQ6O4YGp.pdf","false",""
"MEMBER-OF-COUNTY-ASSEMBLY-KEN-C043-CON247-W1233","member_of_county_assembly","ward","KEN-C043-CON247-W1233","Kanyaluo","Ongoro Jeff Ochieng","ODM","elected","2022 general election, declared 2022-08-22","A","2022-08-22","stale_unverified","IEBC","https://www.iebc.or.ke/uploads/resources/t5KQ6O4YGp.pdf","false",""
"MEMBER-OF-COUNTY-ASSEMBLY-KEN-C043-CON247-W1234","member_of_county_assembly","ward","KEN-C043-CON247-W1234","Kibiri","Odera George Odiwuor","IND","elected","2022 general election, declared 2022-08-22","A","2022-08-22","stale_unverified","IEBC","https://www.iebc.or.ke/uploads/resources/t5KQ6O4YGp.pdf","false",""
"MEMBER-OF-COUNTY-ASSEMBLY-KEN-C043-CON247-W1235","member_of_county_assembly","ward","KEN-C043-CON247-W1235","Wangchieng","Obuya Victor Otieno","ODM","elected","2022 general election, declared 2022-08-22","A","2022-08-22","stale_unverified","IEBC","https://www.iebc.or.ke/uploads/resources/t5KQ6O4YGp.pdf","false",""
"MEMBER-OF-COUNTY-ASSEMBLY-KEN-C043-CON247-W1236","member_of_county_assembly","ward","KEN-C043-CON247-W1236","Kendu Bay Town","Adinda Tom Adhiambo","ODM","elected","2022 general election, declared 2022-08-22","A","2022-08-22","stale_unverified","IEBC","https://www.iebc.or.ke/uploads/resources/t5KQ6O4YGp.pdf","false",""
"MEMBER-OF-COUNTY-ASSEMBLY-KEN-C043-CON248-W1237","member_of_county_assembly","ward","KEN-C043-CON248-W1237","West Gem","Ware Patric Ogeja","ODM","elected","2022 general election, declared 2022-08-22","A","2022-08-22","stale_unverified","IEBC","https://www.iebc.or.ke/uploads/resources/t5KQ6O4YGp.pdf","false",""
"MEMBER-OF-COUNTY-ASSEMBLY-KEN-C043-CON248-W1238","member_of_county_assembly","ward","KEN-C043-CON248-W1238","East Gem","Odok Paul Owade","IND","elected","2022 general election, declared 2022-08-22","A","2022-08-22","stale_unverified","IEBC","https://www.iebc.or.ke/uploads/resources/t5KQ6O4YGp.pdf","false",""
"MEMBER-OF-COUNTY-ASSEMBLY-KEN-C043-CON248-W1239","member_of_county_assembly","ward","KEN-C043-CON248-W1239","Kagan","Odhiambo David Hamiltone","IND","elected","2022 general election, declared 2022-08-22","A","2022-08-22","stale_unverified","IEBC","https://www.iebc.or.ke/uploads/resources/t5KQ6O4YGp.pdf","false",""
"MEMBER-OF-COUNTY-ASSEMBLY-KEN-C043-CON248-W1240","member_of_county_assembly","ward","KEN-C043-CON248-W1240","Kochia","Nyangi Michael Ojala","ODM","elected","2022 general election, declared 2022-08-22","A","2022-08-22","stale_unverified","IEBC","https://www.iebc.or.ke/uploads/resources/t5KQ6O4YGp.pdf","false",""
"MEMBER-OF-COUNTY-ASSEMBLY-KEN-C043-CON249-W1241","member_of_county_assembly","ward","KEN-C043-CON249-W1241","Homa Bay Central","Ondiek Monoflorita","ODM","elected","2022 general election, declared 2022-08-22","A","2022-08-22","stale_unverified","IEBC","https://www.iebc.or.ke/uploads/resources/t5KQ6O4YGp.pdf","false",""
"MEMBER-OF-COUNTY-ASSEMBLY-KEN-C043-CON249-W1242","member_of_county_assembly","ward","KEN-C043-CON249-W1242","Homa Bay Arujo","Otieno Tonny Okoth","IND","elected","2022 general election, declared 2022-08-22","A","2022-08-22","stale_unverified","IEBC","https://www.iebc.or.ke/uploads/resources/t5KQ6O4YGp.pdf","false",""
"MEMBER-OF-COUNTY-ASSEMBLY-KEN-C043-CON249-W1243","member_of_county_assembly","ward","KEN-C043-CON249-W1243","Homa Bay West","Obwana Samwel Ogono","IND","elected","2022 general election, declared 2022-08-22","A","2022-08-22","stale_unverified","IEBC","https://www.iebc.or.ke/uploads/resources/t5KQ6O4YGp.pdf","false",""
"MEMBER-OF-COUNTY-ASSEMBLY-KEN-C043-CON249-W1244","member_of_county_assembly","ward","KEN-C043-CON249-W1244","Homa Bay East","Erick Omollo","ODM","elected","2022 general election, declared 2022-08-22","A","2022-08-22","stale_unverified","IEBC","https://www.iebc.or.ke/uploads/resources/t5KQ6O4YGp.pdf","false",""
"MEMBER-OF-COUNTY-ASSEMBLY-KEN-C043-CON250-W1245","member_of_county_assembly","ward","KEN-C043-CON250-W1245","Kwabwai","Ouma Ogindo Richard","ODM","elected","2022 general election, declared 2022-08-22","A","2022-08-22","stale_unverified","IEBC","https://www.iebc.or.ke/uploads/resources/t5KQ6O4YGp.pdf","false",""
"MEMBER-OF-COUNTY-ASSEMBLY-KEN-C043-CON250-W1246","member_of_county_assembly","ward","KEN-C043-CON250-W1246","Kanyadoto","Agawo Lentana Adoto Apopo","ODM","elected","2022 general election, declared 2022-08-22","A","2022-08-22","stale_unverified","IEBC","https://www.iebc.or.ke/uploads/resources/t5KQ6O4YGp.pdf","false",""
"MEMBER-OF-COUNTY-ASSEMBLY-KEN-C043-CON250-W1247","member_of_county_assembly","ward","KEN-C043-CON250-W1247","Kanyikela","Kasera Wanjala Sylvance","ODM","elected","2022 general election, declared 2022-08-22","A","2022-08-22","stale_unverified","IEBC","https://www.iebc.or.ke/uploads/resources/t5KQ6O4YGp.pdf","false",""
"MEMBER-OF-COUNTY-ASSEMBLY-KEN-C043-CON250-W1248","member_of_county_assembly","ward","KEN-C043-CON250-W1248","North Kabuoch","Khiri Kahiri Boaz","ODM","elected","2022 general election, declared 2022-08-22","B","2022-08-22","stale_unverified","IEBC","https://www.iebc.or.ke/uploads/resources/t5KQ6O4YGp.pdf","false",""
"MEMBER-OF-COUNTY-ASSEMBLY-KEN-C043-CON250-W1249","member_of_county_assembly","ward","KEN-C043-CON250-W1249","Kabuoch South/Pala","Adongo Walter Otieno","IND","elected","2022 general election, declared 2022-08-22","A","2022-08-22","stale_unverified","IEBC","https://www.iebc.or.ke/uploads/resources/t5KQ6O4YGp.pdf","false",""
"MEMBER-OF-COUNTY-ASSEMBLY-KEN-C043-CON250-W1250","member_of_county_assembly","ward","KEN-C043-CON250-W1250","Kanyamwa Kologi","Oloo David Ohiambo","ODM","elected","2022 general election, declared 2022-08-22","A","2022-08-22","stale_unverified","IEBC","https://www.iebc.or.ke/uploads/resources/t5KQ6O4YGp.pdf","false",""
"MEMBER-OF-COUNTY-ASSEMBLY-KEN-C043-CON250-W1251","member_of_county_assembly","ward","KEN-C043-CON250-W1251","Kanyamwa Kosewe","Owaka Nicholas Otieno","ODM","elected","2022 general election, declared 2022-08-22","A","2022-08-22","stale_unverified","IEBC","https://www.iebc.or.ke/uploads/resources/t5KQ6O4YGp.pdf","false",""
"MEMBER-OF-COUNTY-ASSEMBLY-KEN-C043-CON251-W1252","member_of_county_assembly","ward","KEN-C043-CON251-W1252","Mfangano Island","Ojwang Joseph Tom","ODM","elected","2022 general election, declared 2022-08-22","B","2022-08-22","stale_unverified","IEBC","https://www.iebc.or.ke/uploads/resources/t5KQ6O4YGp.pdf","false",""
"MEMBER-OF-COUNTY-ASSEMBLY-KEN-C043-CON251-W1253","member_of_county_assembly","ward","KEN-C043-CON251-W1253","Rusinga Island","Okomo Samwel Oking’","ODM","elected","2022 general election, declared 2022-08-22","B","2022-08-22","stale_unverified","IEBC","https://www.iebc.or.ke/uploads/resources/t5KQ6O4YGp.pdf","false",""
"MEMBER-OF-COUNTY-ASSEMBLY-KEN-C043-CON251-W1254","member_of_county_assembly","ward","KEN-C043-CON251-W1254","Kasgunga","Odongo Raphael Ouma","ODM","elected","2022 general election, declared 2022-08-22","A","2022-08-22","stale_unverified","IEBC","https://www.iebc.or.ke/uploads/resources/t5KQ6O4YGp.pdf","false",""
"MEMBER-OF-COUNTY-ASSEMBLY-KEN-C043-CON251-W1255","member_of_county_assembly","ward","KEN-C043-CON251-W1255","Gembe","Molo Reuben Odhiambo","ODM","elected","2022 general election, declared 2022-08-22","A","2022-08-22","stale_unverified","IEBC","https://www.iebc.or.ke/uploads/resources/t5KQ6O4YGp.pdf","false",""
"MEMBER-OF-COUNTY-ASSEMBLY-KEN-C043-CON251-W1256","member_of_county_assembly","ward","KEN-C043-CON251-W1256","Lambwe","Salim Sophie Akinyi","ODM","elected","2022 general election, declared 2022-08-22","A","2022-08-22","stale_unverified","IEBC","https://www.iebc.or.ke/uploads/resources/t5KQ6O4YGp.pdf","false",""
"MEMBER-OF-COUNTY-ASSEMBLY-KEN-C043-CON252-W1257","member_of_county_assembly","ward","KEN-C043-CON252-W1257","Gwassi South","Onyango Susan Akoth","IND","elected","2022 general election, declared 2022-08-22","A","2022-08-22","stale_unverified","IEBC","https://www.iebc.or.ke/uploads/resources/t5KQ6O4YGp.pdf","false",""
"MEMBER-OF-COUNTY-ASSEMBLY-KEN-C043-CON252-W1258","member_of_county_assembly","ward","KEN-C043-CON252-W1258","Gwassi North","Sharon Joseph","ODM","elected","2022 general election, declared 2022-08-22","A","2022-08-22","stale_unverified","IEBC","https://www.iebc.or.ke/uploads/resources/t5KQ6O4YGp.pdf","false",""
"MEMBER-OF-COUNTY-ASSEMBLY-KEN-C043-CON252-W1259","member_of_county_assembly","ward","KEN-C043-CON252-W1259","Kaksingri West","Okoth Victor Owuor Uhuru","ODM","elected","2022 general election, declared 2022-08-22","A","2022-08-22","stale_unverified","IEBC","https://www.iebc.or.ke/uploads/resources/t5KQ6O4YGp.pdf","false",""
"MEMBER-OF-COUNTY-ASSEMBLY-KEN-C043-CON252-W1260","member_of_county_assembly","ward","KEN-C043-CON252-W1260","Ruma Kaksingri East","Asiago Titus Okello","ODM","elected","2022 general election, declared 2022-08-22","B","2022-08-22","stale_unverified","IEBC","https://www.iebc.or.ke/uploads/resources/t5KQ6O4YGp.pdf","false",""
"MEMBER-OF-COUNTY-ASSEMBLY-KEN-C044-CON253-W1261","member_of_county_assembly","ward","KEN-C044-CON253-W1261","North Kamagambo","Oluoch Osewe Collince","IND","elected","2022 general election, declared 2022-08-22","A","2022-08-22","stale_unverified","IEBC","https://www.iebc.or.ke/uploads/resources/t5KQ6O4YGp.pdf","false",""
"MEMBER-OF-COUNTY-ASSEMBLY-KEN-C044-CON253-W1262","member_of_county_assembly","ward","KEN-C044-CON253-W1262","Central Kamagambo","Akal Jacob Calebs","ODM","elected","2022 general election, declared 2022-08-22","A","2022-08-22","stale_unverified","IEBC","https://www.iebc.or.ke/uploads/resources/t5KQ6O4YGp.pdf","false",""
"MEMBER-OF-COUNTY-ASSEMBLY-KEN-C044-CON253-W1263","member_of_county_assembly","ward","KEN-C044-CON253-W1263","East Kamagambo","Nyaoke Simon","ODM","elected","2022 general election, declared 2022-08-22","A","2022-08-22","stale_unverified","IEBC","https://www.iebc.or.ke/uploads/resources/t5KQ6O4YGp.pdf","false",""
"MEMBER-OF-COUNTY-ASSEMBLY-KEN-C044-CON253-W1264","member_of_county_assembly","ward","KEN-C044-CON253-W1264","South Kamagambo","Agai Collins Ochieng’","ODM","elected","2022 general election, declared 2022-08-22","A","2022-08-22","stale_unverified","IEBC","https://www.iebc.or.ke/uploads/resources/t5KQ6O4YGp.pdf","false",""
"MEMBER-OF-COUNTY-ASSEMBLY-KEN-C044-CON254-W1265","member_of_county_assembly","ward","KEN-C044-CON254-W1265","North Sakwa","Mikwaya William Obonyo","ODM","elected","2022 general election, declared 2022-08-22","A","2022-08-22","stale_unverified","IEBC","https://www.iebc.or.ke/uploads/resources/t5KQ6O4YGp.pdf","false",""
"MEMBER-OF-COUNTY-ASSEMBLY-KEN-C044-CON254-W1266","member_of_county_assembly","ward","KEN-C044-CON254-W1266","South Sakwa","Ouma Edward Ooro","ODM","elected","2022 general election, declared 2022-08-22","A","2022-08-22","stale_unverified","IEBC","https://www.iebc.or.ke/uploads/resources/t5KQ6O4YGp.pdf","false",""
"MEMBER-OF-COUNTY-ASSEMBLY-KEN-C044-CON254-W1267","member_of_county_assembly","ward","KEN-C044-CON254-W1267","West Sakwa","Owiyo Otieno Nestory","IND","elected","2022 general election, declared 2022-08-22","A","2022-08-22","stale_unverified","IEBC","https://www.iebc.or.ke/uploads/resources/t5KQ6O4YGp.pdf","false",""
"MEMBER-OF-COUNTY-ASSEMBLY-KEN-C044-CON254-W1268","member_of_county_assembly","ward","KEN-C044-CON254-W1268","Central Sakwa","Migose Esther Auma","IND","elected","2022 general election, declared 2022-08-22","A","2022-08-22","stale_unverified","IEBC","https://www.iebc.or.ke/uploads/resources/t5KQ6O4YGp.pdf","false",""
"MEMBER-OF-COUNTY-ASSEMBLY-KEN-C044-CON255-W1269","member_of_county_assembly","ward","KEN-C044-CON255-W1269","God Jope","Koyoo Onyando Charles","ODM","elected","2022 general election, declared 2022-08-22","A","2022-08-22","stale_unverified","IEBC","https://www.iebc.or.ke/uploads/resources/t5KQ6O4YGp.pdf","false",""
"MEMBER-OF-COUNTY-ASSEMBLY-KEN-C044-CON255-W1270","member_of_county_assembly","ward","KEN-C044-CON255-W1270","Suna Central","Ochieng Samwel Obrien","ODM","elected","2022 general election, declared 2022-08-22","A","2022-08-22","stale_unverified","IEBC","https://www.iebc.or.ke/uploads/resources/t5KQ6O4YGp.pdf","false",""
"MEMBER-OF-COUNTY-ASSEMBLY-KEN-C044-CON255-W1271","member_of_county_assembly","ward","KEN-C044-CON255-W1271","Kakrao","Martine Tobius Okelo","ODM","elected","2022 general election, declared 2022-08-22","A","2022-08-22","stale_unverified","IEBC","https://www.iebc.or.ke/uploads/resources/t5KQ6O4YGp.pdf","false",""
"MEMBER-OF-COUNTY-ASSEMBLY-KEN-C044-CON255-W1272","member_of_county_assembly","ward","KEN-C044-CON255-W1272","Kwa","Ongele Caleb Owuor","ODM","elected","2022 general election, declared 2022-08-22","A","2022-08-22","stale_unverified","IEBC","https://www.iebc.or.ke/uploads/resources/t5KQ6O4YGp.pdf","false",""
"MEMBER-OF-COUNTY-ASSEMBLY-KEN-C044-CON256-W1273","member_of_county_assembly","ward","KEN-C044-CON256-W1273","Wiga","Were Robert John","ODM","elected","2022 general election, declared 2022-08-22","A","2022-08-22","stale_unverified","IEBC","https://www.iebc.or.ke/uploads/resources/t5KQ6O4YGp.pdf","false",""
"MEMBER-OF-COUNTY-ASSEMBLY-KEN-C044-CON256-W1274","member_of_county_assembly","ward","KEN-C044-CON256-W1274","Wasweta Ii","Omondi Erickson Odhiambo","IND","elected","2022 general election, declared 2022-08-22","A","2022-08-22","stale_unverified","IEBC","https://www.iebc.or.ke/uploads/resources/t5KQ6O4YGp.pdf","false",""
"MEMBER-OF-COUNTY-ASSEMBLY-KEN-C044-CON256-W1275","member_of_county_assembly","ward","KEN-C044-CON256-W1275","Ragana-Oruba","Onyancha Beatrice Akomo","ODM","elected","2022 general election, declared 2022-08-22","B","2022-08-22","stale_unverified","IEBC","https://www.iebc.or.ke/uploads/resources/t5KQ6O4YGp.pdf","false",""
"MEMBER-OF-COUNTY-ASSEMBLY-KEN-C044-CON256-W1276","member_of_county_assembly","ward","KEN-C044-CON256-W1276","Wasimbete","Mirimbo Julius Otieno","ODM","elected","2022 general election, declared 2022-08-22","A","2022-08-22","stale_unverified","IEBC","https://www.iebc.or.ke/uploads/resources/t5KQ6O4YGp.pdf","false",""
"MEMBER-OF-COUNTY-ASSEMBLY-KEN-C044-CON257-W1277","member_of_county_assembly","ward","KEN-C044-CON257-W1277","West Kanyamkago","Mijungu Peter Ochieng’","IND","elected","2022 general election, declared 2022-08-22","A","2022-08-22","stale_unverified","IEBC","https://www.iebc.or.ke/uploads/resources/t5KQ6O4YGp.pdf","false",""
"MEMBER-OF-COUNTY-ASSEMBLY-KEN-C044-CON257-W1278","member_of_county_assembly","ward","KEN-C044-CON257-W1278","North Kanyamkago","Omamba George Okinyi","ODM","elected","2022 general election, declared 2022-08-22","A","2022-08-22","stale_unverified","IEBC","https://www.iebc.or.ke/uploads/resources/t5KQ6O4YGp.pdf","false",""
"MEMBER-OF-COUNTY-ASSEMBLY-KEN-C044-CON257-W1279","member_of_county_assembly","ward","KEN-C044-CON257-W1279","Central Kanyamkago","Odii Eunice Apiyo","ODM","elected","2022 general election, declared 2022-08-22","A","2022-08-22","stale_unverified","IEBC","https://www.iebc.or.ke/uploads/resources/t5KQ6O4YGp.pdf","false",""
"MEMBER-OF-COUNTY-ASSEMBLY-KEN-C044-CON257-W1280","member_of_county_assembly","ward","KEN-C044-CON257-W1280","South Kanyamkago","Angogo Graham Kagali","ODM","elected","2022 general election, declared 2022-08-22","A","2022-08-22","stale_unverified","IEBC","https://www.iebc.or.ke/uploads/resources/t5KQ6O4YGp.pdf","false",""
"MEMBER-OF-COUNTY-ASSEMBLY-KEN-C044-CON257-W1281","member_of_county_assembly","ward","KEN-C044-CON257-W1281","East Kanyamkago","Ogolla Norman Otieno","ODM","elected","2022 general election, declared 2022-08-22","A","2022-08-22","stale_unverified","IEBC","https://www.iebc.or.ke/uploads/resources/t5KQ6O4YGp.pdf","false",""
"MEMBER-OF-COUNTY-ASSEMBLY-KEN-C044-CON258-W1282","member_of_county_assembly","ward","KEN-C044-CON258-W1282","Kachien'g","Osodo Brian Odhiambo","IND","elected","2022 general election, declared 2022-08-22","A","2022-08-22","stale_unverified","IEBC","https://www.iebc.or.ke/uploads/resources/t5KQ6O4YGp.pdf","false",""
"MEMBER-OF-COUNTY-ASSEMBLY-KEN-C044-CON258-W1283","member_of_county_assembly","ward","KEN-C044-CON258-W1283","Kanyasa","Okeyo Paul Ndiege","UPIA","elected","2022 general election, declared 2022-08-22","A","2022-08-22","stale_unverified","IEBC","https://www.iebc.or.ke/uploads/resources/t5KQ6O4YGp.pdf","false",""
"MEMBER-OF-COUNTY-ASSEMBLY-KEN-C044-CON258-W1284","member_of_county_assembly","ward","KEN-C044-CON258-W1284","North Kadem","Obonyo Samson Olima","ODM","elected","2022 general election, declared 2022-08-22","A","2022-08-22","stale_unverified","IEBC","https://www.iebc.or.ke/uploads/resources/t5KQ6O4YGp.pdf","false",""
"MEMBER-OF-COUNTY-ASSEMBLY-KEN-C044-CON258-W1285","member_of_county_assembly","ward","KEN-C044-CON258-W1285","Macalder/Kanyarwanda","Okwanyo Felix Odiambo","ODM","elected","2022 general election, declared 2022-08-22","A","2022-08-22","stale_unverified","IEBC","https://www.iebc.or.ke/uploads/resources/t5KQ6O4YGp.pdf","false",""
"MEMBER-OF-COUNTY-ASSEMBLY-KEN-C044-CON258-W1286","member_of_county_assembly","ward","KEN-C044-CON258-W1286","Kaler","Akungo Thomas Omondi","IND","elected","2022 general election, declared 2022-08-22","A","2022-08-22","stale_unverified","IEBC","https://www.iebc.or.ke/uploads/resources/t5KQ6O4YGp.pdf","false",""
"MEMBER-OF-COUNTY-ASSEMBLY-KEN-C044-CON258-W1287","member_of_county_assembly","ward","KEN-C044-CON258-W1287","Got Kachola","Achola Seko Calvine","ODM","elected","2022 general election, declared 2022-08-22","A","2022-08-22","stale_unverified","IEBC","https://www.iebc.or.ke/uploads/resources/t5KQ6O4YGp.pdf","false",""
"MEMBER-OF-COUNTY-ASSEMBLY-KEN-C044-CON258-W1288","member_of_county_assembly","ward","KEN-C044-CON258-W1288","Muhuru","Munico Lawrence Magubo Jeremiah","ODM","elected","2022 general election, declared 2022-08-22","A","2022-08-22","stale_unverified","IEBC","https://www.iebc.or.ke/uploads/resources/t5KQ6O4YGp.pdf","false",""
"MEMBER-OF-COUNTY-ASSEMBLY-KEN-C044-CON259-W1289","member_of_county_assembly","ward","KEN-C044-CON259-W1289","Bukira East","Mathew David Chacha","ODM","elected","2022 general election, declared 2022-08-22","A","2022-08-22","stale_unverified","IEBC","https://www.iebc.or.ke/uploads/resources/t5KQ6O4YGp.pdf","false",""
"MEMBER-OF-COUNTY-ASSEMBLY-KEN-C044-CON259-W1290","member_of_county_assembly","ward","KEN-C044-CON259-W1290","Bukira Centrl/Ikerege","Tibaya Gimasejohnson","IND","elected","2022 general election, declared 2022-08-22","B","2022-08-22","stale_unverified","IEBC","https://www.iebc.or.ke/uploads/resources/t5KQ6O4YGp.pdf","false",""
"MEMBER-OF-COUNTY-ASSEMBLY-KEN-C044-CON259-W1291","member_of_county_assembly","ward","KEN-C044-CON259-W1291","Isibania","Nyamohanga Piusichobwe","ODM","elected","2022 general election, declared 2022-08-22","A","2022-08-22","stale_unverified","IEBC","https://www.iebc.or.ke/uploads/resources/t5KQ6O4YGp.pdf","false",""
"MEMBER-OF-COUNTY-ASSEMBLY-KEN-C044-CON259-W1292","member_of_county_assembly","ward","KEN-C044-CON259-W1292","Makerero","Simion Patrickmarwa","JP","elected","2022 general election, declared 2022-08-22","A","2022-08-22","stale_unverified","IEBC","https://www.iebc.or.ke/uploads/resources/t5KQ6O4YGp.pdf","false",""
"MEMBER-OF-COUNTY-ASSEMBLY-KEN-C044-CON259-W1293","member_of_county_assembly","ward","KEN-C044-CON259-W1293","Masaba","Mwita Mohonoclackson","KANU","elected","2022 general election, declared 2022-08-22","A","2022-08-22","stale_unverified","IEBC","https://www.iebc.or.ke/uploads/resources/t5KQ6O4YGp.pdf","false",""
"MEMBER-OF-COUNTY-ASSEMBLY-KEN-C044-CON259-W1294","member_of_county_assembly","ward","KEN-C044-CON259-W1294","Tagare","Maroa Moses Magwe","JP","elected","2022 general election, declared 2022-08-22","A","2022-08-22","stale_unverified","IEBC","https://www.iebc.or.ke/uploads/resources/t5KQ6O4YGp.pdf","false",""
"MEMBER-OF-COUNTY-ASSEMBLY-KEN-C044-CON259-W1295","member_of_county_assembly","ward","KEN-C044-CON259-W1295","Nyamosense/Komosoko","Machumbe Joseph Rioba","UDA","elected","2022 general election, declared 2022-08-22","A","2022-08-22","stale_unverified","IEBC","https://www.iebc.or.ke/uploads/resources/t5KQ6O4YGp.pdf","false",""
"MEMBER-OF-COUNTY-ASSEMBLY-KEN-C044-CON260-W1296","member_of_county_assembly","ward","KEN-C044-CON260-W1296","Gokeharaka/Getambwega","Nildad Joseph Bageni","ODM","elected","2022 general election, declared 2022-08-22","A","2022-08-22","stale_unverified","IEBC","https://www.iebc.or.ke/uploads/resources/t5KQ6O4YGp.pdf","false",""
"MEMBER-OF-COUNTY-ASSEMBLY-KEN-C044-CON260-W1297","member_of_county_assembly","ward","KEN-C044-CON260-W1297","Ntimaru West","Wambura Caleb Philip","ODM","elected","2022 general election, declared 2022-08-22","A","2022-08-22","stale_unverified","IEBC","https://www.iebc.or.ke/uploads/resources/t5KQ6O4YGp.pdf","false",""
"MEMBER-OF-COUNTY-ASSEMBLY-KEN-C044-CON260-W1298","member_of_county_assembly","ward","KEN-C044-CON260-W1298","Ntimaru East","Nyamosi James Wansima","PPOK","elected","2022 general election, declared 2022-08-22","A","2022-08-22","stale_unverified","IEBC","https://www.iebc.or.ke/uploads/resources/t5KQ6O4YGp.pdf","false",""
"MEMBER-OF-COUNTY-ASSEMBLY-KEN-C044-CON260-W1299","member_of_county_assembly","ward","KEN-C044-CON260-W1299","Nyabasi East","Daniel Maroa Nyamohanga","PPOK","elected","2022 general election, declared 2022-08-22","A","2022-08-22","stale_unverified","IEBC","https://www.iebc.or.ke/uploads/resources/t5KQ6O4YGp.pdf","false",""
"MEMBER-OF-COUNTY-ASSEMBLY-KEN-C044-CON260-W1300","member_of_county_assembly","ward","KEN-C044-CON260-W1300","Nyabasi West","Magige Sarara David","PPOK","elected","2022 general election, declared 2022-08-22","A","2022-08-22","stale_unverified","IEBC","https://www.iebc.or.ke/uploads/resources/t5KQ6O4YGp.pdf","false",""
"MEMBER-OF-COUNTY-ASSEMBLY-KEN-C045-CON261-W1301","member_of_county_assembly","ward","KEN-C045-CON261-W1301","Bomariba","Tirisa Dismas Onsombi","KNC","elected","2022 general election, declared 2022-08-22","A","2022-08-22","stale_unverified","IEBC","https://www.iebc.or.ke/uploads/resources/t5KQ6O4YGp.pdf","false",""
"MEMBER-OF-COUNTY-ASSEMBLY-KEN-C045-CON261-W1302","member_of_county_assembly","ward","KEN-C045-CON261-W1302","Bogiakumu","Matundura Ismael Bosire","ODM","elected","2022 general election, declared 2022-08-22","A","2022-08-22","stale_unverified","IEBC","https://www.iebc.or.ke/uploads/resources/t5KQ6O4YGp.pdf","false",""
"MEMBER-OF-COUNTY-ASSEMBLY-KEN-C045-CON261-W1303","member_of_county_assembly","ward","KEN-C045-CON261-W1303","Bomorenda","Maisaba John Ombati","UPA","elected","2022 general election, declared 2022-08-22","A","2022-08-22","stale_unverified","IEBC","https://www.iebc.or.ke/uploads/resources/t5KQ6O4YGp.pdf","false",""
"MEMBER-OF-COUNTY-ASSEMBLY-KEN-C045-CON261-W1304","member_of_county_assembly","ward","KEN-C045-CON261-W1304","Riana","Omwando Victor Ombasa","MCCP","elected","2022 general election, declared 2022-08-22","A","2022-08-22","stale_unverified","IEBC","https://www.iebc.or.ke/uploads/resources/t5KQ6O4YGp.pdf","false",""
"MEMBER-OF-COUNTY-ASSEMBLY-KEN-C045-CON262-W1305","member_of_county_assembly","ward","KEN-C045-CON262-W1305","Tabaka","Kenyanya Jim","ODM","elected","2022 general election, declared 2022-08-22","A","2022-08-22","stale_unverified","IEBC","https://www.iebc.or.ke/uploads/resources/t5KQ6O4YGp.pdf","false",""
"MEMBER-OF-COUNTY-ASSEMBLY-KEN-C045-CON262-W1306","member_of_county_assembly","ward","KEN-C045-CON262-W1306","Boikang'a","Ayiema Paul Okombo","UDA","elected","2022 general election, declared 2022-08-22","A","2022-08-22","stale_unverified","IEBC","https://www.iebc.or.ke/uploads/resources/t5KQ6O4YGp.pdf","false",""
"MEMBER-OF-COUNTY-ASSEMBLY-KEN-C045-CON262-W1307","member_of_county_assembly","ward","KEN-C045-CON262-W1307","Bogetenga","Makori Samuel Mauti","KNC","elected","2022 general election, declared 2022-08-22","A","2022-08-22","stale_unverified","IEBC","https://www.iebc.or.ke/uploads/resources/t5KQ6O4YGp.pdf","false",""
"MEMBER-OF-COUNTY-ASSEMBLY-KEN-C045-CON262-W1308","member_of_county_assembly","ward","KEN-C045-CON262-W1308","Borabu / Chitago","Nyambane Felix Ombati","IND","elected","2022 general election, declared 2022-08-22","B","2022-08-22","stale_unverified","IEBC","https://www.iebc.or.ke/uploads/resources/t5KQ6O4YGp.pdf","false",""
"MEMBER-OF-COUNTY-ASSEMBLY-KEN-C045-CON262-W1309","member_of_county_assembly","ward","KEN-C045-CON262-W1309","Moticho","Achira Ronald Ongaga","UDA","elected","2022 general election, declared 2022-08-22","A","2022-08-22","stale_unverified","IEBC","https://www.iebc.or.ke/uploads/resources/t5KQ6O4YGp.pdf","false",""
"MEMBER-OF-COUNTY-ASSEMBLY-KEN-C045-CON262-W1310","member_of_county_assembly","ward","KEN-C045-CON262-W1310","Getenga","Oyari Joseph Oroko","KNC","elected","2022 general election, declared 2022-08-22","A","2022-08-22","stale_unverified","IEBC","https://www.iebc.or.ke/uploads/resources/t5KQ6O4YGp.pdf","false",""
"MEMBER-OF-COUNTY-ASSEMBLY-KEN-C045-CON263-W1311","member_of_county_assembly","ward","KEN-C045-CON263-W1311","Bombaba Borabu","Makwae Beatrice Kerubo","ODM","elected","2022 general election, declared 2022-08-22","A","2022-08-22","stale_unverified","IEBC","https://www.iebc.or.ke/uploads/resources/t5KQ6O4YGp.pdf","false",""
"MEMBER-OF-COUNTY-ASSEMBLY-KEN-C045-CON263-W1312","member_of_county_assembly","ward","KEN-C045-CON263-W1312","Boochi Borabu","Omwamba Nicodemus Willy","KNC","elected","2022 general election, declared 2022-08-22","A","2022-08-22","stale_unverified","IEBC","https://www.iebc.or.ke/uploads/resources/t5KQ6O4YGp.pdf","false",""
"MEMBER-OF-COUNTY-ASSEMBLY-KEN-C045-CON263-W1313","member_of_county_assembly","ward","KEN-C045-CON263-W1313","Bokimonge","Onderi Amos Begi","ODM","elected","2022 general election, declared 2022-08-22","A","2022-08-22","stale_unverified","IEBC","https://www.iebc.or.ke/uploads/resources/t5KQ6O4YGp.pdf","false",""
"MEMBER-OF-COUNTY-ASSEMBLY-KEN-C045-CON263-W1314","member_of_county_assembly","ward","KEN-C045-CON263-W1314","Magenche","Ogugu Timothy Okiomeri","KSC","elected","2022 general election, declared 2022-08-22","A","2022-08-22","stale_unverified","IEBC","https://www.iebc.or.ke/uploads/resources/t5KQ6O4YGp.pdf","false",""
"MEMBER-OF-COUNTY-ASSEMBLY-KEN-C045-CON264-W1315","member_of_county_assembly","ward","KEN-C045-CON264-W1315","Masige West","Bagaka Jacob Barongo","UPA","elected","2022 general election, declared 2022-08-22","A","2022-08-22","stale_unverified","IEBC","https://www.iebc.or.ke/uploads/resources/t5KQ6O4YGp.pdf","false",""
"MEMBER-OF-COUNTY-ASSEMBLY-KEN-C045-CON264-W1316","member_of_county_assembly","ward","KEN-C045-CON264-W1316","Masige East","Motume Michael Onchiri","IND","elected","2022 general election, declared 2022-08-22","A","2022-08-22","stale_unverified","IEBC","https://www.iebc.or.ke/uploads/resources/t5KQ6O4YGp.pdf","false",""
"MEMBER-OF-COUNTY-ASSEMBLY-KEN-C045-CON264-W1317","member_of_county_assembly","ward","KEN-C045-CON264-W1317","Bobasi Central","Moracha Henry","ODM","elected","2022 general election, declared 2022-08-22","B","2022-08-22","stale_unverified","IEBC","https://www.iebc.or.ke/uploads/resources/t5KQ6O4YGp.pdf","false",""
"MEMBER-OF-COUNTY-ASSEMBLY-KEN-C045-CON264-W1318","member_of_county_assembly","ward","KEN-C045-CON264-W1318","Nyacheki","Onkoba Naftal Nyaberi","JP","elected","2022 general election, declared 2022-08-22","A","2022-08-22","stale_unverified","IEBC","https://www.iebc.or.ke/uploads/resources/t5KQ6O4YGp.pdf","false",""
"MEMBER-OF-COUNTY-ASSEMBLY-KEN-C045-CON264-W1319","member_of_county_assembly","ward","KEN-C045-CON264-W1319","Bobasi Bogetaorio","Machuki Ibrahim Morang’a","NARC-K","elected","2022 general election, declared 2022-08-22","B","2022-08-22","stale_unverified","IEBC","https://www.iebc.or.ke/uploads/resources/t5KQ6O4YGp.pdf","false",""
"MEMBER-OF-COUNTY-ASSEMBLY-KEN-C045-CON264-W1320","member_of_county_assembly","ward","KEN-C045-CON264-W1320","Bobasi Chache","Mainama John Sambo","UPA","elected","2022 general election, declared 2022-08-22","A","2022-08-22","stale_unverified","IEBC","https://www.iebc.or.ke/uploads/resources/t5KQ6O4YGp.pdf","false",""
"MEMBER-OF-COUNTY-ASSEMBLY-KEN-C045-CON264-W1321","member_of_county_assembly","ward","KEN-C045-CON264-W1321","Sameta/Mokwerero","Ondari Joseph Sonye","WDM","elected","2022 general election, declared 2022-08-22","A","2022-08-22","stale_unverified","IEBC","https://www.iebc.or.ke/uploads/resources/t5KQ6O4YGp.pdf","false",""
"MEMBER-OF-COUNTY-ASSEMBLY-KEN-C045-CON264-W1322","member_of_county_assembly","ward","KEN-C045-CON264-W1322","Bobasi Boitangare","Obare Thomas Nyabaro","IND","elected","2022 general election, declared 2022-08-22","B","2022-08-22","stale_unverified","IEBC","https://www.iebc.or.ke/uploads/resources/t5KQ6O4YGp.pdf","false",""
"MEMBER-OF-COUNTY-ASSEMBLY-KEN-C045-CON265-W1323","member_of_county_assembly","ward","KEN-C045-CON265-W1323","Majoge","Ongeri Jeremiah Obwogi","PDP","elected","2022 general election, declared 2022-08-22","B","2022-08-22","stale_unverified","IEBC","https://www.iebc.or.ke/uploads/resources/t5KQ6O4YGp.pdf","false",""
"MEMBER-OF-COUNTY-ASSEMBLY-KEN-C045-CON265-W1324","member_of_county_assembly","ward","KEN-C045-CON265-W1324","Boochi/Tendere","Ondari James Mogoa Omare","JP","elected","2022 general election, declared 2022-08-22","A","2022-08-22","stale_unverified","IEBC","https://www.iebc.or.ke/uploads/resources/t5KQ6O4YGp.pdf","false",""
"MEMBER-OF-COUNTY-ASSEMBLY-KEN-C045-CON265-W1325","member_of_county_assembly","ward","KEN-C045-CON265-W1325","Bosoti/Sengera","Okerio Peter Mokua","ODM","elected","2022 general election, declared 2022-08-22","A","2022-08-22","stale_unverified","IEBC","https://www.iebc.or.ke/uploads/resources/t5KQ6O4YGp.pdf","false",""
"MEMBER-OF-COUNTY-ASSEMBLY-KEN-C045-CON266-W1326","member_of_county_assembly","ward","KEN-C045-CON266-W1326","Ichuni","Gesongori Wycliff Siocha","ODM","elected","2022 general election, declared 2022-08-22","A","2022-08-22","stale_unverified","IEBC","https://www.iebc.or.ke/uploads/resources/t5KQ6O4YGp.pdf","false",""
"MEMBER-OF-COUNTY-ASSEMBLY-KEN-C045-CON266-W1327","member_of_county_assembly","ward","KEN-C045-CON266-W1327","Nyamasibi","Onsaga Christopher Ogoti","MCCP","elected","2022 general election, declared 2022-08-22","A","2022-08-22","stale_unverified","IEBC","https://www.iebc.or.ke/uploads/resources/t5KQ6O4YGp.pdf","false",""
"MEMBER-OF-COUNTY-ASSEMBLY-KEN-C045-CON266-W1328","member_of_county_assembly","ward","KEN-C045-CON266-W1328","Masimba","Mairura Bouse","UDA","elected","2022 general election, declared 2022-08-22","A","2022-08-22","stale_unverified","IEBC","https://www.iebc.or.ke/uploads/resources/t5KQ6O4YGp.pdf","false",""
"MEMBER-OF-COUNTY-ASSEMBLY-KEN-C045-CON266-W1329","member_of_county_assembly","ward","KEN-C045-CON266-W1329","Gesusu","Kerage Antony Onkundi","UDA","elected","2022 general election, declared 2022-08-22","A","2022-08-22","stale_unverified","IEBC","https://www.iebc.or.ke/uploads/resources/t5KQ6O4YGp.pdf","false",""
"MEMBER-OF-COUNTY-ASSEMBLY-KEN-C045-CON266-W1330","member_of_county_assembly","ward","KEN-C045-CON266-W1330","Kiamokama","Malack Mainya Matara","ODM","elected","2022 general election, declared 2022-08-22","A","2022-08-22","stale_unverified","IEBC","https://www.iebc.or.ke/uploads/resources/t5KQ6O4YGp.pdf","false",""
"MEMBER-OF-COUNTY-ASSEMBLY-KEN-C045-CON267-W1331","member_of_county_assembly","ward","KEN-C045-CON267-W1331","Bobaracho","Mose Ibrahim Ongubo","KSC","elected","2022 general election, declared 2022-08-22","A","2022-08-22","stale_unverified","IEBC","https://www.iebc.or.ke/uploads/resources/t5KQ6O4YGp.pdf","false",""
"MEMBER-OF-COUNTY-ASSEMBLY-KEN-C045-CON267-W1332","member_of_county_assembly","ward","KEN-C045-CON267-W1332","Kisii Central","Yoge Wilfred Monyenye","ODM","elected","2022 general election, declared 2022-08-22","A","2022-08-22","stale_unverified","IEBC","https://www.iebc.or.ke/uploads/resources/t5KQ6O4YGp.pdf","false",""
"MEMBER-OF-COUNTY-ASSEMBLY-KEN-C045-CON267-W1333","member_of_county_assembly","ward","KEN-C045-CON267-W1333","Keumbu","Gekanana Peter Moindi","WDM","elected","2022 general election, declared 2022-08-22","A","2022-08-22","stale_unverified","IEBC","https://www.iebc.or.ke/uploads/resources/t5KQ6O4YGp.pdf","false",""
"MEMBER-OF-COUNTY-ASSEMBLY-KEN-C045-CON267-W1334","member_of_county_assembly","ward","KEN-C045-CON267-W1334","Kiogoro","Walter Obare Mochache","WDM","elected","2022 general election, declared 2022-08-22","A","2022-08-22","stale_unverified","IEBC","https://www.iebc.or.ke/uploads/resources/t5KQ6O4YGp.pdf","false",""
"MEMBER-OF-COUNTY-ASSEMBLY-KEN-C045-CON267-W1335","member_of_county_assembly","ward","KEN-C045-CON267-W1335","Birongo","Nyamwaya Shem Mogesa","JP","elected","2022 general election, declared 2022-08-22","A","2022-08-22","stale_unverified","IEBC","https://www.iebc.or.ke/uploads/resources/t5KQ6O4YGp.pdf","false",""
"MEMBER-OF-COUNTY-ASSEMBLY-KEN-C045-CON267-W1336","member_of_county_assembly","ward","KEN-C045-CON267-W1336","Ibeno","Arika Stephens","UPA","elected","2022 general election, declared 2022-08-22","A","2022-08-22","stale_unverified","IEBC","https://www.iebc.or.ke/uploads/resources/t5KQ6O4YGp.pdf","false",""
"MEMBER-OF-COUNTY-ASSEMBLY-KEN-C045-CON268-W1337","member_of_county_assembly","ward","KEN-C045-CON268-W1337","Monyerero","Gichana Otachi Peter","ODM","elected","2022 general election, declared 2022-08-22","A","2022-08-22","stale_unverified","IEBC","https://www.iebc.or.ke/uploads/resources/t5KQ6O4YGp.pdf","false",""
"MEMBER-OF-COUNTY-ASSEMBLY-KEN-C045-CON268-W1338","member_of_county_assembly","ward","KEN-C045-CON268-W1338","Sensi","Saisi Nyagaka Onchonga","PDP","elected","2022 general election, declared 2022-08-22","A","2022-08-22","stale_unverified","IEBC","https://www.iebc.or.ke/uploads/resources/t5KQ6O4YGp.pdf","false",""
"MEMBER-OF-COUNTY-ASSEMBLY-KEN-C045-CON268-W1339","member_of_county_assembly","ward","KEN-C045-CON268-W1339","Marani","Ochwangi Ombachi Denis","PDP","elected","2022 general election, declared 2022-08-22","A","2022-08-22","stale_unverified","IEBC","https://www.iebc.or.ke/uploads/resources/t5KQ6O4YGp.pdf","false",""
"MEMBER-OF-COUNTY-ASSEMBLY-KEN-C045-CON268-W1340","member_of_county_assembly","ward","KEN-C045-CON268-W1340","Kegogi","Kimori Masieka Jared Jacktone","UDA","elected","2022 general election, declared 2022-08-22","A","2022-08-22","stale_unverified","IEBC","https://www.iebc.or.ke/uploads/resources/t5KQ6O4YGp.pdf","false",""
"MEMBER-OF-COUNTY-ASSEMBLY-KEN-C045-CON269-W1341","member_of_county_assembly","ward","KEN-C045-CON269-W1341","Bogusero","Onyangore Abuga Vincent","ODM","elected","2022 general election, declared 2022-08-22","A","2022-08-22","stale_unverified","IEBC","https://www.iebc.or.ke/uploads/resources/t5KQ6O4YGp.pdf","false",""
"MEMBER-OF-COUNTY-ASSEMBLY-KEN-C045-CON269-W1342","member_of_county_assembly","ward","KEN-C045-CON269-W1342","Bogeka","Rayori Manani Richmond","DAP-K","elected","2022 general election, declared 2022-08-22","A","2022-08-22","stale_unverified","IEBC","https://www.iebc.or.ke/uploads/resources/t5KQ6O4YGp.pdf","false",""
"MEMBER-OF-COUNTY-ASSEMBLY-KEN-C045-CON269-W1343","member_of_county_assembly","ward","KEN-C045-CON269-W1343","Nyakoe","Oyagi Asimundi Cosmas","KNC","elected","2022 general election, declared 2022-08-22","A","2022-08-22","stale_unverified","IEBC","https://www.iebc.or.ke/uploads/resources/t5KQ6O4YGp.pdf","false",""
"MEMBER-OF-COUNTY-ASSEMBLY-KEN-C045-CON269-W1344","member_of_county_assembly","ward","KEN-C045-CON269-W1344","Kitutu Central","Nyarango Duke Samwel","ODM","elected","2022 general election, declared 2022-08-22","A","2022-08-22","stale_unverified","IEBC","https://www.iebc.or.ke/uploads/resources/t5KQ6O4YGp.pdf","false",""
"MEMBER-OF-COUNTY-ASSEMBLY-KEN-C045-CON269-W1345","member_of_county_assembly","ward","KEN-C045-CON269-W1345","Nyatieko","Mokaya Amos Omweri","KSC","elected","2022 general election, declared 2022-08-22","A","2022-08-22","stale_unverified","IEBC","https://www.iebc.or.ke/uploads/resources/t5KQ6O4YGp.pdf","false",""
"MEMBER-OF-COUNTY-ASSEMBLY-KEN-C046-CON270-W1346","member_of_county_assembly","ward","KEN-C046-CON270-W1346","Rigoma","Gisesa Emmanuel Nyambega","UPA","elected","2022 general election, declared 2022-08-22","A","2022-08-22","stale_unverified","IEBC","https://www.iebc.or.ke/uploads/resources/t5KQ6O4YGp.pdf","false",""
"MEMBER-OF-COUNTY-ASSEMBLY-KEN-C046-CON270-W1347","member_of_county_assembly","ward","KEN-C046-CON270-W1347","Gachuba","Obwaya Henry Onsinyo","KNC","elected","2022 general election, declared 2022-08-22","A","2022-08-22","stale_unverified","IEBC","https://www.iebc.or.ke/uploads/resources/t5KQ6O4YGp.pdf","false",""
"MEMBER-OF-COUNTY-ASSEMBLY-KEN-C046-CON270-W1348","member_of_county_assembly","ward","KEN-C046-CON270-W1348","Kemera","Nyachaki James Matinga","WDM- K","elected","2022 general election, declared 2022-08-22","A","2022-08-22","stale_unverified","IEBC","https://www.iebc.or.ke/uploads/resources/t5KQ6O4YGp.pdf","false",""
"MEMBER-OF-COUNTY-ASSEMBLY-KEN-C046-CON270-W1349","member_of_county_assembly","ward","KEN-C046-CON270-W1349","Magombo","Riechi Reuben Miinda","FORD KENYA","elected","2022 general election, declared 2022-08-22","A","2022-08-22","stale_unverified","IEBC","https://www.iebc.or.ke/uploads/resources/t5KQ6O4YGp.pdf","false",""
"MEMBER-OF-COUNTY-ASSEMBLY-KEN-C046-CON270-W1350","member_of_county_assembly","ward","KEN-C046-CON270-W1350","Manga","Ogeto Samwel G","PPOK","elected","2022 general election, declared 2022-08-22","A","2022-08-22","stale_unverified","IEBC","https://www.iebc.or.ke/uploads/resources/t5KQ6O4YGp.pdf","false",""
"MEMBER-OF-COUNTY-ASSEMBLY-KEN-C046-CON270-W1351","member_of_county_assembly","ward","KEN-C046-CON270-W1351","Gesima","Nyameino Kenneth Atuth","UDA","elected","2022 general election, declared 2022-08-22","A","2022-08-22","stale_unverified","IEBC","https://www.iebc.or.ke/uploads/resources/t5KQ6O4YGp.pdf","false",""
"MEMBER-OF-COUNTY-ASSEMBLY-KEN-C046-CON271-W1352","member_of_county_assembly","ward","KEN-C046-CON271-W1352","Nyamaiya","Thomas Elijah Osiemo","UPA","elected","2022 general election, declared 2022-08-22","A","2022-08-22","stale_unverified","IEBC","https://www.iebc.or.ke/uploads/resources/t5KQ6O4YGp.pdf","false",""
"MEMBER-OF-COUNTY-ASSEMBLY-KEN-C046-CON271-W1353","member_of_county_assembly","ward","KEN-C046-CON271-W1353","Bogichora","Abuga George Morara","ODM","elected","2022 general election, declared 2022-08-22","A","2022-08-22","stale_unverified","IEBC","https://www.iebc.or.ke/uploads/resources/t5KQ6O4YGp.pdf","false",""
"MEMBER-OF-COUNTY-ASSEMBLY-KEN-C046-CON271-W1354","member_of_county_assembly","ward","KEN-C046-CON271-W1354","Bosamaro","Nyarango Charles Keganda","JP","elected","2022 general election, declared 2022-08-22","A","2022-08-22","stale_unverified","IEBC","https://www.iebc.or.ke/uploads/resources/t5KQ6O4YGp.pdf","false",""
"MEMBER-OF-COUNTY-ASSEMBLY-KEN-C046-CON271-W1355","member_of_county_assembly","ward","KEN-C046-CON271-W1355","Bonyamatuta","Matwere Julius Kimwom","IND","elected","2022 general election, declared 2022-08-22","A","2022-08-22","stale_unverified","IEBC","https://www.iebc.or.ke/uploads/resources/t5KQ6O4YGp.pdf","false",""
"MEMBER-OF-COUNTY-ASSEMBLY-KEN-C046-CON271-W1356","member_of_county_assembly","ward","KEN-C046-CON271-W1356","Township","Masira Duke Oyagi","ODM","elected","2022 general election, declared 2022-08-22","A","2022-08-22","stale_unverified","IEBC","https://www.iebc.or.ke/uploads/resources/t5KQ6O4YGp.pdf","false",""
"MEMBER-OF-COUNTY-ASSEMBLY-KEN-C046-CON272-W1357","member_of_county_assembly","ward","KEN-C046-CON272-W1357","Itibo","Sikweya Lameck Nyakianga","ANC","elected","2022 general election, declared 2022-08-22","A","2022-08-22","stale_unverified","IEBC","https://www.iebc.or.ke/uploads/resources/t5KQ6O4YGp.pdf","false",""
"MEMBER-OF-COUNTY-ASSEMBLY-KEN-C046-CON272-W1358","member_of_county_assembly","ward","KEN-C046-CON272-W1358","Bomwagamo","Nyangana Julius Obonyo","FK","elected","2022 general election, declared 2022-08-22","A","2022-08-22","stale_unverified","IEBC","https://www.iebc.or.ke/uploads/resources/t5KQ6O4YGp.pdf","false",""
"MEMBER-OF-COUNTY-ASSEMBLY-KEN-C046-CON272-W1359","member_of_county_assembly","ward","KEN-C046-CON272-W1359","Bokeira","Nyang’au Joel Ombongi","UPA","elected","2022 general election, declared 2022-08-22","A","2022-08-22","stale_unverified","IEBC","https://www.iebc.or.ke/uploads/resources/t5KQ6O4YGp.pdf","false",""
"MEMBER-OF-COUNTY-ASSEMBLY-KEN-C046-CON272-W1360","member_of_county_assembly","ward","KEN-C046-CON272-W1360","Magwagwa","Mose Abel Mokaya","UPA","elected","2022 general election, declared 2022-08-22","A","2022-08-22","stale_unverified","IEBC","https://www.iebc.or.ke/uploads/resources/t5KQ6O4YGp.pdf","false",""
"MEMBER-OF-COUNTY-ASSEMBLY-KEN-C046-CON272-W1361","member_of_county_assembly","ward","KEN-C046-CON272-W1361","Ekerenyo","Ndubi Thaddeus Momanyi","UPA","elected","2022 general election, declared 2022-08-22","A","2022-08-22","stale_unverified","IEBC","https://www.iebc.or.ke/uploads/resources/t5KQ6O4YGp.pdf","false",""
"MEMBER-OF-COUNTY-ASSEMBLY-KEN-C046-CON273-W1362","member_of_county_assembly","ward","KEN-C046-CON273-W1362","Mekenene","Mabera Alfayo Ngeresa","UPA","elected","2022 general election, declared 2022-08-22","A","2022-08-22","stale_unverified","IEBC","https://www.iebc.or.ke/uploads/resources/t5KQ6O4YGp.pdf","false",""
"MEMBER-OF-COUNTY-ASSEMBLY-KEN-C046-CON273-W1363","member_of_county_assembly","ward","KEN-C046-CON273-W1363","Kiabonyoru","Benecha Thomas Vincent","ODM","elected","2022 general election, declared 2022-08-22","A","2022-08-22","stale_unverified","IEBC","https://www.iebc.or.ke/uploads/resources/t5KQ6O4YGp.pdf","false",""
"MEMBER-OF-COUNTY-ASSEMBLY-KEN-C046-CON273-W1364","member_of_county_assembly","ward","KEN-C046-CON273-W1364","Nyansiongo","Nyaribo Denis Kebaso","WDM","elected","2022 general election, declared 2022-08-22","A","2022-08-22","stale_unverified","IEBC","https://www.iebc.or.ke/uploads/resources/t5KQ6O4YGp.pdf","false",""
"MEMBER-OF-COUNTY-ASSEMBLY-KEN-C046-CON273-W1365","member_of_county_assembly","ward","KEN-C046-CON273-W1365","Esise","Mang’era Josiah Obegi","ODM","elected","2022 general election, declared 2022-08-22","A","2022-08-22","stale_unverified","IEBC","https://www.iebc.or.ke/uploads/resources/t5KQ6O4YGp.pdf","false",""
"MEMBER-OF-COUNTY-ASSEMBLY-KEN-C047-CON274-W1366","member_of_county_assembly","ward","KEN-C047-CON274-W1366","Kitisuru","Palapala Alvin Olando","ODM","elected","2022 general election, declared 2022-08-22","A","2022-08-22","stale_unverified","IEBC","https://www.iebc.or.ke/uploads/resources/t5KQ6O4YGp.pdf","false",""
"MEMBER-OF-COUNTY-ASSEMBLY-KEN-C047-CON274-W1367","member_of_county_assembly","ward","KEN-C047-CON274-W1367","Parklands/Highridge","Ndegwa Stephen Gitau","ODM","elected","2022 general election, declared 2022-08-22","A","2022-08-22","stale_unverified","IEBC","https://www.iebc.or.ke/uploads/resources/t5KQ6O4YGp.pdf","false",""
"MEMBER-OF-COUNTY-ASSEMBLY-KEN-C047-CON274-W1368","member_of_county_assembly","ward","KEN-C047-CON274-W1368","Karura","Fiunifiu Kamau Thuo","JP","elected","2022 general election, declared 2022-08-22","A","2022-08-22","stale_unverified","IEBC","https://www.iebc.or.ke/uploads/resources/t5KQ6O4YGp.pdf","false",""
"MEMBER-OF-COUNTY-ASSEMBLY-KEN-C047-CON274-W1369","member_of_county_assembly","ward","KEN-C047-CON274-W1369","Kangemi","Maleya Hamisi Suleiman","ODM","elected","2022 general election, declared 2022-08-22","A","2022-08-22","stale_unverified","IEBC","https://www.iebc.or.ke/uploads/resources/t5KQ6O4YGp.pdf","false",""
"MEMBER-OF-COUNTY-ASSEMBLY-KEN-C047-CON274-W1370","member_of_county_assembly","ward","KEN-C047-CON274-W1370","Mountain View","Onyango Maurice Ochieng","ODM","elected","2022 general election, declared 2022-08-22","A","2022-08-22","stale_unverified","IEBC","https://www.iebc.or.ke/uploads/resources/t5KQ6O4YGp.pdf","false",""
"MEMBER-OF-COUNTY-ASSEMBLY-KEN-C047-CON275-W1371","member_of_county_assembly","ward","KEN-C047-CON275-W1371","Kilimani","Nyangaresi Moses Ogeto","ODM","elected","2022 general election, declared 2022-08-22","A","2022-08-22","stale_unverified","IEBC","https://www.iebc.or.ke/uploads/resources/t5KQ6O4YGp.pdf","false",""
"MEMBER-OF-COUNTY-ASSEMBLY-KEN-C047-CON275-W1372","member_of_county_assembly","ward","KEN-C047-CON275-W1372","Kawangware","Njoroge Fredrick Njogu","UDA","elected","2022 general election, declared 2022-08-22","A","2022-08-22","stale_unverified","IEBC","https://www.iebc.or.ke/uploads/resources/t5KQ6O4YGp.pdf","false",""
"MEMBER-OF-COUNTY-ASSEMBLY-KEN-C047-CON275-W1373","member_of_county_assembly","ward","KEN-C047-CON275-W1373","Gatina","Swaka Kennedy","ODM","elected","2022 general election, declared 2022-08-22","A","2022-08-22","stale_unverified","IEBC","https://www.iebc.or.ke/uploads/resources/t5KQ6O4YGp.pdf","false",""
"MEMBER-OF-COUNTY-ASSEMBLY-KEN-C047-CON275-W1374","member_of_county_assembly","ward","KEN-C047-CON275-W1374","Kileleshwa","Onyango Robert Alai","ODM","elected","2022 general election, declared 2022-08-22","A","2022-08-22","stale_unverified","IEBC","https://www.iebc.or.ke/uploads/resources/t5KQ6O4YGp.pdf","false",""
"MEMBER-OF-COUNTY-ASSEMBLY-KEN-C047-CON275-W1375","member_of_county_assembly","ward","KEN-C047-CON275-W1375","Kabiro","Munga Clarence","ODM","elected","2022 general election, declared 2022-08-22","A","2022-08-22","stale_unverified","IEBC","https://www.iebc.or.ke/uploads/resources/t5KQ6O4YGp.pdf","false",""
"MEMBER-OF-COUNTY-ASSEMBLY-KEN-C047-CON276-W1376","member_of_county_assembly","ward","KEN-C047-CON276-W1376","Mutuini","Mwangi Martin Mbugua","CCK","elected","2022 general election, declared 2022-08-22","A","2022-08-22","stale_unverified","IEBC","https://www.iebc.or.ke/uploads/resources/t5KQ6O4YGp.pdf","false",""
"MEMBER-OF-COUNTY-ASSEMBLY-KEN-C047-CON276-W1377","member_of_county_assembly","ward","KEN-C047-CON276-W1377","Ngando","Mubea Cyrus Mugo","JP","elected","2022 general election, declared 2022-08-22","A","2022-08-22","stale_unverified","IEBC","https://www.iebc.or.ke/uploads/resources/t5KQ6O4YGp.pdf","false",""
"MEMBER-OF-COUNTY-ASSEMBLY-KEN-C047-CON276-W1378","member_of_county_assembly","ward","KEN-C047-CON276-W1378","Riruta","Murigu Eric Kiogora","UDA","elected","2022 general election, declared 2022-08-22","A","2022-08-22","stale_unverified","IEBC","https://www.iebc.or.ke/uploads/resources/t5KQ6O4YGp.pdf","false",""
"MEMBER-OF-COUNTY-ASSEMBLY-KEN-C047-CON276-W1379","member_of_county_assembly","ward","KEN-C047-CON276-W1379","Uthiru/Ruthimitu","Mwangi Peter Maina","UDA","elected","2022 general election, declared 2022-08-22","A","2022-08-22","stale_unverified","IEBC","https://www.iebc.or.ke/uploads/resources/t5KQ6O4YGp.pdf","false",""
"MEMBER-OF-COUNTY-ASSEMBLY-KEN-C047-CON276-W1380","member_of_county_assembly","ward","KEN-C047-CON276-W1380","Waithaka","Karanja Anthony Kiragu","UDA","elected","2022 general election, declared 2022-08-22","A","2022-08-22","stale_unverified","IEBC","https://www.iebc.or.ke/uploads/resources/t5KQ6O4YGp.pdf","false",""
"MEMBER-OF-COUNTY-ASSEMBLY-KEN-C047-CON277-W1381","member_of_county_assembly","ward","KEN-C047-CON277-W1381","Karen","Muthoni Antony Maragu","ODM","elected","2022 general election, declared 2022-08-22","A","2022-08-22","stale_unverified","IEBC","https://www.iebc.or.ke/uploads/resources/t5KQ6O4YGp.pdf","false",""
"MEMBER-OF-COUNTY-ASSEMBLY-KEN-C047-CON277-W1382","member_of_county_assembly","ward","KEN-C047-CON277-W1382","Nairobi West","Omolleh John Rex","ODM","elected","2022 general election, declared 2022-08-22","A","2022-08-22","stale_unverified","IEBC","https://www.iebc.or.ke/uploads/resources/t5KQ6O4YGp.pdf","false",""
"MEMBER-OF-COUNTY-ASSEMBLY-KEN-C047-CON277-W1383","member_of_county_assembly","ward","KEN-C047-CON277-W1383","Mugumo-Ini","Akama Jared Ondieki","ODM","elected","2022 general election, declared 2022-08-22","B","2022-08-22","stale_unverified","IEBC","https://www.iebc.or.ke/uploads/resources/t5KQ6O4YGp.pdf","false",""
"MEMBER-OF-COUNTY-ASSEMBLY-KEN-C047-CON277-W1384","member_of_county_assembly","ward","KEN-C047-CON277-W1384","South-C","Khalif Abass Ibrahim","ODM","elected","2022 general election, declared 2022-08-22","A","2022-08-22","stale_unverified","IEBC","https://www.iebc.or.ke/uploads/resources/t5KQ6O4YGp.pdf","false",""
"MEMBER-OF-COUNTY-ASSEMBLY-KEN-C047-CON277-W1385","member_of_county_assembly","ward","KEN-C047-CON277-W1385","Nyayo Highrise","Oyugi Kennedy Odhiambo","ODM","elected","2022 general election, declared 2022-08-22","A","2022-08-22","stale_unverified","IEBC","https://www.iebc.or.ke/uploads/resources/t5KQ6O4YGp.pdf","false",""
"MEMBER-OF-COUNTY-ASSEMBLY-KEN-C047-CON278-W1386","member_of_county_assembly","ward","KEN-C047-CON278-W1386","Laini Saba","Musila John Ndile","WDM","elected","2022 general election, declared 2022-08-22","A","2022-08-22","stale_unverified","IEBC","https://www.iebc.or.ke/uploads/resources/t5KQ6O4YGp.pdf","false",""
"MEMBER-OF-COUNTY-ASSEMBLY-KEN-C047-CON278-W1387","member_of_county_assembly","ward","KEN-C047-CON278-W1387","Lindi","Ooko Samson Ochieng’ Jera","ODM","elected","2022 general election, declared 2022-08-22","A","2022-08-22","stale_unverified","IEBC","https://www.iebc.or.ke/uploads/resources/t5KQ6O4YGp.pdf","false",""
"MEMBER-OF-COUNTY-ASSEMBLY-KEN-C047-CON278-W1388","member_of_county_assembly","ward","KEN-C047-CON278-W1388","Makina","Shitote Rosemary Masitsa","ODM","elected","2022 general election, declared 2022-08-22","A","2022-08-22","stale_unverified","IEBC","https://www.iebc.or.ke/uploads/resources/t5KQ6O4YGp.pdf","false",""
"MEMBER-OF-COUNTY-ASSEMBLY-KEN-C047-CON278-W1389","member_of_county_assembly","ward","KEN-C047-CON278-W1389","Woodley/Kenyatta Golf","Ngibuini Davidson DNG","UDA","elected","2022 general election, declared 2022-08-22","B","2022-08-22","stale_unverified","IEBC","https://www.iebc.or.ke/uploads/resources/t5KQ6O4YGp.pdf","false",""
"MEMBER-OF-COUNTY-ASSEMBLY-KEN-C047-CON278-W1390","member_of_county_assembly","ward","KEN-C047-CON278-W1390","Sarangombe","Odhiambo Lawrence Otieno","ODM","elected","2022 general election, declared 2022-08-22","A","2022-08-22","stale_unverified","IEBC","https://www.iebc.or.ke/uploads/resources/t5KQ6O4YGp.pdf","false",""
"MEMBER-OF-COUNTY-ASSEMBLY-KEN-C047-CON279-W1391","member_of_county_assembly","ward","KEN-C047-CON279-W1391","Githurai","Waithira Deonysias Mwangi","UDA","elected","2022 general election, declared 2022-08-22","A","2022-08-22","stale_unverified","IEBC","https://www.iebc.or.ke/uploads/resources/t5KQ6O4YGp.pdf","false",""
"MEMBER-OF-COUNTY-ASSEMBLY-KEN-C047-CON279-W1392","member_of_county_assembly","ward","KEN-C047-CON279-W1392","Kahawa West","Kamaru Clement Nganga","UDA","elected","2022 general election, declared 2022-08-22","A","2022-08-22","stale_unverified","IEBC","https://www.iebc.or.ke/uploads/resources/t5KQ6O4YGp.pdf","false",""
"MEMBER-OF-COUNTY-ASSEMBLY-KEN-C047-CON279-W1393","member_of_county_assembly","ward","KEN-C047-CON279-W1393","Zimmerman","Kimani Stephen Mugo","UDA","elected","2022 general election, declared 2022-08-22","A","2022-08-22","stale_unverified","IEBC","https://www.iebc.or.ke/uploads/resources/t5KQ6O4YGp.pdf","false",""
"MEMBER-OF-COUNTY-ASSEMBLY-KEN-C047-CON279-W1394","member_of_county_assembly","ward","KEN-C047-CON279-W1394","Roysambu","Mumbi Sospeter Gathahu","IND","elected","2022 general election, declared 2022-08-22","A","2022-08-22","stale_unverified","IEBC","https://www.iebc.or.ke/uploads/resources/t5KQ6O4YGp.pdf","false",""
"MEMBER-OF-COUNTY-ASSEMBLY-KEN-C047-CON279-W1395","member_of_county_assembly","ward","KEN-C047-CON279-W1395","Kahawa","Muriuki Eutychus Mukiri","UDA","elected","2022 general election, declared 2022-08-22","A","2022-08-22","stale_unverified","IEBC","https://www.iebc.or.ke/uploads/resources/t5KQ6O4YGp.pdf","false",""
"MEMBER-OF-COUNTY-ASSEMBLY-KEN-C047-CON280-W1396","member_of_county_assembly","ward","KEN-C047-CON280-W1396","Claycity","Wacira Samora Mwaura","UDA","elected","2022 general election, declared 2022-08-22","A","2022-08-22","stale_unverified","IEBC","https://www.iebc.or.ke/uploads/resources/t5KQ6O4YGp.pdf","false",""
"MEMBER-OF-COUNTY-ASSEMBLY-KEN-C047-CON280-W1397","member_of_county_assembly","ward","KEN-C047-CON280-W1397","Mwiki","Kago Kanyi Samuel","UDA","elected","2022 general election, declared 2022-08-22","A","2022-08-22","stale_unverified","IEBC","https://www.iebc.or.ke/uploads/resources/t5KQ6O4YGp.pdf","false",""
"MEMBER-OF-COUNTY-ASSEMBLY-KEN-C047-CON280-W1398","member_of_county_assembly","ward","KEN-C047-CON280-W1398","Kasarani","Ngaruiyah Mburu Jasho Anthony","UDA","elected","2022 general election, declared 2022-08-22","A","2022-08-22","stale_unverified","IEBC","https://www.iebc.or.ke/uploads/resources/t5KQ6O4YGp.pdf","false",""
"MEMBER-OF-COUNTY-ASSEMBLY-KEN-C047-CON280-W1399","member_of_county_assembly","ward","KEN-C047-CON280-W1399","Njiru","Heho Gichunji Carrington","UDA","elected","2022 general election, declared 2022-08-22","A","2022-08-22","stale_unverified","IEBC","https://www.iebc.or.ke/uploads/resources/t5KQ6O4YGp.pdf","false",""
"MEMBER-OF-COUNTY-ASSEMBLY-KEN-C047-CON280-W1400","member_of_county_assembly","ward","KEN-C047-CON280-W1400","Ruai","Kariuki Karanja Karis James","UDA","elected","2022 general election, declared 2022-08-22","A","2022-08-22","stale_unverified","IEBC","https://www.iebc.or.ke/uploads/resources/t5KQ6O4YGp.pdf","false",""
"MEMBER-OF-COUNTY-ASSEMBLY-KEN-C047-CON281-W1401","member_of_county_assembly","ward","KEN-C047-CON281-W1401","Baba Dogo","Majiwa Geophrey Odhiambo","ODM","elected","2022 general election, declared 2022-08-22","A","2022-08-22","stale_unverified","IEBC","https://www.iebc.or.ke/uploads/resources/t5KQ6O4YGp.pdf","false",""
"MEMBER-OF-COUNTY-ASSEMBLY-KEN-C047-CON281-W1402","member_of_county_assembly","ward","KEN-C047-CON281-W1402","Utalii","Atito Abel Osumba","ODM","elected","2022 general election, declared 2022-08-22","A","2022-08-22","stale_unverified","IEBC","https://www.iebc.or.ke/uploads/resources/t5KQ6O4YGp.pdf","false",""
"MEMBER-OF-COUNTY-ASSEMBLY-KEN-C047-CON281-W1403","member_of_county_assembly","ward","KEN-C047-CON281-W1403","Mathare North","Lore Oscar Otieno","ODM","elected","2022 general election, declared 2022-08-22","A","2022-08-22","stale_unverified","IEBC","https://www.iebc.or.ke/uploads/resources/t5KQ6O4YGp.pdf","false",""
"MEMBER-OF-COUNTY-ASSEMBLY-KEN-C047-CON281-W1404","member_of_county_assembly","ward","KEN-C047-CON281-W1404","Lucky Summer","Ochola Victor Omondi","ODM","elected","2022 general election, declared 2022-08-22","A","2022-08-22","stale_unverified","IEBC","https://www.iebc.or.ke/uploads/resources/t5KQ6O4YGp.pdf","false",""
"MEMBER-OF-COUNTY-ASSEMBLY-KEN-C047-CON281-W1405","member_of_county_assembly","ward","KEN-C047-CON281-W1405","Korogocho","Onyango Absalom Odhiambo","ODM","elected","2022 general election, declared 2022-08-22","A","2022-08-22","stale_unverified","IEBC","https://www.iebc.or.ke/uploads/resources/t5KQ6O4YGp.pdf","false",""
"MEMBER-OF-COUNTY-ASSEMBLY-KEN-C047-CON282-W1406","member_of_county_assembly","ward","KEN-C047-CON282-W1406","Imara Daima","Nyangicha Evans Okaru","ODM","elected","2022 general election, declared 2022-08-22","A","2022-08-22","stale_unverified","IEBC","https://www.iebc.or.ke/uploads/resources/t5KQ6O4YGp.pdf","false",""
"MEMBER-OF-COUNTY-ASSEMBLY-KEN-C047-CON282-W1408","member_of_county_assembly","ward","KEN-C047-CON282-W1408","Kwa Reuben","Mande Scolastica Muthoni","WDM","elected","2022 general election, declared 2022-08-22","A","2022-08-22","stale_unverified","IEBC","https://www.iebc.or.ke/uploads/resources/t5KQ6O4YGp.pdf","false",""
"MEMBER-OF-COUNTY-ASSEMBLY-KEN-C047-CON282-W1409","member_of_county_assembly","ward","KEN-C047-CON282-W1409","Pipeline","Maithya Musango","WDM","elected","2022 general election, declared 2022-08-22","A","2022-08-22","stale_unverified","IEBC","https://www.iebc.or.ke/uploads/resources/t5KQ6O4YGp.pdf","false",""
"MEMBER-OF-COUNTY-ASSEMBLY-KEN-C047-CON282-W1410","member_of_county_assembly","ward","KEN-C047-CON282-W1410","Kware","Kitema Moses Mutinda","WDM","elected","2022 general election, declared 2022-08-22","A","2022-08-22","stale_unverified","IEBC","https://www.iebc.or.ke/uploads/resources/t5KQ6O4YGp.pdf","false",""
"MEMBER-OF-COUNTY-ASSEMBLY-KEN-C047-CON283-W1411","member_of_county_assembly","ward","KEN-C047-CON283-W1411","Kariobangi North","Kimanzi Joel Munuve","IND","elected","2022 general election, declared 2022-08-22","A","2022-08-22","stale_unverified","IEBC","https://www.iebc.or.ke/uploads/resources/t5KQ6O4YGp.pdf","false",""
"MEMBER-OF-COUNTY-ASSEMBLY-KEN-C047-CON283-W1412","member_of_county_assembly","ward","KEN-C047-CON283-W1412","Dandora Area I","Gathuku Allan Maina","UDA","elected","2022 general election, declared 2022-08-22","A","2022-08-22","stale_unverified","IEBC","https://www.iebc.or.ke/uploads/resources/t5KQ6O4YGp.pdf","false",""
"MEMBER-OF-COUNTY-ASSEMBLY-KEN-C047-CON283-W1413","member_of_county_assembly","ward","KEN-C047-CON283-W1413","Dandora Area Ii","Ongwae Silas Matara","JP","elected","2022 general election, declared 2022-08-22","A","2022-08-22","stale_unverified","IEBC","https://www.iebc.or.ke/uploads/resources/t5KQ6O4YGp.pdf","false",""
"MEMBER-OF-COUNTY-ASSEMBLY-KEN-C047-CON283-W1414","member_of_county_assembly","ward","KEN-C047-CON283-W1414","Dandora Area Iii","Njambi Paul Mathu","UDA","elected","2022 general election, declared 2022-08-22","A","2022-08-22","stale_unverified","IEBC","https://www.iebc.or.ke/uploads/resources/t5KQ6O4YGp.pdf","false",""
"MEMBER-OF-COUNTY-ASSEMBLY-KEN-C047-CON283-W1415","member_of_county_assembly","ward","KEN-C047-CON283-W1415","Dandora Area Iv","Odhiambo Daniel Oria","ODM","elected","2022 general election, declared 2022-08-22","A","2022-08-22","stale_unverified","IEBC","https://www.iebc.or.ke/uploads/resources/t5KQ6O4YGp.pdf","false",""
"MEMBER-OF-COUNTY-ASSEMBLY-KEN-C047-CON284-W1416","member_of_county_assembly","ward","KEN-C047-CON284-W1416","Kayole North","Kariuki Paul Wachira","UDA","elected","2022 general election, declared 2022-08-22","A","2022-08-22","stale_unverified","IEBC","https://www.iebc.or.ke/uploads/resources/t5KQ6O4YGp.pdf","false",""
"MEMBER-OF-COUNTY-ASSEMBLY-KEN-C047-CON284-W1417","member_of_county_assembly","ward","KEN-C047-CON284-W1417","Kayole Central","Themendu Jeremiah Karani","UDA","elected","2022 general election, declared 2022-08-22","A","2022-08-22","stale_unverified","IEBC","https://www.iebc.or.ke/uploads/resources/t5KQ6O4YGp.pdf","false",""
"MEMBER-OF-COUNTY-ASSEMBLY-KEN-C047-CON284-W1418","member_of_county_assembly","ward","KEN-C047-CON284-W1418","Kayole South","Ogenga Colins Omondi","ODM","elected","2022 general election, declared 2022-08-22","A","2022-08-22","stale_unverified","IEBC","https://www.iebc.or.ke/uploads/resources/t5KQ6O4YGp.pdf","false",""
"MEMBER-OF-COUNTY-ASSEMBLY-KEN-C047-CON284-W1419","member_of_county_assembly","ward","KEN-C047-CON284-W1419","Komarock","Mutumishi Hon Chris Wanjohi Githinji","UDA","elected","2022 general election, declared 2022-08-22","A","2022-08-22","stale_unverified","IEBC","https://www.iebc.or.ke/uploads/resources/t5KQ6O4YGp.pdf","false",""
"MEMBER-OF-COUNTY-ASSEMBLY-KEN-C047-CON284-W1420","member_of_county_assembly","ward","KEN-C047-CON284-W1420","Matopeni","Karanja James Koria","UDA","elected","2022 general election, declared 2022-08-22","B","2022-08-22","stale_unverified","IEBC","https://www.iebc.or.ke/uploads/resources/t5KQ6O4YGp.pdf","false",""
"MEMBER-OF-COUNTY-ASSEMBLY-KEN-C047-CON285-W1421","member_of_county_assembly","ward","KEN-C047-CON285-W1421","Upper Savannah","Omung’ala Angila Stazo Elijah","ODM","elected","2022 general election, declared 2022-08-22","A","2022-08-22","stale_unverified","IEBC","https://www.iebc.or.ke/uploads/resources/t5KQ6O4YGp.pdf","false",""
"MEMBER-OF-COUNTY-ASSEMBLY-KEN-C047-CON285-W1422","member_of_county_assembly","ward","KEN-C047-CON285-W1422","Lower Savannah","Odhiambo Magoba David","ODM","elected","2022 general election, declared 2022-08-22","A","2022-08-22","stale_unverified","IEBC","https://www.iebc.or.ke/uploads/resources/t5KQ6O4YGp.pdf","false",""
"MEMBER-OF-COUNTY-ASSEMBLY-KEN-C047-CON285-W1423","member_of_county_assembly","ward","KEN-C047-CON285-W1423","Embakasi","Billy Nyantika Ricardo","ODM","elected","2022 general election, declared 2022-08-22","A","2022-08-22","stale_unverified","IEBC","https://www.iebc.or.ke/uploads/resources/t5KQ6O4YGp.pdf","false",""
"MEMBER-OF-COUNTY-ASSEMBLY-KEN-C047-CON285-W1425","member_of_county_assembly","ward","KEN-C047-CON285-W1425","Mihango","Muiruri Kiguathi Kados Paul","JP","elected","2022 general election, declared 2022-08-22","A","2022-08-22","stale_unverified","IEBC","https://www.iebc.or.ke/uploads/resources/t5KQ6O4YGp.pdf","false",""
"MEMBER-OF-COUNTY-ASSEMBLY-KEN-C047-CON286-W1426","member_of_county_assembly","ward","KEN-C047-CON286-W1426","Umoja I","Macharia Kevin Mark Mugambi","UDA","elected","2022 general election, declared 2022-08-22","B","2022-08-22","stale_unverified","IEBC","https://www.iebc.or.ke/uploads/resources/t5KQ6O4YGp.pdf","false",""
"MEMBER-OF-COUNTY-ASSEMBLY-KEN-C047-CON286-W1427","member_of_county_assembly","ward","KEN-C047-CON286-W1427","Umoja Ii","Machanje Namunyu Shadrack","ODM","elected","2022 general election, declared 2022-08-22","B","2022-08-22","stale_unverified","IEBC","https://www.iebc.or.ke/uploads/resources/t5KQ6O4YGp.pdf","false",""
"MEMBER-OF-COUNTY-ASSEMBLY-KEN-C047-CON286-W1428","member_of_county_assembly","ward","KEN-C047-CON286-W1428","Mowlem","Waithaka Wairobi Martin","UDA","elected","2022 general election, declared 2022-08-22","A","2022-08-22","stale_unverified","IEBC","https://www.iebc.or.ke/uploads/resources/t5KQ6O4YGp.pdf","false",""
"MEMBER-OF-COUNTY-ASSEMBLY-KEN-C047-CON286-W1429","member_of_county_assembly","ward","KEN-C047-CON286-W1429","Kariobangi South","Mbatia Robert","JP","elected","2022 general election, declared 2022-08-22","B","2022-08-22","stale_unverified","IEBC","https://www.iebc.or.ke/uploads/resources/t5KQ6O4YGp.pdf","false",""
"MEMBER-OF-COUNTY-ASSEMBLY-KEN-C047-CON287-W1430","member_of_county_assembly","ward","KEN-C047-CON287-W1430","Makongeni","Imwatok Jateso Peter","ODM","elected","2022 general election, declared 2022-08-22","B","2022-08-22","stale_unverified","IEBC","https://www.iebc.or.ke/uploads/resources/t5KQ6O4YGp.pdf","false",""
"MEMBER-OF-COUNTY-ASSEMBLY-KEN-C047-CON287-W1431","member_of_county_assembly","ward","KEN-C047-CON287-W1431","Maringo/Hamza","Macharia Patrick Mwangi","UDA","elected","2022 general election, declared 2022-08-22","B","2022-08-22","stale_unverified","IEBC","https://www.iebc.or.ke/uploads/resources/t5KQ6O4YGp.pdf","false",""
"MEMBER-OF-COUNTY-ASSEMBLY-KEN-C047-CON287-W1432","member_of_county_assembly","ward","KEN-C047-CON287-W1432","Harambee","Gathumbi Antony Kimemia","JP","elected","2022 general election, declared 2022-08-22","A","2022-08-22","stale_unverified","IEBC","https://www.iebc.or.ke/uploads/resources/t5KQ6O4YGp.pdf","false",""
"MEMBER-OF-COUNTY-ASSEMBLY-KEN-C047-CON287-W1433","member_of_county_assembly","ward","KEN-C047-CON287-W1433","Viwandani","Wangare Aaron Kangara","UDA","elected","2022 general election, declared 2022-08-22","B","2022-08-22","stale_unverified","IEBC","https://www.iebc.or.ke/uploads/resources/t5KQ6O4YGp.pdf","false",""
"MEMBER-OF-COUNTY-ASSEMBLY-KEN-C047-CON288-W1434","member_of_county_assembly","ward","KEN-C047-CON288-W1434","Pumwani","Ndungu Irungu Paul","UDA","elected","2022 general election, declared 2022-08-22","A","2022-08-22","stale_unverified","IEBC","https://www.iebc.or.ke/uploads/resources/t5KQ6O4YGp.pdf","false",""
"MEMBER-OF-COUNTY-ASSEMBLY-KEN-C047-CON288-W1435","member_of_county_assembly","ward","KEN-C047-CON288-W1435","Eastleigh North","Mohamed Dabar Ahmedqadar","ODM","elected","2022 general election, declared 2022-08-22","A","2022-08-22","stale_unverified","IEBC","https://www.iebc.or.ke/uploads/resources/t5KQ6O4YGp.pdf","false",""
"MEMBER-OF-COUNTY-ASSEMBLY-KEN-C047-CON288-W1436","member_of_county_assembly","ward","KEN-C047-CON288-W1436","Eastleigh South","Okwacho Juma Nicholas","ODM","elected","2022 general election, declared 2022-08-22","A","2022-08-22","stale_unverified","IEBC","https://www.iebc.or.ke/uploads/resources/t5KQ6O4YGp.pdf","false",""
"MEMBER-OF-COUNTY-ASSEMBLY-KEN-C047-CON288-W1437","member_of_county_assembly","ward","KEN-C047-CON288-W1437","Airbase","Hussein Mohamed Fuad","ODM","elected","2022 general election, declared 2022-08-22","A","2022-08-22","stale_unverified","IEBC","https://www.iebc.or.ke/uploads/resources/t5KQ6O4YGp.pdf","false",""
"MEMBER-OF-COUNTY-ASSEMBLY-KEN-C047-CON288-W1438","member_of_county_assembly","ward","KEN-C047-CON288-W1438","California","Kamau Athman Hashim","UDA","elected","2022 general election, declared 2022-08-22","A","2022-08-22","stale_unverified","IEBC","https://www.iebc.or.ke/uploads/resources/t5KQ6O4YGp.pdf","false",""
"MEMBER-OF-COUNTY-ASSEMBLY-KEN-C047-CON289-W1439","member_of_county_assembly","ward","KEN-C047-CON289-W1439","Nairobi Central","Kwenya John Mwaniki","UDA","elected","2022 general election, declared 2022-08-22","A","2022-08-22","stale_unverified","IEBC","https://www.iebc.or.ke/uploads/resources/t5KQ6O4YGp.pdf","false",""
"MEMBER-OF-COUNTY-ASSEMBLY-KEN-C047-CON289-W1440","member_of_county_assembly","ward","KEN-C047-CON289-W1440","Ngara","Mwaura Chege","UDA","elected","2022 general election, declared 2022-08-22","A","2022-08-22","stale_unverified","IEBC","https://www.iebc.or.ke/uploads/resources/t5KQ6O4YGp.pdf","false",""
"MEMBER-OF-COUNTY-ASSEMBLY-KEN-C047-CON289-W1441","member_of_county_assembly","ward","KEN-C047-CON289-W1441","Ziwani/Kariokor","Mukuru Gerald Irungu","UDA","elected","2022 general election, declared 2022-08-22","B","2022-08-22","stale_unverified","IEBC","https://www.iebc.or.ke/uploads/resources/t5KQ6O4YGp.pdf","false",""
"MEMBER-OF-COUNTY-ASSEMBLY-KEN-C047-CON289-W1442","member_of_county_assembly","ward","KEN-C047-CON289-W1442","Pangani","Njau Peter Wahinya","UDA","elected","2022 general election, declared 2022-08-22","B","2022-08-22","stale_unverified","IEBC","https://www.iebc.or.ke/uploads/resources/t5KQ6O4YGp.pdf","false",""
"MEMBER-OF-COUNTY-ASSEMBLY-KEN-C047-CON289-W1443","member_of_county_assembly","ward","KEN-C047-CON289-W1443","Landimawe","Mugo Simon Maina","UDA","elected","2022 general election, declared 2022-08-22","A","2022-08-22","stale_unverified","IEBC","https://www.iebc.or.ke/uploads/resources/t5KQ6O4YGp.pdf","false",""
"MEMBER-OF-COUNTY-ASSEMBLY-KEN-C047-CON289-W1444","member_of_county_assembly","ward","KEN-C047-CON289-W1444","Nairobi South","Chege Esther Waithira","UDA","elected","2022 general election, declared 2022-08-22","A","2022-08-22","stale_unverified","IEBC","https://www.iebc.or.ke/uploads/resources/t5KQ6O4YGp.pdf","false",""
"MEMBER-OF-COUNTY-ASSEMBLY-KEN-C047-CON290-W1445","member_of_county_assembly","ward","KEN-C047-CON290-W1445","Hospital","Ruyi Mark Thiga","UDA","elected","2022 general election, declared 2022-08-22","A","2022-08-22","stale_unverified","IEBC","https://www.iebc.or.ke/uploads/resources/t5KQ6O4YGp.pdf","false",""
"MEMBER-OF-COUNTY-ASSEMBLY-KEN-C047-CON290-W1446","member_of_county_assembly","ward","KEN-C047-CON290-W1446","Mabatini","Odalo Wilfred Oluoch","ODM","elected","2022 general election, declared 2022-08-22","A","2022-08-22","stale_unverified","IEBC","https://www.iebc.or.ke/uploads/resources/t5KQ6O4YGp.pdf","false",""
"MEMBER-OF-COUNTY-ASSEMBLY-KEN-C047-CON290-W1447","member_of_county_assembly","ward","KEN-C047-CON290-W1447","Huruma","Owera Oluoch Peter","ODM","elected","2022 general election, declared 2022-08-22","A","2022-08-22","stale_unverified","IEBC","https://www.iebc.or.ke/uploads/resources/t5KQ6O4YGp.pdf","false",""
"MEMBER-OF-COUNTY-ASSEMBLY-KEN-C047-CON290-W1448","member_of_county_assembly","ward","KEN-C047-CON290-W1448","Ngei","Onyango Redson Otieno","ODM","elected","2022 general election, declared 2022-08-22","B","2022-08-22","stale_unverified","IEBC","https://www.iebc.or.ke/uploads/resources/t5KQ6O4YGp.pdf","false",""
"MEMBER-OF-COUNTY-ASSEMBLY-KEN-C047-CON290-W1449","member_of_county_assembly","ward","KEN-C047-CON290-W1449","Mlango Kubwa","Kavaya Susan Makungu","UDA","elected","2022 general election, declared 2022-08-22","A","2022-08-22","stale_unverified","IEBC","https://www.iebc.or.ke/uploads/resources/t5KQ6O4YGp.pdf","false",""
"MEMBER-OF-COUNTY-ASSEMBLY-KEN-C047-CON290-W1450","member_of_county_assembly","ward","KEN-C047-CON290-W1450","Kiamaiko","Ndung’u Joseph Karanja","UDA","elected","2022 general election, declared 2022-08-22","A","2022-08-22","stale_unverified","IEBC","https://www.iebc.or.ke/uploads/resources/t5KQ6O4YGp.pdf","false",""
"MEMBER-OF-PARLIAMENT-KEN-C001-CON001","member_of_parliament","constituency","KEN-C001-CON001","Changamwe","HON. SHIMBWA OMAR MWINYI","ODM","elected","13th Parliament roster as at 12 Aug 2026","A","2026-08-12","current","Parliament","https://www.parliament.go.ke/the-national-assembly/mps?field_employment_history_value=&field_name_value=+&field_parliament_value=2022&order=field_constituency&page=4&sort=asc","false",""
"MEMBER-OF-PARLIAMENT-KEN-C001-CON002","member_of_parliament","constituency","KEN-C001-CON002","Jomvu","HON. BADY BADY TWALIB","ODM","elected","13th Parliament roster as at 12 Aug 2026","A","2026-08-12","current","Parliament","https://www.parliament.go.ke/the-national-assembly/mps?field_employment_history_value=&field_name_value=+&field_parliament_value=2022&order=field_constituency&page=9&sort=asc","false",""
"MEMBER-OF-PARLIAMENT-KEN-C001-CON003","member_of_parliament","constituency","KEN-C001-CON003","Kisauni","HON. BEDZIMBA RASHID JUMA","ODM","elected","13th Parliament roster as at 12 Aug 2026","A","2026-08-12","current","Parliament","https://www.parliament.go.ke/the-national-assembly/mps?field_employment_history_value=&field_name_value=+&field_parliament_value=2022&order=field_constituency&page=14&sort=asc","false",""
"MEMBER-OF-PARLIAMENT-KEN-C001-CON004","member_of_parliament","constituency","KEN-C001-CON004","Nyali","HON. MOHAMED MOHAMED ALI","UDA","elected","13th Parliament roster as at 12 Aug 2026","A","2026-08-12","current","Parliament","https://www.parliament.go.ke/the-national-assembly/mps?field_employment_history_value=&field_name_value=+&field_parliament_value=2022&order=field_constituency&page=26&sort=asc","false",""
"MEMBER-OF-PARLIAMENT-KEN-C001-CON005","member_of_parliament","constituency","KEN-C001-CON005","Likoni","HON. KHAMISI MBOKO MISHI JUMA","ODM","elected","13th Parliament roster as at 12 Aug 2026","A","2026-08-12","current","Parliament","https://www.parliament.go.ke/the-national-assembly/mps?field_employment_history_value=&field_name_value=+&field_parliament_value=2022&order=field_constituency&page=18&sort=asc","false",""
"MEMBER-OF-PARLIAMENT-KEN-C001-CON006","member_of_parliament","constituency","KEN-C001-CON006","Mvita","HON. MACHELE MOHAMED SOUD","ODM","elected","13th Parliament roster as at 12 Aug 2026","A","2026-08-12","current","Parliament","https://www.parliament.go.ke/the-national-assembly/mps?field_employment_history_value=&field_name_value=+&field_parliament_value=2022&order=field_constituency&page=23&sort=asc","false",""
"MEMBER-OF-PARLIAMENT-KEN-C002-CON007","member_of_parliament","constituency","KEN-C002-CON007","Msambweni","HON. SALIM FEISAL ABDALLAH BADER","UDA","elected","13th Parliament roster as at 12 Aug 2026","A","2026-08-12","current","Parliament","https://www.parliament.go.ke/the-national-assembly/mps?field_employment_history_value=&field_name_value=+&field_parliament_value=2022&order=field_constituency&page=22&sort=asc","false",""
"MEMBER-OF-PARLIAMENT-KEN-C002-CON008","member_of_parliament","constituency","KEN-C002-CON008","Lungalunga","HON. CHIFOROMODO, MANGALE MUNGA","UDM","elected","13th Parliament roster as at 12 Aug 2026","A","2026-08-12","current","Parliament","https://www.parliament.go.ke/the-national-assembly/mps?field_employment_history_value=&field_name_value=+&field_parliament_value=2022&order=field_constituency&page=18&sort=asc","false",""
"MEMBER-OF-PARLIAMENT-KEN-C002-CON009","member_of_parliament","constituency","KEN-C002-CON009","Matuga","HON. TANDAZA KASSIM SAWA, CBS","ANC","elected","13th Parliament roster as at 12 Aug 2026","A","2026-08-12","current","Parliament","https://www.parliament.go.ke/the-national-assembly/mps?field_employment_history_value=&field_name_value=+&field_parliament_value=2022&order=field_constituency&page=21&sort=asc","false",""
"MEMBER-OF-PARLIAMENT-KEN-C002-CON010","member_of_parliament","constituency","KEN-C002-CON010","Kinango","HON. RAI SAMUEL GONZI","PAA","elected","13th Parliament roster as at 12 Aug 2026","A","2026-08-12","current","Parliament","https://www.parliament.go.ke/the-national-assembly/mps?field_employment_history_value=&field_name_value=+&field_parliament_value=2022&order=field_constituency&page=14&sort=asc","false",""
"MEMBER-OF-PARLIAMENT-KEN-C003-CON011","member_of_parliament","constituency","KEN-C003-CON011","Kilifi North","HON. BAYA OWEN YAA","UDA","elected","13th Parliament roster as at 12 Aug 2026","A","2026-08-12","current","Parliament","https://www.parliament.go.ke/the-national-assembly/mps?field_employment_history_value=&field_name_value=+&field_parliament_value=2022&order=field_constituency&page=13&sort=asc","false",""
"MEMBER-OF-PARLIAMENT-KEN-C003-CON012","member_of_parliament","constituency","KEN-C003-CON012","Kilifi South","HON. KITI RICHARD KEN CHONGA","ODM","elected","13th Parliament roster as at 12 Aug 2026","A","2026-08-12","current","Parliament","https://www.parliament.go.ke/the-national-assembly/mps?field_employment_history_value=&field_name_value=+&field_parliament_value=2022&order=field_constituency&page=13&sort=asc","false",""
"MEMBER-OF-PARLIAMENT-KEN-C003-CON013","member_of_parliament","constituency","KEN-C003-CON013","Kaloleni","HON. KATANA PAUL KAHINDI","ODM","elected","13th Parliament roster as at 12 Aug 2026","A","2026-08-12","current","Parliament","https://www.parliament.go.ke/the-national-assembly/mps?field_employment_history_value=&field_name_value=+&field_parliament_value=2022&order=field_constituency&page=10&sort=asc","false",""
"MEMBER-OF-PARLIAMENT-KEN-C003-CON014","member_of_parliament","constituency","KEN-C003-CON014","Rabai","HON. MUPE ANTHONY KENGA","PAA","elected","13th Parliament roster as at 12 Aug 2026","A","2026-08-12","current","Parliament","https://www.parliament.go.ke/the-national-assembly/mps?field_employment_history_value=&field_name_value=+&field_parliament_value=2022&order=field_constituency&page=27&sort=asc","false",""
"MEMBER-OF-PARLIAMENT-KEN-C003-CON015","member_of_parliament","constituency","KEN-C003-CON015","Ganze","HON. TUNGULE CHARO KENNETH KAZUNGU","PAA","elected","13th Parliament roster as at 12 Aug 2026","A","2026-08-12","current","Parliament","https://www.parliament.go.ke/the-national-assembly/mps?field_employment_history_value=&field_name_value=+&field_parliament_value=2022&order=field_constituency&page=7&sort=asc","false",""
"MEMBER-OF-PARLIAMENT-KEN-C003-CON016","member_of_parliament","constituency","KEN-C003-CON016","Malindi","HON. MNYAZI AMINA LAURA","ODM","elected","13th Parliament roster as at 12 Aug 2026","A","2026-08-12","current","Parliament","https://www.parliament.go.ke/the-national-assembly/mps?field_employment_history_value=&field_name_value=+&field_parliament_value=2022&order=field_constituency&page=19&sort=asc","false",""
"MEMBER-OF-PARLIAMENT-KEN-C003-CON017","member_of_parliament","constituency","KEN-C003-CON017","Magarini","HON. KOMBE HARRISON GARAMA","ODM","elected","13th Parliament roster as at 12 Aug 2026","A","2026-08-12","current","Parliament","https://www.parliament.go.ke/the-national-assembly/mps?field_employment_history_value=&field_name_value=+&field_parliament_value=2022&order=field_constituency&page=19&sort=asc","false",""
"MEMBER-OF-PARLIAMENT-KEN-C004-CON018","member_of_parliament","constituency","KEN-C004-CON018","Garsen","HON. GUYO ALI WARIO","ODM","elected","13th Parliament roster as at 12 Aug 2026","A","2026-08-12","current","Parliament","https://www.parliament.go.ke/the-national-assembly/mps?field_employment_history_value=&field_name_value=+&field_parliament_value=2022&order=field_constituency&page=7&sort=asc","false",""
"MEMBER-OF-PARLIAMENT-KEN-C004-CON019","member_of_parliament","constituency","KEN-C004-CON019","Galole","HON. HIRIBAE SAID BUYA","ODM","elected","13th Parliament roster as at 12 Aug 2026","A","2026-08-12","current","Parliament","https://www.parliament.go.ke/the-national-assembly/mps?field_employment_history_value=&field_name_value=+&field_parliament_value=2022&order=field_constituency&page=6&sort=asc","false",""
"MEMBER-OF-PARLIAMENT-KEN-C004-CON020","member_of_parliament","constituency","KEN-C004-CON020","Bura","HON. KUNO YAKUB ADOW","UPIA","elected","13th Parliament roster as at 12 Aug 2026","A","2026-08-12","current","Parliament","https://www.parliament.go.ke/the-national-assembly/mps?field_employment_history_value=&field_name_value=+&field_parliament_value=2022&order=field_constituency&page=4&sort=asc","false",""
"MEMBER-OF-PARLIAMENT-KEN-C005-CON021","member_of_parliament","constituency","KEN-C005-CON021","Lamu East","HON. OBO RUWEIDA MOHAMED","JP","elected","13th Parliament roster as at 12 Aug 2026","A","2026-08-12","current","Parliament","https://www.parliament.go.ke/the-national-assembly/mps?field_employment_history_value=&field_name_value=+&field_parliament_value=2022&order=field_constituency&page=17&sort=asc","false",""
"MEMBER-OF-PARLIAMENT-KEN-C005-CON022","member_of_parliament","constituency","KEN-C005-CON022","Lamu West","HON. MUTHAMA STANLEY MUIRURI","JP","elected","13th Parliament roster as at 12 Aug 2026","A","2026-08-12","current","Parliament","https://www.parliament.go.ke/the-national-assembly/mps?field_employment_history_value=&field_name_value=+&field_parliament_value=2022&order=field_constituency&page=17&sort=asc","false",""
"MEMBER-OF-PARLIAMENT-KEN-C006-CON023","member_of_parliament","constituency","KEN-C006-CON023","Taveta","HON. BWIRE JOHN OKANO","WDM","elected","13th Parliament roster as at 12 Aug 2026","A","2026-08-12","current","Parliament","https://www.parliament.go.ke/the-national-assembly/mps?field_employment_history_value=&field_name_value=+&field_parliament_value=2022&order=field_constituency&page=31&sort=asc","false",""
"MEMBER-OF-PARLIAMENT-KEN-C006-CON024","member_of_parliament","constituency","KEN-C006-CON024","Wundanyi","HON. MWAKUWONA DANSON MWASHAKO","WDM","elected","13th Parliament roster as at 12 Aug 2026","A","2026-08-12","current","Parliament","https://www.parliament.go.ke/the-national-assembly/mps?field_employment_history_value=&field_name_value=+&field_parliament_value=2022&order=field_constituency&page=34&sort=asc","false",""
"MEMBER-OF-PARLIAMENT-KEN-C006-CON025","member_of_parliament","constituency","KEN-C006-CON025","Mwatate","HON. SHAKE MBOGHO PETER","JP","elected","13th Parliament roster as at 12 Aug 2026","A","2026-08-12","current","Parliament","https://www.parliament.go.ke/the-national-assembly/mps?field_employment_history_value=&field_name_value=+&field_parliament_value=2022&order=field_constituency&page=23&sort=asc","false",""
"MEMBER-OF-PARLIAMENT-KEN-C006-CON026","member_of_parliament","constituency","KEN-C006-CON026","Voi","HON. ABDI KHAMIS CHOME","WDM","elected","13th Parliament roster as at 12 Aug 2026","A","2026-08-12","current","Parliament","https://www.parliament.go.ke/the-national-assembly/mps?field_employment_history_value=&field_name_value=+&field_parliament_value=2022&order=field_constituency&page=33&sort=asc","false",""
"MEMBER-OF-PARLIAMENT-KEN-C007-CON027","member_of_parliament","constituency","KEN-C007-CON027","Garissa Township","VACANT","","vacant","13th Parliament roster as at 12 Aug 2026","A","2026-08-12","current","Parliament","https://www.parliament.go.ke/the-national-assembly/mps?field_employment_history_value=&field_name_value=+&field_parliament_value=2022&order=field_constituency&page=7&sort=asc","false",""
"MEMBER-OF-PARLIAMENT-KEN-C007-CON028","member_of_parliament","constituency","KEN-C007-CON028","Balambala","HON. SHURIE ABDI OMAR","JP","elected","13th Parliament roster as at 12 Aug 2026","A","2026-08-12","current","Parliament","https://www.parliament.go.ke/the-national-assembly/mps?field_employment_history_value=&field_name_value=+&field_parliament_value=2022&order=field_constituency&page=2&sort=asc","false",""
"MEMBER-OF-PARLIAMENT-KEN-C007-CON029","member_of_parliament","constituency","KEN-C007-CON029","Lagdera","HON. MOHAMED ABDIKADIR HUSSEIN","ODM","elected","13th Parliament roster as at 12 Aug 2026","A","2026-08-12","current","Parliament","https://www.parliament.go.ke/the-national-assembly/mps?field_employment_history_value=&field_name_value=+&field_parliament_value=2022&order=field_constituency&page=17&sort=asc","false",""
"MEMBER-OF-PARLIAMENT-KEN-C007-CON030","member_of_parliament","constituency","KEN-C007-CON030","Dadaab","HON. MAALIM, FARAH","WDM","elected","13th Parliament roster as at 12 Aug 2026","A","2026-08-12","current","Parliament","https://www.parliament.go.ke/the-national-assembly/mps?field_employment_history_value=&field_name_value=+&field_parliament_value=2022&order=field_constituency&page=5&sort=asc","false",""
"MEMBER-OF-PARLIAMENT-KEN-C007-CON031","member_of_parliament","constituency","KEN-C007-CON031","Fafi","HON. FARAH SALAH YAKUB","UDA","elected","13th Parliament roster as at 12 Aug 2026","A","2026-08-12","current","Parliament","https://www.parliament.go.ke/the-national-assembly/mps?field_employment_history_value=&field_name_value=+&field_parliament_value=2022&order=field_constituency&page=6&sort=asc","false",""
"MEMBER-OF-PARLIAMENT-KEN-C007-CON032","member_of_parliament","constituency","KEN-C007-CON032","Ijara","HON. ABDI ALI ABDI","NAP-K","elected","13th Parliament roster as at 12 Aug 2026","A","2026-08-12","current","Parliament","https://www.parliament.go.ke/the-national-assembly/mps?field_employment_history_value=&field_name_value=+&field_parliament_value=2022&order=field_constituency&page=8&sort=asc","false",""
"MEMBER-OF-PARLIAMENT-KEN-C008-CON033","member_of_parliament","constituency","KEN-C008-CON033","Wajir North","HON. SANEY IBRAHIM ADBI","UDA","elected","13th Parliament roster as at 12 Aug 2026","A","2026-08-12","current","Parliament","https://www.parliament.go.ke/the-national-assembly/mps?field_employment_history_value=&field_name_value=+&field_parliament_value=2022&order=field_constituency&page=34&sort=asc","false",""
"MEMBER-OF-PARLIAMENT-KEN-C008-CON034","member_of_parliament","constituency","KEN-C008-CON034","Wajir East","HON. MOHAMED ADEN DAUDI","JP","elected","13th Parliament roster as at 12 Aug 2026","A","2026-08-12","current","Parliament","https://www.parliament.go.ke/the-national-assembly/mps?field_employment_history_value=&field_name_value=+&field_parliament_value=2022&order=field_constituency&page=34&sort=asc","false",""
"MEMBER-OF-PARLIAMENT-KEN-C008-CON035","member_of_parliament","constituency","KEN-C008-CON035","Tarbaj","HON. BARRE HUSSEIN ABDI","UDA","elected","13th Parliament roster as at 12 Aug 2026","A","2026-08-12","current","Parliament","https://www.parliament.go.ke/the-national-assembly/mps?field_employment_history_value=&field_name_value=+&field_parliament_value=2022&order=field_constituency&page=31&sort=asc","false",""
"MEMBER-OF-PARLIAMENT-KEN-C008-CON036","member_of_parliament","constituency","KEN-C008-CON036","Wajir West","HON. FARAH YUSSUF MOHAMED","ODM","elected","13th Parliament roster as at 12 Aug 2026","A","2026-08-12","current","Parliament","https://www.parliament.go.ke/the-national-assembly/mps?field_employment_history_value=&field_name_value=+&field_parliament_value=2022&order=field_constituency&page=34&sort=asc","false",""
"MEMBER-OF-PARLIAMENT-KEN-C008-CON037","member_of_parliament","constituency","KEN-C008-CON037","Eldas","HON. KEYNAN, WEHLIYE ADAN","JP","elected","13th Parliament roster as at 12 Aug 2026","A","2026-08-12","current","Parliament","https://www.parliament.go.ke/the-national-assembly/mps?field_employment_history_value=&field_name_value=+&field_parliament_value=2022&order=field_constituency&page=5&sort=asc","false",""
"MEMBER-OF-PARLIAMENT-KEN-C008-CON038","member_of_parliament","constituency","KEN-C008-CON038","Wajir South","HON. ADOW ADEN MOHAMMED","ODM","elected","13th Parliament roster as at 12 Aug 2026","A","2026-08-12","current","Parliament","https://www.parliament.go.ke/the-national-assembly/mps?field_employment_history_value=&field_name_value=+&field_parliament_value=2022&order=field_constituency&page=34&sort=asc","false",""
"MEMBER-OF-PARLIAMENT-KEN-C009-CON039","member_of_parliament","constituency","KEN-C009-CON039","Mandera West","HON. YUSSUF, ADAN HAJI","UDM","elected","13th Parliament roster as at 12 Aug 2026","A","2026-08-12","current","Parliament","https://www.parliament.go.ke/the-national-assembly/mps?field_employment_history_value=&field_name_value=+&field_parliament_value=2022&order=field_constituency&page=20&sort=asc","false",""
"MEMBER-OF-PARLIAMENT-KEN-C009-CON040","member_of_parliament","constituency","KEN-C009-CON040","Banissa","HON. ALIO, AHMED MAALIM HASSAN","UDA","elected","13th Parliament roster as at 12 Aug 2026","A","2026-08-12","current","Parliament","https://www.parliament.go.ke/the-national-assembly/mps?field_employment_history_value=&field_name_value=+&field_parliament_value=2022&order=field_constituency&page=2&sort=asc","false",""
"MEMBER-OF-PARLIAMENT-KEN-C009-CON041","member_of_parliament","constituency","KEN-C009-CON041","Mandera North","HON. ABDULLAIH BASHIR SHEIKH","UDM","elected","13th Parliament roster as at 12 Aug 2026","A","2026-08-12","current","Parliament","https://www.parliament.go.ke/the-national-assembly/mps?field_employment_history_value=&field_name_value=+&field_parliament_value=2022&order=field_constituency&page=20&sort=asc","false",""
"MEMBER-OF-PARLIAMENT-KEN-C009-CON042","member_of_parliament","constituency","KEN-C009-CON042","Mandera South","HON. HARO ABDUL EBRAHIM","UDM","elected","13th Parliament roster as at 12 Aug 2026","A","2026-08-12","current","Parliament","https://www.parliament.go.ke/the-national-assembly/mps?field_employment_history_value=&field_name_value=+&field_parliament_value=2022&order=field_constituency&page=20&sort=asc","false",""
"MEMBER-OF-PARLIAMENT-KEN-C009-CON043","member_of_parliament","constituency","KEN-C009-CON043","Mandera East","HON. ABDIRAHMAN, HUSSEINWEYTAN MOHAMED","ODM","elected","13th Parliament roster as at 12 Aug 2026","A","2026-08-12","current","Parliament","https://www.parliament.go.ke/the-national-assembly/mps?field_employment_history_value=&field_name_value=+&field_parliament_value=2022&order=field_constituency&page=19&sort=asc","false",""
"MEMBER-OF-PARLIAMENT-KEN-C009-CON044","member_of_parliament","constituency","KEN-C009-CON044","Lafey","HON. ABDIRAHMAN MOHAMED ABDI","JP","elected","13th Parliament roster as at 12 Aug 2026","A","2026-08-12","current","Parliament","https://www.parliament.go.ke/the-national-assembly/mps?field_employment_history_value=&field_name_value=+&field_parliament_value=2022&order=field_constituency&page=16&sort=asc","false",""
"MEMBER-OF-PARLIAMENT-KEN-C010-CON045","member_of_parliament","constituency","KEN-C010-CON045","Moyale","HON. JALDESA GUYO WAQO","UPIA","elected","13th Parliament roster as at 12 Aug 2026","A","2026-08-12","current","Parliament","https://www.parliament.go.ke/the-national-assembly/mps?field_employment_history_value=&field_name_value=+&field_parliament_value=2022&order=field_constituency&page=22&sort=asc","false",""
"MEMBER-OF-PARLIAMENT-KEN-C010-CON046","member_of_parliament","constituency","KEN-C010-CON046","North Horr","HON. ADHE WARIO GUYO","KANU","elected","13th Parliament roster as at 12 Aug 2026","A","2026-08-12","current","Parliament","https://www.parliament.go.ke/the-national-assembly/mps?field_employment_history_value=&field_name_value=+&field_parliament_value=2022&order=field_constituency&page=26&sort=asc","false",""
"MEMBER-OF-PARLIAMENT-KEN-C010-CON047","member_of_parliament","constituency","KEN-C010-CON047","Saku","HON. RASSO, COL (RTD) DIDO ALI. CBS","UDA","elected","13th Parliament roster as at 12 Aug 2026","A","2026-08-12","current","Parliament","https://www.parliament.go.ke/the-national-assembly/mps?field_employment_history_value=&field_name_value=+&field_parliament_value=2022&order=field_constituency&page=28&sort=asc","false",""
"MEMBER-OF-PARLIAMENT-KEN-C010-CON048","member_of_parliament","constituency","KEN-C010-CON048","Laisamis","HON. LEKUTON JOSEPH, CBS","UDM","elected","13th Parliament roster as at 12 Aug 2026","A","2026-08-12","current","Parliament","https://www.parliament.go.ke/the-national-assembly/mps?field_employment_history_value=&field_name_value=+&field_parliament_value=2022&order=field_constituency&page=17&sort=asc","false",""
"MEMBER-OF-PARLIAMENT-KEN-C011-CON049","member_of_parliament","constituency","KEN-C011-CON049","Isiolo North","HON. LOMWA JOSEPH SAMAL","JP","elected","13th Parliament roster as at 12 Aug 2026","A","2026-08-12","current","Parliament","https://www.parliament.go.ke/the-national-assembly/mps?field_employment_history_value=&field_name_value=+&field_parliament_value=2022&order=field_constituency&page=9&sort=asc","false",""
"MEMBER-OF-PARLIAMENT-KEN-C011-CON050","member_of_parliament","constituency","KEN-C011-CON050","Isiolo South","TUBI, Mohamed Tubi","UDA","elected","13th Parliament roster as at 12 Aug 2026","A","2026-08-12","current","Parliament","https://parliament.go.ke/the-national-assembly/hon-tubi-mohamed-tubi","false",""
"MEMBER-OF-PARLIAMENT-KEN-C012-CON051","member_of_parliament","constituency","KEN-C012-CON051","Igembe South","HON. MWIRIGI JOHN PAUL","UDA","elected","13th Parliament roster as at 12 Aug 2026","A","2026-08-12","current","Parliament","https://www.parliament.go.ke/the-national-assembly/mps?field_employment_history_value=&field_name_value=+&field_parliament_value=2022&order=field_constituency&page=8&sort=asc","false",""
"MEMBER-OF-PARLIAMENT-KEN-C012-CON052","member_of_parliament","constituency","KEN-C012-CON052","Igembe Central","HON.KARITHO KIILI DANIEL","JP","elected","13th Parliament roster as at 12 Aug 2026","A","2026-08-12","current","Parliament","https://www.parliament.go.ke/the-national-assembly/mps?field_employment_history_value=&field_name_value=+&field_parliament_value=2022&order=field_constituency&page=8&sort=asc","false",""
"MEMBER-OF-PARLIAMENT-KEN-C012-CON053","member_of_parliament","constituency","KEN-C012-CON053","Igembe North","HON. TAITAMU JULIUS MÁNAIBA","UDA","elected","13th Parliament roster as at 12 Aug 2026","A","2026-08-12","current","Parliament","https://www.parliament.go.ke/the-national-assembly/mps?field_employment_history_value=&field_name_value=+&field_parliament_value=2022&order=field_constituency&page=8&sort=asc","false",""
"MEMBER-OF-PARLIAMENT-KEN-C012-CON054","member_of_parliament","constituency","KEN-C012-CON054","Tigania West","HON. (DR.) MUTUNGA JOHN KANYUITHIA","UDA","elected","13th Parliament roster as at 12 Aug 2026","A","2026-08-12","current","Parliament","https://www.parliament.go.ke/the-national-assembly/mps?field_employment_history_value=&field_name_value=+&field_parliament_value=2022&order=field_constituency&page=32&sort=asc","false",""
"MEMBER-OF-PARLIAMENT-KEN-C012-CON055","member_of_parliament","constituency","KEN-C012-CON055","Tigania East","HON. ABURI, LAWRENCE MPURU","NOPEU","elected","13th Parliament roster as at 12 Aug 2026","A","2026-08-12","current","Parliament","https://www.parliament.go.ke/the-national-assembly/mps?field_employment_history_value=&field_name_value=+&field_parliament_value=2022&order=field_constituency&page=32&sort=asc","false",""
"MEMBER-OF-PARLIAMENT-KEN-C012-CON056","member_of_parliament","constituency","KEN-C012-CON056","North Imenti","HON. DAWOOD, ABDUL RAHIM, CBS","IND","elected","13th Parliament roster as at 12 Aug 2026","A","2026-08-12","current","Parliament","https://www.parliament.go.ke/the-national-assembly/mps?field_employment_history_value=&field_name_value=+&field_parliament_value=2022&order=field_constituency&page=26&sort=asc","false",""
"MEMBER-OF-PARLIAMENT-KEN-C012-CON057","member_of_parliament","constituency","KEN-C012-CON057","Buuri","Mugambi Rindikiri","UDA","elected","13th Parliament roster as at 12 Aug 2026","A","2026-08-12","current","Parliament","https://www.parliament.go.ke/sites/default/files/2026-06/The%20Hansard%20-%20Tuesday%2C%209%20June%202026_0.pdf","false",""
"MEMBER-OF-PARLIAMENT-KEN-C012-CON058","member_of_parliament","constituency","KEN-C012-CON058","Central Imenti","HON. KIRIMA MOSES NGUCHINE","UDA","elected","13th Parliament roster as at 12 Aug 2026","A","2026-08-12","current","Parliament","https://www.parliament.go.ke/the-national-assembly/mps?field_employment_history_value=&field_name_value=+&field_parliament_value=2022&order=field_constituency&page=4&sort=asc","false",""
"MEMBER-OF-PARLIAMENT-KEN-C012-CON059","member_of_parliament","constituency","KEN-C012-CON059","South Imenti","HON. ITHINJI SHADRACK MWITI","JP","elected","13th Parliament roster as at 12 Aug 2026","A","2026-08-12","current","Parliament","https://www.parliament.go.ke/the-national-assembly/mps?field_employment_history_value=&field_name_value=+&field_parliament_value=2022&order=field_constituency&page=30&sort=asc","false",""
"MEMBER-OF-PARLIAMENT-KEN-C013-CON060","member_of_parliament","constituency","KEN-C013-CON060","Maara","HON.MBIUKI JAPHET MIRITI KAREKE","UDA","elected","13th Parliament roster as at 12 Aug 2026","A","2026-08-12","current","Parliament","https://www.parliament.go.ke/the-national-assembly/mps?field_employment_history_value=&field_name_value=+&field_parliament_value=2022&order=field_constituency&page=18&sort=asc","false",""
"MEMBER-OF-PARLIAMENT-KEN-C013-CON061","member_of_parliament","constituency","KEN-C013-CON061","Chuka/Igambang'om","HON. NTWIGA PATRICK MUNENE","UDA","elected","13th Parliament roster as at 12 Aug 2026","A","2026-08-12","current","Parliament","https://www.parliament.go.ke/the-national-assembly/mps?field_employment_history_value=&field_name_value=+&field_parliament_value=2022&order=field_constituency&page=5&sort=asc","false",""
"MEMBER-OF-PARLIAMENT-KEN-C013-CON062","member_of_parliament","constituency","KEN-C013-CON062","Tharaka","HON. MURUGARA GEORGE GITONGA","UDA","elected","13th Parliament roster as at 12 Aug 2026","A","2026-08-12","current","Parliament","https://www.parliament.go.ke/the-national-assembly/mps?field_employment_history_value=&field_name_value=+&field_parliament_value=2022&order=field_constituency&page=31&sort=asc","false",""
"MEMBER-OF-PARLIAMENT-KEN-C014-CON063","member_of_parliament","constituency","KEN-C014-CON063","Manyatta","HON. MUKUNJI JOHN GITONGA MWANIKI","UDA","elected","13th Parliament roster as at 12 Aug 2026","A","2026-08-12","current","Parliament","https://www.parliament.go.ke/the-national-assembly/mps?field_employment_history_value=&field_name_value=+&field_parliament_value=2022&order=field_constituency&page=20&sort=asc","false",""
"MEMBER-OF-PARLIAMENT-KEN-C014-CON064","member_of_parliament","constituency","KEN-C014-CON064","Runyenjes","HON. MUCHANGI KAREMBA, CBS","UDA","elected","13th Parliament roster as at 12 Aug 2026","A","2026-08-12","current","Parliament","https://www.parliament.go.ke/the-national-assembly/mps?field_employment_history_value=&field_name_value=+&field_parliament_value=2022&order=field_constituency&page=28&sort=asc","false",""
"MEMBER-OF-PARLIAMENT-KEN-C014-CON065","member_of_parliament","constituency","KEN-C014-CON065","Mbeere South","HON. MURIUKI NEBART BERNARD","IND","elected","13th Parliament roster as at 12 Aug 2026","A","2026-08-12","current","Parliament","https://www.parliament.go.ke/the-national-assembly/mps?field_employment_history_value=&field_name_value=+&field_parliament_value=2022&order=field_constituency&page=21&sort=asc","false",""
"MEMBER-OF-PARLIAMENT-KEN-C014-CON066","member_of_parliament","constituency","KEN-C014-CON066","Mbeere North","HON. NJERU, LEO WA MUTHENDE","UDA","elected","13th Parliament roster as at 12 Aug 2026","A","2026-08-12","current","Parliament","https://www.parliament.go.ke/the-national-assembly/mps?field_employment_history_value=&field_name_value=+&field_parliament_value=2022&order=field_constituency&page=21&sort=asc","false",""
"MEMBER-OF-PARLIAMENT-KEN-C015-CON067","member_of_parliament","constituency","KEN-C015-CON067","Mwingi North","HON. NZENGU, PAUL MUSYIMI","WDM","elected","13th Parliament roster as at 12 Aug 2026","A","2026-08-12","current","Parliament","https://www.parliament.go.ke/the-national-assembly/mps?field_employment_history_value=&field_name_value=+&field_parliament_value=2022&order=field_constituency&page=23&sort=asc","false",""
"MEMBER-OF-PARLIAMENT-KEN-C015-CON068","member_of_parliament","constituency","KEN-C015-CON068","Mwingi West","HON. NGUNA, NGUSYA CHARLES","WDM","elected","13th Parliament roster as at 12 Aug 2026","A","2026-08-12","current","Parliament","https://www.parliament.go.ke/the-national-assembly/mps?field_employment_history_value=&field_name_value=+&field_parliament_value=2022&order=field_constituency&page=24&sort=asc","false",""
"MEMBER-OF-PARLIAMENT-KEN-C015-CON069","member_of_parliament","constituency","KEN-C015-CON069","Mwingi Central","HON. MULYUNGI, GIDEON MUTEMI","WDM","elected","13th Parliament roster as at 12 Aug 2026","A","2026-08-12","current","Parliament","https://www.parliament.go.ke/the-national-assembly/mps?field_employment_history_value=&field_name_value=+&field_parliament_value=2022&order=field_constituency&page=23&sort=asc","false",""
"MEMBER-OF-PARLIAMENT-KEN-C015-CON070","member_of_parliament","constituency","KEN-C015-CON070","Kitui West","HON. NYENZE EDITH VETHI","WDM","elected","13th Parliament roster as at 12 Aug 2026","A","2026-08-12","current","Parliament","https://www.parliament.go.ke/the-national-assembly/mps?field_employment_history_value=&field_name_value=+&field_parliament_value=2022&order=field_constituency&page=15&sort=asc","false",""
"MEMBER-OF-PARLIAMENT-KEN-C015-CON071","member_of_parliament","constituency","KEN-C015-CON071","Kitui Rural","HON. MBONI, DAVID MWALIKA","WDM","elected","13th Parliament roster as at 12 Aug 2026","A","2026-08-12","current","Parliament","https://www.parliament.go.ke/the-national-assembly/mps?field_employment_history_value=&field_name_value=+&field_parliament_value=2022&order=field_constituency&page=15&sort=asc","false",""
"MEMBER-OF-PARLIAMENT-KEN-C015-CON072","member_of_parliament","constituency","KEN-C015-CON072","Kitui Central","HON. MULU MAKALI","WDM","elected","13th Parliament roster as at 12 Aug 2026","A","2026-08-12","current","Parliament","https://www.parliament.go.ke/the-national-assembly/mps?field_employment_history_value=&field_name_value=+&field_parliament_value=2022&order=field_constituency&page=15&sort=asc","false",""
"MEMBER-OF-PARLIAMENT-KEN-C015-CON073","member_of_parliament","constituency","KEN-C015-CON073","Kitui East","HON. MBAI, NIMROD MBITHUKA","UDA","elected","13th Parliament roster as at 12 Aug 2026","A","2026-08-12","current","Parliament","https://www.parliament.go.ke/the-national-assembly/mps?field_employment_history_value=&field_name_value=+&field_parliament_value=2022&order=field_constituency&page=15&sort=asc","false",""
"MEMBER-OF-PARLIAMENT-KEN-C015-CON074","member_of_parliament","constituency","KEN-C015-CON074","Kitui South","HON. NYAMAI RACHAEL KAKI","JP","elected","13th Parliament roster as at 12 Aug 2026","A","2026-08-12","current","Parliament","https://www.parliament.go.ke/the-national-assembly/mps?field_employment_history_value=&field_name_value=+&field_parliament_value=2022&order=field_constituency&page=15&sort=asc","false",""
"MEMBER-OF-PARLIAMENT-KEN-C016-CON075","member_of_parliament","constituency","KEN-C016-CON075","Masinga","HON. MWALYO, JOSHUA MBITHI","IND","elected","13th Parliament roster as at 12 Aug 2026","A","2026-08-12","current","Parliament","https://www.parliament.go.ke/the-national-assembly/mps?field_employment_history_value=&field_name_value=+&field_parliament_value=2022&order=field_constituency&page=20&sort=asc","false",""
"MEMBER-OF-PARLIAMENT-KEN-C016-CON076","member_of_parliament","constituency","KEN-C016-CON076","Yatta","HON. BASIL ROBERT NGUI","WDM","elected","13th Parliament roster as at 12 Aug 2026","A","2026-08-12","current","Parliament","https://www.parliament.go.ke/the-national-assembly/mps?field_employment_history_value=&field_name_value=+&field_parliament_value=2022&order=field_constituency&page=35&sort=asc","false",""
"MEMBER-OF-PARLIAMENT-KEN-C016-CON077","member_of_parliament","constituency","KEN-C016-CON077","Kangundo","HON. MULI FABIAN KYULE, CBS","GDDP","elected","13th Parliament roster as at 12 Aug 2026","A","2026-08-12","current","Parliament","https://www.parliament.go.ke/the-national-assembly/mps?field_employment_history_value=&field_name_value=+&field_parliament_value=2022&order=field_constituency&page=11&sort=asc","false",""
"MEMBER-OF-PARLIAMENT-KEN-C016-CON078","member_of_parliament","constituency","KEN-C016-CON078","Matungulu","HON. MULE STEPHEN MUTINDA","WDM","elected","13th Parliament roster as at 12 Aug 2026","A","2026-08-12","current","Parliament","https://www.parliament.go.ke/the-national-assembly/mps?field_employment_history_value=&field_name_value=+&field_parliament_value=2022&order=field_constituency&page=21&sort=asc","false",""
"MEMBER-OF-PARLIAMENT-KEN-C016-CON079","member_of_parliament","constituency","KEN-C016-CON079","Kathiani","HON. MBUI, ROBERT","WDM","elected","13th Parliament roster as at 12 Aug 2026","A","2026-08-12","current","Parliament","https://www.parliament.go.ke/the-national-assembly/mps?field_employment_history_value=&field_name_value=+&field_parliament_value=2022&order=field_constituency&page=11&sort=asc","false",""
"MEMBER-OF-PARLIAMENT-KEN-C016-CON080","member_of_parliament","constituency","KEN-C016-CON080","Mavoko","HON KING'OLA PATRICK MAKAU, CBS","WDM","elected","13th Parliament roster as at 12 Aug 2026","A","2026-08-12","current","Parliament","https://www.parliament.go.ke/the-national-assembly/mps?field_employment_history_value=&field_name_value=+&field_parliament_value=2022&order=field_constituency&page=21&sort=asc","false",""
"MEMBER-OF-PARLIAMENT-KEN-C016-CON081","member_of_parliament","constituency","KEN-C016-CON081","Machakos Town","HON. MULE CALEB MUTISO","MCCP","elected","13th Parliament roster as at 12 Aug 2026","A","2026-08-12","current","Parliament","https://www.parliament.go.ke/the-national-assembly/mps?field_employment_history_value=&field_name_value=+&field_parliament_value=2022&order=field_constituency&page=19&sort=asc","false",""
"MEMBER-OF-PARLIAMENT-KEN-C016-CON082","member_of_parliament","constituency","KEN-C016-CON082","Mwala","HON. MUSAU, VINCENT MUSYOKA","UDA","elected","13th Parliament roster as at 12 Aug 2026","A","2026-08-12","current","Parliament","https://www.parliament.go.ke/the-national-assembly/mps?field_employment_history_value=&field_name_value=+&field_parliament_value=2022&order=field_constituency&page=23&sort=asc","false",""
"MEMBER-OF-PARLIAMENT-KEN-C017-CON083","member_of_parliament","constituency","KEN-C017-CON083","Mbooni","HON. NZIOKA ERASTUS KIVASU","WDM","elected","13th Parliament roster as at 12 Aug 2026","A","2026-08-12","current","Parliament","https://www.parliament.go.ke/the-national-assembly/mps?field_employment_history_value=&field_name_value=+&field_parliament_value=2022&order=field_constituency&page=21&sort=asc","false",""
"MEMBER-OF-PARLIAMENT-KEN-C017-CON084","member_of_parliament","constituency","KEN-C017-CON084","Kilome","HON. (ENG.) NZAMBIA KITHUA THUDDEUS","WDM","elected","13th Parliament roster as at 12 Aug 2026","A","2026-08-12","current","Parliament","https://www.parliament.go.ke/the-national-assembly/mps?field_employment_history_value=&field_name_value=+&field_parliament_value=2022&order=field_constituency&page=13&sort=asc","false",""
"MEMBER-OF-PARLIAMENT-KEN-C017-CON085","member_of_parliament","constituency","KEN-C017-CON085","Kaiti","HON. KIMILU, JOSHUA KIVINDA","WDM","elected","13th Parliament roster as at 12 Aug 2026","A","2026-08-12","current","Parliament","https://www.parliament.go.ke/the-national-assembly/mps?field_employment_history_value=&field_name_value=+&field_parliament_value=2022&order=field_constituency&page=9&sort=asc","false",""
"MEMBER-OF-PARLIAMENT-KEN-C017-CON086","member_of_parliament","constituency","KEN-C017-CON086","Makueni","HON. KIAMBA SUZANNE NDUNGE","WDM","elected","13th Parliament roster as at 12 Aug 2026","A","2026-08-12","current","Parliament","https://www.parliament.go.ke/the-national-assembly/mps?field_employment_history_value=&field_name_value=+&field_parliament_value=2022&order=field_constituency&page=19&sort=asc","false",""
"MEMBER-OF-PARLIAMENT-KEN-C017-CON087","member_of_parliament","constituency","KEN-C017-CON087","Kibwezi West","HON. MUTUSE ECKOMAS MWENGI","MCCP","elected","13th Parliament roster as at 12 Aug 2026","A","2026-08-12","current","Parliament","https://www.parliament.go.ke/the-national-assembly/mps?field_employment_history_value=&field_name_value=+&field_parliament_value=2022&order=field_constituency&page=12&sort=asc","false",""
"MEMBER-OF-PARLIAMENT-KEN-C017-CON088","member_of_parliament","constituency","KEN-C017-CON088","Kibwezi East","HON. MBALU JESSICA NDUKU KIKO","WDM","elected","13th Parliament roster as at 12 Aug 2026","A","2026-08-12","current","Parliament","https://www.parliament.go.ke/the-national-assembly/mps?field_employment_history_value=&field_name_value=+&field_parliament_value=2022&order=field_constituency&page=12&sort=asc","false",""
"MEMBER-OF-PARLIAMENT-KEN-C018-CON089","member_of_parliament","constituency","KEN-C018-CON089","Kinangop","HON. THUKU ZACHARY KWENYA","JP","elected","13th Parliament roster as at 12 Aug 2026","A","2026-08-12","current","Parliament","https://www.parliament.go.ke/the-national-assembly/mps?field_employment_history_value=&field_name_value=+&field_parliament_value=2022&order=field_constituency&page=14&sort=asc","false",""
"MEMBER-OF-PARLIAMENT-KEN-C018-CON090","member_of_parliament","constituency","KEN-C018-CON090","Kipipiri","HON. MUHIA WANJIKU","UDA","elected","13th Parliament roster as at 12 Aug 2026","A","2026-08-12","current","Parliament","https://www.parliament.go.ke/the-national-assembly/mps?field_employment_history_value=&field_name_value=+&field_parliament_value=2022&order=field_constituency&page=14&sort=asc","false",""
"MEMBER-OF-PARLIAMENT-KEN-C018-CON091","member_of_parliament","constituency","KEN-C018-CON091","Ol Kalou","HON. KAMAU DOUGLAS, SAMMY, MP","DCP","elected","13th Parliament roster as at 12 Aug 2026","A","2026-08-12","current","Parliament","https://www.parliament.go.ke/the-national-assembly/mps?field_employment_history_value=&field_name_value=+&field_parliament_value=2022&order=field_constituency&page=27&sort=asc","false",""
"MEMBER-OF-PARLIAMENT-KEN-C018-CON092","member_of_parliament","constituency","KEN-C018-CON092","Ol Jorok","HON. MUCHIRA, MICHAEL MWANGI","UDA","elected","13th Parliament roster as at 12 Aug 2026","A","2026-08-12","current","Parliament","https://www.parliament.go.ke/the-national-assembly/mps?field_employment_history_value=&field_name_value=+&field_parliament_value=2022&order=field_constituency&page=27&sort=asc","false",""
"MEMBER-OF-PARLIAMENT-KEN-C018-CON093","member_of_parliament","constituency","KEN-C018-CON093","Ndaragwa","HON. GACHAGUA GEORGE","UDA","elected","13th Parliament roster as at 12 Aug 2026","A","2026-08-12","current","Parliament","https://www.parliament.go.ke/the-national-assembly/mps?field_employment_history_value=&field_name_value=+&field_parliament_value=2022&order=field_constituency&page=25&sort=asc","false",""
"MEMBER-OF-PARLIAMENT-KEN-C019-CON094","member_of_parliament","constituency","KEN-C019-CON094","Tetu","HON. CPA GEOFFREY WANDETO","UDA","elected","13th Parliament roster as at 12 Aug 2026","A","2026-08-12","current","Parliament","https://www.parliament.go.ke/the-national-assembly/mps?field_employment_history_value=&field_name_value=+&field_parliament_value=2022&order=field_constituency&page=31&sort=asc","false",""
"MEMBER-OF-PARLIAMENT-KEN-C019-CON095","member_of_parliament","constituency","KEN-C019-CON095","Kieni","HON. WAINAINA ANTHONY NJOROGE","UDA","elected","13th Parliament roster as at 12 Aug 2026","A","2026-08-12","current","Parliament","https://www.parliament.go.ke/the-national-assembly/mps?field_employment_history_value=&field_name_value=+&field_parliament_value=2022&order=field_constituency&page=12&sort=asc","false",""
"MEMBER-OF-PARLIAMENT-KEN-C019-CON096","member_of_parliament","constituency","KEN-C019-CON096","Mathira","HON. ERIC WAMUMBI","UDA","elected","13th Parliament roster as at 12 Aug 2026","A","2026-08-12","current","Parliament","https://www.parliament.go.ke/the-national-assembly/mps?field_employment_history_value=&field_name_value=+&field_parliament_value=2022&order=field_constituency&page=21&sort=asc","false",""
"MEMBER-OF-PARLIAMENT-KEN-C019-CON097","member_of_parliament","constituency","KEN-C019-CON097","Othaya","HON. WAINAINA, MICHAEL WAMBUGU","UDA","elected","13th Parliament roster as at 12 Aug 2026","A","2026-08-12","current","Parliament","https://www.parliament.go.ke/the-national-assembly/mps?field_employment_history_value=&field_name_value=+&field_parliament_value=2022&order=field_constituency&page=27&sort=asc","false",""
"MEMBER-OF-PARLIAMENT-KEN-C019-CON098","member_of_parliament","constituency","KEN-C019-CON098","Mukurweini","HON. KAGUCHIA JOHN PHILIP GICHOHI","UDA","elected","13th Parliament roster as at 12 Aug 2026","A","2026-08-12","current","Parliament","https://www.parliament.go.ke/the-national-assembly/mps?field_employment_history_value=&field_name_value=+&field_parliament_value=2022&order=field_constituency&page=1&sort=asc","false",""
"MEMBER-OF-PARLIAMENT-KEN-C019-CON099","member_of_parliament","constituency","KEN-C019-CON099","Nyeri Town","HON. MATHENGE DUNCAN MAINA","UDA","elected","13th Parliament roster as at 12 Aug 2026","A","2026-08-12","current","Parliament","https://www.parliament.go.ke/the-national-assembly/mps?field_employment_history_value=&field_name_value=+&field_parliament_value=2022&order=field_constituency&page=27&sort=asc","false",""
"MEMBER-OF-PARLIAMENT-KEN-C020-CON100","member_of_parliament","constituency","KEN-C020-CON100","Mwea","HON. MAINGI MARY","UDA","elected","13th Parliament roster as at 12 Aug 2026","A","2026-08-12","current","Parliament","https://www.parliament.go.ke/the-national-assembly/mps?field_employment_history_value=&field_name_value=+&field_parliament_value=2022&order=field_constituency&page=23&sort=asc","false",""
"MEMBER-OF-PARLIAMENT-KEN-C020-CON101","member_of_parliament","constituency","KEN-C020-CON101","Gichugu","HON. GITHINJI, ROBERT GICHIMU, CBS","UDA","elected","13th Parliament roster as at 12 Aug 2026","A","2026-08-12","current","Parliament","https://www.parliament.go.ke/the-national-assembly/mps?field_employment_history_value=&field_name_value=+&field_parliament_value=2022&order=field_constituency&page=7&sort=asc","false",""
"MEMBER-OF-PARLIAMENT-KEN-C020-CON102","member_of_parliament","constituency","KEN-C020-CON102","Ndia","HON. KARIUKI GEORGE MACHARIA","UDA","elected","13th Parliament roster as at 12 Aug 2026","A","2026-08-12","current","Parliament","https://www.parliament.go.ke/the-national-assembly/mps?field_employment_history_value=&field_name_value=+&field_parliament_value=2022&order=field_constituency&page=25&sort=asc","false",""
"MEMBER-OF-PARLIAMENT-KEN-C020-CON103","member_of_parliament","constituency","KEN-C020-CON103","Kirinyaga Central","HON. GITARI, JOSEPH GACHOKI","UDA","elected","13th Parliament roster as at 12 Aug 2026","A","2026-08-12","current","Parliament","https://www.parliament.go.ke/the-national-assembly/mps?field_employment_history_value=&field_name_value=+&field_parliament_value=2022&order=field_constituency&page=14&sort=asc","false",""
"MEMBER-OF-PARLIAMENT-KEN-C021-CON104","member_of_parliament","constituency","KEN-C021-CON104","Kangema","HON. KIHUNGI PETER IRUNGU","UDA","elected","13th Parliament roster as at 12 Aug 2026","A","2026-08-12","current","Parliament","https://www.parliament.go.ke/the-national-assembly/mps?field_employment_history_value=&field_name_value=+&field_parliament_value=2022&order=field_constituency&page=11&sort=asc","false",""
"MEMBER-OF-PARLIAMENT-KEN-C021-CON105","member_of_parliament","constituency","KEN-C021-CON105","Mathioya","HON. (DR.) GICHUKI EDWIN MUGO","UDA","elected","13th Parliament roster as at 12 Aug 2026","A","2026-08-12","current","Parliament","https://www.parliament.go.ke/the-national-assembly/mps?field_employment_history_value=&field_name_value=+&field_parliament_value=2022&order=field_constituency&page=21&sort=asc","false",""
"MEMBER-OF-PARLIAMENT-KEN-C021-CON106","member_of_parliament","constituency","KEN-C021-CON106","Kiharu","HON. NYORO, SAMSON NDINDI","UDA","elected","13th Parliament roster as at 12 Aug 2026","A","2026-08-12","current","Parliament","https://www.parliament.go.ke/the-national-assembly/mps?field_employment_history_value=&field_name_value=+&field_parliament_value=2022&order=field_constituency&page=13&sort=asc","false",""
"MEMBER-OF-PARLIAMENT-KEN-C021-CON107","member_of_parliament","constituency","KEN-C021-CON107","Kigumo","HON. MUNYORO JOSEPH KAMAU","UDA","elected","13th Parliament roster as at 12 Aug 2026","A","2026-08-12","current","Parliament","https://www.parliament.go.ke/the-national-assembly/mps?field_employment_history_value=&field_name_value=+&field_parliament_value=2022&order=field_constituency&page=13&sort=asc","false",""
"MEMBER-OF-PARLIAMENT-KEN-C021-CON108","member_of_parliament","constituency","KEN-C021-CON108","Maragwa","HON. NJOROGE MARY WAMAUA WAITHIRA","UDA","elected","13th Parliament roster as at 12 Aug 2026","A","2026-08-12","current","Parliament","https://www.parliament.go.ke/the-national-assembly/mps?field_employment_history_value=&field_name_value=+&field_parliament_value=2022&order=field_constituency&page=20&sort=asc","false",""
"MEMBER-OF-PARLIAMENT-KEN-C021-CON109","member_of_parliament","constituency","KEN-C021-CON109","Kandara","HON. CHEGE NJUGUNA","UDA","elected","13th Parliament roster as at 12 Aug 2026","A","2026-08-12","current","Parliament","https://www.parliament.go.ke/the-national-assembly/mps?field_employment_history_value=&field_name_value=+&field_parliament_value=2022&order=field_constituency&page=10&sort=asc","false",""
"MEMBER-OF-PARLIAMENT-KEN-C021-CON110","member_of_parliament","constituency","KEN-C021-CON110","Gatanga","HON. MURIU WAKILI EDWARD","UDA","elected","13th Parliament roster as at 12 Aug 2026","A","2026-08-12","current","Parliament","https://www.parliament.go.ke/the-national-assembly/mps?field_employment_history_value=&field_name_value=+&field_parliament_value=2022&order=field_constituency&page=7&sort=asc","false",""
"MEMBER-OF-PARLIAMENT-KEN-C022-CON111","member_of_parliament","constituency","KEN-C022-CON111","Gatundu South","HON. KAGOMBE GABRIEL GATHUKA","UDA","elected","13th Parliament roster as at 12 Aug 2026","A","2026-08-12","current","Parliament","https://www.parliament.go.ke/the-national-assembly/mps?field_employment_history_value=&field_name_value=+&field_parliament_value=2022&order=field_constituency&page=7&sort=asc","false",""
"MEMBER-OF-PARLIAMENT-KEN-C022-CON112","member_of_parliament","constituency","KEN-C022-CON112","Gatundu North","HON. KURURIA ELIJAH NJORE NJOROGE","IND","elected","13th Parliament roster as at 12 Aug 2026","A","2026-08-12","current","Parliament","https://www.parliament.go.ke/the-national-assembly/mps?field_employment_history_value=&field_name_value=+&field_parliament_value=2022&order=field_constituency&page=7&sort=asc","false",""
"MEMBER-OF-PARLIAMENT-KEN-C022-CON113","member_of_parliament","constituency","KEN-C022-CON113","Juja","HON. NDUNG’U, GEORGE KOIMBURI","UDA","elected","13th Parliament roster as at 12 Aug 2026","A","2026-08-12","current","Parliament","https://www.parliament.go.ke/the-national-assembly/mps?field_employment_history_value=&field_name_value=+&field_parliament_value=2022&order=field_constituency&page=9&sort=asc","false",""
"MEMBER-OF-PARLIAMENT-KEN-C022-CON114","member_of_parliament","constituency","KEN-C022-CON114","Thika Town","HON. NGANGA ALICE WAMBUI","UDA","elected","13th Parliament roster as at 12 Aug 2026","A","2026-08-12","current","Parliament","https://www.parliament.go.ke/the-national-assembly/mps?field_employment_history_value=&field_name_value=+&field_parliament_value=2022&order=field_constituency&page=31&sort=asc","false",""
"MEMBER-OF-PARLIAMENT-KEN-C022-CON115","member_of_parliament","constituency","KEN-C022-CON115","Ruiru","HON. KINGARA, SIMON NGANGA","UDA","elected","13th Parliament roster as at 12 Aug 2026","A","2026-08-12","current","Parliament","https://www.parliament.go.ke/the-national-assembly/mps?field_employment_history_value=&field_name_value=+&field_parliament_value=2022&order=field_constituency&page=28&sort=asc","false",""
"MEMBER-OF-PARLIAMENT-KEN-C022-CON116","member_of_parliament","constituency","KEN-C022-CON116","Githunguri","HON. WAMUCHOMBA, GATHONI","UDA","elected","13th Parliament roster as at 12 Aug 2026","A","2026-08-12","current","Parliament","https://www.parliament.go.ke/the-national-assembly/mps?field_employment_history_value=&field_name_value=+&field_parliament_value=2022&order=field_constituency&page=8&sort=asc","false",""
"MEMBER-OF-PARLIAMENT-KEN-C022-CON117","member_of_parliament","constituency","KEN-C022-CON117","Kiambu","HON. WAITHAKA JOHN MACHUA","UDA","elected","13th Parliament roster as at 12 Aug 2026","A","2026-08-12","current","Parliament","https://www.parliament.go.ke/the-national-assembly/mps?field_employment_history_value=&field_name_value=+&field_parliament_value=2022&order=field_constituency&page=12&sort=asc","false",""
"MEMBER-OF-PARLIAMENT-KEN-C022-CON118","member_of_parliament","constituency","KEN-C022-CON118","Kiambaa","HON. WANJIKU JOHN NJUGUNA","UDA","elected","13th Parliament roster as at 12 Aug 2026","A","2026-08-12","current","Parliament","https://www.parliament.go.ke/the-national-assembly/mps?field_employment_history_value=&field_name_value=+&field_parliament_value=2022&order=field_constituency&page=12&sort=asc","false",""
"MEMBER-OF-PARLIAMENT-KEN-C022-CON119","member_of_parliament","constituency","KEN-C022-CON119","Kabete","HON. WAMACUKURU JAMES GITHUA KAMAU, CBS","UDA","elected","13th Parliament roster as at 12 Aug 2026","A","2026-08-12","current","Parliament","https://www.parliament.go.ke/the-national-assembly/mps?field_employment_history_value=&field_name_value=+&field_parliament_value=2022&order=field_constituency&page=9&sort=asc","false",""
"MEMBER-OF-PARLIAMENT-KEN-C022-CON120","member_of_parliament","constituency","KEN-C022-CON120","Kikuyu","HON. ICHUNG’WAH ANTONY KIMANI","UDA","elected","13th Parliament roster as at 12 Aug 2026","A","2026-08-12","current","Parliament","https://www.parliament.go.ke/the-national-assembly/mps?field_employment_history_value=&field_name_value=+&field_parliament_value=2022&order=field_constituency&page=13&sort=asc","false",""
"MEMBER-OF-PARLIAMENT-KEN-C022-CON121","member_of_parliament","constituency","KEN-C022-CON121","Limuru","HON. CHEGE JOHN KIRAGU","UDA","elected","13th Parliament roster as at 12 Aug 2026","A","2026-08-12","current","Parliament","https://www.parliament.go.ke/the-national-assembly/mps?field_employment_history_value=&field_name_value=+&field_parliament_value=2022&order=field_constituency&page=18&sort=asc","false",""
"MEMBER-OF-PARLIAMENT-KEN-C022-CON122","member_of_parliament","constituency","KEN-C022-CON122","Lari","HON. KAHANGARA JOSEPH MBURU","UDA","elected","13th Parliament roster as at 12 Aug 2026","A","2026-08-12","current","Parliament","https://www.parliament.go.ke/the-national-assembly/mps?field_employment_history_value=&field_name_value=+&field_parliament_value=2022&order=field_constituency&page=18&sort=asc","false",""
"MEMBER-OF-PARLIAMENT-KEN-C023-CON123","member_of_parliament","constituency","KEN-C023-CON123","Turkana North","HON. NABUIN, PAUL EKWOM","ODM","elected","13th Parliament roster as at 12 Aug 2026","A","2026-08-12","current","Parliament","https://www.parliament.go.ke/the-national-assembly/mps?field_employment_history_value=&field_name_value=+&field_parliament_value=2022&order=field_constituency&page=32&sort=asc","false",""
"MEMBER-OF-PARLIAMENT-KEN-C023-CON124","member_of_parliament","constituency","KEN-C023-CON124","Turkana West","HON. NANOK, DANIEL EPUYO","UDA","elected","13th Parliament roster as at 12 Aug 2026","A","2026-08-12","current","Parliament","https://www.parliament.go.ke/the-national-assembly/mps?field_employment_history_value=&field_name_value=+&field_parliament_value=2022&order=field_constituency&page=33&sort=asc","false",""
"MEMBER-OF-PARLIAMENT-KEN-C023-CON125","member_of_parliament","constituency","KEN-C023-CON125","Turkana Central","HON. NAMUAR JOSEPH EMATHE","UDA","elected","13th Parliament roster as at 12 Aug 2026","A","2026-08-12","current","Parliament","https://www.parliament.go.ke/the-national-assembly/mps?field_employment_history_value=&field_name_value=+&field_parliament_value=2022&order=field_constituency&page=32&sort=asc","false",""
"MEMBER-OF-PARLIAMENT-KEN-C023-CON126","member_of_parliament","constituency","KEN-C023-CON126","Loima","HON. AKUJAH, PROTUS EWESIT","UDA","elected","13th Parliament roster as at 12 Aug 2026","A","2026-08-12","current","Parliament","https://www.parliament.go.ke/the-national-assembly/mps?field_employment_history_value=&field_name_value=+&field_parliament_value=2022&order=field_constituency&page=18&sort=asc","false",""
"MEMBER-OF-PARLIAMENT-KEN-C023-CON127","member_of_parliament","constituency","KEN-C023-CON127","Turkana South","HON. ARIKO JOHN NAMOIT","ODM","elected","13th Parliament roster as at 12 Aug 2026","A","2026-08-12","current","Parliament","https://www.parliament.go.ke/the-national-assembly/mps?field_employment_history_value=&field_name_value=+&field_parliament_value=2022&order=field_constituency&page=33&sort=asc","false",""
"MEMBER-OF-PARLIAMENT-KEN-C023-CON128","member_of_parliament","constituency","KEN-C023-CON128","Turkana East","HON. NGIKOLONG NICHOLAS NGIKOR NIXON","JP","elected","13th Parliament roster as at 12 Aug 2026","A","2026-08-12","current","Parliament","https://www.parliament.go.ke/the-national-assembly/mps?field_employment_history_value=&field_name_value=+&field_parliament_value=2022&order=field_constituency&page=32&sort=asc","false",""
"MEMBER-OF-PARLIAMENT-KEN-C024-CON129","member_of_parliament","constituency","KEN-C024-CON129","Kapenguria","HON. CHUMEL, MOROTO SAMWEL","UDA","elected","13th Parliament roster as at 12 Aug 2026","A","2026-08-12","current","Parliament","https://www.parliament.go.ke/the-national-assembly/mps?field_employment_history_value=&field_name_value=+&field_parliament_value=2022&order=field_constituency&page=11&sort=asc","false",""
"MEMBER-OF-PARLIAMENT-KEN-C024-CON130","member_of_parliament","constituency","KEN-C024-CON130","Sigor","HON. LOCHAKAPONG, PETER","UDA","elected","13th Parliament roster as at 12 Aug 2026","A","2026-08-12","current","Parliament","https://www.parliament.go.ke/the-national-assembly/mps?field_employment_history_value=&field_name_value=+&field_parliament_value=2022&order=field_constituency&page=29&sort=asc","false",""
"MEMBER-OF-PARLIAMENT-KEN-C024-CON131","member_of_parliament","constituency","KEN-C024-CON131","Kacheliba","HON. LOTEE TITUS","KUP","elected","13th Parliament roster as at 12 Aug 2026","A","2026-08-12","current","Parliament","https://www.parliament.go.ke/the-national-assembly/mps?field_employment_history_value=&field_name_value=+&field_parliament_value=2022&order=field_constituency&page=9&sort=asc","false",""
"MEMBER-OF-PARLIAMENT-KEN-C024-CON132","member_of_parliament","constituency","KEN-C024-CON132","Pokot South","HON. PKOSING, DAVID","KUP","elected","13th Parliament roster as at 12 Aug 2026","A","2026-08-12","current","Parliament","https://www.parliament.go.ke/the-national-assembly/mps?field_employment_history_value=&field_name_value=+&field_parliament_value=2022&order=field_constituency&page=27&sort=asc","false",""
"MEMBER-OF-PARLIAMENT-KEN-C025-CON133","member_of_parliament","constituency","KEN-C025-CON133","Samburu West","HON. LESUUDA, NAISULA, CBS","KANU","elected","13th Parliament roster as at 12 Aug 2026","A","2026-08-12","current","Parliament","https://www.parliament.go.ke/the-national-assembly/mps?field_employment_history_value=&field_name_value=+&field_parliament_value=2022&order=field_constituency&page=29&sort=asc","false",""
"MEMBER-OF-PARLIAMENT-KEN-C025-CON134","member_of_parliament","constituency","KEN-C025-CON134","Samburu North","HON. LETIPILA, DOMINIC ELI","UDA","elected","13th Parliament roster as at 12 Aug 2026","A","2026-08-12","current","Parliament","https://www.parliament.go.ke/the-national-assembly/mps?field_employment_history_value=&field_name_value=+&field_parliament_value=2022&order=field_constituency&page=29&sort=asc","false",""
"MEMBER-OF-PARLIAMENT-KEN-C025-CON135","member_of_parliament","constituency","KEN-C025-CON135","Samburu East","HON. LENTOIJONI, JACKSON LEKUMONTARE","KANU","elected","13th Parliament roster as at 12 Aug 2026","A","2026-08-12","current","Parliament","https://www.parliament.go.ke/the-national-assembly/mps?field_employment_history_value=&field_name_value=+&field_parliament_value=2022&order=field_constituency&page=29&sort=asc","false",""
"MEMBER-OF-PARLIAMENT-KEN-C026-CON136","member_of_parliament","constituency","KEN-C026-CON136","Kwanza","HON. WANYONYI KEVIN FERDINAND","FORD - K","elected","13th Parliament roster as at 12 Aug 2026","A","2026-08-12","current","Parliament","https://www.parliament.go.ke/the-national-assembly/mps?field_employment_history_value=&field_name_value=+&field_parliament_value=2022&order=field_constituency&page=16&sort=asc","false",""
"MEMBER-OF-PARLIAMENT-KEN-C026-CON137","member_of_parliament","constituency","KEN-C026-CON137","Endebess","HON. (DR.) PUKOSE ROBERT","UDA","elected","13th Parliament roster as at 12 Aug 2026","A","2026-08-12","current","Parliament","https://www.parliament.go.ke/the-national-assembly/mps?field_employment_history_value=&field_name_value=+&field_parliament_value=2022&order=field_constituency&page=6&sort=asc","false",""
"MEMBER-OF-PARLIAMENT-KEN-C026-CON138","member_of_parliament","constituency","KEN-C026-CON138","Saboti","HON. LUYAI, CALEB AMISI","ODM","elected","13th Parliament roster as at 12 Aug 2026","A","2026-08-12","current","Parliament","https://www.parliament.go.ke/the-national-assembly/mps?field_employment_history_value=&field_name_value=+&field_parliament_value=2022&order=field_constituency&page=28&sort=asc","false",""
"MEMBER-OF-PARLIAMENT-KEN-C026-CON139","member_of_parliament","constituency","KEN-C026-CON139","Kiminini","HON. BISAU, MAURICE KAKAI","DAP-K","elected","13th Parliament roster as at 12 Aug 2026","A","2026-08-12","current","Parliament","https://www.parliament.go.ke/the-national-assembly/mps?field_employment_history_value=&field_name_value=+&field_parliament_value=2022&order=field_constituency&page=13&sort=asc","false",""
"MEMBER-OF-PARLIAMENT-KEN-C026-CON140","member_of_parliament","constituency","KEN-C026-CON140","Cherangany","HON. BARASA PATRICK SIMIYU","DAP-K","elected","13th Parliament roster as at 12 Aug 2026","A","2026-08-12","current","Parliament","https://www.parliament.go.ke/the-national-assembly/mps?field_employment_history_value=&field_name_value=+&field_parliament_value=2022&order=field_constituency&page=4&sort=asc","false",""
"MEMBER-OF-PARLIAMENT-KEN-C027-CON141","member_of_parliament","constituency","KEN-C027-CON141","Soy","HON. KIPLAGAT DAVID","UDA","elected","13th Parliament roster as at 12 Aug 2026","A","2026-08-12","current","Parliament","https://www.parliament.go.ke/the-national-assembly/mps?field_employment_history_value=&field_name_value=+&field_parliament_value=2022&order=field_constituency&page=30&sort=asc","false",""
"MEMBER-OF-PARLIAMENT-KEN-C027-CON142","member_of_parliament","constituency","KEN-C027-CON142","Turbo","HON. SITIENEI, JANET JEPKEMBOI","UDA","elected","13th Parliament roster as at 12 Aug 2026","A","2026-08-12","current","Parliament","https://www.parliament.go.ke/the-national-assembly/mps?field_employment_history_value=&field_name_value=+&field_parliament_value=2022&order=field_constituency&page=32&sort=asc","false",""
"MEMBER-OF-PARLIAMENT-KEN-C027-CON143","member_of_parliament","constituency","KEN-C027-CON143","Moiben","HON. (PROF.) BARTOO PHYLIS JEPKEMOI","UDA","elected","13th Parliament roster as at 12 Aug 2026","A","2026-08-12","current","Parliament","https://www.parliament.go.ke/the-national-assembly/mps?field_employment_history_value=&field_name_value=+&field_parliament_value=2022&order=field_constituency&page=22&sort=asc","false",""
"MEMBER-OF-PARLIAMENT-KEN-C027-CON144","member_of_parliament","constituency","KEN-C027-CON144","Ainabkoi","HON. CHEPKONGA, SAMUEL KIPRONO","UDA","elected","13th Parliament roster as at 12 Aug 2026","A","2026-08-12","current","Parliament","https://www.parliament.go.ke/the-national-assembly/mps?field_employment_history_value=&field_name_value=+&field_parliament_value=2022&order=field_constituency&page=1&sort=asc","false",""
"MEMBER-OF-PARLIAMENT-KEN-C027-CON145","member_of_parliament","constituency","KEN-C027-CON145","Kapseret","HON. SUDI OSCAR KIPCHUMBA","UDA","elected","13th Parliament roster as at 12 Aug 2026","A","2026-08-12","current","Parliament","https://www.parliament.go.ke/the-national-assembly/mps?field_employment_history_value=&field_name_value=+&field_parliament_value=2022&order=field_constituency&page=11&sort=asc","false",""
"MEMBER-OF-PARLIAMENT-KEN-C027-CON146","member_of_parliament","constituency","KEN-C027-CON146","Kesses","HON. CPA RUTTO JULIUS KIPLETTING","UDA","elected","13th Parliament roster as at 12 Aug 2026","A","2026-08-12","current","Parliament","https://www.parliament.go.ke/the-national-assembly/mps?field_employment_history_value=&field_name_value=+&field_parliament_value=2022&order=field_constituency&page=12&sort=asc","false",""
"MEMBER-OF-PARLIAMENT-KEN-C028-CON147","member_of_parliament","constituency","KEN-C028-CON147","Marakwet East","HON. BOWEN DAVID KANGOGO","UDA","elected","13th Parliament roster as at 12 Aug 2026","A","2026-08-12","current","Parliament","https://www.parliament.go.ke/the-national-assembly/mps?field_employment_history_value=&field_name_value=+&field_parliament_value=2022&order=field_constituency&page=20&sort=asc","false",""
"MEMBER-OF-PARLIAMENT-KEN-C028-CON148","member_of_parliament","constituency","KEN-C028-CON148","Marakwet West","HON. TOROITICH TIMOTHY KIPCHUMBA","IND","elected","13th Parliament roster as at 12 Aug 2026","A","2026-08-12","current","Parliament","https://www.parliament.go.ke/the-national-assembly/mps?field_employment_history_value=&field_name_value=+&field_parliament_value=2022&order=field_constituency&page=20&sort=asc","false",""
"MEMBER-OF-PARLIAMENT-KEN-C028-CON149","member_of_parliament","constituency","KEN-C028-CON149","Keiyo North","HON. KORIR ADAMS KIPSANAI","UDA","elected","13th Parliament roster as at 12 Aug 2026","A","2026-08-12","current","Parliament","https://www.parliament.go.ke/the-national-assembly/mps?field_employment_history_value=&field_name_value=+&field_parliament_value=2022&order=field_constituency&page=11&sort=asc","false",""
"MEMBER-OF-PARLIAMENT-KEN-C028-CON150","member_of_parliament","constituency","KEN-C028-CON150","Keiyo South","HON.(DR.) GIDEON KIMAIYO","UDA","elected","13th Parliament roster as at 12 Aug 2026","A","2026-08-12","current","Parliament","https://www.parliament.go.ke/the-national-assembly/mps?field_employment_history_value=&field_name_value=+&field_parliament_value=2022&order=field_constituency&page=11&sort=asc","false",""
"MEMBER-OF-PARLIAMENT-KEN-C029-CON151","member_of_parliament","constituency","KEN-C029-CON151","Tinderet","HON. MELI, JULIUS KIPBIRWOT","UDA","elected","13th Parliament roster as at 12 Aug 2026","A","2026-08-12","current","Parliament","https://www.parliament.go.ke/the-national-assembly/mps?field_employment_history_value=&field_name_value=+&field_parliament_value=2022&order=field_constituency&page=32&sort=asc","false",""
"MEMBER-OF-PARLIAMENT-KEN-C029-CON152","member_of_parliament","constituency","KEN-C029-CON152","Aldai","HON. KITANY MARIANNE","UDA","elected","13th Parliament roster as at 12 Aug 2026","A","2026-08-12","current","Parliament","https://www.parliament.go.ke/the-national-assembly/mps?field_employment_history_value=&field_name_value=+&field_parliament_value=2022&order=field_constituency&page=1&sort=asc","false",""
"MEMBER-OF-PARLIAMENT-KEN-C029-CON153","member_of_parliament","constituency","KEN-C029-CON153","Nandi Hills","HON. KITUR, BERNARD KIBOR","UDA","elected","13th Parliament roster as at 12 Aug 2026","A","2026-08-12","current","Parliament","https://www.parliament.go.ke/the-national-assembly/mps?field_employment_history_value=&field_name_value=+&field_parliament_value=2022&order=field_constituency&page=24&sort=asc","false",""
"MEMBER-OF-PARLIAMENT-KEN-C029-CON154","member_of_parliament","constituency","KEN-C029-CON154","Chesumei","HON. BIEGO PAUL KIBICHIY","UDA","elected","13th Parliament roster as at 12 Aug 2026","A","2026-08-12","current","Parliament","https://www.parliament.go.ke/the-national-assembly/mps?field_employment_history_value=&field_name_value=+&field_parliament_value=2022&order=field_constituency&page=5&sort=asc","false",""
"MEMBER-OF-PARLIAMENT-KEN-C029-CON155","member_of_parliament","constituency","KEN-C029-CON155","Emgwen","HON. LELMENGIT, JOSSES KIPTOO KOSGEY","UDA","elected","13th Parliament roster as at 12 Aug 2026","A","2026-08-12","current","Parliament","https://www.parliament.go.ke/the-national-assembly/mps?field_employment_history_value=&field_name_value=+&field_parliament_value=2022&order=field_constituency&page=6&sort=asc","false",""
"MEMBER-OF-PARLIAMENT-KEN-C029-CON156","member_of_parliament","constituency","KEN-C029-CON156","Mosop","HON. KIRWA ABRAHAM KIPSANG","UDA","elected","13th Parliament roster as at 12 Aug 2026","A","2026-08-12","current","Parliament","https://www.parliament.go.ke/the-national-assembly/mps?field_employment_history_value=&field_name_value=+&field_parliament_value=2022&order=field_constituency&page=22&sort=asc","false",""
"MEMBER-OF-PARLIAMENT-KEN-C030-CON157","member_of_parliament","constituency","KEN-C030-CON157","Tiaty","HON. KAMKET KASSAIT WILLIAM","KANU","elected","13th Parliament roster as at 12 Aug 2026","A","2026-08-12","current","Parliament","https://www.parliament.go.ke/the-national-assembly/mps?field_employment_history_value=&field_name_value=+&field_parliament_value=2022&order=field_constituency&page=31&sort=asc","false",""
"MEMBER-OF-PARLIAMENT-KEN-C030-CON158","member_of_parliament","constituency","KEN-C030-CON158","Baringo North","HON. KIPKOROS, JOSEPH MAKILAP","UDA","elected","13th Parliament roster as at 12 Aug 2026","A","2026-08-12","current","Parliament","https://www.parliament.go.ke/the-national-assembly/mps?field_employment_history_value=&field_name_value=+&field_parliament_value=2022&order=field_constituency&page=2&sort=asc","false",""
"MEMBER-OF-PARLIAMENT-KEN-C030-CON159","member_of_parliament","constituency","KEN-C030-CON159","Baringo Central","HON. KANDIE, JOSHUA CHEPYEGON","UDA","elected","13th Parliament roster as at 12 Aug 2026","A","2026-08-12","current","Parliament","https://www.parliament.go.ke/the-national-assembly/mps?field_employment_history_value=&field_name_value=+&field_parliament_value=2022&order=field_constituency&page=2&sort=asc","false",""
"MEMBER-OF-PARLIAMENT-KEN-C030-CON160","member_of_parliament","constituency","KEN-C030-CON160","Baringo South","HON. KAMUREN, CHARLES, CBS","UDA","elected","13th Parliament roster as at 12 Aug 2026","A","2026-08-12","current","Parliament","https://www.parliament.go.ke/the-national-assembly/mps?field_employment_history_value=&field_name_value=+&field_parliament_value=2022&order=field_constituency&page=2&sort=asc","false",""
"MEMBER-OF-PARLIAMENT-KEN-C030-CON161","member_of_parliament","constituency","KEN-C030-CON161","Mogotio","HON. REUBEN KIBOREK","UDA","elected","13th Parliament roster as at 12 Aug 2026","A","2026-08-12","current","Parliament","https://www.parliament.go.ke/the-national-assembly/mps?field_employment_history_value=&field_name_value=+&field_parliament_value=2022&order=field_constituency&page=22&sort=asc","false",""
"MEMBER-OF-PARLIAMENT-KEN-C030-CON162","member_of_parliament","constituency","KEN-C030-CON162","Eldama Ravine","HON. SIRMA, MUSA CHERUTICH","UDA","elected","13th Parliament roster as at 12 Aug 2026","A","2026-08-12","current","Parliament","https://www.parliament.go.ke/the-national-assembly/mps?field_employment_history_value=&field_name_value=+&field_parliament_value=2022&order=field_constituency&page=5&sort=asc","false",""
"MEMBER-OF-PARLIAMENT-KEN-C031-CON163","member_of_parliament","constituency","KEN-C031-CON163","Laikipia West","HON. KARANI STEPHEN WACHIRA","UDA","elected","13th Parliament roster as at 12 Aug 2026","A","2026-08-12","current","Parliament","https://www.parliament.go.ke/the-national-assembly/mps?field_employment_history_value=&field_name_value=+&field_parliament_value=2022&order=field_constituency&page=17&sort=asc","false",""
"MEMBER-OF-PARLIAMENT-KEN-C031-CON164","member_of_parliament","constituency","KEN-C031-CON164","Laikipia East","HON. KIUNJURI, MWANGI FESTUS","TSP","elected","13th Parliament roster as at 12 Aug 2026","A","2026-08-12","current","Parliament","https://www.parliament.go.ke/the-national-assembly/mps?field_employment_history_value=&field_name_value=+&field_parliament_value=2022&order=field_constituency&page=17&sort=asc","false",""
"MEMBER-OF-PARLIAMENT-KEN-C031-CON165","member_of_parliament","constituency","KEN-C031-CON165","Laikipia North","HON. KORERE SARAH PAULATA","JP","elected","13th Parliament roster as at 12 Aug 2026","A","2026-08-12","current","Parliament","https://www.parliament.go.ke/the-national-assembly/mps?field_employment_history_value=&field_name_value=+&field_parliament_value=2022&order=field_constituency&page=17&sort=asc","false",""
"MEMBER-OF-PARLIAMENT-KEN-C032-CON166","member_of_parliament","constituency","KEN-C032-CON166","Molo","HON.(CPA) KIMANI FRANCIS KURIA","UDA","elected","13th Parliament roster as at 12 Aug 2026","A","2026-08-12","current","Parliament","https://www.parliament.go.ke/the-national-assembly/mps?field_employment_history_value=&field_name_value=+&field_parliament_value=2022&order=field_constituency&page=22&sort=asc","false",""
"MEMBER-OF-PARLIAMENT-KEN-C032-CON167","member_of_parliament","constituency","KEN-C032-CON167","Njoro","HON. CHEPKWONY CHARITY KATHAMBI","UDA","elected","13th Parliament roster as at 12 Aug 2026","A","2026-08-12","current","Parliament","https://www.parliament.go.ke/the-national-assembly/mps?field_employment_history_value=&field_name_value=+&field_parliament_value=2022&order=field_constituency&page=25&sort=asc","false",""
"MEMBER-OF-PARLIAMENT-KEN-C032-CON168","member_of_parliament","constituency","KEN-C032-CON168","Naivasha","HON. KIHARA, JAYNE N.W","UDA","elected","13th Parliament roster as at 12 Aug 2026","A","2026-08-12","current","Parliament","https://www.parliament.go.ke/the-national-assembly/mps?field_employment_history_value=&field_name_value=+&field_parliament_value=2022&order=field_constituency&page=24&sort=asc","false",""
"MEMBER-OF-PARLIAMENT-KEN-C032-CON169","member_of_parliament","constituency","KEN-C032-CON169","Gilgil","HON. WANJIRA, MARTHA WANGARI, CBS","UDA","elected","13th Parliament roster as at 12 Aug 2026","A","2026-08-12","current","Parliament","https://www.parliament.go.ke/the-national-assembly/mps?field_employment_history_value=&field_name_value=+&field_parliament_value=2022&order=field_constituency&page=7&sort=asc","false",""
"MEMBER-OF-PARLIAMENT-KEN-C032-CON170","member_of_parliament","constituency","KEN-C032-CON170","Kuresoi South","HON. TONUI JOSEPH KIPKOSGEI, CBS","UDA","elected","13th Parliament roster as at 12 Aug 2026","A","2026-08-12","current","Parliament","https://www.parliament.go.ke/the-national-assembly/mps?field_employment_history_value=&field_name_value=+&field_parliament_value=2022&order=field_constituency&page=16&sort=asc","false",""
"MEMBER-OF-PARLIAMENT-KEN-C032-CON171","member_of_parliament","constituency","KEN-C032-CON171","Kuresoi North","HON. MUTAI KIPRONOH ALFRED","UDA","elected","13th Parliament roster as at 12 Aug 2026","A","2026-08-12","current","Parliament","https://www.parliament.go.ke/the-national-assembly/mps?field_employment_history_value=&field_name_value=+&field_parliament_value=2022&order=field_constituency&page=16&sort=asc","false",""
"MEMBER-OF-PARLIAMENT-KEN-C032-CON172","member_of_parliament","constituency","KEN-C032-CON172","Subukia","HON. GACHOBE SAMUEL KINUTHIA","UDA","elected","13th Parliament roster as at 12 Aug 2026","A","2026-08-12","current","Parliament","https://www.parliament.go.ke/the-national-assembly/mps?field_employment_history_value=&field_name_value=+&field_parliament_value=2022&order=field_constituency&page=30&sort=asc","false",""
"MEMBER-OF-PARLIAMENT-KEN-C032-CON173","member_of_parliament","constituency","KEN-C032-CON173","Rongai","HON. CHEBOR, PAUL KIBET","UDA","elected","13th Parliament roster as at 12 Aug 2026","A","2026-08-12","current","Parliament","https://www.parliament.go.ke/the-national-assembly/mps?field_employment_history_value=&field_name_value=+&field_parliament_value=2022&order=field_constituency&page=28&sort=asc","false",""
"MEMBER-OF-PARLIAMENT-KEN-C032-CON174","member_of_parliament","constituency","KEN-C032-CON174","Bahati","HON. MREMBO IRENE NJOKI","JP","elected","13th Parliament roster as at 12 Aug 2026","A","2026-08-12","current","Parliament","https://www.parliament.go.ke/the-national-assembly/mps?field_employment_history_value=&field_name_value=+&field_parliament_value=2022&order=field_constituency&page=2&sort=asc","false",""
"MEMBER-OF-PARLIAMENT-KEN-C032-CON175","member_of_parliament","constituency","KEN-C032-CON175","Nakuru Town West","HON. ARAMA SAMUEL","JP","elected","13th Parliament roster as at 12 Aug 2026","A","2026-08-12","current","Parliament","https://www.parliament.go.ke/the-national-assembly/mps?field_employment_history_value=&field_name_value=+&field_parliament_value=2022&order=field_constituency&page=24&sort=asc","false",""
"MEMBER-OF-PARLIAMENT-KEN-C032-CON176","member_of_parliament","constituency","KEN-C032-CON176","Nakuru Town East","HON. GIKARIA, DAVID","UDA","elected","13th Parliament roster as at 12 Aug 2026","A","2026-08-12","current","Parliament","https://www.parliament.go.ke/the-national-assembly/mps?field_employment_history_value=&field_name_value=+&field_parliament_value=2022&order=field_constituency&page=24&sort=asc","false",""
"MEMBER-OF-PARLIAMENT-KEN-C033-CON177","member_of_parliament","constituency","KEN-C033-CON177","Kilgoris","HON. SUNKULI, JULIUS LEKAKENY","KANU","elected","13th Parliament roster as at 12 Aug 2026","A","2026-08-12","current","Parliament","https://www.parliament.go.ke/the-national-assembly/mps?field_employment_history_value=&field_name_value=+&field_parliament_value=2022&order=field_constituency&page=13&sort=asc","false",""
"MEMBER-OF-PARLIAMENT-KEN-C033-CON178","member_of_parliament","constituency","KEN-C033-CON178","Emurua Dikirr","HON. KETER, DAVID KIPSANG","UDA","elected","13th Parliament roster as at 12 Aug 2026","A","2026-08-12","current","Parliament","https://www.parliament.go.ke/the-national-assembly/mps?field_employment_history_value=&field_name_value=+&field_parliament_value=2022&order=field_constituency&page=6&sort=asc","false",""
"MEMBER-OF-PARLIAMENT-KEN-C033-CON179","member_of_parliament","constituency","KEN-C033-CON179","Narok North","HON. PAREYIO MANTAINE AGNES","JP","elected","13th Parliament roster as at 12 Aug 2026","A","2026-08-12","current","Parliament","https://www.parliament.go.ke/the-national-assembly/mps?field_employment_history_value=&field_name_value=+&field_parliament_value=2022&order=field_constituency&page=25&sort=asc","false",""
"MEMBER-OF-PARLIAMENT-KEN-C033-CON180","member_of_parliament","constituency","KEN-C033-CON180","Narok East","HON. LEMANKEN ARAMAT, CBS","UDA","elected","13th Parliament roster as at 12 Aug 2026","A","2026-08-12","current","Parliament","https://www.parliament.go.ke/the-national-assembly/mps?field_employment_history_value=&field_name_value=+&field_parliament_value=2022&order=field_constituency&page=25&sort=asc","false",""
"MEMBER-OF-PARLIAMENT-KEN-C033-CON181","member_of_parliament","constituency","KEN-C033-CON181","Narok South","HON. NTUTU KITILAI OLE","IND","elected","13th Parliament roster as at 12 Aug 2026","A","2026-08-12","current","Parliament","https://www.parliament.go.ke/the-national-assembly/mps?field_employment_history_value=&field_name_value=+&field_parliament_value=2022&order=field_constituency&page=25&sort=asc","false",""
"MEMBER-OF-PARLIAMENT-KEN-C033-CON182","member_of_parliament","constituency","KEN-C033-CON182","Narok West","HON. TONGOYO, GABRIEL KOSHAL","UDA","elected","13th Parliament roster as at 12 Aug 2026","A","2026-08-12","current","Parliament","https://www.parliament.go.ke/the-national-assembly/mps?field_employment_history_value=&field_name_value=+&field_parliament_value=2022&order=field_constituency&page=25&sort=asc","false",""
"MEMBER-OF-PARLIAMENT-KEN-C034-CON183","member_of_parliament","constituency","KEN-C034-CON183","Kajiado North","HON. NGURO ONESMUS NGOGOYO","UDA","elected","13th Parliament roster as at 12 Aug 2026","A","2026-08-12","current","Parliament","https://www.parliament.go.ke/the-national-assembly/mps?field_employment_history_value=&field_name_value=+&field_parliament_value=2022&order=field_constituency&page=10&sort=asc","false",""
"MEMBER-OF-PARLIAMENT-KEN-C034-CON184","member_of_parliament","constituency","KEN-C034-CON184","Kajiado Central","HON. KANCHORY, ELIJAH MEMUSI","ODM","elected","13th Parliament roster as at 12 Aug 2026","A","2026-08-12","current","Parliament","https://www.parliament.go.ke/the-national-assembly/mps?field_employment_history_value=&field_name_value=+&field_parliament_value=2022&order=field_constituency&page=9&sort=asc","false",""
"MEMBER-OF-PARLIAMENT-KEN-C034-CON185","member_of_parliament","constituency","KEN-C034-CON185","Kajiado East","HON. HAMISI KAKUTA MAIMAI","ODM","elected","13th Parliament roster as at 12 Aug 2026","A","2026-08-12","current","Parliament","https://www.parliament.go.ke/the-national-assembly/mps?field_employment_history_value=&field_name_value=+&field_parliament_value=2022&order=field_constituency&page=10&sort=asc","false",""
"MEMBER-OF-PARLIAMENT-KEN-C034-CON186","member_of_parliament","constituency","KEN-C034-CON186","Kajiado West","HON. SUNKUIYA, GEORGE RISA","UDA","elected","13th Parliament roster as at 12 Aug 2026","A","2026-08-12","current","Parliament","https://www.parliament.go.ke/the-national-assembly/mps?field_employment_history_value=&field_name_value=+&field_parliament_value=2022&order=field_constituency&page=10&sort=asc","false",""
"MEMBER-OF-PARLIAMENT-KEN-C034-CON187","member_of_parliament","constituency","KEN-C034-CON187","Kajiado South","HON. PARASHINA SAMUEL SAKIMBA","ODM","elected","13th Parliament roster as at 12 Aug 2026","A","2026-08-12","current","Parliament","https://www.parliament.go.ke/the-national-assembly/mps?field_employment_history_value=&field_name_value=+&field_parliament_value=2022&order=field_constituency&page=10&sort=asc","false",""
"MEMBER-OF-PARLIAMENT-KEN-C035-CON188","member_of_parliament","constituency","KEN-C035-CON188","Kipkelion East","HON. CHEROROT JOSEPH KIMUTAI","UDA","elected","13th Parliament roster as at 12 Aug 2026","A","2026-08-12","current","Parliament","https://www.parliament.go.ke/the-national-assembly/mps?field_employment_history_value=&field_name_value=+&field_parliament_value=2022&order=field_constituency&page=14&sort=asc","false",""
"MEMBER-OF-PARLIAMENT-KEN-C035-CON189","member_of_parliament","constituency","KEN-C035-CON189","Kipkelion West","HON. KOSGEI HILARY KIPLANG’AT","UDA","elected","13th Parliament roster as at 12 Aug 2026","A","2026-08-12","current","Parliament","https://www.parliament.go.ke/the-national-assembly/mps?field_employment_history_value=&field_name_value=+&field_parliament_value=2022&order=field_constituency&page=14&sort=asc","false",""
"MEMBER-OF-PARLIAMENT-KEN-C035-CON190","member_of_parliament","constituency","KEN-C035-CON190","Ainamoi","HON. (AMB.) LANGAT BENJAMIN KIPKIRUI","UDA","elected","13th Parliament roster as at 12 Aug 2026","A","2026-08-12","current","Parliament","https://www.parliament.go.ke/the-national-assembly/mps?field_employment_history_value=&field_name_value=+&field_parliament_value=2022&order=field_constituency&page=1&sort=asc","false",""
"MEMBER-OF-PARLIAMENT-KEN-C035-CON191","member_of_parliament","constituency","KEN-C035-CON191","Bureti","HON. KOMINGOI KIBET KIRUI","UDA","elected","13th Parliament roster as at 12 Aug 2026","A","2026-08-12","current","Parliament","https://www.parliament.go.ke/the-national-assembly/mps?field_employment_history_value=&field_name_value=+&field_parliament_value=2022&order=field_constituency&page=4&sort=asc","false",""
"MEMBER-OF-PARLIAMENT-KEN-C035-CON192","member_of_parliament","constituency","KEN-C035-CON192","Belgut","HON. KOECH, NELSON","UDA","elected","13th Parliament roster as at 12 Aug 2026","A","2026-08-12","current","Parliament","https://www.parliament.go.ke/the-national-assembly/mps?field_employment_history_value=&field_name_value=+&field_parliament_value=2022&order=field_constituency&page=2&sort=asc","false",""
"MEMBER-OF-PARLIAMENT-KEN-C035-CON193","member_of_parliament","constituency","KEN-C035-CON193","Sigowet/Soin","HON. KEMEI JUSTICE KIPSANG","UDA","elected","13th Parliament roster as at 12 Aug 2026","A","2026-08-12","current","Parliament","https://www.parliament.go.ke/the-national-assembly/mps?field_employment_history_value=&field_name_value=+&field_parliament_value=2022&order=field_constituency&page=29&sort=asc","false",""
"MEMBER-OF-PARLIAMENT-KEN-C036-CON194","member_of_parliament","constituency","KEN-C036-CON194","Sotik","HON. SIGEI, FRANCIS KIPYEGON ARAP","UDA","elected","13th Parliament roster as at 12 Aug 2026","A","2026-08-12","current","Parliament","https://www.parliament.go.ke/the-national-assembly/mps?field_employment_history_value=&field_name_value=+&field_parliament_value=2022&order=field_constituency&page=30&sort=asc","false",""
"MEMBER-OF-PARLIAMENT-KEN-C036-CON195","member_of_parliament","constituency","KEN-C036-CON195","Chepalungu","HON. KOECH KIPNGETICH VICTOR","CCM","elected","13th Parliament roster as at 12 Aug 2026","A","2026-08-12","current","Parliament","https://www.parliament.go.ke/the-national-assembly/mps?field_employment_history_value=&field_name_value=+&field_parliament_value=2022&order=field_constituency&page=4&sort=asc","false",""
"MEMBER-OF-PARLIAMENT-KEN-C036-CON196","member_of_parliament","constituency","KEN-C036-CON196","Bomet East","HON. YEGON, RICHARD KIPKEMOI","UDA","elected","13th Parliament roster as at 12 Aug 2026","A","2026-08-12","current","Parliament","https://www.parliament.go.ke/the-national-assembly/mps?field_employment_history_value=&field_name_value=+&field_parliament_value=2022&order=field_constituency&page=3&sort=asc","false",""
"MEMBER-OF-PARLIAMENT-KEN-C036-CON197","member_of_parliament","constituency","KEN-C036-CON197","Bomet Central","HON. KILEL, RICHARD CHERUIYOT","UDA","elected","13th Parliament roster as at 12 Aug 2026","A","2026-08-12","current","Parliament","https://www.parliament.go.ke/the-national-assembly/mps?field_employment_history_value=&field_name_value=+&field_parliament_value=2022&order=field_constituency&page=3&sort=asc","false",""
"MEMBER-OF-PARLIAMENT-KEN-C036-CON198","member_of_parliament","constituency","KEN-C036-CON198","Konoin","HON. YEGON BRIGHTON LEONARD","UDA","elected","13th Parliament roster as at 12 Aug 2026","A","2026-08-12","current","Parliament","https://www.parliament.go.ke/the-national-assembly/mps?field_employment_history_value=&field_name_value=+&field_parliament_value=2022&order=field_constituency&page=16&sort=asc","false",""
"MEMBER-OF-PARLIAMENT-KEN-C037-CON199","member_of_parliament","constituency","KEN-C037-CON199","Lugari","HON. NABII NABWERA DARAJA","ODM","elected","13th Parliament roster as at 12 Aug 2026","A","2026-08-12","current","Parliament","https://www.parliament.go.ke/the-national-assembly/mps?field_employment_history_value=&field_name_value=+&field_parliament_value=2022&order=field_constituency&page=18&sort=asc","false",""
"MEMBER-OF-PARLIAMENT-KEN-C037-CON200","member_of_parliament","constituency","KEN-C037-CON200","Likuyani","HON. MUGABE INNOCENT MAINO","ODM","elected","13th Parliament roster as at 12 Aug 2026","A","2026-08-12","current","Parliament","https://www.parliament.go.ke/the-national-assembly/mps?field_employment_history_value=&field_name_value=+&field_parliament_value=2022&order=field_constituency&page=18&sort=asc","false",""
"MEMBER-OF-PARLIAMENT-KEN-C037-CON201","member_of_parliament","constituency","KEN-C037-CON201","Malava","HON. NDAKWA DAVID ATHMAN","UDA","elected","13th Parliament roster as at 12 Aug 2026","A","2026-08-12","current","Parliament","https://www.parliament.go.ke/the-national-assembly/mps?field_employment_history_value=&field_name_value=+&field_parliament_value=2022&order=field_constituency&page=19&sort=asc","false",""
"MEMBER-OF-PARLIAMENT-KEN-C037-CON202","member_of_parliament","constituency","KEN-C037-CON202","Lurambi","HON. MUKHWANA TITUS KHAMALA","ODM","elected","13th Parliament roster as at 12 Aug 2026","A","2026-08-12","current","Parliament","https://www.parliament.go.ke/the-national-assembly/mps?field_employment_history_value=&field_name_value=+&field_parliament_value=2022&order=field_constituency&page=18&sort=asc","false",""
"MEMBER-OF-PARLIAMENT-KEN-C037-CON203","member_of_parliament","constituency","KEN-C037-CON203","Navakholo","HON. WANGWE, EMMANUEL","ODM","elected","13th Parliament roster as at 12 Aug 2026","A","2026-08-12","current","Parliament","https://www.parliament.go.ke/the-national-assembly/mps?field_employment_history_value=&field_name_value=+&field_parliament_value=2022&order=field_constituency&page=25&sort=asc","false",""
"MEMBER-OF-PARLIAMENT-KEN-C037-CON204","member_of_parliament","constituency","KEN-C037-CON204","Mumias West","HON. NAICCA JOHNSON MANYA, CBS","ODM","elected","13th Parliament roster as at 12 Aug 2026","A","2026-08-12","current","Parliament","https://www.parliament.go.ke/the-national-assembly/mps?field_employment_history_value=&field_name_value=+&field_parliament_value=2022&order=field_constituency&page=23&sort=asc","false",""
"MEMBER-OF-PARLIAMENT-KEN-C037-CON205","member_of_parliament","constituency","KEN-C037-CON205","Mumias East","HON. SALASYA PETER KALERWA","DAP-K","elected","13th Parliament roster as at 12 Aug 2026","A","2026-08-12","current","Parliament","https://www.parliament.go.ke/the-national-assembly/mps?field_employment_history_value=&field_name_value=+&field_parliament_value=2022&order=field_constituency&page=23&sort=asc","false",""
"MEMBER-OF-PARLIAMENT-KEN-C037-CON206","member_of_parliament","constituency","KEN-C037-CON206","Matungu","HON. NABULINDO, PETER OSCAR","ODM","elected","13th Parliament roster as at 12 Aug 2026","A","2026-08-12","current","Parliament","https://www.parliament.go.ke/the-national-assembly/mps?field_employment_history_value=&field_name_value=+&field_parliament_value=2022&order=field_constituency&page=21&sort=asc","false",""
"MEMBER-OF-PARLIAMENT-KEN-C037-CON207","member_of_parliament","constituency","KEN-C037-CON207","Butere","HON. MWALE NICHOLAS SCOTT TINDI, CBS","ODM","elected","13th Parliament roster as at 12 Aug 2026","A","2026-08-12","current","Parliament","https://www.parliament.go.ke/the-national-assembly/mps?field_employment_history_value=&field_name_value=+&field_parliament_value=2022&order=field_constituency&page=4&sort=asc","false",""
"MEMBER-OF-PARLIAMENT-KEN-C037-CON208","member_of_parliament","constituency","KEN-C037-CON208","Khwisero","HON. WANGAYA CHRISTOPHER ASEKA","ODM","elected","13th Parliament roster as at 12 Aug 2026","A","2026-08-12","current","Parliament","https://www.parliament.go.ke/the-national-assembly/mps?field_employment_history_value=&field_name_value=+&field_parliament_value=2022&order=field_constituency&page=12&sort=asc","false",""
"MEMBER-OF-PARLIAMENT-KEN-C037-CON209","member_of_parliament","constituency","KEN-C037-CON209","Shinyalu","HON. IKANA FREDRICK LUSULI","ANC","elected","13th Parliament roster as at 12 Aug 2026","A","2026-08-12","current","Parliament","https://www.parliament.go.ke/the-national-assembly/mps?field_employment_history_value=&field_name_value=+&field_parliament_value=2022&order=field_constituency&page=29&sort=asc","false",""
"MEMBER-OF-PARLIAMENT-KEN-C037-CON210","member_of_parliament","constituency","KEN-C037-CON210","Ikolomani","HON. SHINALI BERNARD MASAKA, CBS","ODM","elected","13th Parliament roster as at 12 Aug 2026","A","2026-08-12","current","Parliament","https://www.parliament.go.ke/the-national-assembly/mps?field_employment_history_value=&field_name_value=+&field_parliament_value=2022&order=field_constituency&page=8&sort=asc","false",""
"MEMBER-OF-PARLIAMENT-KEN-C038-CON211","member_of_parliament","constituency","KEN-C038-CON211","Vihiga","HON. KAGESI ERNEST OGESI KIVAI","ANC","elected","13th Parliament roster as at 12 Aug 2026","A","2026-08-12","current","Parliament","https://www.parliament.go.ke/the-national-assembly/mps?field_employment_history_value=&field_name_value=+&field_parliament_value=2022&order=field_constituency&page=33&sort=asc","false",""
"MEMBER-OF-PARLIAMENT-KEN-C038-CON212","member_of_parliament","constituency","KEN-C038-CON212","Sabatia","HON. SLOYA CLEMENT LOGOVA","UDA","elected","13th Parliament roster as at 12 Aug 2026","A","2026-08-12","current","Parliament","https://www.parliament.go.ke/the-national-assembly/mps?field_employment_history_value=&field_name_value=+&field_parliament_value=2022&order=field_constituency&page=28&sort=asc","false",""
"MEMBER-OF-PARLIAMENT-KEN-C038-CON213","member_of_parliament","constituency","KEN-C038-CON213","Hamisi","HON. GIMOSE, CHARLES GUMINI","ANC","elected","13th Parliament roster as at 12 Aug 2026","A","2026-08-12","current","Parliament","https://www.parliament.go.ke/the-national-assembly/mps?field_employment_history_value=&field_name_value=+&field_parliament_value=2022&order=field_constituency&page=8&sort=asc","false",""
"MEMBER-OF-PARLIAMENT-KEN-C038-CON214","member_of_parliament","constituency","KEN-C038-CON214","Luanda","HON. OYUGI, DICK MAUNGU","DAP-K","elected","13th Parliament roster as at 12 Aug 2026","A","2026-08-12","current","Parliament","https://www.parliament.go.ke/the-national-assembly/mps?field_employment_history_value=&field_name_value=+&field_parliament_value=2022&order=field_constituency&page=18&sort=asc","false",""
"MEMBER-OF-PARLIAMENT-KEN-C038-CON215","member_of_parliament","constituency","KEN-C038-CON215","Emuhaya","HON. OMBOKO MILEMBA","","elected","13th Parliament roster as at 12 Aug 2026","A","2026-08-12","current","Parliament","https://www.parliament.go.ke/the-national-assembly/mps?field_employment_history_value=&field_name_value=+&field_parliament_value=2022&order=field_constituency&page=6&sort=asc","false",""
"MEMBER-OF-PARLIAMENT-KEN-C039-CON216","member_of_parliament","constituency","KEN-C039-CON216","Mt.elgon","HON. CHESEBE FRED KAPONDI, CBS","UDA","elected","13th Parliament roster as at 12 Aug 2026","A","2026-08-12","current","Parliament","https://www.parliament.go.ke/the-national-assembly/mps?field_employment_history_value=&field_name_value=+&field_parliament_value=2022&order=field_constituency&page=22&sort=asc","false",""
"MEMBER-OF-PARLIAMENT-KEN-C039-CON217","member_of_parliament","constituency","KEN-C039-CON217","Sirisia","HON. KOYI JOHN WALUKE, CBS","JP","elected","13th Parliament roster as at 12 Aug 2026","A","2026-08-12","current","Parliament","https://www.parliament.go.ke/the-national-assembly/mps?field_employment_history_value=&field_name_value=+&field_parliament_value=2022&order=field_constituency&page=29&sort=asc","false",""
"MEMBER-OF-PARLIAMENT-KEN-C039-CON218","member_of_parliament","constituency","KEN-C039-CON218","Kabuchai","HON. MAJIMBO, JOSEPH KALASINGA","FORD-K","elected","13th Parliament roster as at 12 Aug 2026","A","2026-08-12","current","Parliament","https://www.parliament.go.ke/the-national-assembly/mps?field_employment_history_value=&field_name_value=+&field_parliament_value=2022&order=field_constituency&page=9&sort=asc","false",""
"MEMBER-OF-PARLIAMENT-KEN-C039-CON219","member_of_parliament","constituency","KEN-C039-CON219","Bumula","HON. WAMBOKA WANAMI JACK NELSON","DAP-K","elected","13th Parliament roster as at 12 Aug 2026","A","2026-08-12","current","Parliament","https://www.parliament.go.ke/the-national-assembly/mps?field_employment_history_value=&field_name_value=+&field_parliament_value=2022&order=field_constituency&page=3&sort=asc","false",""
"MEMBER-OF-PARLIAMENT-KEN-C039-CON220","member_of_parliament","constituency","KEN-C039-CON220","Kanduyi","HON. MAKALI JOHN OKWISIA","FORD-K","elected","13th Parliament roster as at 12 Aug 2026","A","2026-08-12","current","Parliament","https://www.parliament.go.ke/the-national-assembly/mps?field_employment_history_value=&field_name_value=+&field_parliament_value=2022&order=field_constituency&page=10&sort=asc","false",""
"MEMBER-OF-PARLIAMENT-KEN-C039-CON221","member_of_parliament","constituency","KEN-C039-CON221","Webuye East","HON. WANYONYI MARTIN PEPELA","FORD-K","elected","13th Parliament roster as at 12 Aug 2026","A","2026-08-12","current","Parliament","https://www.parliament.go.ke/the-national-assembly/mps?field_employment_history_value=&field_name_value=+&field_parliament_value=2022&order=field_constituency&page=34&sort=asc","false",""
"MEMBER-OF-PARLIAMENT-KEN-C039-CON222","member_of_parliament","constituency","KEN-C039-CON222","Webuye West","HON. SITATI DANIEL WANYAMA","UDA","elected","13th Parliament roster as at 12 Aug 2026","A","2026-08-12","current","Parliament","https://www.parliament.go.ke/the-national-assembly/mps?field_employment_history_value=&field_name_value=+&field_parliament_value=2022&order=field_constituency&page=34&sort=asc","false",""
"MEMBER-OF-PARLIAMENT-KEN-C039-CON223","member_of_parliament","constituency","KEN-C039-CON223","Kimilili","HON. MUTUA, DIDMUS WEKESA BARASA, CBS","UDA","elected","13th Parliament roster as at 12 Aug 2026","A","2026-08-12","current","Parliament","https://www.parliament.go.ke/the-national-assembly/mps?field_employment_history_value=&field_name_value=+&field_parliament_value=2022&order=field_constituency&page=13&sort=asc","false",""
"MEMBER-OF-PARLIAMENT-KEN-C039-CON224","member_of_parliament","constituency","KEN-C039-CON224","Tongaren","HON. CHIKATI JOHN MURUMBA","FORD - K","elected","13th Parliament roster as at 12 Aug 2026","A","2026-08-12","current","Parliament","https://www.parliament.go.ke/the-national-assembly/mps?field_employment_history_value=&field_name_value=+&field_parliament_value=2022&order=field_constituency&page=32&sort=asc","false",""
"MEMBER-OF-PARLIAMENT-KEN-C040-CON225","member_of_parliament","constituency","KEN-C040-CON225","Teso North","HON. KAUNYA EDWARD OKU","ODM","elected","13th Parliament roster as at 12 Aug 2026","A","2026-08-12","current","Parliament","https://www.parliament.go.ke/the-national-assembly/mps?field_employment_history_value=&field_name_value=+&field_parliament_value=2022&order=field_constituency&page=31&sort=asc","false",""
"MEMBER-OF-PARLIAMENT-KEN-C040-CON226","member_of_parliament","constituency","KEN-C040-CON226","Teso South","HON. OTUCHO, MARY EMAASE","UDA","elected","13th Parliament roster as at 12 Aug 2026","A","2026-08-12","current","Parliament","https://www.parliament.go.ke/the-national-assembly/mps?field_employment_history_value=&field_name_value=+&field_parliament_value=2022&order=field_constituency&page=31&sort=asc","false",""
"MEMBER-OF-PARLIAMENT-KEN-C040-CON227","member_of_parliament","constituency","KEN-C040-CON227","Nambale","HON. MULANYA EKESA GEOFFREY","IND.","elected","13th Parliament roster as at 12 Aug 2026","A","2026-08-12","current","Parliament","https://www.parliament.go.ke/the-national-assembly/mps?field_employment_history_value=&field_name_value=+&field_parliament_value=2022&order=field_constituency&page=24&sort=asc","false",""
"MEMBER-OF-PARLIAMENT-KEN-C040-CON228","member_of_parliament","constituency","KEN-C040-CON228","Matayos","HON. ODANGA, GEOFFREY MAKOKHA","ODM","elected","13th Parliament roster as at 12 Aug 2026","A","2026-08-12","current","Parliament","https://www.parliament.go.ke/the-national-assembly/mps?field_employment_history_value=&field_name_value=+&field_parliament_value=2022&order=field_constituency&page=20&sort=asc","false",""
"MEMBER-OF-PARLIAMENT-KEN-C040-CON229","member_of_parliament","constituency","KEN-C040-CON229","Butula","HON. OYULA, JOSEPH H. MAERO","ODM","elected","13th Parliament roster as at 12 Aug 2026","A","2026-08-12","current","Parliament","https://www.parliament.go.ke/the-national-assembly/mps?field_employment_history_value=&field_name_value=+&field_parliament_value=2022&order=field_constituency&page=4&sort=asc","false",""
"MEMBER-OF-PARLIAMENT-KEN-C040-CON230","member_of_parliament","constituency","KEN-C040-CON230","Funyula","HON. OUNDO, WILBERFORCE OJIAMBO","ODM","elected","13th Parliament roster as at 12 Aug 2026","A","2026-08-12","current","Parliament","https://www.parliament.go.ke/the-national-assembly/mps?field_employment_history_value=&field_name_value=+&field_parliament_value=2022&order=field_constituency&page=6&sort=asc","false",""
"MEMBER-OF-PARLIAMENT-KEN-C040-CON231","member_of_parliament","constituency","KEN-C040-CON231","Budalangi","HON. WANJALA RAPHAEL BITTA SAUTI, CBS","ODM","elected","13th Parliament roster as at 12 Aug 2026","A","2026-08-12","current","Parliament","https://www.parliament.go.ke/the-national-assembly/mps?field_employment_history_value=&field_name_value=+&field_parliament_value=2022&order=field_constituency&page=3&sort=asc","false",""
"MEMBER-OF-PARLIAMENT-KEN-C041-CON232","member_of_parliament","constituency","KEN-C041-CON232","Ugenya","HON. OCHIENG DAVID OUMA","MDG","elected","13th Parliament roster as at 12 Aug 2026","A","2026-08-12","current","Parliament","https://www.parliament.go.ke/the-national-assembly/mps?field_employment_history_value=&field_name_value=+&field_parliament_value=2022&order=field_constituency&page=33&sort=asc","false",""
"MEMBER-OF-PARLIAMENT-KEN-C041-CON233","member_of_parliament","constituency","KEN-C041-CON233","Ugunja","HON. OMONDI, MOSES OKOTH","ODM","elected","13th Parliament roster as at 12 Aug 2026","A","2026-08-12","current","Parliament","https://www.parliament.go.ke/the-national-assembly/mps?field_employment_history_value=&field_name_value=+&field_parliament_value=2022&order=field_constituency&page=33&sort=asc","false",""
"MEMBER-OF-PARLIAMENT-KEN-C041-CON234","member_of_parliament","constituency","KEN-C041-CON234","Alego Usonga","HON. ATANDI SAMUEL ONUNGA, CBS","ODM","elected","13th Parliament roster as at 12 Aug 2026","A","2026-08-12","current","Parliament","https://www.parliament.go.ke/the-national-assembly/mps?field_employment_history_value=&field_name_value=+&field_parliament_value=2022&order=field_constituency&page=1&sort=asc","false",""
"MEMBER-OF-PARLIAMENT-KEN-C041-CON235","member_of_parliament","constituency","KEN-C041-CON235","Gem","HON. ODHIAMBO, ELISHA OCHIENG","ODM","elected","13th Parliament roster as at 12 Aug 2026","A","2026-08-12","current","Parliament","https://www.parliament.go.ke/the-national-assembly/mps?field_employment_history_value=&field_name_value=+&field_parliament_value=2022&order=field_constituency&page=7&sort=asc","false",""
"MEMBER-OF-PARLIAMENT-KEN-C041-CON236","member_of_parliament","constituency","KEN-C041-CON236","Bondo","HON. OGOLLA. GIDEON OCHANDA","ODM","elected","13th Parliament roster as at 12 Aug 2026","A","2026-08-12","current","Parliament","https://www.parliament.go.ke/the-national-assembly/mps?field_employment_history_value=&field_name_value=+&field_parliament_value=2022&order=field_constituency&page=3&sort=asc","false",""
"MEMBER-OF-PARLIAMENT-KEN-C041-CON237","member_of_parliament","constituency","KEN-C041-CON237","Rarieda","HON. (DR.) AMOLLO PAUL OTIENDE, CS, CBS","ODM","elected","13th Parliament roster as at 12 Aug 2026","A","2026-08-12","current","Parliament","https://www.parliament.go.ke/the-national-assembly/mps?field_employment_history_value=&field_name_value=+&field_parliament_value=2022&order=field_constituency&page=28&sort=asc","false",""
"MEMBER-OF-PARLIAMENT-KEN-C042-CON238","member_of_parliament","constituency","KEN-C042-CON238","Kisumu East","HON. AHMED SHAKEEL AHMED SHABBIR","IND.","elected","13th Parliament roster as at 12 Aug 2026","A","2026-08-12","current","Parliament","https://www.parliament.go.ke/the-national-assembly/mps?field_employment_history_value=&field_name_value=+&field_parliament_value=2022&order=field_constituency&page=15&sort=asc","false",""
"MEMBER-OF-PARLIAMENT-KEN-C042-CON239","member_of_parliament","constituency","KEN-C042-CON239","Kisumu West","HON. BUYU ROZAAH AKINYI, CBS","ODM","elected","13th Parliament roster as at 12 Aug 2026","A","2026-08-12","current","Parliament","https://www.parliament.go.ke/the-national-assembly/mps?field_employment_history_value=&field_name_value=+&field_parliament_value=2022&order=field_constituency&page=15&sort=asc","false",""
"MEMBER-OF-PARLIAMENT-KEN-C042-CON240","member_of_parliament","constituency","KEN-C042-CON240","Kisumu Central","HON. ORON JOSHUA ODONGO","ODM","elected","13th Parliament roster as at 12 Aug 2026","A","2026-08-12","current","Parliament","https://www.parliament.go.ke/the-national-assembly/mps?field_employment_history_value=&field_name_value=+&field_parliament_value=2022&order=field_constituency&page=15&sort=asc","false",""
"MEMBER-OF-PARLIAMENT-KEN-C042-CON241","member_of_parliament","constituency","KEN-C042-CON241","Seme","HON. NYIKAL WAMBURA JAMES","ODM","elected","13th Parliament roster as at 12 Aug 2026","A","2026-08-12","current","Parliament","https://www.parliament.go.ke/the-national-assembly/mps?field_employment_history_value=&field_name_value=+&field_parliament_value=2022&order=field_constituency&page=29&sort=asc","false",""
"MEMBER-OF-PARLIAMENT-KEN-C042-CON242","member_of_parliament","constituency","KEN-C042-CON242","Nyando","HON. OKELO, JARED ODOYO","ODM","elected","13th Parliament roster as at 12 Aug 2026","A","2026-08-12","current","Parliament","https://www.parliament.go.ke/the-national-assembly/mps?field_employment_history_value=&field_name_value=+&field_parliament_value=2022&order=field_constituency&page=26&sort=asc","false",""
"MEMBER-OF-PARLIAMENT-KEN-C042-CON243","member_of_parliament","constituency","KEN-C042-CON243","Muhoroni","HON. OYOO, JAMES ONYANGO","ODM","elected","13th Parliament roster as at 12 Aug 2026","A","2026-08-12","current","Parliament","https://www.parliament.go.ke/the-national-assembly/mps?field_employment_history_value=&field_name_value=+&field_parliament_value=2022&order=field_constituency&page=23&sort=asc","false",""
"MEMBER-OF-PARLIAMENT-KEN-C042-CON244","member_of_parliament","constituency","KEN-C042-CON244","Nyakach","HON. OWUOR, JOSHUA ADUMA","ODM","elected","13th Parliament roster as at 12 Aug 2026","A","2026-08-12","current","Parliament","https://www.parliament.go.ke/the-national-assembly/mps?field_employment_history_value=&field_name_value=+&field_parliament_value=2022&order=field_constituency&page=26&sort=asc","false",""
"MEMBER-OF-PARLIAMENT-KEN-C043-CON245","member_of_parliament","constituency","KEN-C043-CON245","Kasipul","HON. ONG’ONDO, BOYD WERE","ODM","elected","13th Parliament roster as at 12 Aug 2026","A","2026-08-12","current","Parliament","https://www.parliament.go.ke/the-national-assembly/mps?field_employment_history_value=&field_name_value=+&field_parliament_value=2022&order=field_constituency&page=11&sort=asc","false",""
"MEMBER-OF-PARLIAMENT-KEN-C043-CON246","member_of_parliament","constituency","KEN-C043-CON246","Kabondo Kasipul","HON. OBARA EVE AKINYI, CBS","ODM","elected","13th Parliament roster as at 12 Aug 2026","A","2026-08-12","current","Parliament","https://www.parliament.go.ke/the-national-assembly/mps?field_employment_history_value=&field_name_value=+&field_parliament_value=2022&order=field_constituency&page=9&sort=asc","false",""
"MEMBER-OF-PARLIAMENT-KEN-C043-CON247","member_of_parliament","constituency","KEN-C043-CON247","Karachuonyo","HON. OKUOME ADIPO ANDREW","ODM","elected","13th Parliament roster as at 12 Aug 2026","A","2026-08-12","current","Parliament","https://www.parliament.go.ke/the-national-assembly/mps?field_employment_history_value=&field_name_value=+&field_parliament_value=2022&order=field_constituency&page=11&sort=asc","false",""
"MEMBER-OF-PARLIAMENT-KEN-C043-CON248","member_of_parliament","constituency","KEN-C043-CON248","Rangwe","HON. GOGO, LILIAN ACHIENG","ODM","elected","13th Parliament roster as at 12 Aug 2026","A","2026-08-12","current","Parliament","https://www.parliament.go.ke/the-national-assembly/mps?field_employment_history_value=&field_name_value=+&field_parliament_value=2022&order=field_constituency&page=27&sort=asc","false",""
"MEMBER-OF-PARLIAMENT-KEN-C043-CON249","member_of_parliament","constituency","KEN-C043-CON249","Homa Bay Town","HON. KALUMA GEORGE PETER OPONDO","ODM","elected","13th Parliament roster as at 12 Aug 2026","A","2026-08-12","current","Parliament","https://www.parliament.go.ke/the-national-assembly/mps?field_employment_history_value=&field_name_value=+&field_parliament_value=2022&order=field_constituency&page=8&sort=asc","false",""
"MEMBER-OF-PARLIAMENT-KEN-C043-CON250","member_of_parliament","constituency","KEN-C043-CON250","Ndhiwa","HON. OWINO, MARTIN PETERS","ODM","elected","13th Parliament roster as at 12 Aug 2026","A","2026-08-12","current","Parliament","https://www.parliament.go.ke/the-national-assembly/mps?field_employment_history_value=&field_name_value=+&field_parliament_value=2022&order=field_constituency&page=25&sort=asc","false",""
"MEMBER-OF-PARLIAMENT-KEN-C043-CON251","member_of_parliament","constituency","KEN-C043-CON251","Mbita","HON. ODHIAMBO, MILLIE GRACE AKOTH","","elected","13th Parliament roster as at 12 Aug 2026","A","2026-08-12","current","Parliament","https://www.parliament.go.ke/the-national-assembly/mps?field_employment_history_value=&field_name_value=+&field_parliament_value=2022&order=field_constituency&page=30&sort=asc","false",""
"MEMBER-OF-PARLIAMENT-KEN-C043-CON252","member_of_parliament","constituency","KEN-C043-CON252","Suba","HON. OMONDI CAROLI","ODM | Azimio La Umoja One Kenya Coalition","elected","13th Parliament roster as at 12 Aug 2026","A","2026-08-12","current","Parliament","https://www.parliament.go.ke/the-national-assembly/mps?field_employment_history_value=&field_name_value=+&field_parliament_value=2022&order=field_constituency&page=30&sort=asc","false",""
"MEMBER-OF-PARLIAMENT-KEN-C044-CON253","member_of_parliament","constituency","KEN-C044-CON253","Rongo","HON. ABUOR PAUL","ODM","elected","13th Parliament roster as at 12 Aug 2026","A","2026-08-12","current","Parliament","https://www.parliament.go.ke/the-national-assembly/mps?field_employment_history_value=&field_name_value=+&field_parliament_value=2022&order=field_constituency&page=28&sort=asc","false",""
"MEMBER-OF-PARLIAMENT-KEN-C044-CON254","member_of_parliament","constituency","KEN-C044-CON254","Awendo","HON. OWINO JOHN WALTER","ODM","elected","13th Parliament roster as at 12 Aug 2026","A","2026-08-12","current","Parliament","https://www.parliament.go.ke/the-national-assembly/mps?field_employment_history_value=&field_name_value=+&field_parliament_value=2022&order=field_constituency&page=2&sort=asc","false",""
"MEMBER-OF-PARLIAMENT-KEN-C044-CON255","member_of_parliament","constituency","KEN-C044-CON255","Suna East","Nuh, Junet Sheikh","ODM","elected","13th Parliament roster as at 12 Aug 2026","A","2026-08-12","current","Parliament","https://parliament.go.ke/index.php/node/3418","false",""
"MEMBER-OF-PARLIAMENT-KEN-C044-CON256","member_of_parliament","constituency","KEN-C044-CON256","Suna West","HON. MASARA PETER FRANCIS","ODM","elected","13th Parliament roster as at 12 Aug 2026","A","2026-08-12","current","Parliament","https://www.parliament.go.ke/the-national-assembly/mps?field_employment_history_value=&field_name_value=+&field_parliament_value=2022&order=field_constituency&page=30&sort=asc","false",""
"MEMBER-OF-PARLIAMENT-KEN-C044-CON257","member_of_parliament","constituency","KEN-C044-CON257","Uriri","HON. NYAMITA MARK OGOLLA","ODM","elected","13th Parliament roster as at 12 Aug 2026","A","2026-08-12","current","Parliament","https://www.parliament.go.ke/the-national-assembly/mps?field_employment_history_value=&field_name_value=+&field_parliament_value=2022&order=field_constituency&page=33&sort=asc","false",""
"MEMBER-OF-PARLIAMENT-KEN-C044-CON258","member_of_parliament","constituency","KEN-C044-CON258","Nyatike","HON. ODEGE TOM MBOYA","ODM","elected","13th Parliament roster as at 12 Aug 2026","A","2026-08-12","current","Parliament","https://www.parliament.go.ke/the-national-assembly/mps?field_employment_history_value=&field_name_value=+&field_parliament_value=2022&order=field_constituency&page=27&sort=asc","false",""
"MEMBER-OF-PARLIAMENT-KEN-C044-CON259","member_of_parliament","constituency","KEN-C044-CON259","Kuria West","HON. ROBI, MATHIAS NYAMABE","UDA","elected","13th Parliament roster as at 12 Aug 2026","A","2026-08-12","current","Parliament","https://www.parliament.go.ke/the-national-assembly/mps?field_employment_history_value=&field_name_value=+&field_parliament_value=2022&order=field_constituency&page=16&sort=asc","false",""
"MEMBER-OF-PARLIAMENT-KEN-C044-CON260","member_of_parliament","constituency","KEN-C044-CON260","Kuria East","HON. MAISORI MARWA KEMERO KITAYAMA CBS","UDA","elected","13th Parliament roster as at 12 Aug 2026","A","2026-08-12","current","Parliament","https://www.parliament.go.ke/the-national-assembly/mps?field_employment_history_value=&field_name_value=+&field_parliament_value=2022&order=field_constituency&page=16&sort=asc","false",""
"MEMBER-OF-PARLIAMENT-KEN-C045-CON261","member_of_parliament","constituency","KEN-C045-CON261","Bonchari","HON. (DR.) ONCHOKE CHARLES MAMWACHA","UPA","elected","13th Parliament roster as at 12 Aug 2026","A","2026-08-12","current","Parliament","https://www.parliament.go.ke/the-national-assembly/mps?field_employment_history_value=&field_name_value=+&field_parliament_value=2022&order=field_constituency&page=3&sort=asc","false",""
"MEMBER-OF-PARLIAMENT-KEN-C045-CON262","member_of_parliament","constituency","KEN-C045-CON262","South Mugirango","HON. ONYIEGO, SILVANUS OSORO","UDA","elected","13th Parliament roster as at 12 Aug 2026","A","2026-08-12","current","Parliament","https://www.parliament.go.ke/the-national-assembly/mps?field_employment_history_value=&field_name_value=+&field_parliament_value=2022&order=field_constituency&page=30&sort=asc","false",""
"MEMBER-OF-PARLIAMENT-KEN-C045-CON263","member_of_parliament","constituency","KEN-C045-CON263","Bomachoge Borabu","HON. BARONGO NOLFASON OBADIAH","ODM","elected","13th Parliament roster as at 12 Aug 2026","A","2026-08-12","current","Parliament","https://www.parliament.go.ke/the-national-assembly/mps?field_employment_history_value=&field_name_value=+&field_parliament_value=2022&order=field_constituency&page=3&sort=asc","false",""
"MEMBER-OF-PARLIAMENT-KEN-C045-CON264","member_of_parliament","constituency","KEN-C045-CON264","Bobasi","HON. OBIRI, INNOCENT MOMANYI","WDM","elected","13th Parliament roster as at 12 Aug 2026","A","2026-08-12","current","Parliament","https://www.parliament.go.ke/the-national-assembly/mps?field_employment_history_value=&field_name_value=+&field_parliament_value=2022&order=field_constituency&page=2&sort=asc","false",""
"MEMBER-OF-PARLIAMENT-KEN-C045-CON265","member_of_parliament","constituency","KEN-C045-CON265","Bomachoge Chache","HON. ALFAH ONDIEKI MIRUKA, CBS","UDA","elected","13th Parliament roster as at 12 Aug 2026","A","2026-08-12","current","Parliament","https://www.parliament.go.ke/the-national-assembly/mps?field_employment_history_value=&field_name_value=+&field_parliament_value=2022&order=field_constituency&page=3&sort=asc","false",""
"MEMBER-OF-PARLIAMENT-KEN-C045-CON266","member_of_parliament","constituency","KEN-C045-CON266","Nyaribari Masaba","HON. MANDUKU, DANIEL OGWOKA","ODM","elected","13th Parliament roster as at 12 Aug 2026","A","2026-08-12","current","Parliament","https://www.parliament.go.ke/the-national-assembly/mps?field_employment_history_value=&field_name_value=+&field_parliament_value=2022&order=field_constituency&page=26&sort=asc","false",""
"MEMBER-OF-PARLIAMENT-KEN-C045-CON267","member_of_parliament","constituency","KEN-C045-CON267","Nyaribari Chache","HON. JHANDA ZAHEER","UDA","elected","13th Parliament roster as at 12 Aug 2026","A","2026-08-12","current","Parliament","https://www.parliament.go.ke/the-national-assembly/mps?field_employment_history_value=&field_name_value=+&field_parliament_value=2022&order=field_constituency&page=26&sort=asc","false",""
"MEMBER-OF-PARLIAMENT-KEN-C045-CON268","member_of_parliament","constituency","KEN-C045-CON268","Kitutu Chache North","HON. NYAKUNDI JAPHETH MOKAYA","UDA","elected","13th Parliament roster as at 12 Aug 2026","A","2026-08-12","current","Parliament","https://www.parliament.go.ke/the-national-assembly/mps?field_employment_history_value=&field_name_value=+&field_parliament_value=2022&order=field_constituency&page=15&sort=asc","false",""
"MEMBER-OF-PARLIAMENT-KEN-C045-CON269","member_of_parliament","constituency","KEN-C045-CON269","Kitutu Chache South","HON. KIBAGENDI, ANTONEY","ODM","elected","13th Parliament roster as at 12 Aug 2026","A","2026-08-12","current","Parliament","https://www.parliament.go.ke/the-national-assembly/mps?field_employment_history_value=&field_name_value=+&field_parliament_value=2022&order=field_constituency&page=16&sort=asc","false",""
"MEMBER-OF-PARLIAMENT-KEN-C046-CON270","member_of_parliament","constituency","KEN-C046-CON270","Kitutu Masaba","HON. GISAIRO CLIVE OMBANE","ODM","elected","13th Parliament roster as at 12 Aug 2026","A","2026-08-12","current","Parliament","https://www.parliament.go.ke/the-national-assembly/mps?field_employment_history_value=&field_name_value=+&field_parliament_value=2022&order=field_constituency&page=16&sort=asc","false",""
"MEMBER-OF-PARLIAMENT-KEN-C046-CON271","member_of_parliament","constituency","KEN-C046-CON271","West Mugirango","HON. MOGAKA STEPHEN","JP","elected","13th Parliament roster as at 12 Aug 2026","A","2026-08-12","current","Parliament","https://www.parliament.go.ke/the-national-assembly/mps?field_employment_history_value=&field_name_value=+&field_parliament_value=2022&order=field_constituency&page=34&sort=asc","false",""
"MEMBER-OF-PARLIAMENT-KEN-C046-CON272","member_of_parliament","constituency","KEN-C046-CON272","North Mugirango","HON. NYAMOKO, JOASH NYAMACHE","UDA","elected","13th Parliament roster as at 12 Aug 2026","A","2026-08-12","current","Parliament","https://www.parliament.go.ke/the-national-assembly/mps?field_employment_history_value=&field_name_value=+&field_parliament_value=2022&order=field_constituency&page=26&sort=asc","false",""
"MEMBER-OF-PARLIAMENT-KEN-C046-CON273","member_of_parliament","constituency","KEN-C046-CON273","Borabu","HON. OSERO PATRICK","ODM","elected","13th Parliament roster as at 12 Aug 2026","A","2026-08-12","current","Parliament","https://www.parliament.go.ke/the-national-assembly/mps?field_employment_history_value=&field_name_value=+&field_parliament_value=2022&order=field_constituency&page=3&sort=asc","false",""
"MEMBER-OF-PARLIAMENT-KEN-C047-CON274","member_of_parliament","constituency","KEN-C047-CON274","Westlands","HON. WETANGULA TIMOTHY WANYONYI","ODM","elected","13th Parliament roster as at 12 Aug 2026","A","2026-08-12","current","Parliament","https://www.parliament.go.ke/the-national-assembly/mps?field_employment_history_value=&field_name_value=+&field_parliament_value=2022&order=field_constituency&page=34&sort=asc","false",""
"MEMBER-OF-PARLIAMENT-KEN-C047-CON275","member_of_parliament","constituency","KEN-C047-CON275","Dagoretti North","HON. ELACHI BEATRICE KADEVERESIA","ODM","elected","13th Parliament roster as at 12 Aug 2026","A","2026-08-12","current","Parliament","https://www.parliament.go.ke/the-national-assembly/mps?field_employment_history_value=&field_name_value=+&field_parliament_value=2022&order=field_constituency&page=5&sort=asc","false",""
"MEMBER-OF-PARLIAMENT-KEN-C047-CON276","member_of_parliament","constituency","KEN-C047-CON276","Dagoretti South","HON. WAWERU, JOHN KIARIE","UDA","elected","13th Parliament roster as at 12 Aug 2026","A","2026-08-12","current","Parliament","https://www.parliament.go.ke/the-national-assembly/mps?field_employment_history_value=&field_name_value=+&field_parliament_value=2022&order=field_constituency&page=5&sort=asc","false",""
"MEMBER-OF-PARLIAMENT-KEN-C047-CON277","member_of_parliament","constituency","KEN-C047-CON277","Langata","HON. KHODHE PHELIX ODIWUOR","ODM","elected","13th Parliament roster as at 12 Aug 2026","A","2026-08-12","current","Parliament","https://www.parliament.go.ke/the-national-assembly/mps?field_employment_history_value=&field_name_value=+&field_parliament_value=2022&order=field_constituency&page=17&sort=asc","false",""
"MEMBER-OF-PARLIAMENT-KEN-C047-CON278","member_of_parliament","constituency","KEN-C047-CON278","Kibra","HON. ORERO, PETER OCHIENG","ODM","elected","13th Parliament roster as at 12 Aug 2026","A","2026-08-12","current","Parliament","https://www.parliament.go.ke/the-national-assembly/mps?field_employment_history_value=&field_name_value=+&field_parliament_value=2022&order=field_constituency&page=12&sort=asc","false",""
"MEMBER-OF-PARLIAMENT-KEN-C047-CON279","member_of_parliament","constituency","KEN-C047-CON279","Roysambu","HON. MWAFRIKA AUGUSTINE KAMANDE","UDA","elected","13th Parliament roster as at 12 Aug 2026","A","2026-08-12","current","Parliament","https://www.parliament.go.ke/the-national-assembly/mps?field_employment_history_value=&field_name_value=+&field_parliament_value=2022&order=field_constituency&page=28&sort=asc","false",""
"MEMBER-OF-PARLIAMENT-KEN-C047-CON280","member_of_parliament","constituency","KEN-C047-CON280","Kasarani","HON. KARAURI, RONALD KAMWIKO","IND","elected","13th Parliament roster as at 12 Aug 2026","A","2026-08-12","current","Parliament","https://www.parliament.go.ke/the-national-assembly/mps?field_employment_history_value=&field_name_value=+&field_parliament_value=2022&order=field_constituency&page=11&sort=asc","false",""
"MEMBER-OF-PARLIAMENT-KEN-C047-CON281","member_of_parliament","constituency","KEN-C047-CON281","Ruaraka","Kajwang’, Francis Tom Joseph","ODM","elected","13th Parliament roster as at 12 Aug 2026","A","2026-08-12","current","Parliament","https://parliament.go.ke/the-national-assembly/hon-kajwang-francis-tom-joseph","false",""
"MEMBER-OF-PARLIAMENT-KEN-C047-CON282","member_of_parliament","constituency","KEN-C047-CON282","Embakasi South","Mawathe, Julius Musili","WDM-K","elected","13th Parliament roster as at 12 Aug 2026","A","2026-08-12","current","Parliament","https://www.parliament.go.ke/index.php/the-national-assembly/hon-mawathe-julius-musili-0","false",""
"MEMBER-OF-PARLIAMENT-KEN-C047-CON283","member_of_parliament","constituency","KEN-C047-CON283","Embakasi North","HON. GAKUYA JAMES MWANGI","UDA","elected","13th Parliament roster as at 12 Aug 2026","A","2026-08-12","current","Parliament","https://www.parliament.go.ke/the-national-assembly/mps?field_employment_history_value=&field_name_value=+&field_parliament_value=2022&order=field_constituency&page=6&sort=asc","false",""
"MEMBER-OF-PARLIAMENT-KEN-C047-CON284","member_of_parliament","constituency","KEN-C047-CON284","Embakasi Central","HON. MEJJADONK, BENJAMIN GATHIRU","UDA","elected","13th Parliament roster as at 12 Aug 2026","A","2026-08-12","current","Parliament","https://www.parliament.go.ke/the-national-assembly/mps?field_employment_history_value=&field_name_value=+&field_parliament_value=2022&order=field_constituency&page=5&sort=asc","false",""
"MEMBER-OF-PARLIAMENT-KEN-C047-CON285","member_of_parliament","constituency","KEN-C047-CON285","Embakasi East","HON. BABU OWINO PAUL ONGILI","ODM","elected","13th Parliament roster as at 12 Aug 2026","A","2026-08-12","current","Parliament","https://www.parliament.go.ke/the-national-assembly/mps?field_employment_history_value=&field_name_value=+&field_parliament_value=2022&order=field_constituency&page=5&sort=asc","false",""
"MEMBER-OF-PARLIAMENT-KEN-C047-CON286","member_of_parliament","constituency","KEN-C047-CON286","Embakasi West","HON. MWENJE MARK SAMUEL , CBS","JP","elected","13th Parliament roster as at 12 Aug 2026","A","2026-08-12","current","Parliament","https://www.parliament.go.ke/the-national-assembly/mps?field_employment_history_value=&field_name_value=+&field_parliament_value=2022&order=field_constituency&page=6&sort=asc","false",""
"MEMBER-OF-PARLIAMENT-KEN-C047-CON287","member_of_parliament","constituency","KEN-C047-CON287","Makadara","HON. OMWERA GEORGE ALDWA","ODM","elected","13th Parliament roster as at 12 Aug 2026","A","2026-08-12","current","Parliament","https://www.parliament.go.ke/the-national-assembly/mps?field_employment_history_value=&field_name_value=+&field_parliament_value=2022&order=field_constituency&page=19&sort=asc","false",""
"MEMBER-OF-PARLIAMENT-KEN-C047-CON288","member_of_parliament","constituency","KEN-C047-CON288","Kamukunji","HON. ABDI, YUSUF HASSAN","JP","elected","13th Parliament roster as at 12 Aug 2026","A","2026-08-12","current","Parliament","https://www.parliament.go.ke/the-national-assembly/mps?field_employment_history_value=&field_name_value=+&field_parliament_value=2022&order=field_constituency&page=10&sort=asc","false",""
"MEMBER-OF-PARLIAMENT-KEN-C047-CON289","member_of_parliament","constituency","KEN-C047-CON289","Starehe","HON. MWAGO AMOS MAINA","JP","elected","13th Parliament roster as at 12 Aug 2026","A","2026-08-12","current","Parliament","https://www.parliament.go.ke/the-national-assembly/mps?field_employment_history_value=&field_name_value=+&field_parliament_value=2022&order=field_constituency&page=30&sort=asc","false",""
"MEMBER-OF-PARLIAMENT-KEN-C047-CON290","member_of_parliament","constituency","KEN-C047-CON290","Mathare","HON. OLUOCH, ANTHONY TOM","ODM","elected","13th Parliament roster as at 12 Aug 2026","A","2026-08-12","current","Parliament","https://www.parliament.go.ke/the-national-assembly/mps?field_employment_history_value=&field_name_value=+&field_parliament_value=2022&order=field_constituency&page=21&sort=asc","false",""
