record_id,geo_code,county_name,family,title,period,publisher,scope,document_url,source_page_url,verification_state,link_status,verified_at,verification_method,reason,notes
"KDA-EVD-KEN-C001-0003","KEN-C001","Mombasa","audit","Auditor-General County Government Audit Reports 2023/24 — Mombasa evidence doorway","FY2023/24","Office of the Auditor-General","official_collection","","https://www.oagkenya.go.ke/2023-2024-county-government-audit-reports/","verified_source_collection","verified_reachable","2026-08-30","official_national_or_government_repository_review","","Official OAG county-government audit collection. The Atlas does not claim a pinned county PDF until its exact item is separately verified."
"KDA-EVD-KEN-C001-0002","KEN-C001","Mombasa","budget_implementation","County Governments Budget Implementation Review Report FY2024/25 — Mombasa section","FY2024/25","Office of the Controller of Budget","national_consolidated_county_report","https://cob.go.ke/download/county-governments-budget-implementation-review-report-fy-2024-25/","https://cob.go.ke/publications/consolidated-county-budget-implementation-review-reports/","verified_document","verified_reachable","2026-08-30","official_national_or_government_repository_review","","Official consolidated annual report contains a county-specific section; section page varies by report edition."
"KDA-EVD-KEN-C001-0005","KEN-C001","Mombasa","cbrop","County Budget Review and Outlook Papers — Mombasa official-policy repository","Current and historical","Kenya Institute for Public Policy Research and Analysis (KIPPRA)","official_policy_repository","","https://repository.kippra.or.ke/","verified_source_collection","verified_reachable","2026-08-30","official_national_or_government_repository_review","","Government public-policy repository indexes county-authored CBROPs. This is a discovery collection, not a pinned county file."
"KDA-EVD-KEN-C001-0004","KEN-C001","Mombasa","cfsp","County Fiscal Strategy Papers — Mombasa official-policy repository","Current and historical","Kenya Institute for Public Policy Research and Analysis (KIPPRA)","official_policy_repository","","https://repository.kippra.or.ke/","verified_source_collection","verified_reachable","2026-08-30","official_national_or_government_repository_review","","Government public-policy repository indexes county-authored CFSPs. This is a discovery collection, not a pinned county file."
"KDA-EVD-KEN-C001-0001","KEN-C001","Mombasa","cidp","Mombasa County Integrated Development Plan 2023–2027","2023–2027","Council of Governors Maarifa Centre","county","","https://maarifa.cog.go.ke/county-integrated-development-plans/mombasa-2023-2027-cidp","verified_source_page","verified_reachable","2026-08-30","official_repository_or_county_site_review","","Official county or Council of Governors repository page for the third-generation CIDP."
"KDA-EVD-KEN-C002-0008","KEN-C002","Kwale","audit","Auditor-General County Government Audit Reports 2023/24 — Kwale evidence doorway","FY2023/24","Office of the Auditor-General","official_collection","","https://www.oagkenya.go.ke/2023-2024-county-government-audit-reports/","verified_source_collection","verified_reachable","2026-08-30","official_national_or_government_repository_review","","Official OAG county-government audit collection. The Atlas does not claim a pinned county PDF until its exact item is separately verified."
"KDA-EVD-KEN-C002-0007","KEN-C002","Kwale","budget_implementation","County Governments Budget Implementation Review Report FY2024/25 — Kwale section","FY2024/25","Office of the Controller of Budget","national_consolidated_county_report","https://cob.go.ke/download/county-governments-budget-implementation-review-report-fy-2024-25/","https://cob.go.ke/publications/consolidated-county-budget-implementation-review-reports/","verified_document","verified_reachable","2026-08-30","official_national_or_government_repository_review","","Official consolidated annual report contains a county-specific section; section page varies by report edition."
"KDA-EVD-KEN-C002-0010","KEN-C002","Kwale","cbrop","County Budget Review and Outlook Papers — Kwale official-policy repository","Current and historical","Kenya Institute for Public Policy Research and Analysis (KIPPRA)","official_policy_repository","","https://repository.kippra.or.ke/","verified_source_collection","verified_reachable","2026-08-30","official_national_or_government_repository_review","","Government public-policy repository indexes county-authored CBROPs. This is a discovery collection, not a pinned county file."
"KDA-EVD-KEN-C002-0009","KEN-C002","Kwale","cfsp","County Fiscal Strategy Papers — Kwale official-policy repository","Current and historical","Kenya Institute for Public Policy Research and Analysis (KIPPRA)","official_policy_repository","","https://repository.kippra.or.ke/","verified_source_collection","verified_reachable","2026-08-30","official_national_or_government_repository_review","","Government public-policy repository indexes county-authored CFSPs. This is a discovery collection, not a pinned county file."
"KDA-EVD-KEN-C002-0006","KEN-C002","Kwale","cidp","Kwale County Integrated Development Plan 2023–2027","2023–2027","County Government of Kwale","county","","https://kwale.go.ke/download/auto-draft-15/","verified_source_page","verified_reachable","2026-08-30","official_repository_or_county_site_review","","Official county or Council of Governors repository page for the third-generation CIDP."
"KDA-EVD-KEN-C003-0013","KEN-C003","Kilifi","audit","Auditor-General County Government Audit Reports 2023/24 — Kilifi evidence doorway","FY2023/24","Office of the Auditor-General","official_collection","","https://www.oagkenya.go.ke/2023-2024-county-government-audit-reports/","verified_source_collection","verified_reachable","2026-08-30","official_national_or_government_repository_review","","Official OAG county-government audit collection. The Atlas does not claim a pinned county PDF until its exact item is separately verified."
"KDA-EVD-KEN-C003-0012","KEN-C003","Kilifi","budget_implementation","County Governments Budget Implementation Review Report FY2024/25 — Kilifi section","FY2024/25","Office of the Controller of Budget","national_consolidated_county_report","https://cob.go.ke/download/county-governments-budget-implementation-review-report-fy-2024-25/","https://cob.go.ke/publications/consolidated-county-budget-implementation-review-reports/","verified_document","verified_reachable","2026-08-30","official_national_or_government_repository_review","","Official consolidated annual report contains a county-specific section; section page varies by report edition."
"KDA-EVD-KEN-C003-0015","KEN-C003","Kilifi","cbrop","County Budget Review and Outlook Papers — Kilifi official-policy repository","Current and historical","Kenya Institute for Public Policy Research and Analysis (KIPPRA)","official_policy_repository","","https://repository.kippra.or.ke/","verified_source_collection","verified_reachable","2026-08-30","official_national_or_government_repository_review","","Government public-policy repository indexes county-authored CBROPs. This is a discovery collection, not a pinned county file."
"KDA-EVD-KEN-C003-0014","KEN-C003","Kilifi","cfsp","County Fiscal Strategy Papers — Kilifi official-policy repository","Current and historical","Kenya Institute for Public Policy Research and Analysis (KIPPRA)","official_policy_repository","","https://repository.kippra.or.ke/","verified_source_collection","verified_reachable","2026-08-30","official_national_or_government_repository_review","","Government public-policy repository indexes county-authored CFSPs. This is a discovery collection, not a pinned county file."
"KDA-EVD-KEN-C003-0011","KEN-C003","Kilifi","cidp","Kilifi County Integrated Development Plan 2023–2027","2023–2027","Council of Governors Maarifa Centre","county","","https://maarifa.cog.go.ke/county-integrated-development-plans/kilifi-county-integrated-development-plan-2023-2027","verified_source_page","verified_reachable","2026-08-30","official_repository_or_county_site_review","","Official county or Council of Governors repository page for the third-generation CIDP."
"KDA-EVD-KEN-C004-0018","KEN-C004","Tana River","audit","Auditor-General County Government Audit Reports 2023/24 — Tana River evidence doorway","FY2023/24","Office of the Auditor-General","official_collection","","https://www.oagkenya.go.ke/2023-2024-county-government-audit-reports/","verified_source_collection","verified_reachable","2026-08-30","official_national_or_government_repository_review","","Official OAG county-government audit collection. The Atlas does not claim a pinned county PDF until its exact item is separately verified."
"KDA-EVD-KEN-C004-0017","KEN-C004","Tana River","budget_implementation","County Governments Budget Implementation Review Report FY2024/25 — Tana River section","FY2024/25","Office of the Controller of Budget","national_consolidated_county_report","https://cob.go.ke/download/county-governments-budget-implementation-review-report-fy-2024-25/","https://cob.go.ke/publications/consolidated-county-budget-implementation-review-reports/","verified_document","verified_reachable","2026-08-30","official_national_or_government_repository_review","","Official consolidated annual report contains a county-specific section; section page varies by report edition."
"KDA-EVD-KEN-C004-0020","KEN-C004","Tana River","cbrop","County Budget Review and Outlook Papers — Tana River official-policy repository","Current and historical","Kenya Institute for Public Policy Research and Analysis (KIPPRA)","official_policy_repository","","https://repository.kippra.or.ke/","verified_source_collection","verified_reachable","2026-08-30","official_national_or_government_repository_review","","Government public-policy repository indexes county-authored CBROPs. This is a discovery collection, not a pinned county file."
"KDA-EVD-KEN-C004-0019","KEN-C004","Tana River","cfsp","County Fiscal Strategy Papers — Tana River official-policy repository","Current and historical","Kenya Institute for Public Policy Research and Analysis (KIPPRA)","official_policy_repository","","https://repository.kippra.or.ke/","verified_source_collection","verified_reachable","2026-08-30","official_national_or_government_repository_review","","Government public-policy repository indexes county-authored CFSPs. This is a discovery collection, not a pinned county file."
"KDA-EVD-KEN-C004-0016","KEN-C004","Tana River","cidp","Tana River County Integrated Development Plan 2023–2027","2023–2027","Council of Governors Maarifa Centre","county","","https://maarifa.cog.go.ke/county-integrated-development-plans/tana-river-2023-2027-cidp","verified_source_page","verified_reachable","2026-08-30","official_repository_or_county_site_review","","Official county or Council of Governors repository page for the third-generation CIDP."
"KDA-EVD-KEN-C005-0023","KEN-C005","Lamu","audit","Auditor-General County Government Audit Reports 2023/24 — Lamu evidence doorway","FY2023/24","Office of the Auditor-General","official_collection","","https://www.oagkenya.go.ke/2023-2024-county-government-audit-reports/","verified_source_collection","verified_reachable","2026-08-30","official_national_or_government_repository_review","","Official OAG county-government audit collection. The Atlas does not claim a pinned county PDF until its exact item is separately verified."
"KDA-EVD-KEN-C005-0022","KEN-C005","Lamu","budget_implementation","County Governments Budget Implementation Review Report FY2024/25 — Lamu section","FY2024/25","Office of the Controller of Budget","national_consolidated_county_report","https://cob.go.ke/download/county-governments-budget-implementation-review-report-fy-2024-25/","https://cob.go.ke/publications/consolidated-county-budget-implementation-review-reports/","verified_document","verified_reachable","2026-08-30","official_national_or_government_repository_review","","Official consolidated annual report contains a county-specific section; section page varies by report edition."
"KDA-EVD-KEN-C005-0025","KEN-C005","Lamu","cbrop","County Budget Review and Outlook Papers — Lamu official-policy repository","Current and historical","Kenya Institute for Public Policy Research and Analysis (KIPPRA)","official_policy_repository","","https://repository.kippra.or.ke/","verified_source_collection","verified_reachable","2026-08-30","official_national_or_government_repository_review","","Government public-policy repository indexes county-authored CBROPs. This is a discovery collection, not a pinned county file."
"KDA-EVD-KEN-C005-0024","KEN-C005","Lamu","cfsp","County Fiscal Strategy Papers — Lamu official-policy repository","Current and historical","Kenya Institute for Public Policy Research and Analysis (KIPPRA)","official_policy_repository","","https://repository.kippra.or.ke/","verified_source_collection","verified_reachable","2026-08-30","official_national_or_government_repository_review","","Government public-policy repository indexes county-authored CFSPs. This is a discovery collection, not a pinned county file."
"KDA-EVD-KEN-C005-0021","KEN-C005","Lamu","cidp","Lamu County Integrated Development Plan 2023–2027","2023–2027","Council of Governors Maarifa Centre","county","","https://maarifa.cog.go.ke/county-integrated-development-plans/lamu-2023-2027-cidp","verified_source_page","verified_reachable","2026-08-30","official_repository_or_county_site_review","","Official county or Council of Governors repository page for the third-generation CIDP."
"KDA-EVD-KEN-C006-0028","KEN-C006","Taita Taveta","audit","Auditor-General County Government Audit Reports 2023/24 — Taita Taveta evidence doorway","FY2023/24","Office of the Auditor-General","official_collection","","https://www.oagkenya.go.ke/2023-2024-county-government-audit-reports/","verified_source_collection","verified_reachable","2026-08-30","official_national_or_government_repository_review","","Official OAG county-government audit collection. The Atlas does not claim a pinned county PDF until its exact item is separately verified."
"KDA-EVD-KEN-C006-0027","KEN-C006","Taita Taveta","budget_implementation","County Governments Budget Implementation Review Report FY2024/25 — Taita Taveta section","FY2024/25","Office of the Controller of Budget","national_consolidated_county_report","https://cob.go.ke/download/county-governments-budget-implementation-review-report-fy-2024-25/","https://cob.go.ke/publications/consolidated-county-budget-implementation-review-reports/","verified_document","verified_reachable","2026-08-30","official_national_or_government_repository_review","","Official consolidated annual report contains a county-specific section; section page varies by report edition."
"KDA-EVD-KEN-C006-0030","KEN-C006","Taita Taveta","cbrop","County Budget Review and Outlook Papers — Taita Taveta official-policy repository","Current and historical","Kenya Institute for Public Policy Research and Analysis (KIPPRA)","official_policy_repository","","https://repository.kippra.or.ke/","verified_source_collection","verified_reachable","2026-08-30","official_national_or_government_repository_review","","Government public-policy repository indexes county-authored CBROPs. This is a discovery collection, not a pinned county file."
"KDA-EVD-KEN-C006-0029","KEN-C006","Taita Taveta","cfsp","County Fiscal Strategy Papers — Taita Taveta official-policy repository","Current and historical","Kenya Institute for Public Policy Research and Analysis (KIPPRA)","official_policy_repository","","https://repository.kippra.or.ke/","verified_source_collection","verified_reachable","2026-08-30","official_national_or_government_repository_review","","Government public-policy repository indexes county-authored CFSPs. This is a discovery collection, not a pinned county file."
"KDA-EVD-KEN-C006-0026","KEN-C006","Taita Taveta","cidp","Taita Taveta County Integrated Development Plan 2023–2027","2023–2027","Council of Governors Maarifa Centre","county","","https://maarifa.cog.go.ke/county-integrated-development-plans/taita-taveta-2023-2027-cidp","verified_source_page","verified_reachable","2026-08-30","official_repository_or_county_site_review","","Official county or Council of Governors repository page for the third-generation CIDP."
"KDA-EVD-KEN-C007-0033","KEN-C007","Garissa","audit","Auditor-General County Government Audit Reports 2023/24 — Garissa evidence doorway","FY2023/24","Office of the Auditor-General","official_collection","","https://www.oagkenya.go.ke/2023-2024-county-government-audit-reports/","verified_source_collection","verified_reachable","2026-08-30","official_national_or_government_repository_review","","Official OAG county-government audit collection. The Atlas does not claim a pinned county PDF until its exact item is separately verified."
"KDA-EVD-KEN-C007-0032","KEN-C007","Garissa","budget_implementation","County Governments Budget Implementation Review Report FY2024/25 — Garissa section","FY2024/25","Office of the Controller of Budget","national_consolidated_county_report","https://cob.go.ke/download/county-governments-budget-implementation-review-report-fy-2024-25/","https://cob.go.ke/publications/consolidated-county-budget-implementation-review-reports/","verified_document","verified_reachable","2026-08-30","official_national_or_government_repository_review","","Official consolidated annual report contains a county-specific section; section page varies by report edition."
"KDA-EVD-KEN-C007-0035","KEN-C007","Garissa","cbrop","County Budget Review and Outlook Papers — Garissa official-policy repository","Current and historical","Kenya Institute for Public Policy Research and Analysis (KIPPRA)","official_policy_repository","","https://repository.kippra.or.ke/","verified_source_collection","verified_reachable","2026-08-30","official_national_or_government_repository_review","","Government public-policy repository indexes county-authored CBROPs. This is a discovery collection, not a pinned county file."
"KDA-EVD-KEN-C007-0034","KEN-C007","Garissa","cfsp","County Fiscal Strategy Papers — Garissa official-policy repository","Current and historical","Kenya Institute for Public Policy Research and Analysis (KIPPRA)","official_policy_repository","","https://repository.kippra.or.ke/","verified_source_collection","verified_reachable","2026-08-30","official_national_or_government_repository_review","","Government public-policy repository indexes county-authored CFSPs. This is a discovery collection, not a pinned county file."
"KDA-EVD-KEN-C007-0031","KEN-C007","Garissa","cidp","Garissa County Integrated Development Plan 2023–2027","2023–2027","Council of Governors Maarifa Centre","county","","https://maarifa.cog.go.ke/county-integrated-development-plans/garissa-2023-2027-cidp","verified_source_page","verified_reachable","2026-08-30","official_repository_or_county_site_review","","Official county or Council of Governors repository page for the third-generation CIDP."
"KDA-EVD-KEN-C008-0038","KEN-C008","Wajir","audit","Auditor-General County Government Audit Reports 2023/24 — Wajir evidence doorway","FY2023/24","Office of the Auditor-General","official_collection","","https://www.oagkenya.go.ke/2023-2024-county-government-audit-reports/","verified_source_collection","verified_reachable","2026-08-30","official_national_or_government_repository_review","","Official OAG county-government audit collection. The Atlas does not claim a pinned county PDF until its exact item is separately verified."
"KDA-EVD-KEN-C008-0037","KEN-C008","Wajir","budget_implementation","County Governments Budget Implementation Review Report FY2024/25 — Wajir section","FY2024/25","Office of the Controller of Budget","national_consolidated_county_report","https://cob.go.ke/download/county-governments-budget-implementation-review-report-fy-2024-25/","https://cob.go.ke/publications/consolidated-county-budget-implementation-review-reports/","verified_document","verified_reachable","2026-08-30","official_national_or_government_repository_review","","Official consolidated annual report contains a county-specific section; section page varies by report edition."
"KDA-EVD-KEN-C008-0040","KEN-C008","Wajir","cbrop","County Budget Review and Outlook Papers — Wajir official-policy repository","Current and historical","Kenya Institute for Public Policy Research and Analysis (KIPPRA)","official_policy_repository","","https://repository.kippra.or.ke/","verified_source_collection","verified_reachable","2026-08-30","official_national_or_government_repository_review","","Government public-policy repository indexes county-authored CBROPs. This is a discovery collection, not a pinned county file."
"KDA-EVD-KEN-C008-0039","KEN-C008","Wajir","cfsp","County Fiscal Strategy Papers — Wajir official-policy repository","Current and historical","Kenya Institute for Public Policy Research and Analysis (KIPPRA)","official_policy_repository","","https://repository.kippra.or.ke/","verified_source_collection","verified_reachable","2026-08-30","official_national_or_government_repository_review","","Government public-policy repository indexes county-authored CFSPs. This is a discovery collection, not a pinned county file."
"KDA-EVD-KEN-C008-0036","KEN-C008","Wajir","cidp","Wajir County Integrated Development Plan 2023–2027","2023–2027","Council of Governors Maarifa Centre","county","","https://maarifa.cog.go.ke/county-integrated-development-plans/wajir-2023-2027-cidp","verified_source_page","verified_reachable","2026-08-30","official_repository_or_county_site_review","","Official county or Council of Governors repository page for the third-generation CIDP."
"KDA-EVD-KEN-C009-0043","KEN-C009","Mandera","audit","Auditor-General County Government Audit Reports 2023/24 — Mandera evidence doorway","FY2023/24","Office of the Auditor-General","official_collection","","https://www.oagkenya.go.ke/2023-2024-county-government-audit-reports/","verified_source_collection","verified_reachable","2026-08-30","official_national_or_government_repository_review","","Official OAG county-government audit collection. The Atlas does not claim a pinned county PDF until its exact item is separately verified."
"KDA-EVD-KEN-C009-0042","KEN-C009","Mandera","budget_implementation","County Governments Budget Implementation Review Report FY2024/25 — Mandera section","FY2024/25","Office of the Controller of Budget","national_consolidated_county_report","https://cob.go.ke/download/county-governments-budget-implementation-review-report-fy-2024-25/","https://cob.go.ke/publications/consolidated-county-budget-implementation-review-reports/","verified_document","verified_reachable","2026-08-30","official_national_or_government_repository_review","","Official consolidated annual report contains a county-specific section; section page varies by report edition."
"KDA-EVD-KEN-C009-0045","KEN-C009","Mandera","cbrop","County Budget Review and Outlook Papers — Mandera official-policy repository","Current and historical","Kenya Institute for Public Policy Research and Analysis (KIPPRA)","official_policy_repository","","https://repository.kippra.or.ke/","verified_source_collection","verified_reachable","2026-08-30","official_national_or_government_repository_review","","Government public-policy repository indexes county-authored CBROPs. This is a discovery collection, not a pinned county file."
"KDA-EVD-KEN-C009-0044","KEN-C009","Mandera","cfsp","County Fiscal Strategy Papers — Mandera official-policy repository","Current and historical","Kenya Institute for Public Policy Research and Analysis (KIPPRA)","official_policy_repository","","https://repository.kippra.or.ke/","verified_source_collection","verified_reachable","2026-08-30","official_national_or_government_repository_review","","Government public-policy repository indexes county-authored CFSPs. This is a discovery collection, not a pinned county file."
"KDA-EVD-KEN-C009-0041","KEN-C009","Mandera","cidp","Mandera County Integrated Development Plan 2023–2027","2023–2027","Council of Governors Maarifa Centre","county","","https://maarifa.cog.go.ke/county-integrated-development-plans/mandera-2023-2027-cidp","verified_source_page","verified_reachable","2026-08-30","official_repository_or_county_site_review","","Official county or Council of Governors repository page for the third-generation CIDP."
"KDA-EVD-KEN-C010-0048","KEN-C010","Marsabit","audit","Auditor-General County Government Audit Reports 2023/24 — Marsabit evidence doorway","FY2023/24","Office of the Auditor-General","official_collection","","https://www.oagkenya.go.ke/2023-2024-county-government-audit-reports/","verified_source_collection","verified_reachable","2026-08-30","official_national_or_government_repository_review","","Official OAG county-government audit collection. The Atlas does not claim a pinned county PDF until its exact item is separately verified."
"KDA-EVD-KEN-C010-0047","KEN-C010","Marsabit","budget_implementation","County Governments Budget Implementation Review Report FY2024/25 — Marsabit section","FY2024/25","Office of the Controller of Budget","national_consolidated_county_report","https://cob.go.ke/download/county-governments-budget-implementation-review-report-fy-2024-25/","https://cob.go.ke/publications/consolidated-county-budget-implementation-review-reports/","verified_document","verified_reachable","2026-08-30","official_national_or_government_repository_review","","Official consolidated annual report contains a county-specific section; section page varies by report edition."
"KDA-EVD-KEN-C010-0050","KEN-C010","Marsabit","cbrop","County Budget Review and Outlook Papers — Marsabit official-policy repository","Current and historical","Kenya Institute for Public Policy Research and Analysis (KIPPRA)","official_policy_repository","","https://repository.kippra.or.ke/","verified_source_collection","verified_reachable","2026-08-30","official_national_or_government_repository_review","","Government public-policy repository indexes county-authored CBROPs. This is a discovery collection, not a pinned county file."
"KDA-EVD-KEN-C010-0049","KEN-C010","Marsabit","cfsp","County Fiscal Strategy Papers — Marsabit official-policy repository","Current and historical","Kenya Institute for Public Policy Research and Analysis (KIPPRA)","official_policy_repository","","https://repository.kippra.or.ke/","verified_source_collection","verified_reachable","2026-08-30","official_national_or_government_repository_review","","Government public-policy repository indexes county-authored CFSPs. This is a discovery collection, not a pinned county file."
"KDA-EVD-KEN-C010-0046","KEN-C010","Marsabit","cidp","Marsabit County Integrated Development Plan 2023–2027","2023–2027","Council of Governors Maarifa Centre","county","","https://maarifa.cog.go.ke/county-integrated-development-plans/marsabit-2023-2027-cidp","verified_source_page","verified_reachable","2026-08-30","official_repository_or_county_site_review","","Official county or Council of Governors repository page for the third-generation CIDP."
"KDA-EVD-KEN-C011-0053","KEN-C011","Isiolo","audit","Auditor-General County Government Audit Reports 2023/24 — Isiolo evidence doorway","FY2023/24","Office of the Auditor-General","official_collection","","https://www.oagkenya.go.ke/2023-2024-county-government-audit-reports/","verified_source_collection","verified_reachable","2026-08-30","official_national_or_government_repository_review","","Official OAG county-government audit collection. The Atlas does not claim a pinned county PDF until its exact item is separately verified."
"KDA-EVD-KEN-C011-0052","KEN-C011","Isiolo","budget_implementation","County Governments Budget Implementation Review Report FY2024/25 — Isiolo section","FY2024/25","Office of the Controller of Budget","national_consolidated_county_report","https://cob.go.ke/download/county-governments-budget-implementation-review-report-fy-2024-25/","https://cob.go.ke/publications/consolidated-county-budget-implementation-review-reports/","verified_document","verified_reachable","2026-08-30","official_national_or_government_repository_review","","Official consolidated annual report contains a county-specific section; section page varies by report edition."
"KDA-EVD-KEN-C011-0055","KEN-C011","Isiolo","cbrop","County Budget Review and Outlook Papers — Isiolo official-policy repository","Current and historical","Kenya Institute for Public Policy Research and Analysis (KIPPRA)","official_policy_repository","","https://repository.kippra.or.ke/","verified_source_collection","verified_reachable","2026-08-30","official_national_or_government_repository_review","","Government public-policy repository indexes county-authored CBROPs. This is a discovery collection, not a pinned county file."
"KDA-EVD-KEN-C011-0054","KEN-C011","Isiolo","cfsp","County Fiscal Strategy Papers — Isiolo official-policy repository","Current and historical","Kenya Institute for Public Policy Research and Analysis (KIPPRA)","official_policy_repository","","https://repository.kippra.or.ke/","verified_source_collection","verified_reachable","2026-08-30","official_national_or_government_repository_review","","Government public-policy repository indexes county-authored CFSPs. This is a discovery collection, not a pinned county file."
"KDA-EVD-KEN-C011-0051","KEN-C011","Isiolo","cidp","Isiolo County Integrated Development Plan 2023–2027","2023–2027","Council of Governors Maarifa Centre","county","","https://maarifa.cog.go.ke/county-integrated-development-plans/isiolo-2023-2027-cidp","verified_source_page","verified_reachable","2026-08-30","official_repository_or_county_site_review","","Official county or Council of Governors repository page for the third-generation CIDP."
"KDA-EVD-KEN-C012-0058","KEN-C012","Meru","audit","Auditor-General County Government Audit Reports 2023/24 — Meru evidence doorway","FY2023/24","Office of the Auditor-General","official_collection","","https://www.oagkenya.go.ke/2023-2024-county-government-audit-reports/","verified_source_collection","verified_reachable","2026-08-30","official_national_or_government_repository_review","","Official OAG county-government audit collection. The Atlas does not claim a pinned county PDF until its exact item is separately verified."
"KDA-EVD-KEN-C012-0057","KEN-C012","Meru","budget_implementation","County Governments Budget Implementation Review Report FY2024/25 — Meru section","FY2024/25","Office of the Controller of Budget","national_consolidated_county_report","https://cob.go.ke/download/county-governments-budget-implementation-review-report-fy-2024-25/","https://cob.go.ke/publications/consolidated-county-budget-implementation-review-reports/","verified_document","verified_reachable","2026-08-30","official_national_or_government_repository_review","","Official consolidated annual report contains a county-specific section; section page varies by report edition."
"KDA-EVD-KEN-C012-0060","KEN-C012","Meru","cbrop","County Budget Review and Outlook Papers — Meru official-policy repository","Current and historical","Kenya Institute for Public Policy Research and Analysis (KIPPRA)","official_policy_repository","","https://repository.kippra.or.ke/","verified_source_collection","verified_reachable","2026-08-30","official_national_or_government_repository_review","","Government public-policy repository indexes county-authored CBROPs. This is a discovery collection, not a pinned county file."
"KDA-EVD-KEN-C012-0059","KEN-C012","Meru","cfsp","County Fiscal Strategy Papers — Meru official-policy repository","Current and historical","Kenya Institute for Public Policy Research and Analysis (KIPPRA)","official_policy_repository","","https://repository.kippra.or.ke/","verified_source_collection","verified_reachable","2026-08-30","official_national_or_government_repository_review","","Government public-policy repository indexes county-authored CFSPs. This is a discovery collection, not a pinned county file."
"KDA-EVD-KEN-C012-0056","KEN-C012","Meru","cidp","Meru County Integrated Development Plan 2023–2027","2023–2027","Council of Governors Maarifa Centre","county","","https://maarifa.cog.go.ke/county-integrated-development-plans/meru-2023-2027","verified_source_page","verified_reachable","2026-08-30","official_repository_or_county_site_review","","Official county or Council of Governors repository page for the third-generation CIDP."
"KDA-EVD-KEN-C013-0063","KEN-C013","Tharaka-Nithi","audit","Auditor-General County Government Audit Reports 2023/24 — Tharaka-Nithi evidence doorway","FY2023/24","Office of the Auditor-General","official_collection","","https://www.oagkenya.go.ke/2023-2024-county-government-audit-reports/","verified_source_collection","verified_reachable","2026-08-30","official_national_or_government_repository_review","","Official OAG county-government audit collection. The Atlas does not claim a pinned county PDF until its exact item is separately verified."
"KDA-EVD-KEN-C013-0062","KEN-C013","Tharaka-Nithi","budget_implementation","County Governments Budget Implementation Review Report FY2024/25 — Tharaka-Nithi section","FY2024/25","Office of the Controller of Budget","national_consolidated_county_report","https://cob.go.ke/download/county-governments-budget-implementation-review-report-fy-2024-25/","https://cob.go.ke/publications/consolidated-county-budget-implementation-review-reports/","verified_document","verified_reachable","2026-08-30","official_national_or_government_repository_review","","Official consolidated annual report contains a county-specific section; section page varies by report edition."
"KDA-EVD-KEN-C013-0065","KEN-C013","Tharaka-Nithi","cbrop","County Budget Review and Outlook Papers — Tharaka-Nithi official-policy repository","Current and historical","Kenya Institute for Public Policy Research and Analysis (KIPPRA)","official_policy_repository","","https://repository.kippra.or.ke/","verified_source_collection","verified_reachable","2026-08-30","official_national_or_government_repository_review","","Government public-policy repository indexes county-authored CBROPs. This is a discovery collection, not a pinned county file."
"KDA-EVD-KEN-C013-0064","KEN-C013","Tharaka-Nithi","cfsp","County Fiscal Strategy Papers — Tharaka-Nithi official-policy repository","Current and historical","Kenya Institute for Public Policy Research and Analysis (KIPPRA)","official_policy_repository","","https://repository.kippra.or.ke/","verified_source_collection","verified_reachable","2026-08-30","official_national_or_government_repository_review","","Government public-policy repository indexes county-authored CFSPs. This is a discovery collection, not a pinned county file."
"KDA-EVD-KEN-C013-0061","KEN-C013","Tharaka-Nithi","cidp","Tharaka-Nithi County Integrated Development Plan 2023–2027","2023–2027","Council of Governors Maarifa Centre","county","","https://maarifa.cog.go.ke/county-integrated-development-plans/tharaka-nithi-2023-2027-cidp","verified_source_page","verified_reachable","2026-08-30","official_repository_or_county_site_review","","Official county or Council of Governors repository page for the third-generation CIDP."
"KDA-EVD-KEN-C014-0068","KEN-C014","Embu","audit","Auditor-General County Government Audit Reports 2023/24 — Embu evidence doorway","FY2023/24","Office of the Auditor-General","official_collection","","https://www.oagkenya.go.ke/2023-2024-county-government-audit-reports/","verified_source_collection","verified_reachable","2026-08-30","official_national_or_government_repository_review","","Official OAG county-government audit collection. The Atlas does not claim a pinned county PDF until its exact item is separately verified."
"KDA-EVD-KEN-C014-0067","KEN-C014","Embu","budget_implementation","County Governments Budget Implementation Review Report FY2024/25 — Embu section","FY2024/25","Office of the Controller of Budget","national_consolidated_county_report","https://cob.go.ke/download/county-governments-budget-implementation-review-report-fy-2024-25/","https://cob.go.ke/publications/consolidated-county-budget-implementation-review-reports/","verified_document","verified_reachable","2026-08-30","official_national_or_government_repository_review","","Official consolidated annual report contains a county-specific section; section page varies by report edition."
"KDA-EVD-KEN-C014-0070","KEN-C014","Embu","cbrop","County Budget Review and Outlook Papers — Embu official-policy repository","Current and historical","Kenya Institute for Public Policy Research and Analysis (KIPPRA)","official_policy_repository","","https://repository.kippra.or.ke/","verified_source_collection","verified_reachable","2026-08-30","official_national_or_government_repository_review","","Government public-policy repository indexes county-authored CBROPs. This is a discovery collection, not a pinned county file."
"KDA-EVD-KEN-C014-0069","KEN-C014","Embu","cfsp","County Fiscal Strategy Papers — Embu official-policy repository","Current and historical","Kenya Institute for Public Policy Research and Analysis (KIPPRA)","official_policy_repository","","https://repository.kippra.or.ke/","verified_source_collection","verified_reachable","2026-08-30","official_national_or_government_repository_review","","Government public-policy repository indexes county-authored CFSPs. This is a discovery collection, not a pinned county file."
"KDA-EVD-KEN-C014-0066","KEN-C014","Embu","cidp","Embu County Integrated Development Plan 2023–2027","2023–2027","Council of Governors Maarifa Centre","county","","https://maarifa.cog.go.ke/county-integrated-development-plans/embu-2023-2027-cidp","verified_source_page","verified_reachable","2026-08-30","official_repository_or_county_site_review","","Official county or Council of Governors repository page for the third-generation CIDP."
"KDA-EVD-KEN-C015-0073","KEN-C015","Kitui","audit","Auditor-General County Government Audit Reports 2023/24 — Kitui evidence doorway","FY2023/24","Office of the Auditor-General","official_collection","","https://www.oagkenya.go.ke/2023-2024-county-government-audit-reports/","verified_source_collection","verified_reachable","2026-08-30","official_national_or_government_repository_review","","Official OAG county-government audit collection. The Atlas does not claim a pinned county PDF until its exact item is separately verified."
"KDA-EVD-KEN-C015-0072","KEN-C015","Kitui","budget_implementation","County Governments Budget Implementation Review Report FY2024/25 — Kitui section","FY2024/25","Office of the Controller of Budget","national_consolidated_county_report","https://cob.go.ke/download/county-governments-budget-implementation-review-report-fy-2024-25/","https://cob.go.ke/publications/consolidated-county-budget-implementation-review-reports/","verified_document","verified_reachable","2026-08-30","official_national_or_government_repository_review","","Official consolidated annual report contains a county-specific section; section page varies by report edition."
"KDA-EVD-KEN-C015-0075","KEN-C015","Kitui","cbrop","County Budget Review and Outlook Papers — Kitui official-policy repository","Current and historical","Kenya Institute for Public Policy Research and Analysis (KIPPRA)","official_policy_repository","","https://repository.kippra.or.ke/","verified_source_collection","verified_reachable","2026-08-30","official_national_or_government_repository_review","","Government public-policy repository indexes county-authored CBROPs. This is a discovery collection, not a pinned county file."
"KDA-EVD-KEN-C015-0074","KEN-C015","Kitui","cfsp","County Fiscal Strategy Papers — Kitui official-policy repository","Current and historical","Kenya Institute for Public Policy Research and Analysis (KIPPRA)","official_policy_repository","","https://repository.kippra.or.ke/","verified_source_collection","verified_reachable","2026-08-30","official_national_or_government_repository_review","","Government public-policy repository indexes county-authored CFSPs. This is a discovery collection, not a pinned county file."
"KDA-EVD-KEN-C015-0071","KEN-C015","Kitui","cidp","Kitui County Integrated Development Plan 2023–2027","2023–2027","Council of Governors Maarifa Centre","county","","https://maarifa.cog.go.ke/county-integrated-development-plans/kitui-2023-2027-cidp","verified_source_page","verified_reachable","2026-08-30","official_repository_or_county_site_review","","Official county or Council of Governors repository page for the third-generation CIDP."
"KDA-EVD-KEN-C016-0078","KEN-C016","Machakos","audit","Auditor-General County Government Audit Reports 2023/24 — Machakos evidence doorway","FY2023/24","Office of the Auditor-General","official_collection","","https://www.oagkenya.go.ke/2023-2024-county-government-audit-reports/","verified_source_collection","verified_reachable","2026-08-30","official_national_or_government_repository_review","","Official OAG county-government audit collection. The Atlas does not claim a pinned county PDF until its exact item is separately verified."
"KDA-EVD-KEN-C016-0077","KEN-C016","Machakos","budget_implementation","County Governments Budget Implementation Review Report FY2024/25 — Machakos section","FY2024/25","Office of the Controller of Budget","national_consolidated_county_report","https://cob.go.ke/download/county-governments-budget-implementation-review-report-fy-2024-25/","https://cob.go.ke/publications/consolidated-county-budget-implementation-review-reports/","verified_document","verified_reachable","2026-08-30","official_national_or_government_repository_review","","Official consolidated annual report contains a county-specific section; section page varies by report edition."
"KDA-EVD-KEN-C016-0080","KEN-C016","Machakos","cbrop","County Budget Review and Outlook Papers — Machakos official-policy repository","Current and historical","Kenya Institute for Public Policy Research and Analysis (KIPPRA)","official_policy_repository","","https://repository.kippra.or.ke/","verified_source_collection","verified_reachable","2026-08-30","official_national_or_government_repository_review","","Government public-policy repository indexes county-authored CBROPs. This is a discovery collection, not a pinned county file."
"KDA-EVD-KEN-C016-0079","KEN-C016","Machakos","cfsp","County Fiscal Strategy Papers — Machakos official-policy repository","Current and historical","Kenya Institute for Public Policy Research and Analysis (KIPPRA)","official_policy_repository","","https://repository.kippra.or.ke/","verified_source_collection","verified_reachable","2026-08-30","official_national_or_government_repository_review","","Government public-policy repository indexes county-authored CFSPs. This is a discovery collection, not a pinned county file."
"KDA-EVD-KEN-C016-0076","KEN-C016","Machakos","cidp","Machakos County Integrated Development Plan 2023–2027","2023–2027","Council of Governors Maarifa Centre","county","","https://maarifa.cog.go.ke/county-integrated-development-plans/machakos-2023-2027-cidp","verified_source_page","verified_reachable","2026-08-30","official_repository_or_county_site_review","","Official county or Council of Governors repository page for the third-generation CIDP."
"KDA-EVD-KEN-C017-0083","KEN-C017","Makueni","audit","Auditor-General County Government Audit Reports 2023/24 — Makueni evidence doorway","FY2023/24","Office of the Auditor-General","official_collection","","https://www.oagkenya.go.ke/2023-2024-county-government-audit-reports/","verified_source_collection","verified_reachable","2026-08-30","official_national_or_government_repository_review","","Official OAG county-government audit collection. The Atlas does not claim a pinned county PDF until its exact item is separately verified."
"KDA-EVD-KEN-C017-0082","KEN-C017","Makueni","budget_implementation","County Governments Budget Implementation Review Report FY2024/25 — Makueni section","FY2024/25","Office of the Controller of Budget","national_consolidated_county_report","https://cob.go.ke/download/county-governments-budget-implementation-review-report-fy-2024-25/","https://cob.go.ke/publications/consolidated-county-budget-implementation-review-reports/","verified_document","verified_reachable","2026-08-30","official_national_or_government_repository_review","","Official consolidated annual report contains a county-specific section; section page varies by report edition."
"KDA-EVD-KEN-C017-0085","KEN-C017","Makueni","cbrop","County Budget Review and Outlook Papers — Makueni official-policy repository","Current and historical","Kenya Institute for Public Policy Research and Analysis (KIPPRA)","official_policy_repository","","https://repository.kippra.or.ke/","verified_source_collection","verified_reachable","2026-08-30","official_national_or_government_repository_review","","Government public-policy repository indexes county-authored CBROPs. This is a discovery collection, not a pinned county file."
"KDA-EVD-KEN-C017-0084","KEN-C017","Makueni","cfsp","County Fiscal Strategy Papers — Makueni official-policy repository","Current and historical","Kenya Institute for Public Policy Research and Analysis (KIPPRA)","official_policy_repository","","https://repository.kippra.or.ke/","verified_source_collection","verified_reachable","2026-08-30","official_national_or_government_repository_review","","Government public-policy repository indexes county-authored CFSPs. This is a discovery collection, not a pinned county file."
"KDA-EVD-KEN-C017-0247","KEN-C017","Makueni","cfsp","Makueni County Fiscal Strategy Papers","Current and historical","County Government of Makueni","county_source_hub","","https://makueni.go.ke/documents/","verified_source_page","verified_reachable","2026-08-30","official_county_site_review","","Official county source page specifically verified for this document family."
"KDA-EVD-KEN-C017-0081","KEN-C017","Makueni","cidp","Makueni County Integrated Development Plan 2023–2027","2023–2027","Council of Governors Maarifa Centre","county","","https://maarifa.cog.go.ke/county-integrated-development-plans/makueni-2023-2027-cidp","verified_source_page","verified_reachable","2026-08-30","official_repository_or_county_site_review","","Official county or Council of Governors repository page for the third-generation CIDP."
"KDA-EVD-KEN-C018-0088","KEN-C018","Nyandarua","audit","Auditor-General County Government Audit Reports 2023/24 — Nyandarua evidence doorway","FY2023/24","Office of the Auditor-General","official_collection","","https://www.oagkenya.go.ke/2023-2024-county-government-audit-reports/","verified_source_collection","verified_reachable","2026-08-30","official_national_or_government_repository_review","","Official OAG county-government audit collection. The Atlas does not claim a pinned county PDF until its exact item is separately verified."
"KDA-EVD-KEN-C018-0087","KEN-C018","Nyandarua","budget_implementation","County Governments Budget Implementation Review Report FY2024/25 — Nyandarua section","FY2024/25","Office of the Controller of Budget","national_consolidated_county_report","https://cob.go.ke/download/county-governments-budget-implementation-review-report-fy-2024-25/","https://cob.go.ke/publications/consolidated-county-budget-implementation-review-reports/","verified_document","verified_reachable","2026-08-30","official_national_or_government_repository_review","","Official consolidated annual report contains a county-specific section; section page varies by report edition."
"KDA-EVD-KEN-C018-0090","KEN-C018","Nyandarua","cbrop","County Budget Review and Outlook Papers — Nyandarua official-policy repository","Current and historical","Kenya Institute for Public Policy Research and Analysis (KIPPRA)","official_policy_repository","","https://repository.kippra.or.ke/","verified_source_collection","verified_reachable","2026-08-30","official_national_or_government_repository_review","","Government public-policy repository indexes county-authored CBROPs. This is a discovery collection, not a pinned county file."
"KDA-EVD-KEN-C018-0089","KEN-C018","Nyandarua","cfsp","County Fiscal Strategy Papers — Nyandarua official-policy repository","Current and historical","Kenya Institute for Public Policy Research and Analysis (KIPPRA)","official_policy_repository","","https://repository.kippra.or.ke/","verified_source_collection","verified_reachable","2026-08-30","official_national_or_government_repository_review","","Government public-policy repository indexes county-authored CFSPs. This is a discovery collection, not a pinned county file."
"KDA-EVD-KEN-C018-0086","KEN-C018","Nyandarua","cidp","Nyandarua County Integrated Development Plan 2023–2027","2023–2027","Council of Governors Maarifa Centre","county","","https://maarifa.cog.go.ke/county-integrated-development-plans/nyandarua-county-integrated-development-plan","verified_source_page","verified_reachable","2026-08-30","official_repository_or_county_site_review","","Official county or Council of Governors repository page for the third-generation CIDP."
"KDA-EVD-KEN-C019-0240","KEN-C019","Nyeri","adp","Nyeri County Annual Development Plans","Current and historical","County Assembly of Nyeri","county_source_hub","","https://nyeriassembly.go.ke/budget-documents/","verified_source_page","verified_reachable","2026-08-30","official_county_site_review","","Official county source page specifically verified for this document family."
"KDA-EVD-KEN-C019-0242","KEN-C019","Nyeri","approved_budget","Nyeri County Budget Documents","Current and historical","County Assembly of Nyeri","county_source_hub","","https://nyeriassembly.go.ke/budget-documents/","verified_source_page","verified_reachable","2026-08-30","official_county_site_review","","Official county source page specifically verified for this document family."
"KDA-EVD-KEN-C019-0093","KEN-C019","Nyeri","audit","Auditor-General County Government Audit Reports 2023/24 — Nyeri evidence doorway","FY2023/24","Office of the Auditor-General","official_collection","","https://www.oagkenya.go.ke/2023-2024-county-government-audit-reports/","verified_source_collection","verified_reachable","2026-08-30","official_national_or_government_repository_review","","Official OAG county-government audit collection. The Atlas does not claim a pinned county PDF until its exact item is separately verified."
"KDA-EVD-KEN-C019-0092","KEN-C019","Nyeri","budget_implementation","County Governments Budget Implementation Review Report FY2024/25 — Nyeri section","FY2024/25","Office of the Controller of Budget","national_consolidated_county_report","https://cob.go.ke/download/county-governments-budget-implementation-review-report-fy-2024-25/","https://cob.go.ke/publications/consolidated-county-budget-implementation-review-reports/","verified_document","verified_reachable","2026-08-30","official_national_or_government_repository_review","","Official consolidated annual report contains a county-specific section; section page varies by report edition."
"KDA-EVD-KEN-C019-0095","KEN-C019","Nyeri","cbrop","County Budget Review and Outlook Papers — Nyeri official-policy repository","Current and historical","Kenya Institute for Public Policy Research and Analysis (KIPPRA)","official_policy_repository","","https://repository.kippra.or.ke/","verified_source_collection","verified_reachable","2026-08-30","official_national_or_government_repository_review","","Government public-policy repository indexes county-authored CBROPs. This is a discovery collection, not a pinned county file."
"KDA-EVD-KEN-C019-0094","KEN-C019","Nyeri","cfsp","County Fiscal Strategy Papers — Nyeri official-policy repository","Current and historical","Kenya Institute for Public Policy Research and Analysis (KIPPRA)","official_policy_repository","","https://repository.kippra.or.ke/","verified_source_collection","verified_reachable","2026-08-30","official_national_or_government_repository_review","","Government public-policy repository indexes county-authored CFSPs. This is a discovery collection, not a pinned county file."
"KDA-EVD-KEN-C019-0241","KEN-C019","Nyeri","cfsp","Nyeri County Fiscal Strategy Papers","Current and historical","County Assembly of Nyeri","county_source_hub","","https://nyeriassembly.go.ke/budget-documents/","verified_source_page","verified_reachable","2026-08-30","official_county_site_review","","Official county source page specifically verified for this document family."
"KDA-EVD-KEN-C019-0091","KEN-C019","Nyeri","cidp","Nyeri County Integrated Development Plan 2023–2027","2023–2027","County Government of Nyeri","county","","https://www.nyeri.go.ke/nyeri-county-cidp-iii-2023-2027-2/","verified_source_page","verified_reachable","2026-08-30","official_repository_or_county_site_review","","Official county or Council of Governors repository page for the third-generation CIDP."
"KDA-EVD-KEN-C020-0098","KEN-C020","Kirinyaga","audit","Auditor-General County Government Audit Reports 2023/24 — Kirinyaga evidence doorway","FY2023/24","Office of the Auditor-General","official_collection","","https://www.oagkenya.go.ke/2023-2024-county-government-audit-reports/","verified_source_collection","verified_reachable","2026-08-30","official_national_or_government_repository_review","","Official OAG county-government audit collection. The Atlas does not claim a pinned county PDF until its exact item is separately verified."
"KDA-EVD-KEN-C020-0097","KEN-C020","Kirinyaga","budget_implementation","County Governments Budget Implementation Review Report FY2024/25 — Kirinyaga section","FY2024/25","Office of the Controller of Budget","national_consolidated_county_report","https://cob.go.ke/download/county-governments-budget-implementation-review-report-fy-2024-25/","https://cob.go.ke/publications/consolidated-county-budget-implementation-review-reports/","verified_document","verified_reachable","2026-08-30","official_national_or_government_repository_review","","Official consolidated annual report contains a county-specific section; section page varies by report edition."
"KDA-EVD-KEN-C020-0100","KEN-C020","Kirinyaga","cbrop","County Budget Review and Outlook Papers — Kirinyaga official-policy repository","Current and historical","Kenya Institute for Public Policy Research and Analysis (KIPPRA)","official_policy_repository","","https://repository.kippra.or.ke/","verified_source_collection","verified_reachable","2026-08-30","official_national_or_government_repository_review","","Government public-policy repository indexes county-authored CBROPs. This is a discovery collection, not a pinned county file."
"KDA-EVD-KEN-C020-0099","KEN-C020","Kirinyaga","cfsp","County Fiscal Strategy Papers — Kirinyaga official-policy repository","Current and historical","Kenya Institute for Public Policy Research and Analysis (KIPPRA)","official_policy_repository","","https://repository.kippra.or.ke/","verified_source_collection","verified_reachable","2026-08-30","official_national_or_government_repository_review","","Government public-policy repository indexes county-authored CFSPs. This is a discovery collection, not a pinned county file."
"KDA-EVD-KEN-C020-0096","KEN-C020","Kirinyaga","cidp","Kirinyaga County Integrated Development Plan 2023–2027","2023–2027","Council of Governors Maarifa Centre","county","","https://maarifa.cog.go.ke/county-integrated-development-plans/kirinyaga-county-integrated-development-plan-2023-2027","verified_source_page","verified_reachable","2026-08-30","official_repository_or_county_site_review","","Official county or Council of Governors repository page for the third-generation CIDP."
"KDA-EVD-KEN-C021-0103","KEN-C021","Murang'a","audit","Auditor-General County Government Audit Reports 2023/24 — Murang'a evidence doorway","FY2023/24","Office of the Auditor-General","official_collection","","https://www.oagkenya.go.ke/2023-2024-county-government-audit-reports/","verified_source_collection","verified_reachable","2026-08-30","official_national_or_government_repository_review","","Official OAG county-government audit collection. The Atlas does not claim a pinned county PDF until its exact item is separately verified."
"KDA-EVD-KEN-C021-0102","KEN-C021","Murang'a","budget_implementation","County Governments Budget Implementation Review Report FY2024/25 — Murang'a section","FY2024/25","Office of the Controller of Budget","national_consolidated_county_report","https://cob.go.ke/download/county-governments-budget-implementation-review-report-fy-2024-25/","https://cob.go.ke/publications/consolidated-county-budget-implementation-review-reports/","verified_document","verified_reachable","2026-08-30","official_national_or_government_repository_review","","Official consolidated annual report contains a county-specific section; section page varies by report edition."
"KDA-EVD-KEN-C021-0105","KEN-C021","Murang'a","cbrop","County Budget Review and Outlook Papers — Murang'a official-policy repository","Current and historical","Kenya Institute for Public Policy Research and Analysis (KIPPRA)","official_policy_repository","","https://repository.kippra.or.ke/","verified_source_collection","verified_reachable","2026-08-30","official_national_or_government_repository_review","","Government public-policy repository indexes county-authored CBROPs. This is a discovery collection, not a pinned county file."
"KDA-EVD-KEN-C021-0104","KEN-C021","Murang'a","cfsp","County Fiscal Strategy Papers — Murang'a official-policy repository","Current and historical","Kenya Institute for Public Policy Research and Analysis (KIPPRA)","official_policy_repository","","https://repository.kippra.or.ke/","verified_source_collection","verified_reachable","2026-08-30","official_national_or_government_repository_review","","Government public-policy repository indexes county-authored CFSPs. This is a discovery collection, not a pinned county file."
"KDA-EVD-KEN-C021-0101","KEN-C021","Murang'a","cidp","Murang'a County Integrated Development Plan 2023–2027","2023–2027","Council of Governors Maarifa Centre","county","","https://maarifa.cog.go.ke/county-integrated-development-plans/muranga-2023-2027-cidp","verified_source_page","verified_reachable","2026-08-30","official_repository_or_county_site_review","","Official county or Council of Governors repository page for the third-generation CIDP."
"KDA-EVD-KEN-C022-0108","KEN-C022","Kiambu","audit","Auditor-General County Government Audit Reports 2023/24 — Kiambu evidence doorway","FY2023/24","Office of the Auditor-General","official_collection","","https://www.oagkenya.go.ke/2023-2024-county-government-audit-reports/","verified_source_collection","verified_reachable","2026-08-30","official_national_or_government_repository_review","","Official OAG county-government audit collection. The Atlas does not claim a pinned county PDF until its exact item is separately verified."
"KDA-EVD-KEN-C022-0107","KEN-C022","Kiambu","budget_implementation","County Governments Budget Implementation Review Report FY2024/25 — Kiambu section","FY2024/25","Office of the Controller of Budget","national_consolidated_county_report","https://cob.go.ke/download/county-governments-budget-implementation-review-report-fy-2024-25/","https://cob.go.ke/publications/consolidated-county-budget-implementation-review-reports/","verified_document","verified_reachable","2026-08-30","official_national_or_government_repository_review","","Official consolidated annual report contains a county-specific section; section page varies by report edition."
"KDA-EVD-KEN-C022-0110","KEN-C022","Kiambu","cbrop","County Budget Review and Outlook Papers — Kiambu official-policy repository","Current and historical","Kenya Institute for Public Policy Research and Analysis (KIPPRA)","official_policy_repository","","https://repository.kippra.or.ke/","verified_source_collection","verified_reachable","2026-08-30","official_national_or_government_repository_review","","Government public-policy repository indexes county-authored CBROPs. This is a discovery collection, not a pinned county file."
"KDA-EVD-KEN-C022-0109","KEN-C022","Kiambu","cfsp","County Fiscal Strategy Papers — Kiambu official-policy repository","Current and historical","Kenya Institute for Public Policy Research and Analysis (KIPPRA)","official_policy_repository","","https://repository.kippra.or.ke/","verified_source_collection","verified_reachable","2026-08-30","official_national_or_government_repository_review","","Government public-policy repository indexes county-authored CFSPs. This is a discovery collection, not a pinned county file."
"KDA-EVD-KEN-C022-0106","KEN-C022","Kiambu","cidp","Kiambu County Integrated Development Plan 2023–2027","2023–2027","Council of Governors Maarifa Centre","county","","https://maarifa.cog.go.ke/county-integrated-development-plans/kiambu-2023-2027-cidp","verified_source_page","verified_reachable","2026-08-30","official_repository_or_county_site_review","","Official county or Council of Governors repository page for the third-generation CIDP."
"KDA-EVD-KEN-C023-0113","KEN-C023","Turkana","audit","Auditor-General County Government Audit Reports 2023/24 — Turkana evidence doorway","FY2023/24","Office of the Auditor-General","official_collection","","https://www.oagkenya.go.ke/2023-2024-county-government-audit-reports/","verified_source_collection","verified_reachable","2026-08-30","official_national_or_government_repository_review","","Official OAG county-government audit collection. The Atlas does not claim a pinned county PDF until its exact item is separately verified."
"KDA-EVD-KEN-C023-0112","KEN-C023","Turkana","budget_implementation","County Governments Budget Implementation Review Report FY2024/25 — Turkana section","FY2024/25","Office of the Controller of Budget","national_consolidated_county_report","https://cob.go.ke/download/county-governments-budget-implementation-review-report-fy-2024-25/","https://cob.go.ke/publications/consolidated-county-budget-implementation-review-reports/","verified_document","verified_reachable","2026-08-30","official_national_or_government_repository_review","","Official consolidated annual report contains a county-specific section; section page varies by report edition."
"KDA-EVD-KEN-C023-0115","KEN-C023","Turkana","cbrop","County Budget Review and Outlook Papers — Turkana official-policy repository","Current and historical","Kenya Institute for Public Policy Research and Analysis (KIPPRA)","official_policy_repository","","https://repository.kippra.or.ke/","verified_source_collection","verified_reachable","2026-08-30","official_national_or_government_repository_review","","Government public-policy repository indexes county-authored CBROPs. This is a discovery collection, not a pinned county file."
"KDA-EVD-KEN-C023-0114","KEN-C023","Turkana","cfsp","County Fiscal Strategy Papers — Turkana official-policy repository","Current and historical","Kenya Institute for Public Policy Research and Analysis (KIPPRA)","official_policy_repository","","https://repository.kippra.or.ke/","verified_source_collection","verified_reachable","2026-08-30","official_national_or_government_repository_review","","Government public-policy repository indexes county-authored CFSPs. This is a discovery collection, not a pinned county file."
"KDA-EVD-KEN-C023-0111","KEN-C023","Turkana","cidp","Turkana County Integrated Development Plan 2023–2027","2023–2027","Council of Governors Maarifa Centre","county","","https://maarifa.cog.go.ke/county-integrated-development-plans/turkana-2023-2027-cidp","verified_source_page","verified_reachable","2026-08-30","official_repository_or_county_site_review","","Official county or Council of Governors repository page for the third-generation CIDP."
"KDA-EVD-KEN-C024-0118","KEN-C024","West Pokot","audit","Auditor-General County Government Audit Reports 2023/24 — West Pokot evidence doorway","FY2023/24","Office of the Auditor-General","official_collection","","https://www.oagkenya.go.ke/2023-2024-county-government-audit-reports/","verified_source_collection","verified_reachable","2026-08-30","official_national_or_government_repository_review","","Official OAG county-government audit collection. The Atlas does not claim a pinned county PDF until its exact item is separately verified."
"KDA-EVD-KEN-C024-0117","KEN-C024","West Pokot","budget_implementation","County Governments Budget Implementation Review Report FY2024/25 — West Pokot section","FY2024/25","Office of the Controller of Budget","national_consolidated_county_report","https://cob.go.ke/download/county-governments-budget-implementation-review-report-fy-2024-25/","https://cob.go.ke/publications/consolidated-county-budget-implementation-review-reports/","verified_document","verified_reachable","2026-08-30","official_national_or_government_repository_review","","Official consolidated annual report contains a county-specific section; section page varies by report edition."
"KDA-EVD-KEN-C024-0120","KEN-C024","West Pokot","cbrop","County Budget Review and Outlook Papers — West Pokot official-policy repository","Current and historical","Kenya Institute for Public Policy Research and Analysis (KIPPRA)","official_policy_repository","","https://repository.kippra.or.ke/","verified_source_collection","verified_reachable","2026-08-30","official_national_or_government_repository_review","","Government public-policy repository indexes county-authored CBROPs. This is a discovery collection, not a pinned county file."
"KDA-EVD-KEN-C024-0119","KEN-C024","West Pokot","cfsp","County Fiscal Strategy Papers — West Pokot official-policy repository","Current and historical","Kenya Institute for Public Policy Research and Analysis (KIPPRA)","official_policy_repository","","https://repository.kippra.or.ke/","verified_source_collection","verified_reachable","2026-08-30","official_national_or_government_repository_review","","Government public-policy repository indexes county-authored CFSPs. This is a discovery collection, not a pinned county file."
"KDA-EVD-KEN-C024-0116","KEN-C024","West Pokot","cidp","West Pokot County Integrated Development Plan 2023–2027","2023–2027","Council of Governors Maarifa Centre","county","","https://maarifa.cog.go.ke/county-integrated-development-plans/west-pokot-integrated-development-plan","verified_source_page","verified_reachable","2026-08-30","official_repository_or_county_site_review","","Official county or Council of Governors repository page for the third-generation CIDP."
"KDA-EVD-KEN-C025-0123","KEN-C025","Samburu","audit","Auditor-General County Government Audit Reports 2023/24 — Samburu evidence doorway","FY2023/24","Office of the Auditor-General","official_collection","","https://www.oagkenya.go.ke/2023-2024-county-government-audit-reports/","verified_source_collection","verified_reachable","2026-08-30","official_national_or_government_repository_review","","Official OAG county-government audit collection. The Atlas does not claim a pinned county PDF until its exact item is separately verified."
"KDA-EVD-KEN-C025-0122","KEN-C025","Samburu","budget_implementation","County Governments Budget Implementation Review Report FY2024/25 — Samburu section","FY2024/25","Office of the Controller of Budget","national_consolidated_county_report","https://cob.go.ke/download/county-governments-budget-implementation-review-report-fy-2024-25/","https://cob.go.ke/publications/consolidated-county-budget-implementation-review-reports/","verified_document","verified_reachable","2026-08-30","official_national_or_government_repository_review","","Official consolidated annual report contains a county-specific section; section page varies by report edition."
"KDA-EVD-KEN-C025-0125","KEN-C025","Samburu","cbrop","County Budget Review and Outlook Papers — Samburu official-policy repository","Current and historical","Kenya Institute for Public Policy Research and Analysis (KIPPRA)","official_policy_repository","","https://repository.kippra.or.ke/","verified_source_collection","verified_reachable","2026-08-30","official_national_or_government_repository_review","","Government public-policy repository indexes county-authored CBROPs. This is a discovery collection, not a pinned county file."
"KDA-EVD-KEN-C025-0124","KEN-C025","Samburu","cfsp","County Fiscal Strategy Papers — Samburu official-policy repository","Current and historical","Kenya Institute for Public Policy Research and Analysis (KIPPRA)","official_policy_repository","","https://repository.kippra.or.ke/","verified_source_collection","verified_reachable","2026-08-30","official_national_or_government_repository_review","","Government public-policy repository indexes county-authored CFSPs. This is a discovery collection, not a pinned county file."
"KDA-EVD-KEN-C025-0121","KEN-C025","Samburu","cidp","Samburu County Integrated Development Plan 2023–2027","2023–2027","Council of Governors Maarifa Centre","county","","https://maarifa.cog.go.ke/county-integrated-development-plans/samburu-2023-2027-cidp","verified_source_page","verified_reachable","2026-08-30","official_repository_or_county_site_review","","Official county or Council of Governors repository page for the third-generation CIDP."
"KDA-EVD-KEN-C026-0128","KEN-C026","Trans Nzoia","audit","Auditor-General County Government Audit Reports 2023/24 — Trans Nzoia evidence doorway","FY2023/24","Office of the Auditor-General","official_collection","","https://www.oagkenya.go.ke/2023-2024-county-government-audit-reports/","verified_source_collection","verified_reachable","2026-08-30","official_national_or_government_repository_review","","Official OAG county-government audit collection. The Atlas does not claim a pinned county PDF until its exact item is separately verified."
"KDA-EVD-KEN-C026-0127","KEN-C026","Trans Nzoia","budget_implementation","County Governments Budget Implementation Review Report FY2024/25 — Trans Nzoia section","FY2024/25","Office of the Controller of Budget","national_consolidated_county_report","https://cob.go.ke/download/county-governments-budget-implementation-review-report-fy-2024-25/","https://cob.go.ke/publications/consolidated-county-budget-implementation-review-reports/","verified_document","verified_reachable","2026-08-30","official_national_or_government_repository_review","","Official consolidated annual report contains a county-specific section; section page varies by report edition."
"KDA-EVD-KEN-C026-0130","KEN-C026","Trans Nzoia","cbrop","County Budget Review and Outlook Papers — Trans Nzoia official-policy repository","Current and historical","Kenya Institute for Public Policy Research and Analysis (KIPPRA)","official_policy_repository","","https://repository.kippra.or.ke/","verified_source_collection","verified_reachable","2026-08-30","official_national_or_government_repository_review","","Government public-policy repository indexes county-authored CBROPs. This is a discovery collection, not a pinned county file."
"KDA-EVD-KEN-C026-0129","KEN-C026","Trans Nzoia","cfsp","County Fiscal Strategy Papers — Trans Nzoia official-policy repository","Current and historical","Kenya Institute for Public Policy Research and Analysis (KIPPRA)","official_policy_repository","","https://repository.kippra.or.ke/","verified_source_collection","verified_reachable","2026-08-30","official_national_or_government_repository_review","","Government public-policy repository indexes county-authored CFSPs. This is a discovery collection, not a pinned county file."
"KDA-EVD-KEN-C026-0126","KEN-C026","Trans Nzoia","cidp","Trans Nzoia County Integrated Development Plan 2023–2027","2023–2027","Council of Governors Maarifa Centre","county","","https://maarifa.cog.go.ke/county-integrated-development-plans/trans-nzoia-2023-2027-cidp","verified_source_page","verified_reachable","2026-08-30","official_repository_or_county_site_review","","Official county or Council of Governors repository page for the third-generation CIDP."
"KDA-EVD-KEN-C027-0133","KEN-C027","Uasin Gishu","audit","Auditor-General County Government Audit Reports 2023/24 — Uasin Gishu evidence doorway","FY2023/24","Office of the Auditor-General","official_collection","","https://www.oagkenya.go.ke/2023-2024-county-government-audit-reports/","verified_source_collection","verified_reachable","2026-08-30","official_national_or_government_repository_review","","Official OAG county-government audit collection. The Atlas does not claim a pinned county PDF until its exact item is separately verified."
"KDA-EVD-KEN-C027-0132","KEN-C027","Uasin Gishu","budget_implementation","County Governments Budget Implementation Review Report FY2024/25 — Uasin Gishu section","FY2024/25","Office of the Controller of Budget","national_consolidated_county_report","https://cob.go.ke/download/county-governments-budget-implementation-review-report-fy-2024-25/","https://cob.go.ke/publications/consolidated-county-budget-implementation-review-reports/","verified_document","verified_reachable","2026-08-30","official_national_or_government_repository_review","","Official consolidated annual report contains a county-specific section; section page varies by report edition."
"KDA-EVD-KEN-C027-0135","KEN-C027","Uasin Gishu","cbrop","County Budget Review and Outlook Papers — Uasin Gishu official-policy repository","Current and historical","Kenya Institute for Public Policy Research and Analysis (KIPPRA)","official_policy_repository","","https://repository.kippra.or.ke/","verified_source_collection","verified_reachable","2026-08-30","official_national_or_government_repository_review","","Government public-policy repository indexes county-authored CBROPs. This is a discovery collection, not a pinned county file."
"KDA-EVD-KEN-C027-0134","KEN-C027","Uasin Gishu","cfsp","County Fiscal Strategy Papers — Uasin Gishu official-policy repository","Current and historical","Kenya Institute for Public Policy Research and Analysis (KIPPRA)","official_policy_repository","","https://repository.kippra.or.ke/","verified_source_collection","verified_reachable","2026-08-30","official_national_or_government_repository_review","","Government public-policy repository indexes county-authored CFSPs. This is a discovery collection, not a pinned county file."
"KDA-EVD-KEN-C027-0131","KEN-C027","Uasin Gishu","cidp","Uasin Gishu County Integrated Development Plan 2023–2027","2023–2027","Council of Governors Maarifa Centre","county","","https://maarifa.cog.go.ke/county-integrated-development-plans/uasin-gishu-2023-2027-cipd","verified_source_page","verified_reachable","2026-08-30","official_repository_or_county_site_review","","Official county or Council of Governors repository page for the third-generation CIDP."
"KDA-EVD-KEN-C028-0243","KEN-C028","Elgeyo/Marakwet","adp","Elgeyo Marakwet Annual Development Plans","Current and historical","County Government of Elgeyo Marakwet","county_source_hub","","https://elgeyomarakwet.go.ke/departments/finance-economic-planning/","verified_source_page","verified_reachable","2026-08-30","official_county_site_review","","Official county source page specifically verified for this document family."
"KDA-EVD-KEN-C028-0138","KEN-C028","Elgeyo/Marakwet","audit","Auditor-General County Government Audit Reports 2023/24 — Elgeyo/Marakwet evidence doorway","FY2023/24","Office of the Auditor-General","official_collection","","https://www.oagkenya.go.ke/2023-2024-county-government-audit-reports/","verified_source_collection","verified_reachable","2026-08-30","official_national_or_government_repository_review","","Official OAG county-government audit collection. The Atlas does not claim a pinned county PDF until its exact item is separately verified."
"KDA-EVD-KEN-C028-0137","KEN-C028","Elgeyo/Marakwet","budget_implementation","County Governments Budget Implementation Review Report FY2024/25 — Elgeyo/Marakwet section","FY2024/25","Office of the Controller of Budget","national_consolidated_county_report","https://cob.go.ke/download/county-governments-budget-implementation-review-report-fy-2024-25/","https://cob.go.ke/publications/consolidated-county-budget-implementation-review-reports/","verified_document","verified_reachable","2026-08-30","official_national_or_government_repository_review","","Official consolidated annual report contains a county-specific section; section page varies by report edition."
"KDA-EVD-KEN-C028-0140","KEN-C028","Elgeyo/Marakwet","cbrop","County Budget Review and Outlook Papers — Elgeyo/Marakwet official-policy repository","Current and historical","Kenya Institute for Public Policy Research and Analysis (KIPPRA)","official_policy_repository","","https://repository.kippra.or.ke/","verified_source_collection","verified_reachable","2026-08-30","official_national_or_government_repository_review","","Government public-policy repository indexes county-authored CBROPs. This is a discovery collection, not a pinned county file."
"KDA-EVD-KEN-C028-0139","KEN-C028","Elgeyo/Marakwet","cfsp","County Fiscal Strategy Papers — Elgeyo/Marakwet official-policy repository","Current and historical","Kenya Institute for Public Policy Research and Analysis (KIPPRA)","official_policy_repository","","https://repository.kippra.or.ke/","verified_source_collection","verified_reachable","2026-08-30","official_national_or_government_repository_review","","Government public-policy repository indexes county-authored CFSPs. This is a discovery collection, not a pinned county file."
"KDA-EVD-KEN-C028-0244","KEN-C028","Elgeyo/Marakwet","cfsp","Elgeyo Marakwet County Fiscal Strategy Papers","Current and historical","County Government of Elgeyo Marakwet","county_source_hub","","https://elgeyomarakwet.go.ke/departments/finance-economic-planning/","verified_source_page","verified_reachable","2026-08-30","official_county_site_review","","Official county source page specifically verified for this document family."
"KDA-EVD-KEN-C028-0136","KEN-C028","Elgeyo/Marakwet","cidp","Elgeyo/Marakwet County Integrated Development Plan 2023–2027","2023–2027","County Government of Elgeyo Marakwet","county","","https://elgeyomarakwet.go.ke/mdocs-posts/emc-cidp-iii-2023-2027-approved/","verified_source_page","verified_reachable","2026-08-30","official_repository_or_county_site_review","","Official county or Council of Governors repository page for the third-generation CIDP."
"KDA-EVD-KEN-C029-0143","KEN-C029","Nandi","audit","Auditor-General County Government Audit Reports 2023/24 — Nandi evidence doorway","FY2023/24","Office of the Auditor-General","official_collection","","https://www.oagkenya.go.ke/2023-2024-county-government-audit-reports/","verified_source_collection","verified_reachable","2026-08-30","official_national_or_government_repository_review","","Official OAG county-government audit collection. The Atlas does not claim a pinned county PDF until its exact item is separately verified."
"KDA-EVD-KEN-C029-0142","KEN-C029","Nandi","budget_implementation","County Governments Budget Implementation Review Report FY2024/25 — Nandi section","FY2024/25","Office of the Controller of Budget","national_consolidated_county_report","https://cob.go.ke/download/county-governments-budget-implementation-review-report-fy-2024-25/","https://cob.go.ke/publications/consolidated-county-budget-implementation-review-reports/","verified_document","verified_reachable","2026-08-30","official_national_or_government_repository_review","","Official consolidated annual report contains a county-specific section; section page varies by report edition."
"KDA-EVD-KEN-C029-0145","KEN-C029","Nandi","cbrop","County Budget Review and Outlook Papers — Nandi official-policy repository","Current and historical","Kenya Institute for Public Policy Research and Analysis (KIPPRA)","official_policy_repository","","https://repository.kippra.or.ke/","verified_source_collection","verified_reachable","2026-08-30","official_national_or_government_repository_review","","Government public-policy repository indexes county-authored CBROPs. This is a discovery collection, not a pinned county file."
"KDA-EVD-KEN-C029-0144","KEN-C029","Nandi","cfsp","County Fiscal Strategy Papers — Nandi official-policy repository","Current and historical","Kenya Institute for Public Policy Research and Analysis (KIPPRA)","official_policy_repository","","https://repository.kippra.or.ke/","verified_source_collection","verified_reachable","2026-08-30","official_national_or_government_repository_review","","Government public-policy repository indexes county-authored CFSPs. This is a discovery collection, not a pinned county file."
"KDA-EVD-KEN-C029-0141","KEN-C029","Nandi","cidp","Nandi County Integrated Development Plan 2023–2027","2023–2027","Council of Governors Maarifa Centre","county","","https://maarifa.cog.go.ke/county-integrated-development-plans/nandi-2023-2027-cidp","verified_source_page","verified_reachable","2026-08-30","official_repository_or_county_site_review","","Official county or Council of Governors repository page for the third-generation CIDP."
"KDA-EVD-KEN-C030-0148","KEN-C030","Baringo","audit","Auditor-General County Government Audit Reports 2023/24 — Baringo evidence doorway","FY2023/24","Office of the Auditor-General","official_collection","","https://www.oagkenya.go.ke/2023-2024-county-government-audit-reports/","verified_source_collection","verified_reachable","2026-08-30","official_national_or_government_repository_review","","Official OAG county-government audit collection. The Atlas does not claim a pinned county PDF until its exact item is separately verified."
"KDA-EVD-KEN-C030-0147","KEN-C030","Baringo","budget_implementation","County Governments Budget Implementation Review Report FY2024/25 — Baringo section","FY2024/25","Office of the Controller of Budget","national_consolidated_county_report","https://cob.go.ke/download/county-governments-budget-implementation-review-report-fy-2024-25/","https://cob.go.ke/publications/consolidated-county-budget-implementation-review-reports/","verified_document","verified_reachable","2026-08-30","official_national_or_government_repository_review","","Official consolidated annual report contains a county-specific section; section page varies by report edition."
"KDA-EVD-KEN-C030-0150","KEN-C030","Baringo","cbrop","County Budget Review and Outlook Papers — Baringo official-policy repository","Current and historical","Kenya Institute for Public Policy Research and Analysis (KIPPRA)","official_policy_repository","","https://repository.kippra.or.ke/","verified_source_collection","verified_reachable","2026-08-30","official_national_or_government_repository_review","","Government public-policy repository indexes county-authored CBROPs. This is a discovery collection, not a pinned county file."
"KDA-EVD-KEN-C030-0149","KEN-C030","Baringo","cfsp","County Fiscal Strategy Papers — Baringo official-policy repository","Current and historical","Kenya Institute for Public Policy Research and Analysis (KIPPRA)","official_policy_repository","","https://repository.kippra.or.ke/","verified_source_collection","verified_reachable","2026-08-30","official_national_or_government_repository_review","","Government public-policy repository indexes county-authored CFSPs. This is a discovery collection, not a pinned county file."
"KDA-EVD-KEN-C030-0146","KEN-C030","Baringo","cidp","Baringo County Integrated Development Plan 2023–2027","2023–2027","Council of Governors Maarifa Centre","county","","https://maarifa.cog.go.ke/county-integrated-development-plans/baringo-2023-2027-cidp","verified_source_page","verified_reachable","2026-08-30","official_repository_or_county_site_review","","Official county or Council of Governors repository page for the third-generation CIDP."
"KDA-EVD-KEN-C031-0153","KEN-C031","Laikipia","audit","Auditor-General County Government Audit Reports 2023/24 — Laikipia evidence doorway","FY2023/24","Office of the Auditor-General","official_collection","","https://www.oagkenya.go.ke/2023-2024-county-government-audit-reports/","verified_source_collection","verified_reachable","2026-08-30","official_national_or_government_repository_review","","Official OAG county-government audit collection. The Atlas does not claim a pinned county PDF until its exact item is separately verified."
"KDA-EVD-KEN-C031-0152","KEN-C031","Laikipia","budget_implementation","County Governments Budget Implementation Review Report FY2024/25 — Laikipia section","FY2024/25","Office of the Controller of Budget","national_consolidated_county_report","https://cob.go.ke/download/county-governments-budget-implementation-review-report-fy-2024-25/","https://cob.go.ke/publications/consolidated-county-budget-implementation-review-reports/","verified_document","verified_reachable","2026-08-30","official_national_or_government_repository_review","","Official consolidated annual report contains a county-specific section; section page varies by report edition."
"KDA-EVD-KEN-C031-0155","KEN-C031","Laikipia","cbrop","County Budget Review and Outlook Papers — Laikipia official-policy repository","Current and historical","Kenya Institute for Public Policy Research and Analysis (KIPPRA)","official_policy_repository","","https://repository.kippra.or.ke/","verified_source_collection","verified_reachable","2026-08-30","official_national_or_government_repository_review","","Government public-policy repository indexes county-authored CBROPs. This is a discovery collection, not a pinned county file."
"KDA-EVD-KEN-C031-0154","KEN-C031","Laikipia","cfsp","County Fiscal Strategy Papers — Laikipia official-policy repository","Current and historical","Kenya Institute for Public Policy Research and Analysis (KIPPRA)","official_policy_repository","","https://repository.kippra.or.ke/","verified_source_collection","verified_reachable","2026-08-30","official_national_or_government_repository_review","","Government public-policy repository indexes county-authored CFSPs. This is a discovery collection, not a pinned county file."
"KDA-EVD-KEN-C031-0151","KEN-C031","Laikipia","cidp","Laikipia County Integrated Development Plan 2023–2027","2023–2027","Council of Governors Maarifa Centre","county","","https://maarifa.cog.go.ke/county-integrated-development-plans/laikipia-2023-2027-cidp","verified_source_page","verified_reachable","2026-08-30","official_repository_or_county_site_review","","Official county or Council of Governors repository page for the third-generation CIDP."
"KDA-EVD-KEN-C032-0158","KEN-C032","Nakuru","audit","Auditor-General County Government Audit Reports 2023/24 — Nakuru evidence doorway","FY2023/24","Office of the Auditor-General","official_collection","","https://www.oagkenya.go.ke/2023-2024-county-government-audit-reports/","verified_source_collection","verified_reachable","2026-08-30","official_national_or_government_repository_review","","Official OAG county-government audit collection. The Atlas does not claim a pinned county PDF until its exact item is separately verified."
"KDA-EVD-KEN-C032-0157","KEN-C032","Nakuru","budget_implementation","County Governments Budget Implementation Review Report FY2024/25 — Nakuru section","FY2024/25","Office of the Controller of Budget","national_consolidated_county_report","https://cob.go.ke/download/county-governments-budget-implementation-review-report-fy-2024-25/","https://cob.go.ke/publications/consolidated-county-budget-implementation-review-reports/","verified_document","verified_reachable","2026-08-30","official_national_or_government_repository_review","","Official consolidated annual report contains a county-specific section; section page varies by report edition."
"KDA-EVD-KEN-C032-0160","KEN-C032","Nakuru","cbrop","County Budget Review and Outlook Papers — Nakuru official-policy repository","Current and historical","Kenya Institute for Public Policy Research and Analysis (KIPPRA)","official_policy_repository","","https://repository.kippra.or.ke/","verified_source_collection","verified_reachable","2026-08-30","official_national_or_government_repository_review","","Government public-policy repository indexes county-authored CBROPs. This is a discovery collection, not a pinned county file."
"KDA-EVD-KEN-C032-0159","KEN-C032","Nakuru","cfsp","County Fiscal Strategy Papers — Nakuru official-policy repository","Current and historical","Kenya Institute for Public Policy Research and Analysis (KIPPRA)","official_policy_repository","","https://repository.kippra.or.ke/","verified_source_collection","verified_reachable","2026-08-30","official_national_or_government_repository_review","","Government public-policy repository indexes county-authored CFSPs. This is a discovery collection, not a pinned county file."
"KDA-EVD-KEN-C032-0156","KEN-C032","Nakuru","cidp","Nakuru County Integrated Development Plan 2023–2027","2023–2027","Council of Governors Maarifa Centre","county","","https://maarifa.cog.go.ke/county-integrated-development-plans/nakuru-2023-2027-cipd","verified_source_page","verified_reachable","2026-08-30","official_repository_or_county_site_review","","Official county or Council of Governors repository page for the third-generation CIDP."
"KDA-EVD-KEN-C033-0163","KEN-C033","Narok","audit","Auditor-General County Government Audit Reports 2023/24 — Narok evidence doorway","FY2023/24","Office of the Auditor-General","official_collection","","https://www.oagkenya.go.ke/2023-2024-county-government-audit-reports/","verified_source_collection","verified_reachable","2026-08-30","official_national_or_government_repository_review","","Official OAG county-government audit collection. The Atlas does not claim a pinned county PDF until its exact item is separately verified."
"KDA-EVD-KEN-C033-0162","KEN-C033","Narok","budget_implementation","County Governments Budget Implementation Review Report FY2024/25 — Narok section","FY2024/25","Office of the Controller of Budget","national_consolidated_county_report","https://cob.go.ke/download/county-governments-budget-implementation-review-report-fy-2024-25/","https://cob.go.ke/publications/consolidated-county-budget-implementation-review-reports/","verified_document","verified_reachable","2026-08-30","official_national_or_government_repository_review","","Official consolidated annual report contains a county-specific section; section page varies by report edition."
"KDA-EVD-KEN-C033-0165","KEN-C033","Narok","cbrop","County Budget Review and Outlook Papers — Narok official-policy repository","Current and historical","Kenya Institute for Public Policy Research and Analysis (KIPPRA)","official_policy_repository","","https://repository.kippra.or.ke/","verified_source_collection","verified_reachable","2026-08-30","official_national_or_government_repository_review","","Government public-policy repository indexes county-authored CBROPs. This is a discovery collection, not a pinned county file."
"KDA-EVD-KEN-C033-0164","KEN-C033","Narok","cfsp","County Fiscal Strategy Papers — Narok official-policy repository","Current and historical","Kenya Institute for Public Policy Research and Analysis (KIPPRA)","official_policy_repository","","https://repository.kippra.or.ke/","verified_source_collection","verified_reachable","2026-08-30","official_national_or_government_repository_review","","Government public-policy repository indexes county-authored CFSPs. This is a discovery collection, not a pinned county file."
"KDA-EVD-KEN-C033-0161","KEN-C033","Narok","cidp","Narok County Integrated Development Plan 2023–2027","2023–2027","County Government of Narok","county","https://www.narok.go.ke/wp-content/uploads/2025/02/Narok-County-CIDP-2023-2027.pdf","https://www.narok.go.ke/wp-content/uploads/2025/02/Narok-County-CIDP-2023-2027.pdf","verified_document","verified_reachable","2026-08-30","official_repository_or_county_site_review","","Direct official county PDF."
"KDA-EVD-KEN-C034-0236","KEN-C034","Kajiado","adp","Kajiado County Annual Development Plan 2024/25","FY2024/25","County Government of Kajiado","county_source_hub","","https://www.kajiado.go.ke/tenders/","verified_source_page","verified_reachable","2026-08-30","official_county_site_review","","Official county source page specifically verified for this document family."
"KDA-EVD-KEN-C034-0239","KEN-C034","Kajiado","approved_budget","Kajiado County Approved Budget 2024/25","FY2024/25","County Government of Kajiado","county_source_hub","","https://www.kajiado.go.ke/tenders/","verified_source_page","verified_reachable","2026-08-30","official_county_site_review","","Official county source page specifically verified for this document family."
"KDA-EVD-KEN-C034-0168","KEN-C034","Kajiado","audit","Auditor-General County Government Audit Reports 2023/24 — Kajiado evidence doorway","FY2023/24","Office of the Auditor-General","official_collection","","https://www.oagkenya.go.ke/2023-2024-county-government-audit-reports/","verified_source_collection","verified_reachable","2026-08-30","official_national_or_government_repository_review","","Official OAG county-government audit collection. The Atlas does not claim a pinned county PDF until its exact item is separately verified."
"KDA-EVD-KEN-C034-0167","KEN-C034","Kajiado","budget_implementation","County Governments Budget Implementation Review Report FY2024/25 — Kajiado section","FY2024/25","Office of the Controller of Budget","national_consolidated_county_report","https://cob.go.ke/download/county-governments-budget-implementation-review-report-fy-2024-25/","https://cob.go.ke/publications/consolidated-county-budget-implementation-review-reports/","verified_document","verified_reachable","2026-08-30","official_national_or_government_repository_review","","Official consolidated annual report contains a county-specific section; section page varies by report edition."
"KDA-EVD-KEN-C034-0170","KEN-C034","Kajiado","cbrop","County Budget Review and Outlook Papers — Kajiado official-policy repository","Current and historical","Kenya Institute for Public Policy Research and Analysis (KIPPRA)","official_policy_repository","","https://repository.kippra.or.ke/","verified_source_collection","verified_reachable","2026-08-30","official_national_or_government_repository_review","","Government public-policy repository indexes county-authored CBROPs. This is a discovery collection, not a pinned county file."
"KDA-EVD-KEN-C034-0238","KEN-C034","Kajiado","cbrop","Kajiado County Budget Review and Outlook Paper 2023","2023","County Government of Kajiado","county_source_hub","","https://www.kajiado.go.ke/tenders/","verified_source_page","verified_reachable","2026-08-30","official_county_site_review","","Official county source page specifically verified for this document family."
"KDA-EVD-KEN-C034-0169","KEN-C034","Kajiado","cfsp","County Fiscal Strategy Papers — Kajiado official-policy repository","Current and historical","Kenya Institute for Public Policy Research and Analysis (KIPPRA)","official_policy_repository","","https://repository.kippra.or.ke/","verified_source_collection","verified_reachable","2026-08-30","official_national_or_government_repository_review","","Government public-policy repository indexes county-authored CFSPs. This is a discovery collection, not a pinned county file."
"KDA-EVD-KEN-C034-0237","KEN-C034","Kajiado","cfsp","Kajiado County Fiscal Strategy Paper 2024","2024","County Government of Kajiado","county_source_hub","","https://www.kajiado.go.ke/tenders/","verified_source_page","verified_reachable","2026-08-30","official_county_site_review","","Official county source page specifically verified for this document family."
"KDA-EVD-KEN-C034-0166","KEN-C034","Kajiado","cidp","Kajiado County Integrated Development Plan 2023–2027","2023–2027","County Government of Kajiado","county","","https://www.kajiado.go.ke/download/county-integrated-development-plan-2023-2027-2/","verified_source_page","verified_reachable","2026-08-30","official_repository_or_county_site_review","","Official county or Council of Governors repository page for the third-generation CIDP."
"KDA-EVD-KEN-C035-0173","KEN-C035","Kericho","audit","Auditor-General County Government Audit Reports 2023/24 — Kericho evidence doorway","FY2023/24","Office of the Auditor-General","official_collection","","https://www.oagkenya.go.ke/2023-2024-county-government-audit-reports/","verified_source_collection","verified_reachable","2026-08-30","official_national_or_government_repository_review","","Official OAG county-government audit collection. The Atlas does not claim a pinned county PDF until its exact item is separately verified."
"KDA-EVD-KEN-C035-0172","KEN-C035","Kericho","budget_implementation","County Governments Budget Implementation Review Report FY2024/25 — Kericho section","FY2024/25","Office of the Controller of Budget","national_consolidated_county_report","https://cob.go.ke/download/county-governments-budget-implementation-review-report-fy-2024-25/","https://cob.go.ke/publications/consolidated-county-budget-implementation-review-reports/","verified_document","verified_reachable","2026-08-30","official_national_or_government_repository_review","","Official consolidated annual report contains a county-specific section; section page varies by report edition."
"KDA-EVD-KEN-C035-0175","KEN-C035","Kericho","cbrop","County Budget Review and Outlook Papers — Kericho official-policy repository","Current and historical","Kenya Institute for Public Policy Research and Analysis (KIPPRA)","official_policy_repository","","https://repository.kippra.or.ke/","verified_source_collection","verified_reachable","2026-08-30","official_national_or_government_repository_review","","Government public-policy repository indexes county-authored CBROPs. This is a discovery collection, not a pinned county file."
"KDA-EVD-KEN-C035-0174","KEN-C035","Kericho","cfsp","County Fiscal Strategy Papers — Kericho official-policy repository","Current and historical","Kenya Institute for Public Policy Research and Analysis (KIPPRA)","official_policy_repository","","https://repository.kippra.or.ke/","verified_source_collection","verified_reachable","2026-08-30","official_national_or_government_repository_review","","Government public-policy repository indexes county-authored CFSPs. This is a discovery collection, not a pinned county file."
"KDA-EVD-KEN-C035-0171","KEN-C035","Kericho","cidp","Kericho County Integrated Development Plan 2023–2027","2023–2027","Council of Governors Maarifa Centre","county","","https://maarifa.cog.go.ke/county-integrated-development-plans/kericho-2023-2027-cidp","verified_source_page","verified_reachable","2026-08-30","official_repository_or_county_site_review","","Official county or Council of Governors repository page for the third-generation CIDP."
"KDA-EVD-KEN-C036-0178","KEN-C036","Bomet","audit","Auditor-General County Government Audit Reports 2023/24 — Bomet evidence doorway","FY2023/24","Office of the Auditor-General","official_collection","","https://www.oagkenya.go.ke/2023-2024-county-government-audit-reports/","verified_source_collection","verified_reachable","2026-08-30","official_national_or_government_repository_review","","Official OAG county-government audit collection. The Atlas does not claim a pinned county PDF until its exact item is separately verified."
"KDA-EVD-KEN-C036-0177","KEN-C036","Bomet","budget_implementation","County Governments Budget Implementation Review Report FY2024/25 — Bomet section","FY2024/25","Office of the Controller of Budget","national_consolidated_county_report","https://cob.go.ke/download/county-governments-budget-implementation-review-report-fy-2024-25/","https://cob.go.ke/publications/consolidated-county-budget-implementation-review-reports/","verified_document","verified_reachable","2026-08-30","official_national_or_government_repository_review","","Official consolidated annual report contains a county-specific section; section page varies by report edition."
"KDA-EVD-KEN-C036-0180","KEN-C036","Bomet","cbrop","County Budget Review and Outlook Papers — Bomet official-policy repository","Current and historical","Kenya Institute for Public Policy Research and Analysis (KIPPRA)","official_policy_repository","","https://repository.kippra.or.ke/","verified_source_collection","verified_reachable","2026-08-30","official_national_or_government_repository_review","","Government public-policy repository indexes county-authored CBROPs. This is a discovery collection, not a pinned county file."
"KDA-EVD-KEN-C036-0179","KEN-C036","Bomet","cfsp","County Fiscal Strategy Papers — Bomet official-policy repository","Current and historical","Kenya Institute for Public Policy Research and Analysis (KIPPRA)","official_policy_repository","","https://repository.kippra.or.ke/","verified_source_collection","verified_reachable","2026-08-30","official_national_or_government_repository_review","","Government public-policy repository indexes county-authored CFSPs. This is a discovery collection, not a pinned county file."
"KDA-EVD-KEN-C036-0176","KEN-C036","Bomet","cidp","Bomet County Integrated Development Plan 2023–2027","2023–2027","Council of Governors Maarifa Centre","county","","https://maarifa.cog.go.ke/county-integrated-development-plans/bomet-cidp-2023-2027","verified_source_page","verified_reachable","2026-08-30","official_repository_or_county_site_review","","Official county or Council of Governors repository page for the third-generation CIDP."
"KDA-EVD-KEN-C037-0183","KEN-C037","Kakamega","audit","Auditor-General County Government Audit Reports 2023/24 — Kakamega evidence doorway","FY2023/24","Office of the Auditor-General","official_collection","","https://www.oagkenya.go.ke/2023-2024-county-government-audit-reports/","verified_source_collection","verified_reachable","2026-08-30","official_national_or_government_repository_review","","Official OAG county-government audit collection. The Atlas does not claim a pinned county PDF until its exact item is separately verified."
"KDA-EVD-KEN-C037-0182","KEN-C037","Kakamega","budget_implementation","County Governments Budget Implementation Review Report FY2024/25 — Kakamega section","FY2024/25","Office of the Controller of Budget","national_consolidated_county_report","https://cob.go.ke/download/county-governments-budget-implementation-review-report-fy-2024-25/","https://cob.go.ke/publications/consolidated-county-budget-implementation-review-reports/","verified_document","verified_reachable","2026-08-30","official_national_or_government_repository_review","","Official consolidated annual report contains a county-specific section; section page varies by report edition."
"KDA-EVD-KEN-C037-0185","KEN-C037","Kakamega","cbrop","County Budget Review and Outlook Papers — Kakamega official-policy repository","Current and historical","Kenya Institute for Public Policy Research and Analysis (KIPPRA)","official_policy_repository","","https://repository.kippra.or.ke/","verified_source_collection","verified_reachable","2026-08-30","official_national_or_government_repository_review","","Government public-policy repository indexes county-authored CBROPs. This is a discovery collection, not a pinned county file."
"KDA-EVD-KEN-C037-0184","KEN-C037","Kakamega","cfsp","County Fiscal Strategy Papers — Kakamega official-policy repository","Current and historical","Kenya Institute for Public Policy Research and Analysis (KIPPRA)","official_policy_repository","","https://repository.kippra.or.ke/","verified_source_collection","verified_reachable","2026-08-30","official_national_or_government_repository_review","","Government public-policy repository indexes county-authored CFSPs. This is a discovery collection, not a pinned county file."
"KDA-EVD-KEN-C037-0181","KEN-C037","Kakamega","cidp","Kakamega County Integrated Development Plan 2023–2027","2023–2027","Council of Governors Maarifa Centre","county","","https://maarifa.cog.go.ke/county-integrated-development-plans/kakamega-county-integrated-development-plan-2023-2027","verified_source_page","verified_reachable","2026-08-30","official_repository_or_county_site_review","","Official county or Council of Governors repository page for the third-generation CIDP."
"KDA-EVD-KEN-C038-0188","KEN-C038","Vihiga","audit","Auditor-General County Government Audit Reports 2023/24 — Vihiga evidence doorway","FY2023/24","Office of the Auditor-General","official_collection","","https://www.oagkenya.go.ke/2023-2024-county-government-audit-reports/","verified_source_collection","verified_reachable","2026-08-30","official_national_or_government_repository_review","","Official OAG county-government audit collection. The Atlas does not claim a pinned county PDF until its exact item is separately verified."
"KDA-EVD-KEN-C038-0187","KEN-C038","Vihiga","budget_implementation","County Governments Budget Implementation Review Report FY2024/25 — Vihiga section","FY2024/25","Office of the Controller of Budget","national_consolidated_county_report","https://cob.go.ke/download/county-governments-budget-implementation-review-report-fy-2024-25/","https://cob.go.ke/publications/consolidated-county-budget-implementation-review-reports/","verified_document","verified_reachable","2026-08-30","official_national_or_government_repository_review","","Official consolidated annual report contains a county-specific section; section page varies by report edition."
"KDA-EVD-KEN-C038-0190","KEN-C038","Vihiga","cbrop","County Budget Review and Outlook Papers — Vihiga official-policy repository","Current and historical","Kenya Institute for Public Policy Research and Analysis (KIPPRA)","official_policy_repository","","https://repository.kippra.or.ke/","verified_source_collection","verified_reachable","2026-08-30","official_national_or_government_repository_review","","Government public-policy repository indexes county-authored CBROPs. This is a discovery collection, not a pinned county file."
"KDA-EVD-KEN-C038-0189","KEN-C038","Vihiga","cfsp","County Fiscal Strategy Papers — Vihiga official-policy repository","Current and historical","Kenya Institute for Public Policy Research and Analysis (KIPPRA)","official_policy_repository","","https://repository.kippra.or.ke/","verified_source_collection","verified_reachable","2026-08-30","official_national_or_government_repository_review","","Government public-policy repository indexes county-authored CFSPs. This is a discovery collection, not a pinned county file."
"KDA-EVD-KEN-C038-0186","KEN-C038","Vihiga","cidp","Vihiga County Integrated Development Plan 2023–2027","2023–2027","Council of Governors Maarifa Centre","county","","https://maarifa.cog.go.ke/county-integrated-development-plans/vihiga-county-integrated-development-plan","verified_source_page","verified_reachable","2026-08-30","official_repository_or_county_site_review","","Official county or Council of Governors repository page for the third-generation CIDP."
"KDA-EVD-KEN-C039-0193","KEN-C039","Bungoma","audit","Auditor-General County Government Audit Reports 2023/24 — Bungoma evidence doorway","FY2023/24","Office of the Auditor-General","official_collection","","https://www.oagkenya.go.ke/2023-2024-county-government-audit-reports/","verified_source_collection","verified_reachable","2026-08-30","official_national_or_government_repository_review","","Official OAG county-government audit collection. The Atlas does not claim a pinned county PDF until its exact item is separately verified."
"KDA-EVD-KEN-C039-0192","KEN-C039","Bungoma","budget_implementation","County Governments Budget Implementation Review Report FY2024/25 — Bungoma section","FY2024/25","Office of the Controller of Budget","national_consolidated_county_report","https://cob.go.ke/download/county-governments-budget-implementation-review-report-fy-2024-25/","https://cob.go.ke/publications/consolidated-county-budget-implementation-review-reports/","verified_document","verified_reachable","2026-08-30","official_national_or_government_repository_review","","Official consolidated annual report contains a county-specific section; section page varies by report edition."
"KDA-EVD-KEN-C039-0195","KEN-C039","Bungoma","cbrop","County Budget Review and Outlook Papers — Bungoma official-policy repository","Current and historical","Kenya Institute for Public Policy Research and Analysis (KIPPRA)","official_policy_repository","","https://repository.kippra.or.ke/","verified_source_collection","verified_reachable","2026-08-30","official_national_or_government_repository_review","","Government public-policy repository indexes county-authored CBROPs. This is a discovery collection, not a pinned county file."
"KDA-EVD-KEN-C039-0194","KEN-C039","Bungoma","cfsp","County Fiscal Strategy Papers — Bungoma official-policy repository","Current and historical","Kenya Institute for Public Policy Research and Analysis (KIPPRA)","official_policy_repository","","https://repository.kippra.or.ke/","verified_source_collection","verified_reachable","2026-08-30","official_national_or_government_repository_review","","Government public-policy repository indexes county-authored CFSPs. This is a discovery collection, not a pinned county file."
"KDA-EVD-KEN-C039-0191","KEN-C039","Bungoma","cidp","Bungoma County Integrated Development Plan 2023–2027","2023–2027","Council of Governors Maarifa Centre","county","","https://www.maarifa.cog.go.ke/node/840","verified_source_page","verified_reachable","2026-08-30","official_repository_or_county_site_review","","Official county or Council of Governors repository page for the third-generation CIDP."
"KDA-EVD-KEN-C040-0198","KEN-C040","Busia","audit","Auditor-General County Government Audit Reports 2023/24 — Busia evidence doorway","FY2023/24","Office of the Auditor-General","official_collection","","https://www.oagkenya.go.ke/2023-2024-county-government-audit-reports/","verified_source_collection","verified_reachable","2026-08-30","official_national_or_government_repository_review","","Official OAG county-government audit collection. The Atlas does not claim a pinned county PDF until its exact item is separately verified."
"KDA-EVD-KEN-C040-0197","KEN-C040","Busia","budget_implementation","County Governments Budget Implementation Review Report FY2024/25 — Busia section","FY2024/25","Office of the Controller of Budget","national_consolidated_county_report","https://cob.go.ke/download/county-governments-budget-implementation-review-report-fy-2024-25/","https://cob.go.ke/publications/consolidated-county-budget-implementation-review-reports/","verified_document","verified_reachable","2026-08-30","official_national_or_government_repository_review","","Official consolidated annual report contains a county-specific section; section page varies by report edition."
"KDA-EVD-KEN-C040-0200","KEN-C040","Busia","cbrop","County Budget Review and Outlook Papers — Busia official-policy repository","Current and historical","Kenya Institute for Public Policy Research and Analysis (KIPPRA)","official_policy_repository","","https://repository.kippra.or.ke/","verified_source_collection","verified_reachable","2026-08-30","official_national_or_government_repository_review","","Government public-policy repository indexes county-authored CBROPs. This is a discovery collection, not a pinned county file."
"KDA-EVD-KEN-C040-0199","KEN-C040","Busia","cfsp","County Fiscal Strategy Papers — Busia official-policy repository","Current and historical","Kenya Institute for Public Policy Research and Analysis (KIPPRA)","official_policy_repository","","https://repository.kippra.or.ke/","verified_source_collection","verified_reachable","2026-08-30","official_national_or_government_repository_review","","Government public-policy repository indexes county-authored CFSPs. This is a discovery collection, not a pinned county file."
"KDA-EVD-KEN-C040-0196","KEN-C040","Busia","cidp","Busia County Integrated Development Plan 2023–2027","2023–2027","Council of Governors Maarifa Centre","county","","https://maarifa.cog.go.ke/county-integrated-development-plans/busia-2023-2027-cidp","verified_source_page","verified_reachable","2026-08-30","official_repository_or_county_site_review","","Official county or Council of Governors repository page for the third-generation CIDP."
"KDA-EVD-KEN-C041-0203","KEN-C041","Siaya","audit","Auditor-General County Government Audit Reports 2023/24 — Siaya evidence doorway","FY2023/24","Office of the Auditor-General","official_collection","","https://www.oagkenya.go.ke/2023-2024-county-government-audit-reports/","verified_source_collection","verified_reachable","2026-08-30","official_national_or_government_repository_review","","Official OAG county-government audit collection. The Atlas does not claim a pinned county PDF until its exact item is separately verified."
"KDA-EVD-KEN-C041-0202","KEN-C041","Siaya","budget_implementation","County Governments Budget Implementation Review Report FY2024/25 — Siaya section","FY2024/25","Office of the Controller of Budget","national_consolidated_county_report","https://cob.go.ke/download/county-governments-budget-implementation-review-report-fy-2024-25/","https://cob.go.ke/publications/consolidated-county-budget-implementation-review-reports/","verified_document","verified_reachable","2026-08-30","official_national_or_government_repository_review","","Official consolidated annual report contains a county-specific section; section page varies by report edition."
"KDA-EVD-KEN-C041-0205","KEN-C041","Siaya","cbrop","County Budget Review and Outlook Papers — Siaya official-policy repository","Current and historical","Kenya Institute for Public Policy Research and Analysis (KIPPRA)","official_policy_repository","","https://repository.kippra.or.ke/","verified_source_collection","verified_reachable","2026-08-30","official_national_or_government_repository_review","","Government public-policy repository indexes county-authored CBROPs. This is a discovery collection, not a pinned county file."
"KDA-EVD-KEN-C041-0204","KEN-C041","Siaya","cfsp","County Fiscal Strategy Papers — Siaya official-policy repository","Current and historical","Kenya Institute for Public Policy Research and Analysis (KIPPRA)","official_policy_repository","","https://repository.kippra.or.ke/","verified_source_collection","verified_reachable","2026-08-30","official_national_or_government_repository_review","","Government public-policy repository indexes county-authored CFSPs. This is a discovery collection, not a pinned county file."
"KDA-EVD-KEN-C041-0201","KEN-C041","Siaya","cidp","Siaya County Integrated Development Plan 2023–2027","2023–2027","Council of Governors Maarifa Centre","county","","https://maarifa.cog.go.ke/county-integrated-development-plans/siaya-2023-2027-cidp","verified_source_page","verified_reachable","2026-08-30","official_repository_or_county_site_review","","Official county or Council of Governors repository page for the third-generation CIDP."
"KDA-EVD-KEN-C042-0208","KEN-C042","Kisumu","audit","Auditor-General County Government Audit Reports 2023/24 — Kisumu evidence doorway","FY2023/24","Office of the Auditor-General","official_collection","","https://www.oagkenya.go.ke/2023-2024-county-government-audit-reports/","verified_source_collection","verified_reachable","2026-08-30","official_national_or_government_repository_review","","Official OAG county-government audit collection. The Atlas does not claim a pinned county PDF until its exact item is separately verified."
"KDA-EVD-KEN-C042-0207","KEN-C042","Kisumu","budget_implementation","County Governments Budget Implementation Review Report FY2024/25 — Kisumu section","FY2024/25","Office of the Controller of Budget","national_consolidated_county_report","https://cob.go.ke/download/county-governments-budget-implementation-review-report-fy-2024-25/","https://cob.go.ke/publications/consolidated-county-budget-implementation-review-reports/","verified_document","verified_reachable","2026-08-30","official_national_or_government_repository_review","","Official consolidated annual report contains a county-specific section; section page varies by report edition."
"KDA-EVD-KEN-C042-0210","KEN-C042","Kisumu","cbrop","County Budget Review and Outlook Papers — Kisumu official-policy repository","Current and historical","Kenya Institute for Public Policy Research and Analysis (KIPPRA)","official_policy_repository","","https://repository.kippra.or.ke/","verified_source_collection","verified_reachable","2026-08-30","official_national_or_government_repository_review","","Government public-policy repository indexes county-authored CBROPs. This is a discovery collection, not a pinned county file."
"KDA-EVD-KEN-C042-0209","KEN-C042","Kisumu","cfsp","County Fiscal Strategy Papers — Kisumu official-policy repository","Current and historical","Kenya Institute for Public Policy Research and Analysis (KIPPRA)","official_policy_repository","","https://repository.kippra.or.ke/","verified_source_collection","verified_reachable","2026-08-30","official_national_or_government_repository_review","","Government public-policy repository indexes county-authored CFSPs. This is a discovery collection, not a pinned county file."
"KDA-EVD-KEN-C042-0206","KEN-C042","Kisumu","cidp","Kisumu County Integrated Development Plan 2023–2027","2023–2027","Council of Governors Maarifa Centre","county","","https://maarifa.cog.go.ke/county-integrated-development-plans/kisumu-2023-2027-cidp","verified_source_page","verified_reachable","2026-08-30","official_repository_or_county_site_review","","Official county or Council of Governors repository page for the third-generation CIDP."
"KDA-EVD-KEN-C043-0213","KEN-C043","Homa Bay","audit","Auditor-General County Government Audit Reports 2023/24 — Homa Bay evidence doorway","FY2023/24","Office of the Auditor-General","official_collection","","https://www.oagkenya.go.ke/2023-2024-county-government-audit-reports/","verified_source_collection","verified_reachable","2026-08-30","official_national_or_government_repository_review","","Official OAG county-government audit collection. The Atlas does not claim a pinned county PDF until its exact item is separately verified."
"KDA-EVD-KEN-C043-0212","KEN-C043","Homa Bay","budget_implementation","County Governments Budget Implementation Review Report FY2024/25 — Homa Bay section","FY2024/25","Office of the Controller of Budget","national_consolidated_county_report","https://cob.go.ke/download/county-governments-budget-implementation-review-report-fy-2024-25/","https://cob.go.ke/publications/consolidated-county-budget-implementation-review-reports/","verified_document","verified_reachable","2026-08-30","official_national_or_government_repository_review","","Official consolidated annual report contains a county-specific section; section page varies by report edition."
"KDA-EVD-KEN-C043-0215","KEN-C043","Homa Bay","cbrop","County Budget Review and Outlook Papers — Homa Bay official-policy repository","Current and historical","Kenya Institute for Public Policy Research and Analysis (KIPPRA)","official_policy_repository","","https://repository.kippra.or.ke/","verified_source_collection","verified_reachable","2026-08-30","official_national_or_government_repository_review","","Government public-policy repository indexes county-authored CBROPs. This is a discovery collection, not a pinned county file."
"KDA-EVD-KEN-C043-0214","KEN-C043","Homa Bay","cfsp","County Fiscal Strategy Papers — Homa Bay official-policy repository","Current and historical","Kenya Institute for Public Policy Research and Analysis (KIPPRA)","official_policy_repository","","https://repository.kippra.or.ke/","verified_source_collection","verified_reachable","2026-08-30","official_national_or_government_repository_review","","Government public-policy repository indexes county-authored CFSPs. This is a discovery collection, not a pinned county file."
"KDA-EVD-KEN-C043-0211","KEN-C043","Homa Bay","cidp","Homa Bay County Integrated Development Plan 2023–2027","2023–2027","Council of Governors Maarifa Centre","county","","https://maarifa.cog.go.ke/county-integrated-development-plans/homa-bay-2023-2027-cidp","verified_source_page","verified_reachable","2026-08-30","official_repository_or_county_site_review","","Official county or Council of Governors repository page for the third-generation CIDP."
"KDA-EVD-KEN-C044-0245","KEN-C044","Migori","adp","Migori County Annual Development Plans","Current and historical","County Government of Migori","county_source_hub","","https://migori.go.ke/departments/finance-and-economic-planning","verified_source_page","verified_reachable","2026-08-30","official_county_site_review","","Official county source page specifically verified for this document family."
"KDA-EVD-KEN-C044-0246","KEN-C044","Migori","approved_budget","Migori County Budget and finance documents","Current and historical","County Government of Migori","county_source_hub","","https://migori.go.ke/departments/finance-and-economic-planning","verified_source_page","verified_reachable","2026-08-30","official_county_site_review","","Official county source page specifically verified for this document family."
"KDA-EVD-KEN-C044-0218","KEN-C044","Migori","audit","Auditor-General County Government Audit Reports 2023/24 — Migori evidence doorway","FY2023/24","Office of the Auditor-General","official_collection","","https://www.oagkenya.go.ke/2023-2024-county-government-audit-reports/","verified_source_collection","verified_reachable","2026-08-30","official_national_or_government_repository_review","","Official OAG county-government audit collection. The Atlas does not claim a pinned county PDF until its exact item is separately verified."
"KDA-EVD-KEN-C044-0217","KEN-C044","Migori","budget_implementation","County Governments Budget Implementation Review Report FY2024/25 — Migori section","FY2024/25","Office of the Controller of Budget","national_consolidated_county_report","https://cob.go.ke/download/county-governments-budget-implementation-review-report-fy-2024-25/","https://cob.go.ke/publications/consolidated-county-budget-implementation-review-reports/","verified_document","verified_reachable","2026-08-30","official_national_or_government_repository_review","","Official consolidated annual report contains a county-specific section; section page varies by report edition."
"KDA-EVD-KEN-C044-0220","KEN-C044","Migori","cbrop","County Budget Review and Outlook Papers — Migori official-policy repository","Current and historical","Kenya Institute for Public Policy Research and Analysis (KIPPRA)","official_policy_repository","","https://repository.kippra.or.ke/","verified_source_collection","verified_reachable","2026-08-30","official_national_or_government_repository_review","","Government public-policy repository indexes county-authored CBROPs. This is a discovery collection, not a pinned county file."
"KDA-EVD-KEN-C044-0219","KEN-C044","Migori","cfsp","County Fiscal Strategy Papers — Migori official-policy repository","Current and historical","Kenya Institute for Public Policy Research and Analysis (KIPPRA)","official_policy_repository","","https://repository.kippra.or.ke/","verified_source_collection","verified_reachable","2026-08-30","official_national_or_government_repository_review","","Government public-policy repository indexes county-authored CFSPs. This is a discovery collection, not a pinned county file."
"KDA-EVD-KEN-C044-0216","KEN-C044","Migori","cidp","Migori County Integrated Development Plan 2023–2027","2023–2027","County Government of Migori","county","","https://migori.go.ke/downloads?category=Plans","verified_source_page","verified_reachable","2026-08-30","official_repository_or_county_site_review","","Official county or Council of Governors repository page for the third-generation CIDP."
"KDA-EVD-KEN-C045-0223","KEN-C045","Kisii","audit","Auditor-General County Government Audit Reports 2023/24 — Kisii evidence doorway","FY2023/24","Office of the Auditor-General","official_collection","","https://www.oagkenya.go.ke/2023-2024-county-government-audit-reports/","verified_source_collection","verified_reachable","2026-08-30","official_national_or_government_repository_review","","Official OAG county-government audit collection. The Atlas does not claim a pinned county PDF until its exact item is separately verified."
"KDA-EVD-KEN-C045-0222","KEN-C045","Kisii","budget_implementation","County Governments Budget Implementation Review Report FY2024/25 — Kisii section","FY2024/25","Office of the Controller of Budget","national_consolidated_county_report","https://cob.go.ke/download/county-governments-budget-implementation-review-report-fy-2024-25/","https://cob.go.ke/publications/consolidated-county-budget-implementation-review-reports/","verified_document","verified_reachable","2026-08-30","official_national_or_government_repository_review","","Official consolidated annual report contains a county-specific section; section page varies by report edition."
"KDA-EVD-KEN-C045-0225","KEN-C045","Kisii","cbrop","County Budget Review and Outlook Papers — Kisii official-policy repository","Current and historical","Kenya Institute for Public Policy Research and Analysis (KIPPRA)","official_policy_repository","","https://repository.kippra.or.ke/","verified_source_collection","verified_reachable","2026-08-30","official_national_or_government_repository_review","","Government public-policy repository indexes county-authored CBROPs. This is a discovery collection, not a pinned county file."
"KDA-EVD-KEN-C045-0224","KEN-C045","Kisii","cfsp","County Fiscal Strategy Papers — Kisii official-policy repository","Current and historical","Kenya Institute for Public Policy Research and Analysis (KIPPRA)","official_policy_repository","","https://repository.kippra.or.ke/","verified_source_collection","verified_reachable","2026-08-30","official_national_or_government_repository_review","","Government public-policy repository indexes county-authored CFSPs. This is a discovery collection, not a pinned county file."
"KDA-EVD-KEN-C045-0221","KEN-C045","Kisii","cidp","Kisii County Integrated Development Plan 2023–2027","2023–2027","Council of Governors Maarifa Centre","county","","https://maarifa.cog.go.ke/county-integrated-development-plans/kisii-county-integrated-development-plan-2023-2027","verified_source_page","verified_reachable","2026-08-30","official_repository_or_county_site_review","","Official county or Council of Governors repository page for the third-generation CIDP."
"KDA-EVD-KEN-C046-0228","KEN-C046","Nyamira","audit","Auditor-General County Government Audit Reports 2023/24 — Nyamira evidence doorway","FY2023/24","Office of the Auditor-General","official_collection","","https://www.oagkenya.go.ke/2023-2024-county-government-audit-reports/","verified_source_collection","verified_reachable","2026-08-30","official_national_or_government_repository_review","","Official OAG county-government audit collection. The Atlas does not claim a pinned county PDF until its exact item is separately verified."
"KDA-EVD-KEN-C046-0227","KEN-C046","Nyamira","budget_implementation","County Governments Budget Implementation Review Report FY2024/25 — Nyamira section","FY2024/25","Office of the Controller of Budget","national_consolidated_county_report","https://cob.go.ke/download/county-governments-budget-implementation-review-report-fy-2024-25/","https://cob.go.ke/publications/consolidated-county-budget-implementation-review-reports/","verified_document","verified_reachable","2026-08-30","official_national_or_government_repository_review","","Official consolidated annual report contains a county-specific section; section page varies by report edition."
"KDA-EVD-KEN-C046-0230","KEN-C046","Nyamira","cbrop","County Budget Review and Outlook Papers — Nyamira official-policy repository","Current and historical","Kenya Institute for Public Policy Research and Analysis (KIPPRA)","official_policy_repository","","https://repository.kippra.or.ke/","verified_source_collection","verified_reachable","2026-08-30","official_national_or_government_repository_review","","Government public-policy repository indexes county-authored CBROPs. This is a discovery collection, not a pinned county file."
"KDA-EVD-KEN-C046-0229","KEN-C046","Nyamira","cfsp","County Fiscal Strategy Papers — Nyamira official-policy repository","Current and historical","Kenya Institute for Public Policy Research and Analysis (KIPPRA)","official_policy_repository","","https://repository.kippra.or.ke/","verified_source_collection","verified_reachable","2026-08-30","official_national_or_government_repository_review","","Government public-policy repository indexes county-authored CFSPs. This is a discovery collection, not a pinned county file."
"KDA-EVD-KEN-C046-0226","KEN-C046","Nyamira","cidp","Nyamira County Integrated Development Plan 2023–2027","2023–2027","Council of Governors Maarifa Centre","county","","https://maarifa.cog.go.ke/county-integrated-development-plans/nyamira-2023-2027","verified_source_page","verified_reachable","2026-08-30","official_repository_or_county_site_review","","Official county or Council of Governors repository page for the third-generation CIDP."
"KDA-EVD-KEN-C047-0233","KEN-C047","Nairobi","audit","Auditor-General County Government Audit Reports 2023/24 — Nairobi evidence doorway","FY2023/24","Office of the Auditor-General","official_collection","","https://www.oagkenya.go.ke/2023-2024-county-government-audit-reports/","verified_source_collection","verified_reachable","2026-08-30","official_national_or_government_repository_review","","Official OAG county-government audit collection. The Atlas does not claim a pinned county PDF until its exact item is separately verified."
"KDA-EVD-KEN-C047-0232","KEN-C047","Nairobi","budget_implementation","County Governments Budget Implementation Review Report FY2024/25 — Nairobi section","FY2024/25","Office of the Controller of Budget","national_consolidated_county_report","https://cob.go.ke/download/county-governments-budget-implementation-review-report-fy-2024-25/","https://cob.go.ke/publications/consolidated-county-budget-implementation-review-reports/","verified_document","verified_reachable","2026-08-30","official_national_or_government_repository_review","","Official consolidated annual report contains a county-specific section; section page varies by report edition."
"KDA-EVD-KEN-C047-0235","KEN-C047","Nairobi","cbrop","County Budget Review and Outlook Papers — Nairobi official-policy repository","Current and historical","Kenya Institute for Public Policy Research and Analysis (KIPPRA)","official_policy_repository","","https://repository.kippra.or.ke/","verified_source_collection","verified_reachable","2026-08-30","official_national_or_government_repository_review","","Government public-policy repository indexes county-authored CBROPs. This is a discovery collection, not a pinned county file."
"KDA-EVD-KEN-C047-0234","KEN-C047","Nairobi","cfsp","County Fiscal Strategy Papers — Nairobi official-policy repository","Current and historical","Kenya Institute for Public Policy Research and Analysis (KIPPRA)","official_policy_repository","","https://repository.kippra.or.ke/","verified_source_collection","verified_reachable","2026-08-30","official_national_or_government_repository_review","","Government public-policy repository indexes county-authored CFSPs. This is a discovery collection, not a pinned county file."
"KDA-EVD-KEN-C047-0231","KEN-C047","Nairobi","cidp","Nairobi County Integrated Development Plan 2023–2027","2023–2027","Council of Governors Maarifa Centre","county","","https://maarifa.cog.go.ke/county-integrated-development-plans/nairobi-2023-2027-cidp","verified_source_page","verified_reachable","2026-08-30","official_repository_or_county_site_review","","Official county or Council of Governors repository page for the third-generation CIDP."
