reason_id,reason,source,source_url,period_label
"R001","As of 2026-09-12, Agriculture gross value added is compiled by KNBS only at county level; the canonical registry (data/indicators/registry/series.json) carries zero active series for this indicator at any of the 1450 ward geographies today -- this is a checkable fact re-verified on every rebuild of this ledger, not an assertion about any single ward. Under its economic_accounts_small_area treatment class, a resolved local value would require a direct local record, an exact aggregation, or a transparently labelled modelled/spatial estimate (local economic definition must match the canonical accounting concept; model must be transparent, validated and clearly labelled; no population/land/equal-share parent allocation presented as observed output); parent county values are never spatially allocated or copied downward to manufacture a ward figure. This cell is closed as governed_unavailable pending genuine ward-level source compilation under P32 (ward completion).","KNBS","https://www.knbs.or.ke/wp-content/uploads/2025/12/2025-Gross-County-Product.pdf","ward disaggregation not yet compiled as of 2026-09-12"
"R002","As of 2026-09-12, Agriculture gross value added is compiled by KNBS only at county level; the canonical registry (data/indicators/registry/series.json) carries zero active series for this indicator at any of the 290 constituency geographies today -- this is a checkable fact re-verified on every rebuild of this ledger, not an assertion about any single constituency. Under its economic_accounts_small_area treatment class, a resolved local value would require a direct local record, an exact aggregation, or a transparently labelled modelled/spatial estimate (local economic definition must match the canonical accounting concept; model must be transparent, validated and clearly labelled; no population/land/equal-share parent allocation presented as observed output); parent county values are never spatially allocated or copied downward to manufacture a constituency figure. This cell is closed as governed_unavailable pending genuine constituency-level source compilation under P31 (constituency completion).","KNBS","https://www.knbs.or.ke/wp-content/uploads/2025/12/2025-Gross-County-Product.pdf","constituency disaggregation not yet compiled as of 2026-09-12"
"R003","As of 2026-09-12, Agriculture share of GCP is compiled by KNBS only at county level; the canonical registry (data/indicators/registry/series.json) carries zero active series for this indicator at any of the 1450 ward geographies today -- this is a checkable fact re-verified on every rebuild of this ledger, not an assertion about any single ward. Under its economic_accounts_small_area treatment class, a resolved local value would require a direct local record, an exact aggregation, or a transparently labelled modelled/spatial estimate (local economic definition must match the canonical accounting concept; model must be transparent, validated and clearly labelled; no population/land/equal-share parent allocation presented as observed output); parent county values are never spatially allocated or copied downward to manufacture a ward figure. This cell is closed as governed_unavailable pending genuine ward-level source compilation under P32 (ward completion).","KNBS","https://www.knbs.or.ke/wp-content/uploads/2025/12/2025-Gross-County-Product.pdf","ward disaggregation not yet compiled as of 2026-09-12"
"R004","As of 2026-09-12, Agriculture share of GCP is compiled by KNBS only at county level; the canonical registry (data/indicators/registry/series.json) carries zero active series for this indicator at any of the 290 constituency geographies today -- this is a checkable fact re-verified on every rebuild of this ledger, not an assertion about any single constituency. Under its economic_accounts_small_area treatment class, a resolved local value would require a direct local record, an exact aggregation, or a transparently labelled modelled/spatial estimate (local economic definition must match the canonical accounting concept; model must be transparent, validated and clearly labelled; no population/land/equal-share parent allocation presented as observed output); parent county values are never spatially allocated or copied downward to manufacture a constituency figure. This cell is closed as governed_unavailable pending genuine constituency-level source compilation under P31 (constituency completion).","KNBS","https://www.knbs.or.ke/wp-content/uploads/2025/12/2025-Gross-County-Product.pdf","constituency disaggregation not yet compiled as of 2026-09-12"
"R005","As of 2026-09-12, Average household size is compiled by KNBS only at county level; the canonical registry (data/indicators/registry/series.json) carries zero active series for this indicator at any of the 1450 ward geographies today -- this is a checkable fact re-verified on every rebuild of this ledger, not an assertion about any single ward. Under its census_or_household_crosswalk treatment class, a resolved local value would require a direct local record, an exact aggregation, or a transparently labelled modelled/spatial estimate (use exact electoral geography or defensible documented crosswalk; rates require compatible numerator and denominator; boundary mismatch must be disclosed); parent county values are never spatially allocated or copied downward to manufacture a ward figure. This cell is closed as governed_unavailable pending genuine ward-level source compilation under P32 (ward completion).","KNBS","https://repository.knbs.or.ke/handle/knbs-ke-repo/385","ward disaggregation not yet compiled as of 2026-09-12"
"R006","As of 2026-09-12, Children 12–23 months fully vaccinated with basic antigens is compiled by KNBS only at county level; the canonical registry (data/indicators/registry/series.json) carries zero active series for this indicator at any of the 1450 ward geographies today -- this is a checkable fact re-verified on every rebuild of this ledger, not an assertion about any single ward. Under its survey_small_area treatment class, a resolved local value would require a direct local record, an exact aggregation, or a transparently labelled modelled/spatial estimate (respect survey design/domain and sampling uncertainty; small-area estimates require approved transparent method and uncertainty/confidence; never copy parent survey rates downward); parent county values are never spatially allocated or copied downward to manufacture a ward figure. This cell is closed as governed_unavailable pending genuine ward-level source compilation under P32 (ward completion).","KNBS","https://dhsprogram.com/pubs/pdf/FR380/FR380.pdf","ward disaggregation not yet compiled as of 2026-09-12"
"R007","As of 2026-09-12, Children 12–23 months fully vaccinated with basic antigens is compiled by KNBS only at county level; the canonical registry (data/indicators/registry/series.json) carries zero active series for this indicator at any of the 290 constituency geographies today -- this is a checkable fact re-verified on every rebuild of this ledger, not an assertion about any single constituency. Under its survey_small_area treatment class, a resolved local value would require a direct local record, an exact aggregation, or a transparently labelled modelled/spatial estimate (respect survey design/domain and sampling uncertainty; small-area estimates require approved transparent method and uncertainty/confidence; never copy parent survey rates downward); parent county values are never spatially allocated or copied downward to manufacture a constituency figure. This cell is closed as governed_unavailable pending genuine constituency-level source compilation under P31 (constituency completion).","KNBS","https://dhsprogram.com/pubs/pdf/FR380/FR380.pdf","constituency disaggregation not yet compiled as of 2026-09-12"
"R008","As of 2026-09-12, Children under 5 stunted is compiled by KNBS only at county level; the canonical registry (data/indicators/registry/series.json) carries zero active series for this indicator at any of the 1450 ward geographies today -- this is a checkable fact re-verified on every rebuild of this ledger, not an assertion about any single ward. Under its survey_small_area treatment class, a resolved local value would require a direct local record, an exact aggregation, or a transparently labelled modelled/spatial estimate (respect survey design/domain and sampling uncertainty; small-area estimates require approved transparent method and uncertainty/confidence; never copy parent survey rates downward); parent county values are never spatially allocated or copied downward to manufacture a ward figure. This cell is closed as governed_unavailable pending genuine ward-level source compilation under P32 (ward completion).","KNBS","https://dhsprogram.com/pubs/pdf/FR380/FR380.pdf","ward disaggregation not yet compiled as of 2026-09-12"
"R009","As of 2026-09-12, Children under 5 stunted is compiled by KNBS only at county level; the canonical registry (data/indicators/registry/series.json) carries zero active series for this indicator at any of the 290 constituency geographies today -- this is a checkable fact re-verified on every rebuild of this ledger, not an assertion about any single constituency. Under its survey_small_area treatment class, a resolved local value would require a direct local record, an exact aggregation, or a transparently labelled modelled/spatial estimate (respect survey design/domain and sampling uncertainty; small-area estimates require approved transparent method and uncertainty/confidence; never copy parent survey rates downward); parent county values are never spatially allocated or copied downward to manufacture a constituency figure. This cell is closed as governed_unavailable pending genuine constituency-level source compilation under P31 (constituency completion).","KNBS","https://dhsprogram.com/pubs/pdf/FR380/FR380.pdf","constituency disaggregation not yet compiled as of 2026-09-12"
"R010","As of 2026-09-12, Class C rural road length is compiled by KNBS only at county level; the canonical registry (data/indicators/registry/series.json) carries zero active series for this indicator at any of the 1450 ward geographies today -- this is a checkable fact re-verified on every rebuild of this ledger, not an assertion about any single ward. Under its network_spatial treatment class, a resolved local value would require a direct local record, an exact aggregation, or a transparently labelled modelled/spatial estimate (network classification must match indicator definition; geometry intersection must be reproducible; reconcile additive totals where meaningful); parent county values are never spatially allocated or copied downward to manufacture a ward figure. This cell is closed as governed_unavailable pending genuine ward-level source compilation under P32 (ward completion).","KNBS","https://www.knbs.or.ke/reports/2026-economic-survey/","ward disaggregation not yet compiled as of 2026-09-12"
"R011","As of 2026-09-12, Disability prevalence is compiled by KNBS only at county level; the canonical registry (data/indicators/registry/series.json) carries zero active series for this indicator at any of the 1450 ward geographies today -- this is a checkable fact re-verified on every rebuild of this ledger, not an assertion about any single ward. Under its survey_small_area treatment class, a resolved local value would require a direct local record, an exact aggregation, or a transparently labelled modelled/spatial estimate (respect survey design/domain and sampling uncertainty; small-area estimates require approved transparent method and uncertainty/confidence; never copy parent survey rates downward); parent county values are never spatially allocated or copied downward to manufacture a ward figure. This cell is closed as governed_unavailable pending genuine ward-level source compilation under P32 (ward completion).","KNBS","https://www.knbs.or.ke/wp-content/uploads/2023/09/2019-Kenya-population-and-Housing-Census-Analytical-Report-on-Disability.pdf","ward disaggregation not yet compiled as of 2026-09-12"
"R012","As of 2026-09-12, Disability prevalence is compiled by KNBS only at county level; the canonical registry (data/indicators/registry/series.json) carries zero active series for this indicator at any of the 290 constituency geographies today -- this is a checkable fact re-verified on every rebuild of this ledger, not an assertion about any single constituency. Under its survey_small_area treatment class, a resolved local value would require a direct local record, an exact aggregation, or a transparently labelled modelled/spatial estimate (respect survey design/domain and sampling uncertainty; small-area estimates require approved transparent method and uncertainty/confidence; never copy parent survey rates downward); parent county values are never spatially allocated or copied downward to manufacture a constituency figure. This cell is closed as governed_unavailable pending genuine constituency-level source compilation under P31 (constituency completion).","KNBS","https://www.knbs.or.ke/wp-content/uploads/2023/09/2019-Kenya-population-and-Housing-Census-Analytical-Report-on-Disability.pdf","constituency disaggregation not yet compiled as of 2026-09-12"
"R013","As of 2026-09-12, FGM prevalence, women age 15–49 is compiled by KNBS only at county level; the canonical registry (data/indicators/registry/series.json) carries zero active series for this indicator at any of the 1450 ward geographies today -- this is a checkable fact re-verified on every rebuild of this ledger, not an assertion about any single ward. Under its survey_small_area treatment class, a resolved local value would require a direct local record, an exact aggregation, or a transparently labelled modelled/spatial estimate (respect survey design/domain and sampling uncertainty; small-area estimates require approved transparent method and uncertainty/confidence; never copy parent survey rates downward); parent county values are never spatially allocated or copied downward to manufacture a ward figure. This cell is closed as governed_unavailable pending genuine ward-level source compilation under P32 (ward completion).","KNBS","https://www.knbs.or.ke/wp-content/uploads/2023/08/Kenya-Demographic-and-Health-Survey-2022-Key-Indicators-Report.pdf","ward disaggregation not yet compiled as of 2026-09-12"
"R014","As of 2026-09-12, FGM prevalence, women age 15–49 is compiled by KNBS only at county level; the canonical registry (data/indicators/registry/series.json) carries zero active series for this indicator at any of the 290 constituency geographies today -- this is a checkable fact re-verified on every rebuild of this ledger, not an assertion about any single constituency. Under its survey_small_area treatment class, a resolved local value would require a direct local record, an exact aggregation, or a transparently labelled modelled/spatial estimate (respect survey design/domain and sampling uncertainty; small-area estimates require approved transparent method and uncertainty/confidence; never copy parent survey rates downward); parent county values are never spatially allocated or copied downward to manufacture a constituency figure. This cell is closed as governed_unavailable pending genuine constituency-level source compilation under P31 (constituency completion).","KNBS","https://www.knbs.or.ke/wp-content/uploads/2023/08/Kenya-Demographic-and-Health-Survey-2022-Key-Indicators-Report.pdf","constituency disaggregation not yet compiled as of 2026-09-12"
"R015","As of 2026-09-12, Facilities offering inpatient services is compiled by MoH only at county level; the canonical registry (data/indicators/registry/series.json) carries zero active series for this indicator at any of the 1450 ward geographies today -- this is a checkable fact re-verified on every rebuild of this ledger, not an assertion about any single ward. Under its facility_service_rate treatment class, a resolved local value would require a direct local record, an exact aggregation, or a transparently labelled modelled/spatial estimate (facility universe and denominator must match period/definition; dated census-assessment measures cannot be silently replaced by live-registry stock; modelled or secondary substitutes must be labelled); parent county values are never spatially allocated or copied downward to manufacture a ward figure. This cell is closed as governed_unavailable pending genuine ward-level source compilation under P32 (ward completion).","MoH","https://health.go.ke/sites/default/files/2026-06/Main%20Report%20-%20SARA%2021.10.2025.pdf","ward disaggregation not yet compiled as of 2026-09-12"
"R016","As of 2026-09-12, Facilities offering inpatient services is compiled by MoH only at county level; the canonical registry (data/indicators/registry/series.json) carries zero active series for this indicator at any of the 290 constituency geographies today -- this is a checkable fact re-verified on every rebuild of this ledger, not an assertion about any single constituency. Under its facility_service_rate treatment class, a resolved local value would require a direct local record, an exact aggregation, or a transparently labelled modelled/spatial estimate (facility universe and denominator must match period/definition; dated census-assessment measures cannot be silently replaced by live-registry stock; modelled or secondary substitutes must be labelled); parent county values are never spatially allocated or copied downward to manufacture a constituency figure. This cell is closed as governed_unavailable pending genuine constituency-level source compilation under P31 (constituency completion).","MoH","https://health.go.ke/sites/default/files/2026-06/Main%20Report%20-%20SARA%2021.10.2025.pdf","constituency disaggregation not yet compiled as of 2026-09-12"
"R017","As of 2026-09-12, Gross County Product (current prices) is compiled by KNBS only at county level; the canonical registry (data/indicators/registry/series.json) carries zero active series for this indicator at any of the 1450 ward geographies today -- this is a checkable fact re-verified on every rebuild of this ledger, not an assertion about any single ward. Under its economic_accounts_small_area treatment class, a resolved local value would require a direct local record, an exact aggregation, or a transparently labelled modelled/spatial estimate (local economic definition must match the canonical accounting concept; model must be transparent, validated and clearly labelled; no population/land/equal-share parent allocation presented as observed output); parent county values are never spatially allocated or copied downward to manufacture a ward figure. This cell is closed as governed_unavailable pending genuine ward-level source compilation under P32 (ward completion).","KNBS","data/sprint1/README.md","ward disaggregation not yet compiled as of 2026-09-12"
"R018","As of 2026-09-12, Gross County Product (current prices) is compiled by KNBS only at county level; the canonical registry (data/indicators/registry/series.json) carries zero active series for this indicator at any of the 290 constituency geographies today -- this is a checkable fact re-verified on every rebuild of this ledger, not an assertion about any single constituency. Under its economic_accounts_small_area treatment class, a resolved local value would require a direct local record, an exact aggregation, or a transparently labelled modelled/spatial estimate (local economic definition must match the canonical accounting concept; model must be transparent, validated and clearly labelled; no population/land/equal-share parent allocation presented as observed output); parent county values are never spatially allocated or copied downward to manufacture a constituency figure. This cell is closed as governed_unavailable pending genuine constituency-level source compilation under P31 (constituency completion).","KNBS","data/sprint1/README.md","constituency disaggregation not yet compiled as of 2026-09-12"
"R019","As of 2026-09-12, HIV prevalence, ages 15–64 is compiled by MoH only at county level; the canonical registry (data/indicators/registry/series.json) carries zero active series for this indicator at any of the 1450 ward geographies today -- this is a checkable fact re-verified on every rebuild of this ledger, not an assertion about any single ward. Under its survey_small_area treatment class, a resolved local value would require a direct local record, an exact aggregation, or a transparently labelled modelled/spatial estimate (respect survey design/domain and sampling uncertainty; small-area estimates require approved transparent method and uncertainty/confidence; never copy parent survey rates downward); parent county values are never spatially allocated or copied downward to manufacture a ward figure. This cell is closed as governed_unavailable pending genuine ward-level source compilation under P32 (ward completion).","MoH","https://www.kenphia.or.ke/assets/file/KENPHIA_Ago25-DIGITAL.pdf","ward disaggregation not yet compiled as of 2026-09-12"
"R020","As of 2026-09-12, HIV prevalence, ages 15–64 is compiled by MoH only at county level; the canonical registry (data/indicators/registry/series.json) carries zero active series for this indicator at any of the 290 constituency geographies today -- this is a checkable fact re-verified on every rebuild of this ledger, not an assertion about any single constituency. Under its survey_small_area treatment class, a resolved local value would require a direct local record, an exact aggregation, or a transparently labelled modelled/spatial estimate (respect survey design/domain and sampling uncertainty; small-area estimates require approved transparent method and uncertainty/confidence; never copy parent survey rates downward); parent county values are never spatially allocated or copied downward to manufacture a constituency figure. This cell is closed as governed_unavailable pending genuine constituency-level source compilation under P31 (constituency completion).","MoH","https://www.kenphia.or.ke/assets/file/KENPHIA_Ago25-DIGITAL.pdf","constituency disaggregation not yet compiled as of 2026-09-12"
"R021","As of 2026-09-12, Health facilities assessed in the 2023 Health Facility Census is compiled by MoH only at county level; the canonical registry (data/indicators/registry/series.json) carries zero active series for this indicator at any of the 1450 ward geographies today -- this is a checkable fact re-verified on every rebuild of this ledger, not an assertion about any single ward. Under its administrative_point_aggregate treatment class, a resolved local value would require a direct local record, an exact aggregation, or a transparently labelled modelled/spatial estimate (deduplicate records and retain operational/status filters; retain snapshot/as_of date; geocoded aggregation must disclose source coverage and unmatched records); parent county values are never spatially allocated or copied downward to manufacture a ward figure. This cell is closed as governed_unavailable pending genuine ward-level source compilation under P32 (ward completion).","MoH","https://www.health.go.ke/sites/default/files/2024-01/Kenya%20Health%20Facility%20Census%20Report%20September%202023.pdf","ward disaggregation not yet compiled as of 2026-09-12"
"R022","As of 2026-09-12, Health facilities assessed in the 2023 Health Facility Census is compiled by MoH only at county level; the canonical registry (data/indicators/registry/series.json) carries zero active series for this indicator at any of the 290 constituency geographies today -- this is a checkable fact re-verified on every rebuild of this ledger, not an assertion about any single constituency. Under its administrative_point_aggregate treatment class, a resolved local value would require a direct local record, an exact aggregation, or a transparently labelled modelled/spatial estimate (deduplicate records and retain operational/status filters; retain snapshot/as_of date; geocoded aggregation must disclose source coverage and unmatched records); parent county values are never spatially allocated or copied downward to manufacture a constituency figure. This cell is closed as governed_unavailable pending genuine constituency-level source compilation under P31 (constituency completion).","MoH","https://www.health.go.ke/sites/default/files/2024-01/Kenya%20Health%20Facility%20Census%20Report%20September%202023.pdf","constituency disaggregation not yet compiled as of 2026-09-12"
"R023","As of 2026-09-12, Health facility count is compiled by MoH only at county level; the canonical registry (data/indicators/registry/series.json) carries zero active series for this indicator at any of the 1450 ward geographies today -- this is a checkable fact re-verified on every rebuild of this ledger, not an assertion about any single ward. Under its administrative_point_aggregate treatment class, a resolved local value would require a direct local record, an exact aggregation, or a transparently labelled modelled/spatial estimate (deduplicate records and retain operational/status filters; retain snapshot/as_of date; geocoded aggregation must disclose source coverage and unmatched records); parent county values are never spatially allocated or copied downward to manufacture a ward figure. This cell is closed as governed_unavailable pending genuine ward-level source compilation under P32 (ward completion).","MoH","data/life-elsewhere/README.md","ward disaggregation not yet compiled as of 2026-09-12"
"R024","As of 2026-09-12, Health facility count is compiled by MoH only at county level; the canonical registry (data/indicators/registry/series.json) carries zero active series for this indicator at any of the 290 constituency geographies today -- this is a checkable fact re-verified on every rebuild of this ledger, not an assertion about any single constituency. Under its administrative_point_aggregate treatment class, a resolved local value would require a direct local record, an exact aggregation, or a transparently labelled modelled/spatial estimate (deduplicate records and retain operational/status filters; retain snapshot/as_of date; geocoded aggregation must disclose source coverage and unmatched records); parent county values are never spatially allocated or copied downward to manufacture a constituency figure. This cell is closed as governed_unavailable pending genuine constituency-level source compilation under P31 (constituency completion).","MoH","data/life-elsewhere/README.md","constituency disaggregation not yet compiled as of 2026-09-12"
"R025","As of 2026-09-12, Home birth rate is compiled by KNBS only at county level; the canonical registry (data/indicators/registry/series.json) carries zero active series for this indicator at any of the 1450 ward geographies today -- this is a checkable fact re-verified on every rebuild of this ledger, not an assertion about any single ward. Under its survey_small_area treatment class, a resolved local value would require a direct local record, an exact aggregation, or a transparently labelled modelled/spatial estimate (respect survey design/domain and sampling uncertainty; small-area estimates require approved transparent method and uncertainty/confidence; never copy parent survey rates downward); parent county values are never spatially allocated or copied downward to manufacture a ward figure. This cell is closed as governed_unavailable pending genuine ward-level source compilation under P32 (ward completion).","KNBS","https://dhsprogram.com/pubs/pdf/FR380/FR380.pdf","ward disaggregation not yet compiled as of 2026-09-12"
"R026","As of 2026-09-12, Home birth rate is compiled by KNBS only at county level; the canonical registry (data/indicators/registry/series.json) carries zero active series for this indicator at any of the 290 constituency geographies today -- this is a checkable fact re-verified on every rebuild of this ledger, not an assertion about any single constituency. Under its survey_small_area treatment class, a resolved local value would require a direct local record, an exact aggregation, or a transparently labelled modelled/spatial estimate (respect survey design/domain and sampling uncertainty; small-area estimates require approved transparent method and uncertainty/confidence; never copy parent survey rates downward); parent county values are never spatially allocated or copied downward to manufacture a constituency figure. This cell is closed as governed_unavailable pending genuine constituency-level source compilation under P31 (constituency completion).","KNBS","https://dhsprogram.com/pubs/pdf/FR380/FR380.pdf","constituency disaggregation not yet compiled as of 2026-09-12"
"R027","As of 2026-09-12, Households connected to main-grid electricity is compiled by KNBS only at county level; the canonical registry (data/indicators/registry/series.json) carries zero active series for this indicator at any of the 1450 ward geographies today -- this is a checkable fact re-verified on every rebuild of this ledger, not an assertion about any single ward. Under its survey_small_area treatment class, a resolved local value would require a direct local record, an exact aggregation, or a transparently labelled modelled/spatial estimate (respect survey design/domain and sampling uncertainty; small-area estimates require approved transparent method and uncertainty/confidence; never copy parent survey rates downward); parent county values are never spatially allocated or copied downward to manufacture a ward figure. This cell is closed as governed_unavailable pending genuine ward-level source compilation under P32 (ward completion).","KNBS","https://www.knbs.or.ke/reports/2023-24-kenya-housing-survey-basic-report/","ward disaggregation not yet compiled as of 2026-09-12"
"R028","As of 2026-09-12, Households connected to main-grid electricity is compiled by KNBS only at county level; the canonical registry (data/indicators/registry/series.json) carries zero active series for this indicator at any of the 290 constituency geographies today -- this is a checkable fact re-verified on every rebuild of this ledger, not an assertion about any single constituency. Under its survey_small_area treatment class, a resolved local value would require a direct local record, an exact aggregation, or a transparently labelled modelled/spatial estimate (respect survey design/domain and sampling uncertainty; small-area estimates require approved transparent method and uncertainty/confidence; never copy parent survey rates downward); parent county values are never spatially allocated or copied downward to manufacture a constituency figure. This cell is closed as governed_unavailable pending genuine constituency-level source compilation under P31 (constituency completion).","KNBS","https://www.knbs.or.ke/reports/2023-24-kenya-housing-survey-basic-report/","constituency disaggregation not yet compiled as of 2026-09-12"
"R029","As of 2026-09-12, Households owning a car is compiled by KNBS only at county level; the canonical registry (data/indicators/registry/series.json) carries zero active series for this indicator at any of the 1450 ward geographies today -- this is a checkable fact re-verified on every rebuild of this ledger, not an assertion about any single ward. Under its census_or_household_crosswalk treatment class, a resolved local value would require a direct local record, an exact aggregation, or a transparently labelled modelled/spatial estimate (use exact electoral geography or defensible documented crosswalk; rates require compatible numerator and denominator; boundary mismatch must be disclosed); parent county values are never spatially allocated or copied downward to manufacture a ward figure. This cell is closed as governed_unavailable pending genuine ward-level source compilation under P32 (ward completion).","KNBS","https://repository.knbs.or.ke/handle/knbs-ke-repo/451","ward disaggregation not yet compiled as of 2026-09-12"
"R030","As of 2026-09-12, Households owning a car is compiled by KNBS only at county level; the canonical registry (data/indicators/registry/series.json) carries zero active series for this indicator at any of the 290 constituency geographies today -- this is a checkable fact re-verified on every rebuild of this ledger, not an assertion about any single constituency. Under its census_or_household_crosswalk treatment class, a resolved local value would require a direct local record, an exact aggregation, or a transparently labelled modelled/spatial estimate (use exact electoral geography or defensible documented crosswalk; rates require compatible numerator and denominator; boundary mismatch must be disclosed); parent county values are never spatially allocated or copied downward to manufacture a constituency figure. This cell is closed as governed_unavailable pending genuine constituency-level source compilation under P31 (constituency completion).","KNBS","https://repository.knbs.or.ke/handle/knbs-ke-repo/451","constituency disaggregation not yet compiled as of 2026-09-12"
"R031","As of 2026-09-12, Households owning a motorcycle is compiled by KNBS only at county level; the canonical registry (data/indicators/registry/series.json) carries zero active series for this indicator at any of the 1450 ward geographies today -- this is a checkable fact re-verified on every rebuild of this ledger, not an assertion about any single ward. Under its census_or_household_crosswalk treatment class, a resolved local value would require a direct local record, an exact aggregation, or a transparently labelled modelled/spatial estimate (use exact electoral geography or defensible documented crosswalk; rates require compatible numerator and denominator; boundary mismatch must be disclosed); parent county values are never spatially allocated or copied downward to manufacture a ward figure. This cell is closed as governed_unavailable pending genuine ward-level source compilation under P32 (ward completion).","KNBS","https://repository.knbs.or.ke/handle/knbs-ke-repo/451","ward disaggregation not yet compiled as of 2026-09-12"
"R032","As of 2026-09-12, Households owning a motorcycle is compiled by KNBS only at county level; the canonical registry (data/indicators/registry/series.json) carries zero active series for this indicator at any of the 290 constituency geographies today -- this is a checkable fact re-verified on every rebuild of this ledger, not an assertion about any single constituency. Under its census_or_household_crosswalk treatment class, a resolved local value would require a direct local record, an exact aggregation, or a transparently labelled modelled/spatial estimate (use exact electoral geography or defensible documented crosswalk; rates require compatible numerator and denominator; boundary mismatch must be disclosed); parent county values are never spatially allocated or copied downward to manufacture a constituency figure. This cell is closed as governed_unavailable pending genuine constituency-level source compilation under P31 (constituency completion).","KNBS","https://repository.knbs.or.ke/handle/knbs-ke-repo/451","constituency disaggregation not yet compiled as of 2026-09-12"
"R033","As of 2026-09-12, Households owning their main dwelling is compiled by KNBS only at county level; the canonical registry (data/indicators/registry/series.json) carries zero active series for this indicator at any of the 1450 ward geographies today -- this is a checkable fact re-verified on every rebuild of this ledger, not an assertion about any single ward. Under its survey_small_area treatment class, a resolved local value would require a direct local record, an exact aggregation, or a transparently labelled modelled/spatial estimate (respect survey design/domain and sampling uncertainty; small-area estimates require approved transparent method and uncertainty/confidence; never copy parent survey rates downward); parent county values are never spatially allocated or copied downward to manufacture a ward figure. This cell is closed as governed_unavailable pending genuine ward-level source compilation under P32 (ward completion).","KNBS","data/life-elsewhere/README.md","ward disaggregation not yet compiled as of 2026-09-12"
"R034","As of 2026-09-12, Households owning their main dwelling is compiled by KNBS only at county level; the canonical registry (data/indicators/registry/series.json) carries zero active series for this indicator at any of the 290 constituency geographies today -- this is a checkable fact re-verified on every rebuild of this ledger, not an assertion about any single constituency. Under its survey_small_area treatment class, a resolved local value would require a direct local record, an exact aggregation, or a transparently labelled modelled/spatial estimate (respect survey design/domain and sampling uncertainty; small-area estimates require approved transparent method and uncertainty/confidence; never copy parent survey rates downward); parent county values are never spatially allocated or copied downward to manufacture a constituency figure. This cell is closed as governed_unavailable pending genuine constituency-level source compilation under P31 (constituency completion).","KNBS","data/life-elsewhere/README.md","constituency disaggregation not yet compiled as of 2026-09-12"
"R035","As of 2026-09-12, Households receiving cash transfer or social assistance is compiled by KNBS only at county level; the canonical registry (data/indicators/registry/series.json) carries zero active series for this indicator at any of the 1450 ward geographies today -- this is a checkable fact re-verified on every rebuild of this ledger, not an assertion about any single ward. Under its survey_small_area treatment class, a resolved local value would require a direct local record, an exact aggregation, or a transparently labelled modelled/spatial estimate (respect survey design/domain and sampling uncertainty; small-area estimates require approved transparent method and uncertainty/confidence; never copy parent survey rates downward); parent county values are never spatially allocated or copied downward to manufacture a ward figure. This cell is closed as governed_unavailable pending genuine ward-level source compilation under P32 (ward completion).","KNBS","https://www.knbs.or.ke/reports/kdhs-2022/","ward disaggregation not yet compiled as of 2026-09-12"
"R036","As of 2026-09-12, Households receiving cash transfer or social assistance is compiled by KNBS only at county level; the canonical registry (data/indicators/registry/series.json) carries zero active series for this indicator at any of the 290 constituency geographies today -- this is a checkable fact re-verified on every rebuild of this ledger, not an assertion about any single constituency. Under its survey_small_area treatment class, a resolved local value would require a direct local record, an exact aggregation, or a transparently labelled modelled/spatial estimate (respect survey design/domain and sampling uncertainty; small-area estimates require approved transparent method and uncertainty/confidence; never copy parent survey rates downward); parent county values are never spatially allocated or copied downward to manufacture a constituency figure. This cell is closed as governed_unavailable pending genuine constituency-level source compilation under P31 (constituency completion).","KNBS","https://www.knbs.or.ke/reports/kdhs-2022/","constituency disaggregation not yet compiled as of 2026-09-12"
"R037","As of 2026-09-12, Households with access to improved drinking-water source is compiled by KNBS only at county level; the canonical registry (data/indicators/registry/series.json) carries zero active series for this indicator at any of the 1450 ward geographies today -- this is a checkable fact re-verified on every rebuild of this ledger, not an assertion about any single ward. Under its survey_small_area treatment class, a resolved local value would require a direct local record, an exact aggregation, or a transparently labelled modelled/spatial estimate (respect survey design/domain and sampling uncertainty; small-area estimates require approved transparent method and uncertainty/confidence; never copy parent survey rates downward); parent county values are never spatially allocated or copied downward to manufacture a ward figure. This cell is closed as governed_unavailable pending genuine ward-level source compilation under P32 (ward completion).","KNBS","https://www.knbs.or.ke/reports/2023-24-kenya-housing-survey-basic-report/","ward disaggregation not yet compiled as of 2026-09-12"
"R038","As of 2026-09-12, Households with access to improved drinking-water source is compiled by KNBS only at county level; the canonical registry (data/indicators/registry/series.json) carries zero active series for this indicator at any of the 290 constituency geographies today -- this is a checkable fact re-verified on every rebuild of this ledger, not an assertion about any single constituency. Under its survey_small_area treatment class, a resolved local value would require a direct local record, an exact aggregation, or a transparently labelled modelled/spatial estimate (respect survey design/domain and sampling uncertainty; small-area estimates require approved transparent method and uncertainty/confidence; never copy parent survey rates downward); parent county values are never spatially allocated or copied downward to manufacture a constituency figure. This cell is closed as governed_unavailable pending genuine constituency-level source compilation under P31 (constituency completion).","KNBS","https://www.knbs.or.ke/reports/2023-24-kenya-housing-survey-basic-report/","constituency disaggregation not yet compiled as of 2026-09-12"
"R039","As of 2026-09-12, Households with durable wall material is compiled by KNBS only at county level; the canonical registry (data/indicators/registry/series.json) carries zero active series for this indicator at any of the 1450 ward geographies today -- this is a checkable fact re-verified on every rebuild of this ledger, not an assertion about any single ward. Under its census_or_household_crosswalk treatment class, a resolved local value would require a direct local record, an exact aggregation, or a transparently labelled modelled/spatial estimate (use exact electoral geography or defensible documented crosswalk; rates require compatible numerator and denominator; boundary mismatch must be disclosed); parent county values are never spatially allocated or copied downward to manufacture a ward figure. This cell is closed as governed_unavailable pending genuine ward-level source compilation under P32 (ward completion).","KNBS","https://repository.knbs.or.ke/handle/knbs-ke-repo/451","ward disaggregation not yet compiled as of 2026-09-12"
"R040","As of 2026-09-12, Households with durable wall material is compiled by KNBS only at county level; the canonical registry (data/indicators/registry/series.json) carries zero active series for this indicator at any of the 290 constituency geographies today -- this is a checkable fact re-verified on every rebuild of this ledger, not an assertion about any single constituency. Under its census_or_household_crosswalk treatment class, a resolved local value would require a direct local record, an exact aggregation, or a transparently labelled modelled/spatial estimate (use exact electoral geography or defensible documented crosswalk; rates require compatible numerator and denominator; boundary mismatch must be disclosed); parent county values are never spatially allocated or copied downward to manufacture a constituency figure. This cell is closed as governed_unavailable pending genuine constituency-level source compilation under P31 (constituency completion).","KNBS","https://repository.knbs.or.ke/handle/knbs-ke-repo/451","constituency disaggregation not yet compiled as of 2026-09-12"
"R041","As of 2026-09-12, Individuals using a computer is compiled by KNBS only at county level; the canonical registry (data/indicators/registry/series.json) carries zero active series for this indicator at any of the 1450 ward geographies today -- this is a checkable fact re-verified on every rebuild of this ledger, not an assertion about any single ward. Under its survey_small_area treatment class, a resolved local value would require a direct local record, an exact aggregation, or a transparently labelled modelled/spatial estimate (respect survey design/domain and sampling uncertainty; small-area estimates require approved transparent method and uncertainty/confidence; never copy parent survey rates downward); parent county values are never spatially allocated or copied downward to manufacture a ward figure. This cell is closed as governed_unavailable pending genuine ward-level source compilation under P32 (ward completion).","KNBS","https://www.knbs.or.ke/reports/2023-24-kenya-housing-survey-basic-report/","ward disaggregation not yet compiled as of 2026-09-12"
"R042","As of 2026-09-12, Individuals using a computer is compiled by KNBS only at county level; the canonical registry (data/indicators/registry/series.json) carries zero active series for this indicator at any of the 290 constituency geographies today -- this is a checkable fact re-verified on every rebuild of this ledger, not an assertion about any single constituency. Under its survey_small_area treatment class, a resolved local value would require a direct local record, an exact aggregation, or a transparently labelled modelled/spatial estimate (respect survey design/domain and sampling uncertainty; small-area estimates require approved transparent method and uncertainty/confidence; never copy parent survey rates downward); parent county values are never spatially allocated or copied downward to manufacture a constituency figure. This cell is closed as governed_unavailable pending genuine constituency-level source compilation under P31 (constituency completion).","KNBS","https://www.knbs.or.ke/reports/2023-24-kenya-housing-survey-basic-report/","constituency disaggregation not yet compiled as of 2026-09-12"
"R043","As of 2026-09-12, Individuals using internet is compiled by KNBS only at county level; the canonical registry (data/indicators/registry/series.json) carries zero active series for this indicator at any of the 1450 ward geographies today -- this is a checkable fact re-verified on every rebuild of this ledger, not an assertion about any single ward. Under its survey_small_area treatment class, a resolved local value would require a direct local record, an exact aggregation, or a transparently labelled modelled/spatial estimate (respect survey design/domain and sampling uncertainty; small-area estimates require approved transparent method and uncertainty/confidence; never copy parent survey rates downward); parent county values are never spatially allocated or copied downward to manufacture a ward figure. This cell is closed as governed_unavailable pending genuine ward-level source compilation under P32 (ward completion).","KNBS","https://www.knbs.or.ke/reports/2023-24-kenya-housing-survey-basic-report/","ward disaggregation not yet compiled as of 2026-09-12"
"R044","As of 2026-09-12, Individuals using internet is compiled by KNBS only at county level; the canonical registry (data/indicators/registry/series.json) carries zero active series for this indicator at any of the 290 constituency geographies today -- this is a checkable fact re-verified on every rebuild of this ledger, not an assertion about any single constituency. Under its survey_small_area treatment class, a resolved local value would require a direct local record, an exact aggregation, or a transparently labelled modelled/spatial estimate (respect survey design/domain and sampling uncertainty; small-area estimates require approved transparent method and uncertainty/confidence; never copy parent survey rates downward); parent county values are never spatially allocated or copied downward to manufacture a constituency figure. This cell is closed as governed_unavailable pending genuine constituency-level source compilation under P31 (constituency completion).","KNBS","https://www.knbs.or.ke/reports/2023-24-kenya-housing-survey-basic-report/","constituency disaggregation not yet compiled as of 2026-09-12"
"R045","As of 2026-09-12, Labour-force participation rate, age 15–64 is compiled by KNBS only at county level; the canonical registry (data/indicators/registry/series.json) carries zero active series for this indicator at any of the 1450 ward geographies today -- this is a checkable fact re-verified on every rebuild of this ledger, not an assertion about any single ward. Under its survey_small_area treatment class, a resolved local value would require a direct local record, an exact aggregation, or a transparently labelled modelled/spatial estimate (respect survey design/domain and sampling uncertainty; small-area estimates require approved transparent method and uncertainty/confidence; never copy parent survey rates downward); parent county values are never spatially allocated or copied downward to manufacture a ward figure. This cell is closed as governed_unavailable pending genuine ward-level source compilation under P32 (ward completion).","KNBS","data/life-elsewhere/README.md","ward disaggregation not yet compiled as of 2026-09-12"
"R046","As of 2026-09-12, Labour-force participation rate, age 15–64 is compiled by KNBS only at county level; the canonical registry (data/indicators/registry/series.json) carries zero active series for this indicator at any of the 290 constituency geographies today -- this is a checkable fact re-verified on every rebuild of this ledger, not an assertion about any single constituency. Under its survey_small_area treatment class, a resolved local value would require a direct local record, an exact aggregation, or a transparently labelled modelled/spatial estimate (respect survey design/domain and sampling uncertainty; small-area estimates require approved transparent method and uncertainty/confidence; never copy parent survey rates downward); parent county values are never spatially allocated or copied downward to manufacture a constituency figure. This cell is closed as governed_unavailable pending genuine constituency-level source compilation under P31 (constituency completion).","KNBS","data/life-elsewhere/README.md","constituency disaggregation not yet compiled as of 2026-09-12"
"R047","As of 2026-09-12, Maize area is compiled by KNBS only at county level; the canonical registry (data/indicators/registry/series.json) carries zero active series for this indicator at any of the 1450 ward geographies today -- this is a checkable fact re-verified on every rebuild of this ledger, not an assertion about any single ward. Under its agriculture_local treatment class, a resolved local value would require a direct local record, an exact aggregation, or a transparently labelled modelled/spatial estimate (crop/season/unit definition must match; yield must use compatible local area and production inputs; remote-sensing/modelled values must be labelled and validated); parent county values are never spatially allocated or copied downward to manufacture a ward figure. This cell is closed as governed_unavailable pending genuine ward-level source compilation under P32 (ward completion).","KNBS","https://www.knbs.or.ke/wp-content/uploads/2025/01/National-Agriculture-Production-Report-2024.pdf","ward disaggregation not yet compiled as of 2026-09-12"
"R048","As of 2026-09-12, Maize area is compiled by KNBS only at county level; the canonical registry (data/indicators/registry/series.json) carries zero active series for this indicator at any of the 290 constituency geographies today -- this is a checkable fact re-verified on every rebuild of this ledger, not an assertion about any single constituency. Under its agriculture_local treatment class, a resolved local value would require a direct local record, an exact aggregation, or a transparently labelled modelled/spatial estimate (crop/season/unit definition must match; yield must use compatible local area and production inputs; remote-sensing/modelled values must be labelled and validated); parent county values are never spatially allocated or copied downward to manufacture a constituency figure. This cell is closed as governed_unavailable pending genuine constituency-level source compilation under P31 (constituency completion).","KNBS","https://www.knbs.or.ke/wp-content/uploads/2025/01/National-Agriculture-Production-Report-2024.pdf","constituency disaggregation not yet compiled as of 2026-09-12"
"R049","As of 2026-09-12, Maize production is compiled by KNBS only at county level; the canonical registry (data/indicators/registry/series.json) carries zero active series for this indicator at any of the 1450 ward geographies today -- this is a checkable fact re-verified on every rebuild of this ledger, not an assertion about any single ward. Under its agriculture_local treatment class, a resolved local value would require a direct local record, an exact aggregation, or a transparently labelled modelled/spatial estimate (crop/season/unit definition must match; yield must use compatible local area and production inputs; remote-sensing/modelled values must be labelled and validated); parent county values are never spatially allocated or copied downward to manufacture a ward figure. This cell is closed as governed_unavailable pending genuine ward-level source compilation under P32 (ward completion).","KNBS","https://www.knbs.or.ke/wp-content/uploads/2025/01/National-Agriculture-Production-Report-2024.pdf","ward disaggregation not yet compiled as of 2026-09-12"
"R050","As of 2026-09-12, Maize production is compiled by KNBS only at county level; the canonical registry (data/indicators/registry/series.json) carries zero active series for this indicator at any of the 290 constituency geographies today -- this is a checkable fact re-verified on every rebuild of this ledger, not an assertion about any single constituency. Under its agriculture_local treatment class, a resolved local value would require a direct local record, an exact aggregation, or a transparently labelled modelled/spatial estimate (crop/season/unit definition must match; yield must use compatible local area and production inputs; remote-sensing/modelled values must be labelled and validated); parent county values are never spatially allocated or copied downward to manufacture a constituency figure. This cell is closed as governed_unavailable pending genuine constituency-level source compilation under P31 (constituency completion).","KNBS","https://www.knbs.or.ke/wp-content/uploads/2025/01/National-Agriculture-Production-Report-2024.pdf","constituency disaggregation not yet compiled as of 2026-09-12"
"R051","As of 2026-09-12, Maize yield is compiled by KNBS only at county level; the canonical registry (data/indicators/registry/series.json) carries zero active series for this indicator at any of the 1450 ward geographies today -- this is a checkable fact re-verified on every rebuild of this ledger, not an assertion about any single ward. Under its agriculture_local treatment class, a resolved local value would require a direct local record, an exact aggregation, or a transparently labelled modelled/spatial estimate (crop/season/unit definition must match; yield must use compatible local area and production inputs; remote-sensing/modelled values must be labelled and validated); parent county values are never spatially allocated or copied downward to manufacture a ward figure. This cell is closed as governed_unavailable pending genuine ward-level source compilation under P32 (ward completion).","KNBS","https://www.knbs.or.ke/wp-content/uploads/2025/01/National-Agriculture-Production-Report-2024.pdf","ward disaggregation not yet compiled as of 2026-09-12"
"R052","As of 2026-09-12, Maize yield is compiled by KNBS only at county level; the canonical registry (data/indicators/registry/series.json) carries zero active series for this indicator at any of the 290 constituency geographies today -- this is a checkable fact re-verified on every rebuild of this ledger, not an assertion about any single constituency. Under its agriculture_local treatment class, a resolved local value would require a direct local record, an exact aggregation, or a transparently labelled modelled/spatial estimate (crop/season/unit definition must match; yield must use compatible local area and production inputs; remote-sensing/modelled values must be labelled and validated); parent county values are never spatially allocated or copied downward to manufacture a constituency figure. This cell is closed as governed_unavailable pending genuine constituency-level source compilation under P31 (constituency completion).","KNBS","https://www.knbs.or.ke/wp-content/uploads/2025/01/National-Agriculture-Production-Report-2024.pdf","constituency disaggregation not yet compiled as of 2026-09-12"
"R053","As of 2026-09-12, Manufacturing gross value added is compiled by KNBS only at county level; the canonical registry (data/indicators/registry/series.json) carries zero active series for this indicator at any of the 1450 ward geographies today -- this is a checkable fact re-verified on every rebuild of this ledger, not an assertion about any single ward. Under its economic_accounts_small_area treatment class, a resolved local value would require a direct local record, an exact aggregation, or a transparently labelled modelled/spatial estimate (local economic definition must match the canonical accounting concept; model must be transparent, validated and clearly labelled; no population/land/equal-share parent allocation presented as observed output); parent county values are never spatially allocated or copied downward to manufacture a ward figure. This cell is closed as governed_unavailable pending genuine ward-level source compilation under P32 (ward completion).","KNBS","https://www.knbs.or.ke/wp-content/uploads/2025/12/2025-Gross-County-Product.pdf","ward disaggregation not yet compiled as of 2026-09-12"
"R054","As of 2026-09-12, Manufacturing gross value added is compiled by KNBS only at county level; the canonical registry (data/indicators/registry/series.json) carries zero active series for this indicator at any of the 290 constituency geographies today -- this is a checkable fact re-verified on every rebuild of this ledger, not an assertion about any single constituency. Under its economic_accounts_small_area treatment class, a resolved local value would require a direct local record, an exact aggregation, or a transparently labelled modelled/spatial estimate (local economic definition must match the canonical accounting concept; model must be transparent, validated and clearly labelled; no population/land/equal-share parent allocation presented as observed output); parent county values are never spatially allocated or copied downward to manufacture a constituency figure. This cell is closed as governed_unavailable pending genuine constituency-level source compilation under P31 (constituency completion).","KNBS","https://www.knbs.or.ke/wp-content/uploads/2025/12/2025-Gross-County-Product.pdf","constituency disaggregation not yet compiled as of 2026-09-12"
"R055","As of 2026-09-12, Manufacturing share of GCP is compiled by KNBS only at county level; the canonical registry (data/indicators/registry/series.json) carries zero active series for this indicator at any of the 1450 ward geographies today -- this is a checkable fact re-verified on every rebuild of this ledger, not an assertion about any single ward. Under its economic_accounts_small_area treatment class, a resolved local value would require a direct local record, an exact aggregation, or a transparently labelled modelled/spatial estimate (local economic definition must match the canonical accounting concept; model must be transparent, validated and clearly labelled; no population/land/equal-share parent allocation presented as observed output); parent county values are never spatially allocated or copied downward to manufacture a ward figure. This cell is closed as governed_unavailable pending genuine ward-level source compilation under P32 (ward completion).","KNBS","https://www.knbs.or.ke/wp-content/uploads/2025/12/2025-Gross-County-Product.pdf","ward disaggregation not yet compiled as of 2026-09-12"
"R056","As of 2026-09-12, Manufacturing share of GCP is compiled by KNBS only at county level; the canonical registry (data/indicators/registry/series.json) carries zero active series for this indicator at any of the 290 constituency geographies today -- this is a checkable fact re-verified on every rebuild of this ledger, not an assertion about any single constituency. Under its economic_accounts_small_area treatment class, a resolved local value would require a direct local record, an exact aggregation, or a transparently labelled modelled/spatial estimate (local economic definition must match the canonical accounting concept; model must be transparent, validated and clearly labelled; no population/land/equal-share parent allocation presented as observed output); parent county values are never spatially allocated or copied downward to manufacture a constituency figure. This cell is closed as governed_unavailable pending genuine constituency-level source compilation under P31 (constituency completion).","KNBS","https://www.knbs.or.ke/wp-content/uploads/2025/12/2025-Gross-County-Product.pdf","constituency disaggregation not yet compiled as of 2026-09-12"
"R057","As of 2026-09-12, Modern contraceptive use rate is compiled by KNBS only at county level; the canonical registry (data/indicators/registry/series.json) carries zero active series for this indicator at any of the 1450 ward geographies today -- this is a checkable fact re-verified on every rebuild of this ledger, not an assertion about any single ward. Under its survey_small_area treatment class, a resolved local value would require a direct local record, an exact aggregation, or a transparently labelled modelled/spatial estimate (respect survey design/domain and sampling uncertainty; small-area estimates require approved transparent method and uncertainty/confidence; never copy parent survey rates downward); parent county values are never spatially allocated or copied downward to manufacture a ward figure. This cell is closed as governed_unavailable pending genuine ward-level source compilation under P32 (ward completion).","KNBS","https://www.knbs.or.ke/wp-content/uploads/2023/08/Kenya-Demographic-and-Health-Survey-2022-Key-Indicators-Report.pdf","ward disaggregation not yet compiled as of 2026-09-12"
"R058","As of 2026-09-12, Modern contraceptive use rate is compiled by KNBS only at county level; the canonical registry (data/indicators/registry/series.json) carries zero active series for this indicator at any of the 290 constituency geographies today -- this is a checkable fact re-verified on every rebuild of this ledger, not an assertion about any single constituency. Under its survey_small_area treatment class, a resolved local value would require a direct local record, an exact aggregation, or a transparently labelled modelled/spatial estimate (respect survey design/domain and sampling uncertainty; small-area estimates require approved transparent method and uncertainty/confidence; never copy parent survey rates downward); parent county values are never spatially allocated or copied downward to manufacture a constituency figure. This cell is closed as governed_unavailable pending genuine constituency-level source compilation under P31 (constituency completion).","KNBS","https://www.knbs.or.ke/wp-content/uploads/2023/08/Kenya-Demographic-and-Health-Survey-2022-Key-Indicators-Report.pdf","constituency disaggregation not yet compiled as of 2026-09-12"
"R059","As of 2026-09-12, Overall poverty headcount rate is compiled by KNBS only at county level; the canonical registry (data/indicators/registry/series.json) carries zero active series for this indicator at any of the 1450 ward geographies today -- this is a checkable fact re-verified on every rebuild of this ledger, not an assertion about any single ward. Under its survey_small_area treatment class, a resolved local value would require a direct local record, an exact aggregation, or a transparently labelled modelled/spatial estimate (respect survey design/domain and sampling uncertainty; small-area estimates require approved transparent method and uncertainty/confidence; never copy parent survey rates downward); parent county values are never spatially allocated or copied downward to manufacture a ward figure. This cell is closed as governed_unavailable pending genuine ward-level source compilation under P32 (ward completion).","KNBS","https://www.knbs.or.ke/wp-content/uploads/2024/10/The-Kenya-Poverty-Report-2022.pdf","ward disaggregation not yet compiled as of 2026-09-12"
"R060","As of 2026-09-12, Overall poverty headcount rate is compiled by KNBS only at county level; the canonical registry (data/indicators/registry/series.json) carries zero active series for this indicator at any of the 290 constituency geographies today -- this is a checkable fact re-verified on every rebuild of this ledger, not an assertion about any single constituency. Under its survey_small_area treatment class, a resolved local value would require a direct local record, an exact aggregation, or a transparently labelled modelled/spatial estimate (respect survey design/domain and sampling uncertainty; small-area estimates require approved transparent method and uncertainty/confidence; never copy parent survey rates downward); parent county values are never spatially allocated or copied downward to manufacture a constituency figure. This cell is closed as governed_unavailable pending genuine constituency-level source compilation under P31 (constituency completion).","KNBS","https://www.knbs.or.ke/wp-content/uploads/2024/10/The-Kenya-Poverty-Report-2022.pdf","constituency disaggregation not yet compiled as of 2026-09-12"
"R061","As of 2026-09-12, Population age 3+ at school or learning institution is compiled by KNBS only at county level; the canonical registry (data/indicators/registry/series.json) carries zero active series for this indicator at any of the 1450 ward geographies today -- this is a checkable fact re-verified on every rebuild of this ledger, not an assertion about any single ward. Under its census_or_household_crosswalk treatment class, a resolved local value would require a direct local record, an exact aggregation, or a transparently labelled modelled/spatial estimate (use exact electoral geography or defensible documented crosswalk; rates require compatible numerator and denominator; boundary mismatch must be disclosed); parent county values are never spatially allocated or copied downward to manufacture a ward figure. This cell is closed as governed_unavailable pending genuine ward-level source compilation under P32 (ward completion).","KNBS","data/life-elsewhere/README.md","ward disaggregation not yet compiled as of 2026-09-12"
"R062","As of 2026-09-12, Population age 3+ at school or learning institution is compiled by KNBS only at county level; the canonical registry (data/indicators/registry/series.json) carries zero active series for this indicator at any of the 290 constituency geographies today -- this is a checkable fact re-verified on every rebuild of this ledger, not an assertion about any single constituency. Under its census_or_household_crosswalk treatment class, a resolved local value would require a direct local record, an exact aggregation, or a transparently labelled modelled/spatial estimate (use exact electoral geography or defensible documented crosswalk; rates require compatible numerator and denominator; boundary mismatch must be disclosed); parent county values are never spatially allocated or copied downward to manufacture a constituency figure. This cell is closed as governed_unavailable pending genuine constituency-level source compilation under P31 (constituency completion).","KNBS","data/life-elsewhere/README.md","constituency disaggregation not yet compiled as of 2026-09-12"
"R063","As of 2026-09-12, Population, 2009 census is compiled by KNBS only at county level; the canonical registry (data/indicators/registry/series.json) carries zero active series for this indicator at any of the 1450 ward geographies today -- this is a checkable fact re-verified on every rebuild of this ledger, not an assertion about any single ward. Under its census_or_household_crosswalk treatment class, a resolved local value would require a direct local record, an exact aggregation, or a transparently labelled modelled/spatial estimate (use exact electoral geography or defensible documented crosswalk; rates require compatible numerator and denominator; boundary mismatch must be disclosed); parent county values are never spatially allocated or copied downward to manufacture a ward figure. This cell is closed as governed_unavailable pending genuine ward-level source compilation under P32 (ward completion).","KNBS","https://www.knbs.or.ke/2019-kenya-population-and-housing-census-results/","ward disaggregation not yet compiled as of 2026-09-12"
"R064","As of 2026-09-12, Population, 2009 census is compiled by KNBS only at county level; the canonical registry (data/indicators/registry/series.json) carries zero active series for this indicator at any of the 290 constituency geographies today -- this is a checkable fact re-verified on every rebuild of this ledger, not an assertion about any single constituency. Under its census_or_household_crosswalk treatment class, a resolved local value would require a direct local record, an exact aggregation, or a transparently labelled modelled/spatial estimate (use exact electoral geography or defensible documented crosswalk; rates require compatible numerator and denominator; boundary mismatch must be disclosed); parent county values are never spatially allocated or copied downward to manufacture a constituency figure. This cell is closed as governed_unavailable pending genuine constituency-level source compilation under P31 (constituency completion).","KNBS","https://www.knbs.or.ke/2019-kenya-population-and-housing-census-results/","constituency disaggregation not yet compiled as of 2026-09-12"
"R065","As of 2026-09-12, Primary classroom teachers is compiled by MoE only at county level; the canonical registry (data/indicators/registry/series.json) carries zero active series for this indicator at any of the 1450 ward geographies today -- this is a checkable fact re-verified on every rebuild of this ledger, not an assertion about any single ward. Under its education_admin_aggregate treatment class, a resolved local value would require a direct local record, an exact aggregation, or a transparently labelled modelled/spatial estimate (institution records must be deduplicated and period-aligned; teacher/school definitions remain stable; spatial allocation based on geocoded institutions must disclose coverage); parent county values are never spatially allocated or copied downward to manufacture a ward figure. This cell is closed as governed_unavailable pending genuine ward-level source compilation under P32 (ward completion).","MoE","https://www.education.go.ke/sites/default/files/2023-08/B5%20REPORT%20OF%20THE%20PRESIDENTIAL%20WORKING%20PARTY%20ON%20EDUCATION%20REFORM%207th%20JULY%202023%20.pdf","ward disaggregation not yet compiled as of 2026-09-12"
"R066","As of 2026-09-12, Primary classroom teachers is compiled by MoE only at county level; the canonical registry (data/indicators/registry/series.json) carries zero active series for this indicator at any of the 290 constituency geographies today -- this is a checkable fact re-verified on every rebuild of this ledger, not an assertion about any single constituency. Under its education_admin_aggregate treatment class, a resolved local value would require a direct local record, an exact aggregation, or a transparently labelled modelled/spatial estimate (institution records must be deduplicated and period-aligned; teacher/school definitions remain stable; spatial allocation based on geocoded institutions must disclose coverage); parent county values are never spatially allocated or copied downward to manufacture a constituency figure. This cell is closed as governed_unavailable pending genuine constituency-level source compilation under P31 (constituency completion).","MoE","https://www.education.go.ke/sites/default/files/2023-08/B5%20REPORT%20OF%20THE%20PRESIDENTIAL%20WORKING%20PARTY%20ON%20EDUCATION%20REFORM%207th%20JULY%202023%20.pdf","constituency disaggregation not yet compiled as of 2026-09-12"
"R067","As of 2026-09-12, Public primary schools is compiled by MoE only at county level; the canonical registry (data/indicators/registry/series.json) carries zero active series for this indicator at any of the 1450 ward geographies today -- this is a checkable fact re-verified on every rebuild of this ledger, not an assertion about any single ward. Under its education_admin_aggregate treatment class, a resolved local value would require a direct local record, an exact aggregation, or a transparently labelled modelled/spatial estimate (institution records must be deduplicated and period-aligned; teacher/school definitions remain stable; spatial allocation based on geocoded institutions must disclose coverage); parent county values are never spatially allocated or copied downward to manufacture a ward figure. This cell is closed as governed_unavailable pending genuine ward-level source compilation under P32 (ward completion).","MoE","https://www.education.go.ke/sites/default/files/2023-08/B5%20REPORT%20OF%20THE%20PRESIDENTIAL%20WORKING%20PARTY%20ON%20EDUCATION%20REFORM%207th%20JULY%202023%20.pdf","ward disaggregation not yet compiled as of 2026-09-12"
"R068","As of 2026-09-12, Public primary schools is compiled by MoE only at county level; the canonical registry (data/indicators/registry/series.json) carries zero active series for this indicator at any of the 290 constituency geographies today -- this is a checkable fact re-verified on every rebuild of this ledger, not an assertion about any single constituency. Under its education_admin_aggregate treatment class, a resolved local value would require a direct local record, an exact aggregation, or a transparently labelled modelled/spatial estimate (institution records must be deduplicated and period-aligned; teacher/school definitions remain stable; spatial allocation based on geocoded institutions must disclose coverage); parent county values are never spatially allocated or copied downward to manufacture a constituency figure. This cell is closed as governed_unavailable pending genuine constituency-level source compilation under P31 (constituency completion).","MoE","https://www.education.go.ke/sites/default/files/2023-08/B5%20REPORT%20OF%20THE%20PRESIDENTIAL%20WORKING%20PARTY%20ON%20EDUCATION%20REFORM%207th%20JULY%202023%20.pdf","constituency disaggregation not yet compiled as of 2026-09-12"
"R069","As of 2026-09-12, Public secondary schools is compiled by MoE only at county level; the canonical registry (data/indicators/registry/series.json) carries zero active series for this indicator at any of the 1450 ward geographies today -- this is a checkable fact re-verified on every rebuild of this ledger, not an assertion about any single ward. Under its education_admin_aggregate treatment class, a resolved local value would require a direct local record, an exact aggregation, or a transparently labelled modelled/spatial estimate (institution records must be deduplicated and period-aligned; teacher/school definitions remain stable; spatial allocation based on geocoded institutions must disclose coverage); parent county values are never spatially allocated or copied downward to manufacture a ward figure. This cell is closed as governed_unavailable pending genuine ward-level source compilation under P32 (ward completion).","MoE","https://www.education.go.ke/sites/default/files/2023-08/B5%20REPORT%20OF%20THE%20PRESIDENTIAL%20WORKING%20PARTY%20ON%20EDUCATION%20REFORM%207th%20JULY%202023%20.pdf","ward disaggregation not yet compiled as of 2026-09-12"
"R070","As of 2026-09-12, Public secondary schools is compiled by MoE only at county level; the canonical registry (data/indicators/registry/series.json) carries zero active series for this indicator at any of the 290 constituency geographies today -- this is a checkable fact re-verified on every rebuild of this ledger, not an assertion about any single constituency. Under its education_admin_aggregate treatment class, a resolved local value would require a direct local record, an exact aggregation, or a transparently labelled modelled/spatial estimate (institution records must be deduplicated and period-aligned; teacher/school definitions remain stable; spatial allocation based on geocoded institutions must disclose coverage); parent county values are never spatially allocated or copied downward to manufacture a constituency figure. This cell is closed as governed_unavailable pending genuine constituency-level source compilation under P31 (constituency completion).","MoE","https://www.education.go.ke/sites/default/files/2023-08/B5%20REPORT%20OF%20THE%20PRESIDENTIAL%20WORKING%20PARTY%20ON%20EDUCATION%20REFORM%207th%20JULY%202023%20.pdf","constituency disaggregation not yet compiled as of 2026-09-12"
"R071","As of 2026-09-12, Rent as a share of household expenditure is compiled by KNBS only at county level; the canonical registry (data/indicators/registry/series.json) carries zero active series for this indicator at any of the 1450 ward geographies today -- this is a checkable fact re-verified on every rebuild of this ledger, not an assertion about any single ward. Under its survey_small_area treatment class, a resolved local value would require a direct local record, an exact aggregation, or a transparently labelled modelled/spatial estimate (respect survey design/domain and sampling uncertainty; small-area estimates require approved transparent method and uncertainty/confidence; never copy parent survey rates downward); parent county values are never spatially allocated or copied downward to manufacture a ward figure. This cell is closed as governed_unavailable pending genuine ward-level source compilation under P32 (ward completion).","KNBS","data/life-elsewhere/README.md","ward disaggregation not yet compiled as of 2026-09-12"
"R072","As of 2026-09-12, Rent as a share of household expenditure is compiled by KNBS only at county level; the canonical registry (data/indicators/registry/series.json) carries zero active series for this indicator at any of the 290 constituency geographies today -- this is a checkable fact re-verified on every rebuild of this ledger, not an assertion about any single constituency. Under its survey_small_area treatment class, a resolved local value would require a direct local record, an exact aggregation, or a transparently labelled modelled/spatial estimate (respect survey design/domain and sampling uncertainty; small-area estimates require approved transparent method and uncertainty/confidence; never copy parent survey rates downward); parent county values are never spatially allocated or copied downward to manufacture a constituency figure. This cell is closed as governed_unavailable pending genuine constituency-level source compilation under P31 (constituency completion).","KNBS","data/life-elsewhere/README.md","constituency disaggregation not yet compiled as of 2026-09-12"
"R073","As of 2026-09-12, Secondary teachers is compiled by MoE only at county level; the canonical registry (data/indicators/registry/series.json) carries zero active series for this indicator at any of the 1450 ward geographies today -- this is a checkable fact re-verified on every rebuild of this ledger, not an assertion about any single ward. Under its education_admin_aggregate treatment class, a resolved local value would require a direct local record, an exact aggregation, or a transparently labelled modelled/spatial estimate (institution records must be deduplicated and period-aligned; teacher/school definitions remain stable; spatial allocation based on geocoded institutions must disclose coverage); parent county values are never spatially allocated or copied downward to manufacture a ward figure. This cell is closed as governed_unavailable pending genuine ward-level source compilation under P32 (ward completion).","MoE","https://www.education.go.ke/sites/default/files/2023-08/B5%20REPORT%20OF%20THE%20PRESIDENTIAL%20WORKING%20PARTY%20ON%20EDUCATION%20REFORM%207th%20JULY%202023%20.pdf","ward disaggregation not yet compiled as of 2026-09-12"
"R074","As of 2026-09-12, Secondary teachers is compiled by MoE only at county level; the canonical registry (data/indicators/registry/series.json) carries zero active series for this indicator at any of the 290 constituency geographies today -- this is a checkable fact re-verified on every rebuild of this ledger, not an assertion about any single constituency. Under its education_admin_aggregate treatment class, a resolved local value would require a direct local record, an exact aggregation, or a transparently labelled modelled/spatial estimate (institution records must be deduplicated and period-aligned; teacher/school definitions remain stable; spatial allocation based on geocoded institutions must disclose coverage); parent county values are never spatially allocated or copied downward to manufacture a constituency figure. This cell is closed as governed_unavailable pending genuine constituency-level source compilation under P31 (constituency completion).","MoE","https://www.education.go.ke/sites/default/files/2023-08/B5%20REPORT%20OF%20THE%20PRESIDENTIAL%20WORKING%20PARTY%20ON%20EDUCATION%20REFORM%207th%20JULY%202023%20.pdf","constituency disaggregation not yet compiled as of 2026-09-12"
"R075","As of 2026-09-12, Skilled birth attendance is compiled by KNBS only at county level; the canonical registry (data/indicators/registry/series.json) carries zero active series for this indicator at any of the 1450 ward geographies today -- this is a checkable fact re-verified on every rebuild of this ledger, not an assertion about any single ward. Under its survey_small_area treatment class, a resolved local value would require a direct local record, an exact aggregation, or a transparently labelled modelled/spatial estimate (respect survey design/domain and sampling uncertainty; small-area estimates require approved transparent method and uncertainty/confidence; never copy parent survey rates downward); parent county values are never spatially allocated or copied downward to manufacture a ward figure. This cell is closed as governed_unavailable pending genuine ward-level source compilation under P32 (ward completion).","KNBS","https://dhsprogram.com/pubs/pdf/FR380/FR380.pdf","ward disaggregation not yet compiled as of 2026-09-12"
"R076","As of 2026-09-12, Skilled birth attendance is compiled by KNBS only at county level; the canonical registry (data/indicators/registry/series.json) carries zero active series for this indicator at any of the 290 constituency geographies today -- this is a checkable fact re-verified on every rebuild of this ledger, not an assertion about any single constituency. Under its survey_small_area treatment class, a resolved local value would require a direct local record, an exact aggregation, or a transparently labelled modelled/spatial estimate (respect survey design/domain and sampling uncertainty; small-area estimates require approved transparent method and uncertainty/confidence; never copy parent survey rates downward); parent county values are never spatially allocated or copied downward to manufacture a constituency figure. This cell is closed as governed_unavailable pending genuine constituency-level source compilation under P31 (constituency completion).","KNBS","https://dhsprogram.com/pubs/pdf/FR380/FR380.pdf","constituency disaggregation not yet compiled as of 2026-09-12"
"R077","As of 2026-09-12, Super Petrol pump price is compiled by EPRA only at county level; the canonical registry (data/indicators/registry/series.json) carries zero active series for this indicator at any of the 1450 ward geographies today -- this is a checkable fact re-verified on every rebuild of this ledger, not an assertion about any single ward. Under its dynamic_location_price treatment class, a resolved local value would require a direct local record, an exact aggregation, or a transparently labelled modelled/spatial estimate (location coverage and effective dates explicit; representative-town value cannot be silently described as a geography average; interpolation/modelled coverage must be visibly estimated); parent county values are never spatially allocated or copied downward to manufacture a ward figure. This cell is closed as governed_unavailable pending genuine ward-level source compilation under P32 (ward completion).","EPRA","https://www.epra.go.ke/pump-price-formulae","ward disaggregation not yet compiled as of 2026-09-12"
"R078","As of 2026-09-12, Teenage pregnancy, age 15–19 is compiled by KNBS only at county level; the canonical registry (data/indicators/registry/series.json) carries zero active series for this indicator at any of the 1450 ward geographies today -- this is a checkable fact re-verified on every rebuild of this ledger, not an assertion about any single ward. Under its survey_small_area treatment class, a resolved local value would require a direct local record, an exact aggregation, or a transparently labelled modelled/spatial estimate (respect survey design/domain and sampling uncertainty; small-area estimates require approved transparent method and uncertainty/confidence; never copy parent survey rates downward); parent county values are never spatially allocated or copied downward to manufacture a ward figure. This cell is closed as governed_unavailable pending genuine ward-level source compilation under P32 (ward completion).","KNBS","https://www.dhsprogram.com/pubs/pdf/PR143/PR143.pdf","ward disaggregation not yet compiled as of 2026-09-12"
"R079","As of 2026-09-12, Teenage pregnancy, age 15–19 is compiled by KNBS only at county level; the canonical registry (data/indicators/registry/series.json) carries zero active series for this indicator at any of the 290 constituency geographies today -- this is a checkable fact re-verified on every rebuild of this ledger, not an assertion about any single constituency. Under its survey_small_area treatment class, a resolved local value would require a direct local record, an exact aggregation, or a transparently labelled modelled/spatial estimate (respect survey design/domain and sampling uncertainty; small-area estimates require approved transparent method and uncertainty/confidence; never copy parent survey rates downward); parent county values are never spatially allocated or copied downward to manufacture a constituency figure. This cell is closed as governed_unavailable pending genuine constituency-level source compilation under P31 (constituency completion).","KNBS","https://www.dhsprogram.com/pubs/pdf/PR143/PR143.pdf","constituency disaggregation not yet compiled as of 2026-09-12"
"R080","As of 2026-09-12, Women age 15–49 literacy rate is compiled by KNBS only at county level; the canonical registry (data/indicators/registry/series.json) carries zero active series for this indicator at any of the 1450 ward geographies today -- this is a checkable fact re-verified on every rebuild of this ledger, not an assertion about any single ward. Under its survey_small_area treatment class, a resolved local value would require a direct local record, an exact aggregation, or a transparently labelled modelled/spatial estimate (respect survey design/domain and sampling uncertainty; small-area estimates require approved transparent method and uncertainty/confidence; never copy parent survey rates downward); parent county values are never spatially allocated or copied downward to manufacture a ward figure. This cell is closed as governed_unavailable pending genuine ward-level source compilation under P32 (ward completion).","KNBS","https://dhsprogram.com/pubs/pdf/FR380/FR380erratum.pdf","ward disaggregation not yet compiled as of 2026-09-12"
"R081","As of 2026-09-12, Women age 15–49 literacy rate is compiled by KNBS only at county level; the canonical registry (data/indicators/registry/series.json) carries zero active series for this indicator at any of the 290 constituency geographies today -- this is a checkable fact re-verified on every rebuild of this ledger, not an assertion about any single constituency. Under its survey_small_area treatment class, a resolved local value would require a direct local record, an exact aggregation, or a transparently labelled modelled/spatial estimate (respect survey design/domain and sampling uncertainty; small-area estimates require approved transparent method and uncertainty/confidence; never copy parent survey rates downward); parent county values are never spatially allocated or copied downward to manufacture a constituency figure. This cell is closed as governed_unavailable pending genuine constituency-level source compilation under P31 (constituency completion).","KNBS","https://dhsprogram.com/pubs/pdf/FR380/FR380erratum.pdf","constituency disaggregation not yet compiled as of 2026-09-12"
"R082","County Executive audit opinion is an institutional_county_only indicator under data/policy/local-54-indicator-contract.json: a county government's own budget/audit/fiscal account has no constituency-level institutional referent, so it ""never spatially allocate[s] county-government accounts"" (that document's own condition). Per the same document, ""constituency and ward default to not_applicable unless a distinct local institutional measure with a different indicator definition is created"" -- no such distinct measure exists yet, so this cell is not_applicable rather than governed_unavailable.","data/policy/local-54-indicator-contract.json","https://github.com/dansamuka/kenya-data-atlas/blob/main/data/policy/local-54-indicator-contract.json","constituency disposition, institutional_county_only treatment class"
"R083","County Executive audit opinion is an institutional_county_only indicator under data/policy/local-54-indicator-contract.json: a county government's own budget/audit/fiscal account has no ward-level institutional referent, so it ""never spatially allocate[s] county-government accounts"" (that document's own condition). Per the same document, ""constituency and ward default to not_applicable unless a distinct local institutional measure with a different indicator definition is created"" -- no such distinct measure exists yet, so this cell is not_applicable rather than governed_unavailable.","data/policy/local-54-indicator-contract.json","https://github.com/dansamuka/kenya-data-atlas/blob/main/data/policy/local-54-indicator-contract.json","ward disposition, institutional_county_only treatment class"
"R084","County budget absorption rate is an institutional_county_only indicator under data/policy/local-54-indicator-contract.json: a county government's own budget/audit/fiscal account has no constituency-level institutional referent, so it ""never spatially allocate[s] county-government accounts"" (that document's own condition). Per the same document, ""constituency and ward default to not_applicable unless a distinct local institutional measure with a different indicator definition is created"" -- no such distinct measure exists yet, so this cell is not_applicable rather than governed_unavailable.","data/policy/local-54-indicator-contract.json","https://github.com/dansamuka/kenya-data-atlas/blob/main/data/policy/local-54-indicator-contract.json","constituency disposition, institutional_county_only treatment class"
"R085","County budget absorption rate is an institutional_county_only indicator under data/policy/local-54-indicator-contract.json: a county government's own budget/audit/fiscal account has no ward-level institutional referent, so it ""never spatially allocate[s] county-government accounts"" (that document's own condition). Per the same document, ""constituency and ward default to not_applicable unless a distinct local institutional measure with a different indicator definition is created"" -- no such distinct measure exists yet, so this cell is not_applicable rather than governed_unavailable.","data/policy/local-54-indicator-contract.json","https://github.com/dansamuka/kenya-data-atlas/blob/main/data/policy/local-54-indicator-contract.json","ward disposition, institutional_county_only treatment class"
"R086","County budget is an institutional_county_only indicator under data/policy/local-54-indicator-contract.json: a county government's own budget/audit/fiscal account has no constituency-level institutional referent, so it ""never spatially allocate[s] county-government accounts"" (that document's own condition). Per the same document, ""constituency and ward default to not_applicable unless a distinct local institutional measure with a different indicator definition is created"" -- no such distinct measure exists yet, so this cell is not_applicable rather than governed_unavailable.","data/policy/local-54-indicator-contract.json","https://github.com/dansamuka/kenya-data-atlas/blob/main/data/policy/local-54-indicator-contract.json","constituency disposition, institutional_county_only treatment class"
"R087","County budget is an institutional_county_only indicator under data/policy/local-54-indicator-contract.json: a county government's own budget/audit/fiscal account has no ward-level institutional referent, so it ""never spatially allocate[s] county-government accounts"" (that document's own condition). Per the same document, ""constituency and ward default to not_applicable unless a distinct local institutional measure with a different indicator definition is created"" -- no such distinct measure exists yet, so this cell is not_applicable rather than governed_unavailable.","data/policy/local-54-indicator-contract.json","https://github.com/dansamuka/kenya-data-atlas/blob/main/data/policy/local-54-indicator-contract.json","ward disposition, institutional_county_only treatment class"
"R088","County expenditure is an institutional_county_only indicator under data/policy/local-54-indicator-contract.json: a county government's own budget/audit/fiscal account has no constituency-level institutional referent, so it ""never spatially allocate[s] county-government accounts"" (that document's own condition). Per the same document, ""constituency and ward default to not_applicable unless a distinct local institutional measure with a different indicator definition is created"" -- no such distinct measure exists yet, so this cell is not_applicable rather than governed_unavailable.","data/policy/local-54-indicator-contract.json","https://github.com/dansamuka/kenya-data-atlas/blob/main/data/policy/local-54-indicator-contract.json","constituency disposition, institutional_county_only treatment class"
"R089","County expenditure is an institutional_county_only indicator under data/policy/local-54-indicator-contract.json: a county government's own budget/audit/fiscal account has no ward-level institutional referent, so it ""never spatially allocate[s] county-government accounts"" (that document's own condition). Per the same document, ""constituency and ward default to not_applicable unless a distinct local institutional measure with a different indicator definition is created"" -- no such distinct measure exists yet, so this cell is not_applicable rather than governed_unavailable.","data/policy/local-54-indicator-contract.json","https://github.com/dansamuka/kenya-data-atlas/blob/main/data/policy/local-54-indicator-contract.json","ward disposition, institutional_county_only treatment class"
"R090","Development budget absorption rate is an institutional_county_only indicator under data/policy/local-54-indicator-contract.json: a county government's own budget/audit/fiscal account has no constituency-level institutional referent, so it ""never spatially allocate[s] county-government accounts"" (that document's own condition). Per the same document, ""constituency and ward default to not_applicable unless a distinct local institutional measure with a different indicator definition is created"" -- no such distinct measure exists yet, so this cell is not_applicable rather than governed_unavailable.","data/policy/local-54-indicator-contract.json","https://github.com/dansamuka/kenya-data-atlas/blob/main/data/policy/local-54-indicator-contract.json","constituency disposition, institutional_county_only treatment class"
"R091","Development budget absorption rate is an institutional_county_only indicator under data/policy/local-54-indicator-contract.json: a county government's own budget/audit/fiscal account has no ward-level institutional referent, so it ""never spatially allocate[s] county-government accounts"" (that document's own condition). Per the same document, ""constituency and ward default to not_applicable unless a distinct local institutional measure with a different indicator definition is created"" -- no such distinct measure exists yet, so this cell is not_applicable rather than governed_unavailable.","data/policy/local-54-indicator-contract.json","https://github.com/dansamuka/kenya-data-atlas/blob/main/data/policy/local-54-indicator-contract.json","ward disposition, institutional_county_only treatment class"
"R092","EPRA sets maximum retail Super Petrol prices under Section 101(y) of the Petroleum Act 2019 and Legal Notice No. 192 of 2022 for a small, named set of designated pricing towns, not per petrol station, ward or constituency. This is the same structure this project already documented and validated at county level (data/sprint1/README.md, data/sprint1/VALIDATION.md, scripts/p28/validate-epra-fuel-provenance.mjs), where 45 of 47 county display slots carry an explicitly labelled Badge C 'representative pricing town, not a county average' proxy and none is presented as a direct county or sub-county value. This P31 review re-verified the structure against the live 15 September-14 October 2026 EPRA circular (independently corroborated by The Star, Pulse Kenya and K24 Digital) rather than assuming the prior cycle still applied: the same town-named schedule continues (e.g. Nairobi, Mombasa, Nakuru, Eldoret, Kisumu, Meru, Kitale, Kisii), with no reference anywhere in the notice to constituency, sub-county or ward geography, and no per-station pricing. Kenya's 290 constituencies do not correspond to EPRA's pricing-town geography: pricing towns are not aligned to, or evenly distributed across, constituency boundaries, and a single town's schedule typically covers an entire county. Under the dynamic_location_price treatment class (data/policy/local-54-indicator-contract.json), spatial_derivation is not an allowed method for this indicator in the first place, so there is no permitted construction path from the county-level pricing-town data down to constituency; only a genuine EPRA publication at that granularity could resolve this, and no prior or current EPRA cycle publishes one. No county pricing-town value is inherited, averaged or interpolated down to any constituency.","Energy & Petroleum Regulatory Authority (EPRA) — maximum retail petroleum prices notice","https://www.epra.go.ke/maximum-retail-petroleum-prices-kenya-period-15th-september-2026-14th-october-2026","15 September 2026 - 14 October 2026 EPRA pricing cycle · P31 constituency review"
"R093","KMHFR's data model carries facility-level constituency location and, if reachable, could in principle support constituency facility counts. The Atlas indicator, however, is health facilities assessed per 10,000 residents and requires a population denominator aligned to the current 290-constituency boundary and reference period. The governed P23 census review found no direct current-290 constituency population series or authoritative crosswalk supporting that denominator. A facility count is not relabelled as a population density, and no county/sub-county population is inherited downward. P28A amendment (2026-09-16): this decision's original framing that KMHFR ""provides"" a usable constituency facility count was never live-verified and is now corrected — direct reachability tests of the KMHFR public portal and its documented API host (run on 2026-09-08 and again on 2026-09-16, eight days apart) both found every connection unreachable (DNS resolves; every TCP handshake over HTTP/HTTPS times out or is refused), while the Ministry's own health.go.ke apex domain responded normally in the same tests, showing this is a targeted, persistent access failure of the KMHFR host rather than a general outage or a one-off blip. No alternative official, current, geocoded/constituency-tagged facility export was found either: the only official KMHFR-derived download on the Humanitarian Data Exchange is a 2017 snapshot with no coordinates that predates and does not reconcile to the 2023 Kenya Health Facility Census total already anchoring this indicator at county level, and the Ministry's own 2023 census report never publishes facility counts below county. So this constituency gap is not solely a denominator problem: the facility-count numerator is also currently blocked at its designated source, on top of the pre-existing, independently confirmed absence of a current-290 constituency population denominator (see the parallel P24 ward-population investigation in data/p24/ward-census-closure-contract.json, which found KNBS's 2019 census tabulates no finer than sub-location and that no gazetted electoral-constituency/ward population count exists). Both inputs remain genuinely unavailable, not merely unintegrated.","Ministry of Health — Kenya Master Health Facility Registry (KMHFR)","https://kmhfr.health.go.ke/public/facilities","2023 health-facility census definition · current 290-constituency boundary"
"R094","KNBS's 2019 KPHC publication does not publish average household size as a direct current-290-constituency table. County/sub-county values are not inherited, and lower administrative-unit household counts are not aggregated without an authoritative constituency crosswalk; the older KNBS constituency table predates the current 2012-01 constituency configuration. P28A re-audit (2026-09-16) independently re-verified this by downloading and text-extracting KNBS 2019 KPHC Volume II (Distribution of Population by Administrative Units, https://www.knbs.or.ke/wp-content/uploads/2023/09/2019-Kenya-population-and-Housing-Census-Volume-2-Distribution-of-Population-by-Administrative-Units.pdf) in full: its own List of Tables shows Table 2.4 (Distribution of Population by Sex, Number of Households, Land Area, Population Density and Sub Locations) is the finest administrative tier published -- there is no Table 2.x for constituencies. 'Constituency' and 'Ward' appear in Volume II exactly twice, both times as fields on the raw household enumeration questionnaire reproduced in the appendix, not as a published aggregate table -- a census questionnaire field recording constituency does not by itself constitute a published constituency statistic (see rules, above). The re-audit also confirmed KNBS administrative sub-counties (the finest county-nested tier that is aggregated, in Table 2.3) are not the same delineation as the 290 IEBC electoral constituencies and cannot substitute for them without a crosswalk KNBS has not published: e.g. Table 1.2 lists 5 KNBS sub-counties for Kwale County (Kinango, Lunga Lunga, Matuga, Msambweni, Samburu) against Kwale's 4 IEBC constituencies, and 11 KNBS sub-counties for Meru County against Meru's 9 IEBC constituencies. Separately, the re-audit downloaded and text-extracted the older, standalone 'Constituency Population by Sex, Number of Households, Area and Density' publication (https://www.knbs.or.ke/constituency-population-by-sex-number-of-households-area-and-density/, republished 2013) and confirmed it is 2009-census Volume 1B (Population Distribution by Political Units), whose own text states its tables 'are tabulated for the 210 constituencies and the 47 counties in Kenya' -- i.e. it is definitively the pre-2012-delimitation constituency configuration referenced above, not a current-290 table, and using it to derive household size (population / households) would require exactly the unavailable 210-to-290 crosswalk this closure already prohibits inventing. The re-audit also checked the KNBS Kenya National Data Archive (NADA) catalog entry for the 2019 KPHC (https://statistics.knbs.or.ke/nada/index.php/catalog/116); its public study metadata documents no constituency-level geographic identifier or downloadable constituency aggregate and describes geographic coverage only at 'The Whole Country' / household-and-individual microdata level, not a released constituency tabulation. No credible S0-S4 primary or secondary source, and no defensible S1 official-derived computation (an authoritative population figure and an authoritative household-count figure at the same current-290-constituency granularity), was found. As of this re-audit, IEBC has also publicly ruled out any constituency/ward boundary delimitation review before the 2027 general election -- the constitutional March 2024 deadline was missed, and a January 2025 High Court ruling (under appeal) invalidated the underlying 2019 census population figures for Garissa, Wajir and Mandera counties specifically -- so the current 2012-01, 290-constituency boundary remains the operative geography with no imminent republication of constituency-level census tables or a fresh KNBS-IEBC crosswalk in prospect.","KNBS — 2019 Kenya Population and Housing Census Reports","https://new.knbs.or.ke/2019-kenya-population-and-housing-census-reports/","2019 KPHC · current 290-constituency boundary"
"R095","KNBS's 2019 KPHC publication does not publish population as a direct current-290-constituency table. Published county/sub-county/administrative-unit values are not inherited or cross-walked without an authoritative boundary mapping. P28A re-opened this closure on 2026-09-16 and independently re-verified and substantially extended the original finding rather than grandfathering it: (1) Volume II (Distribution of Population by Administrative Units) was downloaded and its full text inspected directly. Its own table of contents confirms its finest published tiers are Table 2.2 county, Table 2.3 sub-county, Table 2.4 sub-location and Table 2.5 urban centres; the word 'Constituency' occurs only twice in the ~250-page volume, as blank geocoding fields on the reproduced household questionnaire form in the appendix, not as a published statistic — this directly confirms rule 4 below rather than merely asserting it. (2) The separately-linked KNBS page above (legacy_constituency_table_url) was re-examined directly: it does list all 290 constituencies matching the current post-2012 delimitation, but it was published 2013-03-22 and its figures are the 2009 census count, not the 2019 KPHC — independently corroborated by the Humanitarian Data Exchange, which hosts the identical table explicitly titled 'Kenya population per constituency (2009).csv'. This sharpens the prior reason: the disqualifying defect is a census-period/vintage mismatch (2009 count presented as 2019 KPHC data), not solely a boundary mismatch. (3) Kenyan press reporting contemporaneous with the 2019 KPHC release (The Star, 2020-03-01, 'IEBC, KNBS battle over control of crucial data'; Daily Nation, 'Storm brewing over review of constituency boundaries') documents that KNBS compiled an unpublished internal 'Volume V' tabulating 2019 population by constituency and ward for the IEBC delimitation review, but withheld it from public release amid an unresolved inter-agency dispute over electoral-boundary shapefiles; a KNBS official is quoted: 'Unfortunately we cannot release the same without clear boundaries.' Reporters who sought the document directly were unable to obtain it. This Atlas has no access to an unpublished government working document and records this only as evidence that no publicly citable table exists, not as a promotion path. (4) As of 2025-2026 reporting the position has not improved: IEBC confirmed no constituency/ward boundary review will occur before the 2027 general election, citing among other reasons that 'KNBS has yet to clarify whether the 2019 census figures can be used as the legal basis for delimitation'; separately, the Garissa High Court (Petition No. 4 of 2020, Sheikh & 24 Others v KNBS, IEBC & 3 Others, ruling 2025-01-28) invalidated the 2019 KPHC count for Garissa, Wajir and Mandera counties (14 of 290 constituencies) and ordered a fresh census there, with the Court of Appeal (Civil Appeal No. 236 of 2025) since directing that matter remain in status quo pending determination of the appeal. Part of the underlying 2019 county-level count is therefore itself under active, unresolved judicial challenge, independent of the constituency-table publication gap. (5) The P28A secondary/modelled fallback hierarchy was searched exhaustively for a representation opportunity: no third-party aggregator (HDX, OCHA Kenya COD-AB/COD-PS, WorldPop's published country products, Wikipedia) hosts a 2019-vintage current-290-constituency population table; every constituency-level population dataset located, including on HDX, is the 2009 count. OCHA's Kenya COD-AB/COD-PS products stop at ADM2 (sub-county) and are documented as not reconciling to constituency geography. A genuinely modelled S5 fallback (aggregating a WorldPop-style gridded population raster to the Atlas's own existing 2012-01 constituency polygons in data/geography/geometry/constituencies.geojson) was considered, consistent with this programme's modelled-estimate allowance, but this repository currently has no raster/zonal-statistics tooling (no GDAL, rasterio or geotiff dependency), and there is no published constituency-level figure anywhere against which a from-scratch aggregation could be sanity-checked. Building one under this review's time and tooling constraints would risk producing exactly the kind of unverifiable computed figure the Atlas's anti-fabrication standard exists to prevent, so it was not attempted; it remains a legitimate, well-scoped future workstream (see refresh_trigger).","KNBS — 2019 Kenya Population and Housing Census Reports","https://new.knbs.or.ke/2019-kenya-population-and-housing-census-reports/","2019 KPHC · current 290-constituency boundary"
"R096","KNBS's 2019 KPHC report series (Volumes I–IV) does not publish population as a direct table for the current 1,450 IEBC county assembly wards; its finest published administrative tier is the sub-location, which is a different, non-coterminous geography from the electoral ward. The IEBC boundary-delimitation exercise that would have produced an official ward population table was never completed or gazetted. No authoritative crosswalk exists to aggregate published sub-location (or any coarser KNBS unit) counts into the 1,450 current wards, so no genuine ward-level published figure can be attached without fabricating one. P28A re-opened this closure on 2026-09-16 and found the ward-level gap shares, and compounds, the constituency-level gap documented in data/p23/constituency-census-closure-contract.json: Kenyan press reporting (The Star, 2020-03-01, 'IEBC, KNBS battle over control of crucial data'; Daily Nation, 'Storm brewing over review of constituency boundaries') documents that KNBS compiled an unpublished internal 'Volume V' tabulating 2019 population by constituency AND ward for the IEBC delimitation review, but withheld it amid an unresolved inter-agency dispute over electoral-boundary shapefiles (a KNBS official: 'Unfortunately we cannot release the same without clear boundaries'); no public copy has surfaced since, and as of 2025-2026 reporting IEBC has confirmed no ward boundary review will occur before the 2027 general election, in part because 'KNBS has yet to clarify whether the 2019 census figures can be used as the legal basis for delimitation.' Separately, the Garissa High Court (Petition No. 4 of 2020, ruling 2025-01-28) invalidated the underlying 2019 KPHC count for Garissa, Wajir and Mandera counties, with the Court of Appeal (Civil Appeal No. 236 of 2025) since ordering status quo pending appeal — so even the sub-location counts a future crosswalk might aggregate are, for those three counties, currently under active judicial challenge. No third-party aggregator (HDX, OCHA Kenya COD-AB/COD-PS, WorldPop's published country products, Wikipedia) was found to publish a 2019-vintage current-1,450-ward population table; OCHA's Kenya COD-AB/COD-PS products stop at ADM2 (sub-county) and are documented as not reconciling to electoral geography. A genuinely modelled S5 fallback (aggregating a WorldPop-style gridded population raster to the Atlas's own existing 2012-01 ward polygons in data/geography/geometry/wards.geojson) was considered per this programme's modelled-estimate allowance, but this repository has no raster/zonal-statistics tooling and no published ward-level figure anywhere to check a from-scratch aggregation against 1,450 zones, so it was not attempted rather than risk an unverifiable computed figure; it remains a legitimate future workstream.","KNBS — 2019 Kenya Population and Housing Census Reports (Volumes I–IV)","https://www.knbs.or.ke/2019-kenya-population-and-housing-census-results/","2019 KPHC · current 1,450-ward boundary"
"R097","Narok is explicitly shown without a pending-bills amount in the final Table 10 county breakdown because the entity did not submit pending-bills data. The Atlas preserves this as official non-submission; it is not zero and is not reverse-engineered from the budget percentage column.","National Treasury Budget Review and Outlook Paper 2025, Table 10; source data Controller of Budget","https://www.treasury.go.ke/sites/default/files/2025-Budget-Review-and-Outlook-Paper-1.pdf","FY 2024/25 · as at 30 June 2025"
"R098","Own-source revenue target attainment is an institutional_county_only indicator under data/policy/local-54-indicator-contract.json: a county government's own budget/audit/fiscal account has no constituency-level institutional referent, so it ""never spatially allocate[s] county-government accounts"" (that document's own condition). Per the same document, ""constituency and ward default to not_applicable unless a distinct local institutional measure with a different indicator definition is created"" -- no such distinct measure exists yet, so this cell is not_applicable rather than governed_unavailable.","data/policy/local-54-indicator-contract.json","https://github.com/dansamuka/kenya-data-atlas/blob/main/data/policy/local-54-indicator-contract.json","constituency disposition, institutional_county_only treatment class"
"R099","Own-source revenue target attainment is an institutional_county_only indicator under data/policy/local-54-indicator-contract.json: a county government's own budget/audit/fiscal account has no ward-level institutional referent, so it ""never spatially allocate[s] county-government accounts"" (that document's own condition). Per the same document, ""constituency and ward default to not_applicable unless a distinct local institutional measure with a different indicator definition is created"" -- no such distinct measure exists yet, so this cell is not_applicable rather than governed_unavailable.","data/policy/local-54-indicator-contract.json","https://github.com/dansamuka/kenya-data-atlas/blob/main/data/policy/local-54-indicator-contract.json","ward disposition, institutional_county_only treatment class"
"R100","Pending bills is an institutional_county_only indicator under data/policy/local-54-indicator-contract.json: a county government's own budget/audit/fiscal account has no constituency-level institutional referent, so it ""never spatially allocate[s] county-government accounts"" (that document's own condition). Per the same document, ""constituency and ward default to not_applicable unless a distinct local institutional measure with a different indicator definition is created"" -- no such distinct measure exists yet, so this cell is not_applicable rather than governed_unavailable.","data/policy/local-54-indicator-contract.json","https://github.com/dansamuka/kenya-data-atlas/blob/main/data/policy/local-54-indicator-contract.json","constituency disposition, institutional_county_only treatment class"
"R101","Pending bills is an institutional_county_only indicator under data/policy/local-54-indicator-contract.json: a county government's own budget/audit/fiscal account has no ward-level institutional referent, so it ""never spatially allocate[s] county-government accounts"" (that document's own condition). Per the same document, ""constituency and ward default to not_applicable unless a distinct local institutional measure with a different indicator definition is created"" -- no such distinct measure exists yet, so this cell is not_applicable rather than governed_unavailable.","data/policy/local-54-indicator-contract.json","https://github.com/dansamuka/kenya-data-atlas/blob/main/data/policy/local-54-indicator-contract.json","ward disposition, institutional_county_only treatment class"
"R102","The Atlas attempted to resolve this indicator at constituency level via spatial_derivation, the method network_spatial indicators are explicitly permitted to use (data/policy/local-54-indicator-contract.json). A systematic search found no bulk-downloadable classified road-network GIS layer on KRB's own channels: the KRB Map Portal (maps.krb.go.ke) hosts an interactive 'Road Network Classification' layer (gazetted Jan 2016, plus a 2021 revised overlay) but is a view-only MangoMap deployment with no shapefile/GeoJSON/API export and an explicit notice prohibiting reproduction of its data without KRB's prior written consent; krb.go.ke/downloads links back to the same view-only portal; opendata.go.ke has no matching dataset. The only publicly downloadable classified road GIS layer located anywhere was the World Bank/ESMAP 'Kenya - Roads' dataset (energydata.info, CC BY 4.0), described in its own metadata as 'provided by Kenya Roads Board (KRB)', released 2017 (collected for the Kenya Off-grid Solar Access Project / National Electrification Strategy). Its SHP ZIP resource opened successfully (61,201 road segments, RID_8 field encoding Kenya's official road-number classification, e.g. 'C13'); its GeoJSON resource is corrupted on the publisher's own server (premature EOF, not a transfer fault) and was unusable. Extracting the 398 RID_8='C…' (Class C) segments and geometrically clipping them against the Atlas's own canonical county polygons (the required reconciliation step before any constituency-level publication, per network_spatial's own condition to 'reconcile additive totals where meaningful') produced a national total of 19,503.7 km versus the already-published KNBS Table 11.9 total of 28,150.5 km (69.3%), with per-county ratios ranging non-uniformly from 29.9% (Marsabit) to 170.4% (Mombasa) to 6,020% (Nairobi). KNBS's own Table 11.9 attributes the 2025 county increases to newly mapped roads found by the 2025 Road Inventory and Condition Surveys, consistent with this ~2017-vintage GIS layer materially under- and unevenly representing the current official Class C network. Publishing a constituency breakdown derived from an input that fails this reconciliation test by up to two orders of magnitude in specific counties would misrepresent individual constituencies, which the Atlas's anti-fabrication standard exists to prevent. The older (2008) World Bank AICD road shapefile and a 2004 WFP/HDX roads layer were also identified and rejected on vintage grounds without full processing, since both predate and would reconcile no better than the 2017 layer already tested; OpenStreetmap-derived exports (healthsites.io, HOT OSM) were not used per this Atlas's existing rule (data/p24/ward-health-facility-density-closure-contract.json; docs/governance/data-quality-framework.md) that a Class C/spatially-derived observation requires a documented official input, which volunteer OSM mapping is not, and OSM's highway tags do not correspond to Kenya's official A-E road classification in any case. No county value is inherited or interpolated down to any constituency.","KNBS Economic Survey 2026 Table 11.9; underlying source Kenya Rural Roads Authority; spatial-derivation candidate World Bank/ESMAP ""Kenya - Roads"" (energydata.info, KRB-attributed)","https://www.knbs.or.ke/reports/2026-economic-survey/","2025 provisional · Economic Survey 2026 · P31 constituency spatial-derivation review"
"R103","The Atlas attempted to resolve this indicator at ward level via spatial_derivation: a point-in-polygon count of geocoded, operational KMHFR facilities against the Atlas's own canonical 1,450-ward polygon layer (data/geography/geometry/wards.geojson), divided by a ward population denominator. Both the public KMHFR facility portal and its documented GIS/API host were unreachable from the build environment on repeated attempts on 2026-09-08 (DNS resolved; every TCP connection over HTTP and HTTPS timed out or was refused), while the Ministry's own health.go.ke apex domain was reachable at the same time, showing this is a targeted access failure rather than a general outage. A systematic search for a genuine alternative official geocoded facility list found none that qualifies: the only official KMHFR-derived extract available for download (HDX ""Kenya - Health facilities in Kenya"", 2017) has no latitude/longitude field at all and is a 2017 snapshot of 8,932 facilities that predates and does not reconcile to the 2023 Kenya Health Facility Census total (14,883 facilities) already anchoring this indicator at county level; the only current, geocoded facility datasets found (healthsites.io's ""Kenya Healthsites"" export and the Humanitarian OpenStreetMap Team's ""Health Facilities of Kenya"" export) are both built from OpenStreetMap volunteer mapping rather than an official government registry and both self-disclose incomplete, geographically uneven coverage, so neither can support a Class C spatially-derived observation under the Atlas data-quality framework, which requires a documented official input for that class. Independently, the ward population denominator required for a facilities-per-10,000-residents rate does not yet exist in the canonical registry (IND-POPULATION currently resolves only to country and county level). A facility count is not relabelled as a population density, and no county or constituency value is inherited downward to any ward. P28A re-verification (2026-09-16): KMHFR and opendata.go.ke remain unreachable eight days later under the identical failure signature, ruling out a transient outage; no new official geocoded facility dataset appeared on HDX (the 2017 KMHFR extract is byte-identical to the one already rejected); and the Ministry's own 2023 Kenya Health Facility Census report — reachable and directly inspected — confirms its underlying microdata captures each facility's ward via the KMHFR-fed field questionnaire, but the published report itself never tabulates facility counts below county level, so it cannot substitute for a live ward-geocoded KMHFR export. A separate, independent P24 investigation into the ward population denominator (data/p24/ward-census-closure-contract.json, indicator IND-POPULATION) found that KNBS's 2019 census tabulates no finer than the sub-location, that Kenya's 1,450 IEBC electoral wards were never gazetted with an official population count, and that no authoritative sub-location-to-ward crosswalk exists — independently confirming the denominator side of this gap is not merely unresearched but genuinely unpublished. Both a reachable geocoded official facility export (the numerator) and an official current-boundary ward population figure (the denominator) remain actual, diligence-backed blockers, not two framings of one problem.","Ministry of Health — Kenya Master Health Facility Registry (KMHFR)","https://kmhfr.health.go.ke/public/facilities","2023 health-facility census definition · current 1,450-ward boundary"
"R104","The Kenya Data Atlas already materialises registered-voter counts for 1,440 of the 1,450 statistical wards directly from IEBC Gazette Notice No. 7290 (scripts/p23/build-ward-voters.mjs). Ten official source rows across two constituencies remain withheld from canonical ward geometry: Mandera East (constituency 43 — Arabia, Bulla Mpya, Khalalio, Neboi, Township) and Lafey (constituency 44 — Libehia, Fino, Lafey, Warankara, Alungo Gof). The current externally sourced ward boundary layer for this pair of constituencies conflicts with the operative IEBC configuration, so a safe deterministic one-to-one crosswalk between the ten official CAW source rows and the ten canonical ward polygons cannot be established without risking a false attribution of a specific voter count to the wrong ward. This is the same documented Mandera East/Lafey spatial hold referenced throughout the Atlas (CHANGELOG.md; docs/DATA-COMPLETION-PLAN.md, Track B and the P24 acceptance criteria) and deliberately preserved through the P23A/P23X constituency and ward voter materialisation: the ten source rows remain correctly included in the Mandera East and Lafey constituency-level totals as an exact aggregation of all official First Schedule child-ward rows, but are not force-matched, interpolated, or evenly split across the five ward polygons in either constituency at the ward level. The ward-level completeness ledger slot for these ten wards is therefore closed as boundary unresolved — a genuine geometry/crosswalk constraint distinct from data non-publication — rather than left as an unexplained blank or filled with a fabricated or force-matched value.","IEBC Gazette Notice No. 7290 — Registered Voters per County Assembly Ward (First Schedule); Kenya Data Atlas P23X ward-voter materialisation (scripts/p23/build-ward-voters.mjs, data/sprint2/README.md)","https://www.iebc.or.ke/uploads/resources/L7k6ob1bau.pdf","2022 registered voters · ward boundary hold as at 8 September 2026"
