fiscal_year,period_start,period_end,geo_code,name,budget_total_ksh_mn,expenditure_total_ksh_mn,development_absorption_pct,overall_absorption_pct,source_page,rate_method,source_url
2013/14,2013-07-01,2014-06-30,KEN-C001,Mombasa,11686,5209.8,2.4,44.6,225,published_annex,https://cob.go.ke/download/annual-county-governments-budget-implementation-review-report-fy-20132014/?wpdmdl=7639
2013/14,2013-07-01,2014-06-30,KEN-C002,Kwale,4391.4,2929.3,56.9,66.7,225,published_annex,https://cob.go.ke/download/annual-county-governments-budget-implementation-review-report-fy-20132014/?wpdmdl=7639
2013/14,2013-07-01,2014-06-30,KEN-C003,Kilifi,6701.2,4013.2,20.7,59.9,224,published_annex,https://cob.go.ke/download/annual-county-governments-budget-implementation-review-report-fy-20132014/?wpdmdl=7639
2013/14,2013-07-01,2014-06-30,KEN-C004,Tana River,3206.1,1325,2.7,41.3,226,published_annex,https://cob.go.ke/download/annual-county-governments-budget-implementation-review-report-fy-20132014/?wpdmdl=7639
2013/14,2013-07-01,2014-06-30,KEN-C005,Lamu,1648.5,729,24,44.2,225,published_annex,https://cob.go.ke/download/annual-county-governments-budget-implementation-review-report-fy-20132014/?wpdmdl=7639
2013/14,2013-07-01,2014-06-30,KEN-C006,Taita Taveta,2920.4,2010.9,47.7,68.9,226,published_annex,https://cob.go.ke/download/annual-county-governments-budget-implementation-review-report-fy-20132014/?wpdmdl=7639
2013/14,2013-07-01,2014-06-30,KEN-C007,Garissa,4847,2169.3,31,44.8,224,published_annex,https://cob.go.ke/download/annual-county-governments-budget-implementation-review-report-fy-20132014/?wpdmdl=7639
2013/14,2013-07-01,2014-06-30,KEN-C008,Wajir,5365.5,4429,78.2,82.5,227,published_annex,https://cob.go.ke/download/annual-county-governments-budget-implementation-review-report-fy-20132014/?wpdmdl=7639
2013/14,2013-07-01,2014-06-30,KEN-C009,Mandera,6987.6,3464.1,23.7,49.6,225,published_annex,https://cob.go.ke/download/annual-county-governments-budget-implementation-review-report-fy-20132014/?wpdmdl=7639
2013/14,2013-07-01,2014-06-30,KEN-C010,Marsabit,3840,2508.1,34.6,65.3,225,published_annex,https://cob.go.ke/download/annual-county-governments-budget-implementation-review-report-fy-20132014/?wpdmdl=7639
2013/14,2013-07-01,2014-06-30,KEN-C011,Isiolo,2784.6,2068,51,74.3,224,published_annex,https://cob.go.ke/download/annual-county-governments-budget-implementation-review-report-fy-20132014/?wpdmdl=7639
2013/14,2013-07-01,2014-06-30,KEN-C012,Meru,5681.7,3822.7,19.7,67.3,225,published_annex,https://cob.go.ke/download/annual-county-governments-budget-implementation-review-report-fy-20132014/?wpdmdl=7639
2013/14,2013-07-01,2014-06-30,KEN-C013,Tharaka-Nithi,2580.2,2198.1,53.8,85.2,226,published_annex,https://cob.go.ke/download/annual-county-governments-budget-implementation-review-report-fy-20132014/?wpdmdl=7639
2013/14,2013-07-01,2014-06-30,KEN-C014,Embu,4023.4,2745.5,12.2,68.2,224,published_annex,https://cob.go.ke/download/annual-county-governments-budget-implementation-review-report-fy-20132014/?wpdmdl=7639
2013/14,2013-07-01,2014-06-30,KEN-C015,Kitui,6489,3441.9,17.6,53,225,published_annex,https://cob.go.ke/download/annual-county-governments-budget-implementation-review-report-fy-20132014/?wpdmdl=7639
2013/14,2013-07-01,2014-06-30,KEN-C016,Machakos,8015.7,6069.1,64.5,75.7,225,published_annex,https://cob.go.ke/download/annual-county-governments-budget-implementation-review-report-fy-20132014/?wpdmdl=7639
2013/14,2013-07-01,2014-06-30,KEN-C017,Makueni,5071.2,3139.9,30.7,61.9,225,published_annex,https://cob.go.ke/download/annual-county-governments-budget-implementation-review-report-fy-20132014/?wpdmdl=7639
2013/14,2013-07-01,2014-06-30,KEN-C018,Nyandarua,3386.9,2889.8,55.1,85.3,226,published_annex,https://cob.go.ke/download/annual-county-governments-budget-implementation-review-report-fy-20132014/?wpdmdl=7639
2013/14,2013-07-01,2014-06-30,KEN-C019,Nyeri,4550.4,4274.6,64.3,93.9,226,published_annex,https://cob.go.ke/download/annual-county-governments-budget-implementation-review-report-fy-20132014/?wpdmdl=7639
2013/14,2013-07-01,2014-06-30,KEN-C020,Kirinyaga,3026,1801.9,34,59.5,224,published_annex,https://cob.go.ke/download/annual-county-governments-budget-implementation-review-report-fy-20132014/?wpdmdl=7639
2013/14,2013-07-01,2014-06-30,KEN-C021,Murang'a,5121.9,3855.3,51.3,75.3,225,published_annex,https://cob.go.ke/download/annual-county-governments-budget-implementation-review-report-fy-20132014/?wpdmdl=7639
2013/14,2013-07-01,2014-06-30,KEN-C022,Kiambu,9323,6682.8,41.1,71.7,224,published_annex,https://cob.go.ke/download/annual-county-governments-budget-implementation-review-report-fy-20132014/?wpdmdl=7639
2013/14,2013-07-01,2014-06-30,KEN-C023,Turkana,8145.1,3409.3,48.3,41.9,226,published_annex,https://cob.go.ke/download/annual-county-governments-budget-implementation-review-report-fy-20132014/?wpdmdl=7639
2013/14,2013-07-01,2014-06-30,KEN-C024,West Pokot,3631.3,2898.2,59.7,79.8,227,published_annex,https://cob.go.ke/download/annual-county-governments-budget-implementation-review-report-fy-20132014/?wpdmdl=7639
2013/14,2013-07-01,2014-06-30,KEN-C025,Samburu,2906.5,2090.6,59.5,71.9,226,published_annex,https://cob.go.ke/download/annual-county-governments-budget-implementation-review-report-fy-20132014/?wpdmdl=7639
2013/14,2013-07-01,2014-06-30,KEN-C026,Trans Nzoia,4424.5,3021.6,74,68.3,226,published_annex,https://cob.go.ke/download/annual-county-governments-budget-implementation-review-report-fy-20132014/?wpdmdl=7639
2013/14,2013-07-01,2014-06-30,KEN-C027,Uasin Gishu,4618,2732.6,12.5,59.2,226,published_annex,https://cob.go.ke/download/annual-county-governments-budget-implementation-review-report-fy-20132014/?wpdmdl=7639
2013/14,2013-07-01,2014-06-30,KEN-C028,Elgeyo/Marakwet,2603.7,1713.6,49.9,65.8,224,published_annex,https://cob.go.ke/download/annual-county-governments-budget-implementation-review-report-fy-20132014/?wpdmdl=7639
2013/14,2013-07-01,2014-06-30,KEN-C029,Nandi,3899.8,2423.8,44.4,62.2,226,published_annex,https://cob.go.ke/download/annual-county-governments-budget-implementation-review-report-fy-20132014/?wpdmdl=7639
2013/14,2013-07-01,2014-06-30,KEN-C030,Baringo,3644.9,2810.7,30.7,77.1,224,published_annex,https://cob.go.ke/download/annual-county-governments-budget-implementation-review-report-fy-20132014/?wpdmdl=7639
2013/14,2013-07-01,2014-06-30,KEN-C031,Laikipia,3317.8,2628.7,33.6,79.2,225,published_annex,https://cob.go.ke/download/annual-county-governments-budget-implementation-review-report-fy-20132014/?wpdmdl=7639
2013/14,2013-07-01,2014-06-30,KEN-C032,Nakuru,10038,5864,16.5,58.4,226,published_annex,https://cob.go.ke/download/annual-county-governments-budget-implementation-review-report-fy-20132014/?wpdmdl=7639
2013/14,2013-07-01,2014-06-30,KEN-C033,Narok,7325.2,4232.7,22,57.8,226,published_annex,https://cob.go.ke/download/annual-county-governments-budget-implementation-review-report-fy-20132014/?wpdmdl=7639
2013/14,2013-07-01,2014-06-30,KEN-C034,Kajiado,3758.2,2826,46.4,75.2,224,published_annex,https://cob.go.ke/download/annual-county-governments-budget-implementation-review-report-fy-20132014/?wpdmdl=7639
2013/14,2013-07-01,2014-06-30,KEN-C035,Kericho,3632.6,2811.2,54.3,77.4,224,published_annex,https://cob.go.ke/download/annual-county-governments-budget-implementation-review-report-fy-20132014/?wpdmdl=7639
2013/14,2013-07-01,2014-06-30,KEN-C036,Bomet,3799.9,3552.9,92.4,93.5,224,published_annex,https://cob.go.ke/download/annual-county-governments-budget-implementation-review-report-fy-20132014/?wpdmdl=7639
2013/14,2013-07-01,2014-06-30,KEN-C037,Kakamega,9640.2,5218.6,27.2,54.1,224,published_annex,https://cob.go.ke/download/annual-county-governments-budget-implementation-review-report-fy-20132014/?wpdmdl=7639
2013/14,2013-07-01,2014-06-30,KEN-C038,Vihiga,3263.9,2486.9,32.1,76.2,226,published_annex,https://cob.go.ke/download/annual-county-governments-budget-implementation-review-report-fy-20132014/?wpdmdl=7639
2013/14,2013-07-01,2014-06-30,KEN-C039,Bungoma,8853.9,4160.9,15.3,47,224,published_annex,https://cob.go.ke/download/annual-county-governments-budget-implementation-review-report-fy-20132014/?wpdmdl=7639
2013/14,2013-07-01,2014-06-30,KEN-C040,Busia,4305.4,2472.9,17.6,57.4,224,published_annex,https://cob.go.ke/download/annual-county-governments-budget-implementation-review-report-fy-20132014/?wpdmdl=7639
2013/14,2013-07-01,2014-06-30,KEN-C041,Siaya,4264.1,2462.9,28.8,57.8,226,published_annex,https://cob.go.ke/download/annual-county-governments-budget-implementation-review-report-fy-20132014/?wpdmdl=7639
2013/14,2013-07-01,2014-06-30,KEN-C042,Kisumu,7320.6,4526.5,4,61.8,225,published_annex,https://cob.go.ke/download/annual-county-governments-budget-implementation-review-report-fy-20132014/?wpdmdl=7639
2013/14,2013-07-01,2014-06-30,KEN-C043,Homa Bay,5314.7,4032.5,64.4,75.9,224,published_annex,https://cob.go.ke/download/annual-county-governments-budget-implementation-review-report-fy-20132014/?wpdmdl=7639
2013/14,2013-07-01,2014-06-30,KEN-C044,Migori,5530.7,4247.3,60.9,76.8,225,published_annex,https://cob.go.ke/download/annual-county-governments-budget-implementation-review-report-fy-20132014/?wpdmdl=7639
2013/14,2013-07-01,2014-06-30,KEN-C045,Kisii,6553.2,4768.8,55.4,72.8,225,published_annex,https://cob.go.ke/download/annual-county-governments-budget-implementation-review-report-fy-20132014/?wpdmdl=7639
2013/14,2013-07-01,2014-06-30,KEN-C046,Nyamira,3415.7,2406.9,43.9,70.5,226,published_annex,https://cob.go.ke/download/annual-county-governments-budget-implementation-review-report-fy-20132014/?wpdmdl=7639
2013/14,2013-07-01,2014-06-30,KEN-C047,Nairobi,25225.2,17774.9,24.7,70.5,225,published_annex,https://cob.go.ke/download/annual-county-governments-budget-implementation-review-report-fy-20132014/?wpdmdl=7639
2014/15,2014-07-01,2015-06-30,KEN-C001,Mombasa,9870.298,7717.426,65.7,78.188,304,annex_ratio,https://cob.go.ke/download/annual-county-governments-budget-implementation-review-report-fy-201415/?wpdmdl=9317
2014/15,2014-07-01,2015-06-30,KEN-C002,Kwale,6519.73,4476.662,55.8,68.663,303,annex_ratio,https://cob.go.ke/download/annual-county-governments-budget-implementation-review-report-fy-201415/?wpdmdl=9317
2014/15,2014-07-01,2015-06-30,KEN-C003,Kilifi,9882.829,7522.315,64.9,76.115,303,annex_ratio,https://cob.go.ke/download/annual-county-governments-budget-implementation-review-report-fy-201415/?wpdmdl=9317
2014/15,2014-07-01,2015-06-30,KEN-C004,Tana River,4549.69,2351.205,38.4,51.678,304,annex_ratio,https://cob.go.ke/download/annual-county-governments-budget-implementation-review-report-fy-201415/?wpdmdl=9317
2014/15,2014-07-01,2015-06-30,KEN-C005,Lamu,2509.718,1717.02,50.8,68.415,303,annex_ratio,https://cob.go.ke/download/annual-county-governments-budget-implementation-review-report-fy-201415/?wpdmdl=9317
2014/15,2014-07-01,2015-06-30,KEN-C006,Taita Taveta,4147.39,3506.909,63.4,84.557,304,annex_ratio,https://cob.go.ke/download/annual-county-governments-budget-implementation-review-report-fy-201415/?wpdmdl=9317
2014/15,2014-07-01,2015-06-30,KEN-C007,Garissa,7845.198,6596.27,72.4,84.08,303,annex_ratio,https://cob.go.ke/download/annual-county-governments-budget-implementation-review-report-fy-201415/?wpdmdl=9317
2014/15,2014-07-01,2015-06-30,KEN-C008,Wajir,7261.821,6573.111,89.3,90.516,304,annex_ratio,https://cob.go.ke/download/annual-county-governments-budget-implementation-review-report-fy-201415/?wpdmdl=9317
2014/15,2014-07-01,2015-06-30,KEN-C009,Mandera,11274.611,9019.754,76.9,80.001,303,annex_ratio,https://cob.go.ke/download/annual-county-governments-budget-implementation-review-report-fy-201415/?wpdmdl=9317
2014/15,2014-07-01,2015-06-30,KEN-C010,Marsabit,5753.814,4387.988,63.7,76.262,304,annex_ratio,https://cob.go.ke/download/annual-county-governments-budget-implementation-review-report-fy-201415/?wpdmdl=9317
2014/15,2014-07-01,2015-06-30,KEN-C011,Isiolo,3380.658,2845.475,82.2,84.169,303,annex_ratio,https://cob.go.ke/download/annual-county-governments-budget-implementation-review-report-fy-201415/?wpdmdl=9317
2014/15,2014-07-01,2015-06-30,KEN-C012,Meru,7744.752,6253.441,67.5,80.744,304,annex_ratio,https://cob.go.ke/download/annual-county-governments-budget-implementation-review-report-fy-201415/?wpdmdl=9317
2014/15,2014-07-01,2015-06-30,KEN-C013,Tharaka-Nithi,3961.074,2704.669,45.7,68.281,304,annex_ratio,https://cob.go.ke/download/annual-county-governments-budget-implementation-review-report-fy-201415/?wpdmdl=9317
2014/15,2014-07-01,2015-06-30,KEN-C014,Embu,4990.297,3802.946,39.5,76.207,303,annex_ratio,https://cob.go.ke/download/annual-county-governments-budget-implementation-review-report-fy-201415/?wpdmdl=9317
2014/15,2014-07-01,2015-06-30,KEN-C015,Kitui,9569.72,6901.263,58.3,72.116,303,annex_ratio,https://cob.go.ke/download/annual-county-governments-budget-implementation-review-report-fy-201415/?wpdmdl=9317
2014/15,2014-07-01,2015-06-30,KEN-C016,Machakos,9262.028,7085.395,46.7,76.499,303,annex_ratio,https://cob.go.ke/download/annual-county-governments-budget-implementation-review-report-fy-201415/?wpdmdl=9317
2014/15,2014-07-01,2015-06-30,KEN-C017,Makueni,6971.129,4383.933,37.3,62.887,303,annex_ratio,https://cob.go.ke/download/annual-county-governments-budget-implementation-review-report-fy-201415/?wpdmdl=9317
2014/15,2014-07-01,2015-06-30,KEN-C018,Nyandarua,4454.73,3932.375,70.5,88.274,304,annex_ratio,https://cob.go.ke/download/annual-county-governments-budget-implementation-review-report-fy-201415/?wpdmdl=9317
2014/15,2014-07-01,2015-06-30,KEN-C019,Nyeri,5444.502,4815.225,68.2,88.442,304,annex_ratio,https://cob.go.ke/download/annual-county-governments-budget-implementation-review-report-fy-201415/?wpdmdl=9317
2014/15,2014-07-01,2015-06-30,KEN-C020,Kirinyaga,4101.59,3184.966,57.6,77.652,303,annex_ratio,https://cob.go.ke/download/annual-county-governments-budget-implementation-review-report-fy-201415/?wpdmdl=9317
2014/15,2014-07-01,2015-06-30,KEN-C021,Murang'a,5981.587,5419.339,75.3,90.6,304,annex_ratio,https://cob.go.ke/download/annual-county-governments-budget-implementation-review-report-fy-201415/?wpdmdl=9317
2014/15,2014-07-01,2015-06-30,KEN-C022,Kiambu,10374.05,8766.062,66.7,84.5,303,annex_ratio,https://cob.go.ke/download/annual-county-governments-budget-implementation-review-report-fy-201415/?wpdmdl=9317
2014/15,2014-07-01,2015-06-30,KEN-C023,Turkana,13121.583,9015.129,58.9,68.705,304,annex_ratio,https://cob.go.ke/download/annual-county-governments-budget-implementation-review-report-fy-201415/?wpdmdl=9317
2014/15,2014-07-01,2015-06-30,KEN-C024,West Pokot,4273.135,4086.171,91.8,95.625,304,annex_ratio,https://cob.go.ke/download/annual-county-governments-budget-implementation-review-report-fy-201415/?wpdmdl=9317
2014/15,2014-07-01,2015-06-30,KEN-C025,Samburu,4139.742,3282.828,78.2,79.3,304,annex_ratio,https://cob.go.ke/download/annual-county-governments-budget-implementation-review-report-fy-201415/?wpdmdl=9317
2014/15,2014-07-01,2015-06-30,KEN-C026,Trans Nzoia,5272.495,4091.277,53.5,77.597,304,annex_ratio,https://cob.go.ke/download/annual-county-governments-budget-implementation-review-report-fy-201415/?wpdmdl=9317
2014/15,2014-07-01,2015-06-30,KEN-C027,Uasin Gishu,6929.449,5537.473,69.3,79.912,304,annex_ratio,https://cob.go.ke/download/annual-county-governments-budget-implementation-review-report-fy-201415/?wpdmdl=9317
2014/15,2014-07-01,2015-06-30,KEN-C028,Elgeyo/Marakwet,3780.926,3387.398,75.1,89.592,303,annex_ratio,https://cob.go.ke/download/annual-county-governments-budget-implementation-review-report-fy-201415/?wpdmdl=9317
2014/15,2014-07-01,2015-06-30,KEN-C029,Nandi,5190.314,4687.018,92.1,90.303,304,annex_ratio,https://cob.go.ke/download/annual-county-governments-budget-implementation-review-report-fy-201415/?wpdmdl=9317
2014/15,2014-07-01,2015-06-30,KEN-C030,Baringo,5012.341,4161.117,59.2,83.017,303,annex_ratio,https://cob.go.ke/download/annual-county-governments-budget-implementation-review-report-fy-201415/?wpdmdl=9317
2014/15,2014-07-01,2015-06-30,KEN-C031,Laikipia,4323.813,3389.808,53.9,78.399,303,annex_ratio,https://cob.go.ke/download/annual-county-governments-budget-implementation-review-report-fy-201415/?wpdmdl=9317
2014/15,2014-07-01,2015-06-30,KEN-C032,Nakuru,11085.045,8203.821,42.7,74.008,304,annex_ratio,https://cob.go.ke/download/annual-county-governments-budget-implementation-review-report-fy-201415/?wpdmdl=9317
2014/15,2014-07-01,2015-06-30,KEN-C033,Narok,8032.729,6658.957,78.5,82.898,304,annex_ratio,https://cob.go.ke/download/annual-county-governments-budget-implementation-review-report-fy-201415/?wpdmdl=9317
2014/15,2014-07-01,2015-06-30,KEN-C034,Kajiado,5668.497,4533.109,50.2,79.97,303,annex_ratio,https://cob.go.ke/download/annual-county-governments-budget-implementation-review-report-fy-201415/?wpdmdl=9317
2014/15,2014-07-01,2015-06-30,KEN-C035,Kericho,4814.64,4280.706,73.4,88.91,303,annex_ratio,https://cob.go.ke/download/annual-county-governments-budget-implementation-review-report-fy-201415/?wpdmdl=9317
2014/15,2014-07-01,2015-06-30,KEN-C036,Bomet,4510.47,4413.416,99.6,97.848,303,annex_ratio,https://cob.go.ke/download/annual-county-governments-budget-implementation-review-report-fy-201415/?wpdmdl=9317
2014/15,2014-07-01,2015-06-30,KEN-C037,Kakamega,10577.554,7487.335,60.6,70.785,303,annex_ratio,https://cob.go.ke/download/annual-county-governments-budget-implementation-review-report-fy-201415/?wpdmdl=9317
2014/15,2014-07-01,2015-06-30,KEN-C038,Vihiga,4763.438,3505.77,57.2,73.597,304,annex_ratio,https://cob.go.ke/download/annual-county-governments-budget-implementation-review-report-fy-201415/?wpdmdl=9317
2014/15,2014-07-01,2015-06-30,KEN-C039,Bungoma,10255.964,7144.801,46.7,69.665,303,annex_ratio,https://cob.go.ke/download/annual-county-governments-budget-implementation-review-report-fy-201415/?wpdmdl=9317
2014/15,2014-07-01,2015-06-30,KEN-C040,Busia,6322.554,4996.464,68.7,79.026,303,annex_ratio,https://cob.go.ke/download/annual-county-governments-budget-implementation-review-report-fy-201415/?wpdmdl=9317
2014/15,2014-07-01,2015-06-30,KEN-C041,Siaya,5884.693,4171.56,59.8,70.888,304,annex_ratio,https://cob.go.ke/download/annual-county-governments-budget-implementation-review-report-fy-201415/?wpdmdl=9317
2014/15,2014-07-01,2015-06-30,KEN-C042,Kisumu,7939.985,5757.542,47.2,72.513,303,annex_ratio,https://cob.go.ke/download/annual-county-governments-budget-implementation-review-report-fy-201415/?wpdmdl=9317
2014/15,2014-07-01,2015-06-30,KEN-C043,Homa Bay,5016.239,5279.133,101.2,105.241,303,annex_ratio,https://cob.go.ke/download/annual-county-governments-budget-implementation-review-report-fy-201415/?wpdmdl=9317
2014/15,2014-07-01,2015-06-30,KEN-C044,Migori,5802.87,4763.261,65.4,82.085,304,annex_ratio,https://cob.go.ke/download/annual-county-governments-budget-implementation-review-report-fy-201415/?wpdmdl=9317
2014/15,2014-07-01,2015-06-30,KEN-C045,Kisii,7449.561,6538.293,79.9,87.767,303,annex_ratio,https://cob.go.ke/download/annual-county-governments-budget-implementation-review-report-fy-201415/?wpdmdl=9317
2014/15,2014-07-01,2015-06-30,KEN-C046,Nyamira,4678.266,3639.436,56.9,77.795,304,annex_ratio,https://cob.go.ke/download/annual-county-governments-budget-implementation-review-report-fy-201415/?wpdmdl=9317
2014/15,2014-07-01,2015-06-30,KEN-C047,Nairobi,25588.833,21022.564,33.5,82.155,304,annex_ratio,https://cob.go.ke/download/annual-county-governments-budget-implementation-review-report-fy-201415/?wpdmdl=9317
2015/16,2015-07-01,2016-06-30,KEN-C001,Mombasa,9980,8540,82.4,85.571,212,derived_overall+published_development,https://cob.go.ke/download/annual-county-budget-implementation-review-report-fy-2015-16/?wpdmdl=10035
2015/16,2015-07-01,2016-06-30,KEN-C002,Kwale,7610,5800,68.4,76.216,154,derived_overall+published_development,https://cob.go.ke/download/annual-county-budget-implementation-review-report-fy-2015-16/?wpdmdl=10035
2015/16,2015-07-01,2016-06-30,KEN-C003,Kilifi,11520,8470,62.6,73.524,121,derived_overall+published_development,https://cob.go.ke/download/annual-county-budget-implementation-review-report-fy-2015-16/?wpdmdl=10035
2015/16,2015-07-01,2016-06-30,KEN-C004,Tana River,4570,3860,80.4,84.464,288,derived_overall+published_development,https://cob.go.ke/download/annual-county-budget-implementation-review-report-fy-2015-16/?wpdmdl=10035
2015/16,2015-07-01,2016-06-30,KEN-C005,Lamu,3180,2510,64.4,78.931,167,derived_overall+published_development,https://cob.go.ke/download/annual-county-budget-implementation-review-report-fy-2015-16/?wpdmdl=10035
2015/16,2015-07-01,2016-06-30,KEN-C006,Taita Taveta,4160,3460,41.1,83.173,281,derived_overall+published_development,https://cob.go.ke/download/annual-county-budget-implementation-review-report-fy-2015-16/?wpdmdl=10035
2015/16,2015-07-01,2016-06-30,KEN-C007,Garissa,7400,6550,78.8,88.514,77,derived_overall+published_development,https://cob.go.ke/download/annual-county-budget-implementation-review-report-fy-2015-16/?wpdmdl=10035
2015/16,2015-07-01,2016-06-30,KEN-C008,Wajir,8270,7770,85.1,93.954,327,derived_overall+published_development,https://cob.go.ke/download/annual-county-budget-implementation-review-report-fy-2015-16/?wpdmdl=10035
2015/16,2015-07-01,2016-06-30,KEN-C009,Mandera,11500,9550,74.8,83.043,186,derived_overall+published_development,https://cob.go.ke/download/annual-county-budget-implementation-review-report-fy-2015-16/?wpdmdl=10035
2015/16,2015-07-01,2016-06-30,KEN-C010,Marsabit,6270,5280,72.7,84.211,193,derived_overall+published_development,https://cob.go.ke/download/annual-county-budget-implementation-review-report-fy-2015-16/?wpdmdl=10035
2015/16,2015-07-01,2016-06-30,KEN-C011,Isiolo,3740,3250,76.8,86.898,90,derived_overall+published_development,https://cob.go.ke/download/annual-county-budget-implementation-review-report-fy-2015-16/?wpdmdl=10035
2015/16,2015-07-01,2016-06-30,KEN-C012,Meru,8220,6210,58.8,75.547,199,derived_overall+published_development,https://cob.go.ke/download/annual-county-budget-implementation-review-report-fy-2015-16/?wpdmdl=10035
2015/16,2015-07-01,2016-06-30,KEN-C013,Tharaka-Nithi,3820,2700,51.4,70.681,294,derived_overall+published_development,https://cob.go.ke/download/annual-county-budget-implementation-review-report-fy-2015-16/?wpdmdl=10035
2015/16,2015-07-01,2016-06-30,KEN-C014,Embu,5730,3960,40.1,69.11,71,derived_overall+published_development,https://cob.go.ke/download/annual-county-budget-implementation-review-report-fy-2015-16/?wpdmdl=10035
2015/16,2015-07-01,2016-06-30,KEN-C015,Kitui,10110,7870,69.6,77.844,148,derived_overall+published_development,https://cob.go.ke/download/annual-county-budget-implementation-review-report-fy-2015-16/?wpdmdl=10035
2015/16,2015-07-01,2016-06-30,KEN-C016,Machakos,11720,8330,44.64,71.075,174,derived_overall+derived_development,https://cob.go.ke/download/annual-county-budget-implementation-review-report-fy-2015-16/?wpdmdl=10035
2015/16,2015-07-01,2016-06-30,KEN-C017,Makueni,9450,5510,31.7,58.307,181,derived_overall+published_development,https://cob.go.ke/download/annual-county-budget-implementation-review-report-fy-2015-16/?wpdmdl=10035
2015/16,2015-07-01,2016-06-30,KEN-C018,Nyandarua,5590,4870,77.8,87.12,256,derived_overall+published_development,https://cob.go.ke/download/annual-county-budget-implementation-review-report-fy-2015-16/?wpdmdl=10035
2015/16,2015-07-01,2016-06-30,KEN-C019,Nyeri,6280,4970,62.5,79.14,262,derived_overall+published_development,https://cob.go.ke/download/annual-county-budget-implementation-review-report-fy-2015-16/?wpdmdl=10035
2015/16,2015-07-01,2016-06-30,KEN-C020,Kirinyaga,4780,4140,70.5,86.611,127,derived_overall+published_development,https://cob.go.ke/download/annual-county-budget-implementation-review-report-fy-2015-16/?wpdmdl=10035
2015/16,2015-07-01,2016-06-30,KEN-C021,Murang'a,6900,6050,81.1,87.681,218,derived_overall+published_development,https://cob.go.ke/download/annual-county-budget-implementation-review-report-fy-2015-16/?wpdmdl=10035
2015/16,2015-07-01,2016-06-30,KEN-C022,Kiambu,11480,10430,71.4,90.854,115,derived_overall+published_development,https://cob.go.ke/download/annual-county-budget-implementation-review-report-fy-2015-16/?wpdmdl=10035
2015/16,2015-07-01,2016-06-30,KEN-C023,Turkana,13520,10160,66.3,75.148,308,derived_overall+published_development,https://cob.go.ke/download/annual-county-budget-implementation-review-report-fy-2015-16/?wpdmdl=10035
2015/16,2015-07-01,2016-06-30,KEN-C024,West Pokot,4830,4350,79.5,90.062,333,derived_overall+published_development,https://cob.go.ke/download/annual-county-budget-implementation-review-report-fy-2015-16/?wpdmdl=10035
2015/16,2015-07-01,2016-06-30,KEN-C025,Samburu,4450,3660,65.1,82.247,269,derived_overall+published_development,https://cob.go.ke/download/annual-county-budget-implementation-review-report-fy-2015-16/?wpdmdl=10035
2015/16,2015-07-01,2016-06-30,KEN-C026,Trans Nzoia,6150,5330,61.5,86.667,301,derived_overall+published_development,https://cob.go.ke/download/annual-county-budget-implementation-review-report-fy-2015-16/?wpdmdl=10035
2015/16,2015-07-01,2016-06-30,KEN-C027,Uasin Gishu,7540,6210,75.2,82.361,314,derived_overall+published_development,https://cob.go.ke/download/annual-county-budget-implementation-review-report-fy-2015-16/?wpdmdl=10035
2015/16,2015-07-01,2016-06-30,KEN-C028,Elgeyo/Marakwet,3850,2930,45.6,76.104,65,derived_overall+published_development,https://cob.go.ke/download/annual-county-budget-implementation-review-report-fy-2015-16/?wpdmdl=10035
2015/16,2015-07-01,2016-06-30,KEN-C029,Nandi,5700,4980,77.3,87.368,237,derived_overall+published_development,https://cob.go.ke/download/annual-county-budget-implementation-review-report-fy-2015-16/?wpdmdl=10035
2015/16,2015-07-01,2016-06-30,KEN-C030,Baringo,5900,4690,53.9,79.492,40,derived_overall+published_development,https://cob.go.ke/download/annual-county-budget-implementation-review-report-fy-2015-16/?wpdmdl=10035
2015/16,2015-07-01,2016-06-30,KEN-C031,Laikipia,5180,3990,60.7,77.027,161,derived_overall+published_development,https://cob.go.ke/download/annual-county-budget-implementation-review-report-fy-2015-16/?wpdmdl=10035
2015/16,2015-07-01,2016-06-30,KEN-C032,Nakuru,13980,10380,41.4,74.249,230,derived_overall+published_development,https://cob.go.ke/download/annual-county-budget-implementation-review-report-fy-2015-16/?wpdmdl=10035
2015/16,2015-07-01,2016-06-30,KEN-C033,Narok,8310,7240,77.6,87.124,243,derived_overall+published_development,https://cob.go.ke/download/annual-county-budget-implementation-review-report-fy-2015-16/?wpdmdl=10035
2015/16,2015-07-01,2016-06-30,KEN-C034,Kajiado,6830,5140,56.8,75.256,96,derived_overall+published_development,https://cob.go.ke/download/annual-county-budget-implementation-review-report-fy-2015-16/?wpdmdl=10035
2015/16,2015-07-01,2016-06-30,KEN-C035,Kericho,5570,4810,78.1,86.355,109,derived_overall+published_development,https://cob.go.ke/download/annual-county-budget-implementation-review-report-fy-2015-16/?wpdmdl=10035
2015/16,2015-07-01,2016-06-30,KEN-C036,Bomet,5170,5070,94.6,98.066,46,derived_overall+published_development,https://cob.go.ke/download/annual-county-budget-implementation-review-report-fy-2015-16/?wpdmdl=10035
2015/16,2015-07-01,2016-06-30,KEN-C037,Kakamega,12310,9850,72.4,80.016,102,derived_overall+published_development,https://cob.go.ke/download/annual-county-budget-implementation-review-report-fy-2015-16/?wpdmdl=10035
2015/16,2015-07-01,2016-06-30,KEN-C038,Vihiga,4370,3010,59.1,68.879,321,derived_overall+published_development,https://cob.go.ke/download/annual-county-budget-implementation-review-report-fy-2015-16/?wpdmdl=10035
2015/16,2015-07-01,2016-06-30,KEN-C039,Bungoma,10050,8270,76.1,82.289,53,derived_overall+published_development,https://cob.go.ke/download/annual-county-budget-implementation-review-report-fy-2015-16/?wpdmdl=10035
2015/16,2015-07-01,2016-06-30,KEN-C040,Busia,7300,5870,69,80.411,59,derived_overall+published_development,https://cob.go.ke/download/annual-county-budget-implementation-review-report-fy-2015-16/?wpdmdl=10035
2015/16,2015-07-01,2016-06-30,KEN-C041,Siaya,6950,4930,57,70.935,275,derived_overall+published_development,https://cob.go.ke/download/annual-county-budget-implementation-review-report-fy-2015-16/?wpdmdl=10035
2015/16,2015-07-01,2016-06-30,KEN-C042,Kisumu,9640,6440,45.3,66.805,141,derived_overall+published_development,https://cob.go.ke/download/annual-county-budget-implementation-review-report-fy-2015-16/?wpdmdl=10035
2015/16,2015-07-01,2016-06-30,KEN-C043,Homa Bay,6550,5780,79.1,88.244,83,derived_overall+published_development,https://cob.go.ke/download/annual-county-budget-implementation-review-report-fy-2015-16/?wpdmdl=10035
2015/16,2015-07-01,2016-06-30,KEN-C044,Migori,7270,5870,66.7,80.743,205,derived_overall+published_development,https://cob.go.ke/download/annual-county-budget-implementation-review-report-fy-2015-16/?wpdmdl=10035
2015/16,2015-07-01,2016-06-30,KEN-C045,Kisii,9180,7940,70.6,86.492,134,derived_overall+published_development,https://cob.go.ke/download/annual-county-budget-implementation-review-report-fy-2015-16/?wpdmdl=10035
2015/16,2015-07-01,2016-06-30,KEN-C046,Nyamira,5450,4310,54.5,79.083,249,derived_overall+published_development,https://cob.go.ke/download/annual-county-budget-implementation-review-report-fy-2015-16/?wpdmdl=10035
2015/16,2015-07-01,2016-06-30,KEN-C047,Nairobi,29090,23950,52.9,82.331,224,derived_overall+published_development,https://cob.go.ke/download/annual-county-budget-implementation-review-report-fy-2015-16/?wpdmdl=10035
2016/17,2016-07-01,2017-06-30,KEN-C001,Mombasa,11650,9130,68.8,78.369,213,derived_overall+published_development,https://cob.go.ke/download/annual-county-governments-budget-implementation-review-report-fy-201617/?wpdmdl=10487
2016/17,2016-07-01,2017-06-30,KEN-C002,Kwale,7950,5860,56.8,73.711,157,derived_overall+published_development,https://cob.go.ke/download/annual-county-governments-budget-implementation-review-report-fy-201617/?wpdmdl=10487
2016/17,2016-07-01,2017-06-30,KEN-C003,Kilifi,13330,10180,65.5,76.369,123,derived_overall+published_development,https://cob.go.ke/download/annual-county-governments-budget-implementation-review-report-fy-201617/?wpdmdl=10487
2016/17,2016-07-01,2017-06-30,KEN-C004,Tana River,4590,3550,75.5,77.342,287,derived_overall+published_development,https://cob.go.ke/download/annual-county-governments-budget-implementation-review-report-fy-201617/?wpdmdl=10487
2016/17,2016-07-01,2017-06-30,KEN-C005,Lamu,3210,1990,38.3,61.994,169,derived_overall+published_development,https://cob.go.ke/download/annual-county-governments-budget-implementation-review-report-fy-201617/?wpdmdl=10487
2016/17,2016-07-01,2017-06-30,KEN-C006,Taita Taveta,4660,3390,28.6,72.747,281,derived_overall+published_development,https://cob.go.ke/download/annual-county-governments-budget-implementation-review-report-fy-201617/?wpdmdl=10487
2016/17,2016-07-01,2017-06-30,KEN-C007,Garissa,7570,7100,87,93.791,79,derived_overall+published_development,https://cob.go.ke/download/annual-county-governments-budget-implementation-review-report-fy-201617/?wpdmdl=10487
2016/17,2016-07-01,2017-06-30,KEN-C008,Wajir,8680,8250,90.1,95.046,326,derived_overall+published_development,https://cob.go.ke/download/annual-county-governments-budget-implementation-review-report-fy-201617/?wpdmdl=10487
2016/17,2016-07-01,2017-06-30,KEN-C009,Mandera,12030,10200,0.081,84.788,187,derived_overall+derived_development,https://cob.go.ke/download/annual-county-governments-budget-implementation-review-report-fy-201617/?wpdmdl=10487
2016/17,2016-07-01,2017-06-30,KEN-C010,Marsabit,6820,6140,86.9,90.029,193,derived_overall+published_development,https://cob.go.ke/download/annual-county-governments-budget-implementation-review-report-fy-201617/?wpdmdl=10487
2016/17,2016-07-01,2017-06-30,KEN-C011,Isiolo,3750,3470,90.4,92.533,91,derived_overall+published_development,https://cob.go.ke/download/annual-county-governments-budget-implementation-review-report-fy-201617/?wpdmdl=10487
2016/17,2016-07-01,2017-06-30,KEN-C012,Meru,10140,8340,0.07,82.249,200,derived_overall+derived_development,https://cob.go.ke/download/annual-county-governments-budget-implementation-review-report-fy-201617/?wpdmdl=10487
2016/17,2016-07-01,2017-06-30,KEN-C013,Tharaka-Nithi,3960,2770,42.9,69.949,294,derived_overall+published_development,https://cob.go.ke/download/annual-county-governments-budget-implementation-review-report-fy-201617/?wpdmdl=10487
2016/17,2016-07-01,2017-06-30,KEN-C014,Embu,6720,5760,81.4,85.714,73,derived_overall+published_development,https://cob.go.ke/download/annual-county-governments-budget-implementation-review-report-fy-201617/?wpdmdl=10487
2016/17,2016-07-01,2017-06-30,KEN-C015,Kitui,10970,8310,70.7,75.752,149,derived_overall+published_development,https://cob.go.ke/download/annual-county-governments-budget-implementation-review-report-fy-201617/?wpdmdl=10487
2016/17,2016-07-01,2017-06-30,KEN-C016,Machakos,10880,9140,99.1,84.007,175,derived_overall+published_development,https://cob.go.ke/download/annual-county-governments-budget-implementation-review-report-fy-201617/?wpdmdl=10487
2016/17,2016-07-01,2017-06-30,KEN-C017,Makueni,10650,8920,73.4,83.756,181,derived_overall+published_development,https://cob.go.ke/download/annual-county-governments-budget-implementation-review-report-fy-201617/?wpdmdl=10487
2016/17,2016-07-01,2017-06-30,KEN-C018,Nyandarua,5670,4960,84.4,87.478,255,derived_overall+published_development,https://cob.go.ke/download/annual-county-governments-budget-implementation-review-report-fy-201617/?wpdmdl=10487
2016/17,2016-07-01,2017-06-30,KEN-C019,Nyeri,7280,5690,53,78.159,262,derived_overall+published_development,https://cob.go.ke/download/annual-county-governments-budget-implementation-review-report-fy-201617/?wpdmdl=10487
2016/17,2016-07-01,2017-06-30,KEN-C020,Kirinyaga,5240,4250,57.6,81.107,129,derived_overall+published_development,https://cob.go.ke/download/annual-county-governments-budget-implementation-review-report-fy-201617/?wpdmdl=10487
2016/17,2016-07-01,2017-06-30,KEN-C021,Murang'a,8210,6430,58.1,78.319,219,derived_overall+published_development,https://cob.go.ke/download/annual-county-governments-budget-implementation-review-report-fy-201617/?wpdmdl=10487
2016/17,2016-07-01,2017-06-30,KEN-C022,Kiambu,12400,10810,69.9,87.177,117,derived_overall+published_development,https://cob.go.ke/download/annual-county-governments-budget-implementation-review-report-fy-201617/?wpdmdl=10487
2016/17,2016-07-01,2017-06-30,KEN-C023,Turkana,14370,11190,69.4,77.871,306,derived_overall+published_development,https://cob.go.ke/download/annual-county-governments-budget-implementation-review-report-fy-201617/?wpdmdl=10487
2016/17,2016-07-01,2017-06-30,KEN-C024,West Pokot,5250,4800,85.5,91.429,332,derived_overall+published_development,https://cob.go.ke/download/annual-county-governments-budget-implementation-review-report-fy-201617/?wpdmdl=10487
2016/17,2016-07-01,2017-06-30,KEN-C025,Samburu,4670,4170,86.4,89.293,268,derived_overall+published_development,https://cob.go.ke/download/annual-county-governments-budget-implementation-review-report-fy-201617/?wpdmdl=10487
2016/17,2016-07-01,2017-06-30,KEN-C026,Trans Nzoia,6880,6000,64.6,87.209,300,derived_overall+published_development,https://cob.go.ke/download/annual-county-governments-budget-implementation-review-report-fy-201617/?wpdmdl=10487
2016/17,2016-07-01,2017-06-30,KEN-C027,Uasin Gishu,7720,5590,54.6,72.409,314,derived_overall+published_development,https://cob.go.ke/download/annual-county-governments-budget-implementation-review-report-fy-201617/?wpdmdl=10487
2016/17,2016-07-01,2017-06-30,KEN-C028,Elgeyo/Marakwet,4740,3970,63,83.755,66,derived_overall+published_development,https://cob.go.ke/download/annual-county-governments-budget-implementation-review-report-fy-201617/?wpdmdl=10487
2016/17,2016-07-01,2017-06-30,KEN-C029,Nandi,6910,5330,71.4,77.135,237,derived_overall+published_development,https://cob.go.ke/download/annual-county-governments-budget-implementation-review-report-fy-201617/?wpdmdl=10487
2016/17,2016-07-01,2017-06-30,KEN-C030,Baringo,6510,5210,56.2,80.031,41,derived_overall+published_development,https://cob.go.ke/download/annual-county-governments-budget-implementation-review-report-fy-201617/?wpdmdl=10487
2016/17,2016-07-01,2017-06-30,KEN-C031,Laikipia,5970,4710,62.7,78.894,163,derived_overall+published_development,https://cob.go.ke/download/annual-county-governments-budget-implementation-review-report-fy-201617/?wpdmdl=10487
2016/17,2016-07-01,2017-06-30,KEN-C032,Nakuru,15090,10660,35.1,70.643,230,derived_overall+published_development,https://cob.go.ke/download/annual-county-governments-budget-implementation-review-report-fy-201617/?wpdmdl=10487
2016/17,2016-07-01,2017-06-30,KEN-C033,Narok,9080,7470,63.3,82.269,243,derived_overall+published_development,https://cob.go.ke/download/annual-county-governments-budget-implementation-review-report-fy-201617/?wpdmdl=10487
2016/17,2016-07-01,2017-06-30,KEN-C034,Kajiado,7010,5060,47,72.183,98,derived_overall+published_development,https://cob.go.ke/download/annual-county-governments-budget-implementation-review-report-fy-201617/?wpdmdl=10487
2016/17,2016-07-01,2017-06-30,KEN-C035,Kericho,6290,5600,96.651,89.03,110,derived_overall+derived_development,https://cob.go.ke/download/annual-county-governments-budget-implementation-review-report-fy-201617/?wpdmdl=10487
2016/17,2016-07-01,2017-06-30,KEN-C036,Bomet,5580,5300,89.6,94.982,47,derived_overall+published_development,https://cob.go.ke/download/annual-county-governments-budget-implementation-review-report-fy-201617/?wpdmdl=10487
2016/17,2016-07-01,2017-06-30,KEN-C037,Kakamega,12370,10850,82.4,87.712,104,derived_overall+published_development,https://cob.go.ke/download/annual-county-governments-budget-implementation-review-report-fy-201617/?wpdmdl=10487
2016/17,2016-07-01,2017-06-30,KEN-C038,Vihiga,5040,3720,52.5,73.81,320,derived_overall+published_development,https://cob.go.ke/download/annual-county-governments-budget-implementation-review-report-fy-201617/?wpdmdl=10487
2016/17,2016-07-01,2017-06-30,KEN-C039,Bungoma,10470,7990,71.875,76.313,53,derived_overall+derived_development,https://cob.go.ke/download/annual-county-governments-budget-implementation-review-report-fy-201617/?wpdmdl=10487
2016/17,2016-07-01,2017-06-30,KEN-C040,Busia,7550,5880,63.9,77.881,60,derived_overall+published_development,https://cob.go.ke/download/annual-county-governments-budget-implementation-review-report-fy-201617/?wpdmdl=10487
2016/17,2016-07-01,2017-06-30,KEN-C041,Siaya,7070,5630,62.9,79.632,275,derived_overall+published_development,https://cob.go.ke/download/annual-county-governments-budget-implementation-review-report-fy-201617/?wpdmdl=10487
2016/17,2016-07-01,2017-06-30,KEN-C042,Kisumu,9400,6840,62.6,72.766,142,derived_overall+published_development,https://cob.go.ke/download/annual-county-governments-budget-implementation-review-report-fy-201617/?wpdmdl=10487
2016/17,2016-07-01,2017-06-30,KEN-C043,Homa Bay,6730,5740,67.684,85.29,85,derived_overall+derived_development,https://cob.go.ke/download/annual-county-governments-budget-implementation-review-report-fy-201617/?wpdmdl=10487
2016/17,2016-07-01,2017-06-30,KEN-C044,Migori,7300,5820,62.8,79.726,207,derived_overall+published_development,https://cob.go.ke/download/annual-county-governments-budget-implementation-review-report-fy-201617/?wpdmdl=10487
2016/17,2016-07-01,2017-06-30,KEN-C045,Kisii,10070,7990,54.3,79.345,135,derived_overall+published_development,https://cob.go.ke/download/annual-county-governments-budget-implementation-review-report-fy-201617/?wpdmdl=10487
2016/17,2016-07-01,2017-06-30,KEN-C046,Nyamira,5610,4500,58.6,80.214,249,derived_overall+published_development,https://cob.go.ke/download/annual-county-governments-budget-implementation-review-report-fy-201617/?wpdmdl=10487
2016/17,2016-07-01,2017-06-30,KEN-C047,Nairobi,34780,24860,33.4,71.478,225,derived_overall+published_development,https://cob.go.ke/download/annual-county-governments-budget-implementation-review-report-fy-201617/?wpdmdl=10487
2017/18,2017-07-01,2018-06-30,KEN-C001,Mombasa,12630,10310,76,81.631,205,derived_overall+published_development,https://cob.go.ke/download/annual-county-governments-budget-implementation-review-report-for-fy-2017-18/?wpdmdl=14829
2017/18,2017-07-01,2018-06-30,KEN-C002,Kwale,9320,6590,52.1,70.708,147,derived_overall+published_development,https://cob.go.ke/download/annual-county-governments-budget-implementation-review-report-for-fy-2017-18/?wpdmdl=14829
2017/18,2017-07-01,2018-06-30,KEN-C003,Kilifi,12130,9530,73.1,78.566,116,derived_overall+published_development,https://cob.go.ke/download/annual-county-governments-budget-implementation-review-report-for-fy-2017-18/?wpdmdl=14829
2017/18,2017-07-01,2018-06-30,KEN-C004,Tana River,5970,2230,37.4,37.353,280,derived_overall+published_development,https://cob.go.ke/download/annual-county-governments-budget-implementation-review-report-for-fy-2017-18/?wpdmdl=14829
2017/18,2017-07-01,2018-06-30,KEN-C005,Lamu,3020,2060,35.8,68.212,160,derived_overall+published_development,https://cob.go.ke/download/annual-county-governments-budget-implementation-review-report-for-fy-2017-18/?wpdmdl=14829
2017/18,2017-07-01,2018-06-30,KEN-C006,Taita Taveta,5520,3340,12.7,60.507,273,derived_overall+published_development,https://cob.go.ke/download/annual-county-governments-budget-implementation-review-report-for-fy-2017-18/?wpdmdl=14829
2017/18,2017-07-01,2018-06-30,KEN-C007,Garissa,7970,6520,22.955,81.807,74,derived_overall+derived_development,https://cob.go.ke/download/annual-county-governments-budget-implementation-review-report-for-fy-2017-18/?wpdmdl=14829
2017/18,2017-07-01,2018-06-30,KEN-C008,Wajir,9360,6400,22.9,68.376,317,derived_overall+published_development,https://cob.go.ke/download/annual-county-governments-budget-implementation-review-report-for-fy-2017-18/?wpdmdl=14829
2017/18,2017-07-01,2018-06-30,KEN-C009,Mandera,12250,9540,67.4,77.878,179,derived_overall+published_development,https://cob.go.ke/download/annual-county-governments-budget-implementation-review-report-for-fy-2017-18/?wpdmdl=14829
2017/18,2017-07-01,2018-06-30,KEN-C010,Marsabit,7730,6570,74,84.994,185,derived_overall+published_development,https://cob.go.ke/download/annual-county-governments-budget-implementation-review-report-for-fy-2017-18/?wpdmdl=14829
2017/18,2017-07-01,2018-06-30,KEN-C011,Isiolo,4340,3390,72.4,78.111,85,derived_overall+published_development,https://cob.go.ke/download/annual-county-governments-budget-implementation-review-report-for-fy-2017-18/?wpdmdl=14829
2017/18,2017-07-01,2018-06-30,KEN-C012,Meru,10740,6800,25.3,63.315,191,derived_overall+published_development,https://cob.go.ke/download/annual-county-governments-budget-implementation-review-report-for-fy-2017-18/?wpdmdl=14829
2017/18,2017-07-01,2018-06-30,KEN-C013,Tharaka-Nithi,4630,3650,67.7,78.834,287,derived_overall+published_development,https://cob.go.ke/download/annual-county-governments-budget-implementation-review-report-for-fy-2017-18/?wpdmdl=14829
2017/18,2017-07-01,2018-06-30,KEN-C014,Embu,6170,5060,58.7,82.01,67,derived_overall+published_development,https://cob.go.ke/download/annual-county-governments-budget-implementation-review-report-for-fy-2017-18/?wpdmdl=14829
2017/18,2017-07-01,2018-06-30,KEN-C015,Kitui,11240,9320,73.4,82.918,142,derived_overall+published_development,https://cob.go.ke/download/annual-county-governments-budget-implementation-review-report-for-fy-2017-18/?wpdmdl=14829
2017/18,2017-07-01,2018-06-30,KEN-C016,Machakos,10080,7400,33.3,73.413,166,derived_overall+published_development,https://cob.go.ke/download/annual-county-governments-budget-implementation-review-report-for-fy-2017-18/?wpdmdl=14829
2017/18,2017-07-01,2018-06-30,KEN-C017,Makueni,9670,7190,44.8,74.354,172,derived_overall+published_development,https://cob.go.ke/download/annual-county-governments-budget-implementation-review-report-for-fy-2017-18/?wpdmdl=14829
2017/18,2017-07-01,2018-06-30,KEN-C018,Nyandarua,6110,4540,44.2,74.304,249,derived_overall+published_development,https://cob.go.ke/download/annual-county-governments-budget-implementation-review-report-for-fy-2017-18/?wpdmdl=14829
2017/18,2017-07-01,2018-06-30,KEN-C019,Nyeri,7960,5350,33.8,67.211,255,derived_overall+published_development,https://cob.go.ke/download/annual-county-governments-budget-implementation-review-report-for-fy-2017-18/?wpdmdl=14829
2017/18,2017-07-01,2018-06-30,KEN-C020,Kirinyaga,5700,4590,42.3,80.526,123,derived_overall+published_development,https://cob.go.ke/download/annual-county-governments-budget-implementation-review-report-for-fy-2017-18/?wpdmdl=14829
2017/18,2017-07-01,2018-06-30,KEN-C021,Murang'a,8320,6570,72.8,78.966,211,derived_overall+published_development,https://cob.go.ke/download/annual-county-governments-budget-implementation-review-report-for-fy-2017-18/?wpdmdl=14829
2017/18,2017-07-01,2018-06-30,KEN-C022,Kiambu,12590,10760,66.1,85.465,111,derived_overall+published_development,https://cob.go.ke/download/annual-county-governments-budget-implementation-review-report-for-fy-2017-18/?wpdmdl=14829
2017/18,2017-07-01,2018-06-30,KEN-C023,Turkana,12150,8130,46.7,66.914,299,derived_overall+published_development,https://cob.go.ke/download/annual-county-governments-budget-implementation-review-report-for-fy-2017-18/?wpdmdl=14829
2017/18,2017-07-01,2018-06-30,KEN-C024,West Pokot,5650,4410,57.2,78.053,323,derived_overall+published_development,https://cob.go.ke/download/annual-county-governments-budget-implementation-review-report-for-fy-2017-18/?wpdmdl=14829
2017/18,2017-07-01,2018-06-30,KEN-C025,Samburu,4830,3590,37.6,74.327,261,derived_overall+published_development,https://cob.go.ke/download/annual-county-governments-budget-implementation-review-report-for-fy-2017-18/?wpdmdl=14829
2017/18,2017-07-01,2018-06-30,KEN-C026,Trans Nzoia,6630,4220,54,63.65,293,derived_overall+published_development,https://cob.go.ke/download/annual-county-governments-budget-implementation-review-report-for-fy-2017-18/?wpdmdl=14829
2017/18,2017-07-01,2018-06-30,KEN-C027,Uasin Gishu,8060,6620,52.5,82.134,305,derived_overall+published_development,https://cob.go.ke/download/annual-county-governments-budget-implementation-review-report-for-fy-2017-18/?wpdmdl=14829
2017/18,2017-07-01,2018-06-30,KEN-C028,Elgeyo/Marakwet,4940,3870,49,78.34,61,derived_overall+published_development,https://cob.go.ke/download/annual-county-governments-budget-implementation-review-report-for-fy-2017-18/?wpdmdl=14829
2017/18,2017-07-01,2018-06-30,KEN-C029,Nandi,6850,4800,33.3,70.073,230,derived_overall+published_development,https://cob.go.ke/download/annual-county-governments-budget-implementation-review-report-for-fy-2017-18/?wpdmdl=14829
2017/18,2017-07-01,2018-06-30,KEN-C030,Baringo,6950,5200,36.4,74.82,36,derived_overall+published_development,https://cob.go.ke/download/annual-county-governments-budget-implementation-review-report-for-fy-2017-18/?wpdmdl=14829
2017/18,2017-07-01,2018-06-30,KEN-C031,Laikipia,5710,4800,53.5,84.063,154,derived_overall+published_development,https://cob.go.ke/download/annual-county-governments-budget-implementation-review-report-for-fy-2017-18/?wpdmdl=14829
2017/18,2017-07-01,2018-06-30,KEN-C032,Nakuru,16100,9550,25.6,59.317,223,derived_overall+published_development,https://cob.go.ke/download/annual-county-governments-budget-implementation-review-report-for-fy-2017-18/?wpdmdl=14829
2017/18,2017-07-01,2018-06-30,KEN-C033,Narok,9810,8250,58.6,84.098,236,derived_overall+published_development,https://cob.go.ke/download/annual-county-governments-budget-implementation-review-report-for-fy-2017-18/?wpdmdl=14829
2017/18,2017-07-01,2018-06-30,KEN-C034,Kajiado,8190,5510,37.2,67.277,92,derived_overall+published_development,https://cob.go.ke/download/annual-county-governments-budget-implementation-review-report-for-fy-2017-18/?wpdmdl=14829
2017/18,2017-07-01,2018-06-30,KEN-C035,Kericho,6540,5180,48.8,79.205,104,derived_overall+published_development,https://cob.go.ke/download/annual-county-governments-budget-implementation-review-report-for-fy-2017-18/?wpdmdl=14829
2017/18,2017-07-01,2018-06-30,KEN-C036,Bomet,6240,4950,46.9,79.327,42,derived_overall+published_development,https://cob.go.ke/download/annual-county-governments-budget-implementation-review-report-for-fy-2017-18/?wpdmdl=14829
2017/18,2017-07-01,2018-06-30,KEN-C037,Kakamega,12910,10540,69,81.642,98,derived_overall+published_development,https://cob.go.ke/download/annual-county-governments-budget-implementation-review-report-for-fy-2017-18/?wpdmdl=14829
2017/18,2017-07-01,2018-06-30,KEN-C038,Vihiga,5580,2710,17.5,48.566,311,derived_overall+published_development,https://cob.go.ke/download/annual-county-governments-budget-implementation-review-report-for-fy-2017-18/?wpdmdl=14829
2017/18,2017-07-01,2018-06-30,KEN-C039,Bungoma,11250,8630,42.3,76.711,48,derived_overall+published_development,https://cob.go.ke/download/annual-county-governments-budget-implementation-review-report-for-fy-2017-18/?wpdmdl=14829
2017/18,2017-07-01,2018-06-30,KEN-C040,Busia,7450,5810,45.1,77.987,54,derived_overall+published_development,https://cob.go.ke/download/annual-county-governments-budget-implementation-review-report-for-fy-2017-18/?wpdmdl=14829
2017/18,2017-07-01,2018-06-30,KEN-C041,Siaya,6850,4110,30.5,60,267,derived_overall+published_development,https://cob.go.ke/download/annual-county-governments-budget-implementation-review-report-for-fy-2017-18/?wpdmdl=14829
2017/18,2017-07-01,2018-06-30,KEN-C042,Kisumu,9210,6430,23.7,69.815,135,derived_overall+published_development,https://cob.go.ke/download/annual-county-governments-budget-implementation-review-report-for-fy-2017-18/?wpdmdl=14829
2017/18,2017-07-01,2018-06-30,KEN-C043,Homa Bay,7570,5150,42.8,68.032,79,derived_overall+published_development,https://cob.go.ke/download/annual-county-governments-budget-implementation-review-report-for-fy-2017-18/?wpdmdl=14829
2017/18,2017-07-01,2018-06-30,KEN-C044,Migori,8170,5930,63.6,72.583,198,derived_overall+published_development,https://cob.go.ke/download/annual-county-governments-budget-implementation-review-report-for-fy-2017-18/?wpdmdl=14829
2017/18,2017-07-01,2018-06-30,KEN-C045,Kisii,10890,8580,56.5,78.788,129,derived_overall+published_development,https://cob.go.ke/download/annual-county-governments-budget-implementation-review-report-for-fy-2017-18/?wpdmdl=14829
2017/18,2017-07-01,2018-06-30,KEN-C046,Nyamira,6110,4230,27.9,69.231,243,derived_overall+published_development,https://cob.go.ke/download/annual-county-governments-budget-implementation-review-report-for-fy-2017-18/?wpdmdl=14829
2017/18,2017-07-01,2018-06-30,KEN-C047,Nairobi,33650,24540,26.1,72.927,217,derived_overall+published_development,https://cob.go.ke/download/annual-county-governments-budget-implementation-review-report-for-fy-2017-18/?wpdmdl=14829
2018/19,2018-07-01,2019-06-30,KEN-C001,Mombasa,14456.5,12529.11,71.5,86.7,32,published_table_2_5_transcribed,https://cob.go.ke/download/county-governments-annual-budget-implementation-review-report-fy-2018-19/?wpdmdl=15011
2018/19,2018-07-01,2019-06-30,KEN-C002,Kwale,11518.02,7694.57,42.6,66.8,32,published_table_2_5_transcribed,https://cob.go.ke/download/county-governments-annual-budget-implementation-review-report-fy-2018-19/?wpdmdl=15011
2018/19,2018-07-01,2019-06-30,KEN-C003,Kilifi,14482.48,9641.72,61.8,66.6,32,published_table_2_5_transcribed,https://cob.go.ke/download/county-governments-annual-budget-implementation-review-report-fy-2018-19/?wpdmdl=15011
2018/19,2018-07-01,2019-06-30,KEN-C004,Tana River,7573.36,4792.06,54.1,63.3,33,published_table_2_5_transcribed,https://cob.go.ke/download/county-governments-annual-budget-implementation-review-report-fy-2018-19/?wpdmdl=15011
2018/19,2018-07-01,2019-06-30,KEN-C005,Lamu,4846.74,2902.23,30.4,59.9,32,published_table_2_5_transcribed,https://cob.go.ke/download/county-governments-annual-budget-implementation-review-report-fy-2018-19/?wpdmdl=15011
2018/19,2018-07-01,2019-06-30,KEN-C006,Taita Taveta,5987.45,5066.79,64.1,84.6,33,published_table_2_5_transcribed,https://cob.go.ke/download/county-governments-annual-budget-implementation-review-report-fy-2018-19/?wpdmdl=15011
2018/19,2018-07-01,2019-06-30,KEN-C007,Garissa,10722.24,8990.68,56.6,83.9,32,published_table_2_5_transcribed,https://cob.go.ke/download/county-governments-annual-budget-implementation-review-report-fy-2018-19/?wpdmdl=15011
2018/19,2018-07-01,2019-06-30,KEN-C008,Wajir,13175.69,10381.37,66.9,78.8,33,published_table_2_5_transcribed,https://cob.go.ke/download/county-governments-annual-budget-implementation-review-report-fy-2018-19/?wpdmdl=15011
2018/19,2018-07-01,2019-06-30,KEN-C009,Mandera,13709.96,12041.77,81.3,87.8,32,published_table_2_5_transcribed,https://cob.go.ke/download/county-governments-annual-budget-implementation-review-report-fy-2018-19/?wpdmdl=15011
2018/19,2018-07-01,2019-06-30,KEN-C010,Marsabit,8718.8,7467.7,81.5,85.7,32,published_table_2_5_transcribed,https://cob.go.ke/download/county-governments-annual-budget-implementation-review-report-fy-2018-19/?wpdmdl=15011
2018/19,2018-07-01,2019-06-30,KEN-C011,Isiolo,5484.1,4279.14,53.7,78,32,published_table_2_5_transcribed,https://cob.go.ke/download/county-governments-annual-budget-implementation-review-report-fy-2018-19/?wpdmdl=15011
2018/19,2018-07-01,2019-06-30,KEN-C012,Meru,12556.1,9780.47,56.3,77.9,32,published_table_2_5_transcribed,https://cob.go.ke/download/county-governments-annual-budget-implementation-review-report-fy-2018-19/?wpdmdl=15011
2018/19,2018-07-01,2019-06-30,KEN-C013,Tharaka-Nithi,5721,4602.55,64.1,80.5,33,published_table_2_5_transcribed,https://cob.go.ke/download/county-governments-annual-budget-implementation-review-report-fy-2018-19/?wpdmdl=15011
2018/19,2018-07-01,2019-06-30,KEN-C014,Embu,6827.24,5913.26,62.8,86.6,32,published_table_2_5_transcribed,https://cob.go.ke/download/county-governments-annual-budget-implementation-review-report-fy-2018-19/?wpdmdl=15011
2018/19,2018-07-01,2019-06-30,KEN-C015,Kitui,11688.67,9867.66,71.4,84.4,32,published_table_2_5_transcribed,https://cob.go.ke/download/county-governments-annual-budget-implementation-review-report-fy-2018-19/?wpdmdl=15011
2018/19,2018-07-01,2019-06-30,KEN-C016,Machakos,14965.22,11652.59,57.4,77.9,32,published_table_2_5_transcribed,https://cob.go.ke/download/county-governments-annual-budget-implementation-review-report-fy-2018-19/?wpdmdl=15011
2018/19,2018-07-01,2019-06-30,KEN-C017,Makueni,10651.72,8436.55,60.1,79.2,32,published_table_2_5_transcribed,https://cob.go.ke/download/county-governments-annual-budget-implementation-review-report-fy-2018-19/?wpdmdl=15011
2018/19,2018-07-01,2019-06-30,KEN-C018,Nyandarua,7669.54,5475.87,50,71.4,32,published_table_2_5_transcribed,https://cob.go.ke/download/county-governments-annual-budget-implementation-review-report-fy-2018-19/?wpdmdl=15011
2018/19,2018-07-01,2019-06-30,KEN-C019,Nyeri,8836.54,7045.4,65.9,79.7,32,published_table_2_5_transcribed,https://cob.go.ke/download/county-governments-annual-budget-implementation-review-report-fy-2018-19/?wpdmdl=15011
2018/19,2018-07-01,2019-06-30,KEN-C020,Kirinyaga,5911.46,5164.16,62.6,87.4,32,published_table_2_5_transcribed,https://cob.go.ke/download/county-governments-annual-budget-implementation-review-report-fy-2018-19/?wpdmdl=15011
2018/19,2018-07-01,2019-06-30,KEN-C021,Murang'a,8850.78,7161.42,69.7,80.9,32,published_table_2_5_transcribed,https://cob.go.ke/download/county-governments-annual-budget-implementation-review-report-fy-2018-19/?wpdmdl=15011
2018/19,2018-07-01,2019-06-30,KEN-C022,Kiambu,16914.35,14260.25,75.4,84.3,32,published_table_2_5_transcribed,https://cob.go.ke/download/county-governments-annual-budget-implementation-review-report-fy-2018-19/?wpdmdl=15011
2018/19,2018-07-01,2019-06-30,KEN-C023,Turkana,15352.3,10349.11,29.1,67.4,33,published_table_2_5_transcribed,https://cob.go.ke/download/county-governments-annual-budget-implementation-review-report-fy-2018-19/?wpdmdl=15011
2018/19,2018-07-01,2019-06-30,KEN-C024,West Pokot,6369.51,5519.41,72.6,86.7,33,published_table_2_5_transcribed,https://cob.go.ke/download/county-governments-annual-budget-implementation-review-report-fy-2018-19/?wpdmdl=15011
2018/19,2018-07-01,2019-06-30,KEN-C025,Samburu,5861.12,4183.01,37.2,71.4,32,published_table_2_5_transcribed,https://cob.go.ke/download/county-governments-annual-budget-implementation-review-report-fy-2018-19/?wpdmdl=15011
2018/19,2018-07-01,2019-06-30,KEN-C026,Trans Nzoia,8042.56,6387.94,75.4,79.4,33,published_table_2_5_transcribed,https://cob.go.ke/download/county-governments-annual-budget-implementation-review-report-fy-2018-19/?wpdmdl=15011
2018/19,2018-07-01,2019-06-30,KEN-C027,Uasin Gishu,9958.06,6745.26,36.4,67.7,33,published_table_2_5_transcribed,https://cob.go.ke/download/county-governments-annual-budget-implementation-review-report-fy-2018-19/?wpdmdl=15011
2018/19,2018-07-01,2019-06-30,KEN-C028,Elgeyo/Marakwet,5601.08,4427.6,54.1,79,32,published_table_2_5_transcribed,https://cob.go.ke/download/county-governments-annual-budget-implementation-review-report-fy-2018-19/?wpdmdl=15011
2018/19,2018-07-01,2019-06-30,KEN-C029,Nandi,8426.86,6726.99,53.8,79.8,32,published_table_2_5_transcribed,https://cob.go.ke/download/county-governments-annual-budget-implementation-review-report-fy-2018-19/?wpdmdl=15011
2018/19,2018-07-01,2019-06-30,KEN-C030,Baringo,8125.03,5552.68,32.2,68.3,32,published_table_2_5_transcribed,https://cob.go.ke/download/county-governments-annual-budget-implementation-review-report-fy-2018-19/?wpdmdl=15011
2018/19,2018-07-01,2019-06-30,KEN-C031,Laikipia,6927.96,5710.29,63.7,82.4,32,published_table_2_5_transcribed,https://cob.go.ke/download/county-governments-annual-budget-implementation-review-report-fy-2018-19/?wpdmdl=15011
2018/19,2018-07-01,2019-06-30,KEN-C032,Nakuru,18478.94,10136.91,18.4,54.9,32,published_table_2_5_transcribed,https://cob.go.ke/download/county-governments-annual-budget-implementation-review-report-fy-2018-19/?wpdmdl=15011
2018/19,2018-07-01,2019-06-30,KEN-C033,Narok,10194.86,9960.21,95.4,97.7,32,published_table_2_5_transcribed,https://cob.go.ke/download/county-governments-annual-budget-implementation-review-report-fy-2018-19/?wpdmdl=15011
2018/19,2018-07-01,2019-06-30,KEN-C034,Kajiado,9605.25,7726.84,63.4,80.4,32,published_table_2_5_transcribed,https://cob.go.ke/download/county-governments-annual-budget-implementation-review-report-fy-2018-19/?wpdmdl=15011
2018/19,2018-07-01,2019-06-30,KEN-C035,Kericho,8417.97,6131.87,38.9,72.8,32,published_table_2_5_transcribed,https://cob.go.ke/download/county-governments-annual-budget-implementation-review-report-fy-2018-19/?wpdmdl=15011
2018/19,2018-07-01,2019-06-30,KEN-C036,Bomet,8133.98,6883.88,70,84.6,32,published_table_2_5_transcribed,https://cob.go.ke/download/county-governments-annual-budget-implementation-review-report-fy-2018-19/?wpdmdl=15011
2018/19,2018-07-01,2019-06-30,KEN-C037,Kakamega,14489.42,12178.3,73.2,84,32,published_table_2_5_transcribed,https://cob.go.ke/download/county-governments-annual-budget-implementation-review-report-fy-2018-19/?wpdmdl=15011
2018/19,2018-07-01,2019-06-30,KEN-C038,Vihiga,7002.57,5699.07,63.2,81.4,33,published_table_2_5_transcribed,https://cob.go.ke/download/county-governments-annual-budget-implementation-review-report-fy-2018-19/?wpdmdl=15011
2018/19,2018-07-01,2019-06-30,KEN-C039,Bungoma,12765.31,9570.95,55.9,75,32,published_table_2_5_transcribed,https://cob.go.ke/download/county-governments-annual-budget-implementation-review-report-fy-2018-19/?wpdmdl=15011
2018/19,2018-07-01,2019-06-30,KEN-C040,Busia,8826.48,6648.66,52.8,75.3,32,published_table_2_5_transcribed,https://cob.go.ke/download/county-governments-annual-budget-implementation-review-report-fy-2018-19/?wpdmdl=15011
2018/19,2018-07-01,2019-06-30,KEN-C041,Siaya,8443.59,5702.24,31.5,67.5,33,published_table_2_5_transcribed,https://cob.go.ke/download/county-governments-annual-budget-implementation-review-report-fy-2018-19/?wpdmdl=15011
2018/19,2018-07-01,2019-06-30,KEN-C042,Kisumu,11875.53,8378.75,57.8,70.6,32,published_table_2_5_transcribed,https://cob.go.ke/download/county-governments-annual-budget-implementation-review-report-fy-2018-19/?wpdmdl=15011
2018/19,2018-07-01,2019-06-30,KEN-C043,Homa Bay,8467.34,5738.11,32.5,67.8,32,published_table_2_5_transcribed,https://cob.go.ke/download/county-governments-annual-budget-implementation-review-report-fy-2018-19/?wpdmdl=15011
2018/19,2018-07-01,2019-06-30,KEN-C044,Migori,8801.12,6367.05,49.6,72.3,32,published_table_2_5_transcribed,https://cob.go.ke/download/county-governments-annual-budget-implementation-review-report-fy-2018-19/?wpdmdl=15011
2018/19,2018-07-01,2019-06-30,KEN-C045,Kisii,12011,9561.76,57.2,79.6,32,published_table_2_5_transcribed,https://cob.go.ke/download/county-governments-annual-budget-implementation-review-report-fy-2018-19/?wpdmdl=15011
2018/19,2018-07-01,2019-06-30,KEN-C046,Nyamira,6959.07,5602.35,52.6,80.5,32,published_table_2_5_transcribed,https://cob.go.ke/download/county-governments-annual-budget-implementation-review-report-fy-2018-19/?wpdmdl=15011
2018/19,2018-07-01,2019-06-30,KEN-C047,Nairobi,33068.25,29398.17,79.7,88.9,32,published_table_2_5_transcribed,https://cob.go.ke/download/county-governments-annual-budget-implementation-review-report-fy-2018-19/?wpdmdl=15011
2019/20,2019-07-01,2020-06-30,KEN-C001,Mombasa,13670,10790,73.6,78.932,258,derived_overall+published_development,https://cob.go.ke/download/county-governments-budget-implementation-review-report-for-the-fy-2019-20/?wpdmdl=15308
2019/20,2019-07-01,2020-06-30,KEN-C002,Kwale,13250,8900,49.6,67.17,185,derived_overall+published_development,https://cob.go.ke/download/county-governments-budget-implementation-review-report-for-the-fy-2019-20/?wpdmdl=15308
2019/20,2019-07-01,2020-06-30,KEN-C003,Kilifi,15030,11320,63.5,75.316,146,derived_overall+published_development,https://cob.go.ke/download/county-governments-budget-implementation-review-report-for-the-fy-2019-20/?wpdmdl=15308
2019/20,2019-07-01,2020-06-30,KEN-C004,Tana River,8040,8160,55.4,101.493,351,derived_overall+published_development,https://cob.go.ke/download/county-governments-budget-implementation-review-report-for-the-fy-2019-20/?wpdmdl=15308
2019/20,2019-07-01,2020-06-30,KEN-C005,Lamu,4740,3050,40.6,64.346,202,derived_overall+published_development,https://cob.go.ke/download/county-governments-budget-implementation-review-report-for-the-fy-2019-20/?wpdmdl=15308
2019/20,2019-07-01,2020-06-30,KEN-C006,Taita Taveta,5670,4440,47.3,78.307,345,derived_overall+published_development,https://cob.go.ke/download/county-governments-budget-implementation-review-report-for-the-fy-2019-20/?wpdmdl=15308
2019/20,2019-07-01,2020-06-30,KEN-C007,Garissa,10868.381,8385.32,45.3,77.153,85,derived_overall+published_development,https://cob.go.ke/download/county-governments-budget-implementation-review-report-for-the-fy-2019-20/?wpdmdl=15308
2019/20,2019-07-01,2020-06-30,KEN-C008,Wajir,11470,9620,66.5,83.871,404,derived_overall+published_development,https://cob.go.ke/download/county-governments-budget-implementation-review-report-for-the-fy-2019-20/?wpdmdl=15308
2019/20,2019-07-01,2020-06-30,KEN-C009,Mandera,13120,11550,79.7,88.034,224,derived_overall+published_development,https://cob.go.ke/download/county-governments-budget-implementation-review-report-for-the-fy-2019-20/?wpdmdl=15308
2019/20,2019-07-01,2020-06-30,KEN-C010,Marsabit,8350,7170,79,85.868,230,derived_overall+published_development,https://cob.go.ke/download/county-governments-budget-implementation-review-report-for-the-fy-2019-20/?wpdmdl=15308
2019/20,2019-07-01,2020-06-30,KEN-C011,Isiolo,5730,5050,79.7,88.133,103,derived_overall+published_development,https://cob.go.ke/download/county-governments-budget-implementation-review-report-for-the-fy-2019-20/?wpdmdl=15308
2019/20,2019-07-01,2020-06-30,KEN-C012,Meru,11240,9460,0.065,84.164,236,derived_overall+derived_development,https://cob.go.ke/download/county-governments-budget-implementation-review-report-for-the-fy-2019-20/?wpdmdl=15308
2019/20,2019-07-01,2020-06-30,KEN-C013,Tharaka-Nithi,5120,4210,66.8,82.227,360,derived_overall+published_development,https://cob.go.ke/download/county-governments-budget-implementation-review-report-for-the-fy-2019-20/?wpdmdl=15308
2019/20,2019-07-01,2020-06-30,KEN-C014,Embu,6780,5160,47.5,76.106,78,derived_overall+published_development,https://cob.go.ke/download/county-governments-budget-implementation-review-report-for-the-fy-2019-20/?wpdmdl=15308
2019/20,2019-07-01,2020-06-30,KEN-C015,Kitui,11800,10010,66.5,84.831,176,derived_overall+published_development,https://cob.go.ke/download/county-governments-budget-implementation-review-report-for-the-fy-2019-20/?wpdmdl=15308
2019/20,2019-07-01,2020-06-30,KEN-C016,Machakos,13330,9460,41.7,70.968,208,derived_overall+published_development,https://cob.go.ke/download/county-governments-budget-implementation-review-report-for-the-fy-2019-20/?wpdmdl=15308
2019/20,2019-07-01,2020-06-30,KEN-C017,Makueni,11190,8600,55.1,76.854,215,derived_overall+published_development,https://cob.go.ke/download/county-governments-budget-implementation-review-report-for-the-fy-2019-20/?wpdmdl=15308
2019/20,2019-07-01,2020-06-30,KEN-C018,Nyandarua,7980,6570,65.7,82.331,315,derived_overall+published_development,https://cob.go.ke/download/county-governments-budget-implementation-review-report-for-the-fy-2019-20/?wpdmdl=15308
2019/20,2019-07-01,2020-06-30,KEN-C019,Nyeri,8970,7380,53.7,82.274,322,derived_overall+published_development,https://cob.go.ke/download/county-governments-budget-implementation-review-report-for-the-fy-2019-20/?wpdmdl=15308
2019/20,2019-07-01,2020-06-30,KEN-C020,Kirinyaga,6130,4770,62.6,77.814,154,derived_overall+published_development,https://cob.go.ke/download/county-governments-budget-implementation-review-report-for-the-fy-2019-20/?wpdmdl=15308
2019/20,2019-07-01,2020-06-30,KEN-C021,Murang'a,8820,7410,85.7,84.014,264,derived_overall+published_development,https://cob.go.ke/download/county-governments-budget-implementation-review-report-for-the-fy-2019-20/?wpdmdl=15308
2019/20,2019-07-01,2020-06-30,KEN-C022,Kiambu,17860,14970,71,83.819,139,derived_overall+published_development,https://cob.go.ke/download/county-governments-budget-implementation-review-report-for-the-fy-2019-20/?wpdmdl=15308
2019/20,2019-07-01,2020-06-30,KEN-C023,Turkana,14840,12350,53.1,83.221,375,derived_overall+published_development,https://cob.go.ke/download/county-governments-budget-implementation-review-report-for-the-fy-2019-20/?wpdmdl=15308
2019/20,2019-07-01,2020-06-30,KEN-C024,West Pokot,6420,5350,54.4,83.333,412,derived_overall+published_development,https://cob.go.ke/download/county-governments-budget-implementation-review-report-for-the-fy-2019-20/?wpdmdl=15308
2019/20,2019-07-01,2020-06-30,KEN-C025,Samburu,6970,5060,42.4,72.597,329,derived_overall+published_development,https://cob.go.ke/download/county-governments-budget-implementation-review-report-for-the-fy-2019-20/?wpdmdl=15308
2019/20,2019-07-01,2020-06-30,KEN-C026,Trans Nzoia,7970,6320,67.4,79.297,368,derived_overall+published_development,https://cob.go.ke/download/county-governments-budget-implementation-review-report-for-the-fy-2019-20/?wpdmdl=15308
2019/20,2019-07-01,2020-06-30,KEN-C027,Uasin Gishu,11570,8100,46.2,70.009,388,derived_overall+published_development,https://cob.go.ke/download/county-governments-budget-implementation-review-report-for-the-fy-2019-20/?wpdmdl=15308
2019/20,2019-07-01,2020-06-30,KEN-C028,Elgeyo/Marakwet,5770,4340,45.9,75.217,69,derived_overall+published_development,https://cob.go.ke/download/county-governments-budget-implementation-review-report-for-the-fy-2019-20/?wpdmdl=15308
2019/20,2019-07-01,2020-06-30,KEN-C029,Nandi,8720,6080,39,69.725,291,derived_overall+published_development,https://cob.go.ke/download/county-governments-budget-implementation-review-report-for-the-fy-2019-20/?wpdmdl=15308
2019/20,2019-07-01,2020-06-30,KEN-C030,Baringo,8380,6320,49.4,75.418,31,derived_overall+published_development,https://cob.go.ke/download/county-governments-budget-implementation-review-report-for-the-fy-2019-20/?wpdmdl=15308
2019/20,2019-07-01,2020-06-30,KEN-C031,Laikipia,7170,5400,39.3,75.314,194,derived_overall+published_development,https://cob.go.ke/download/county-governments-budget-implementation-review-report-for-the-fy-2019-20/?wpdmdl=15308
2019/20,2019-07-01,2020-06-30,KEN-C032,Nakuru,21950,14020,37.4,63.872,283,derived_overall+published_development,https://cob.go.ke/download/county-governments-budget-implementation-review-report-for-the-fy-2019-20/?wpdmdl=15308
2019/20,2019-07-01,2020-06-30,KEN-C033,Narok,12000,10630,74,88.583,298,derived_overall+published_development,https://cob.go.ke/download/county-governments-budget-implementation-review-report-for-the-fy-2019-20/?wpdmdl=15308
2019/20,2019-07-01,2020-06-30,KEN-C034,Kajiado,10250,7230,47.4,70.537,113,derived_overall+published_development,https://cob.go.ke/download/county-governments-budget-implementation-review-report-for-the-fy-2019-20/?wpdmdl=15308
2019/20,2019-07-01,2020-06-30,KEN-C035,Kericho,8750,6500,45.9,74.286,132,derived_overall+published_development,https://cob.go.ke/download/county-governments-budget-implementation-review-report-for-the-fy-2019-20/?wpdmdl=15308
2019/20,2019-07-01,2020-06-30,KEN-C036,Bomet,7510,6210,65.1,82.69,39,derived_overall+published_development,https://cob.go.ke/download/county-governments-budget-implementation-review-report-for-the-fy-2019-20/?wpdmdl=15308
2019/20,2019-07-01,2020-06-30,KEN-C037,Kakamega,15410,12520,69.8,81.246,122,derived_overall+published_development,https://cob.go.ke/download/county-governments-budget-implementation-review-report-for-the-fy-2019-20/?wpdmdl=15308
2019/20,2019-07-01,2020-06-30,KEN-C038,Vihiga,6950,4890,46.6,70.36,396,derived_overall+published_development,https://cob.go.ke/download/county-governments-budget-implementation-review-report-for-the-fy-2019-20/?wpdmdl=15308
2019/20,2019-07-01,2020-06-30,KEN-C039,Bungoma,13840,10820,57.7,78.179,52,derived_overall+published_development,https://cob.go.ke/download/county-governments-budget-implementation-review-report-for-the-fy-2019-20/?wpdmdl=15308
2019/20,2019-07-01,2020-06-30,KEN-C040,Busia,9280,6750,0.045,72.737,60,derived_overall+derived_development,https://cob.go.ke/download/county-governments-budget-implementation-review-report-for-the-fy-2019-20/?wpdmdl=15308
2019/20,2019-07-01,2020-06-30,KEN-C041,Siaya,8880,6870,53.3,77.365,337,derived_overall+published_development,https://cob.go.ke/download/county-governments-budget-implementation-review-report-for-the-fy-2019-20/?wpdmdl=15308
2019/20,2019-07-01,2020-06-30,KEN-C042,Kisumu,12220,9120,58.2,74.632,168,derived_overall+published_development,https://cob.go.ke/download/county-governments-budget-implementation-review-report-for-the-fy-2019-20/?wpdmdl=15308
2019/20,2019-07-01,2020-06-30,KEN-C043,Homa Bay,8970,7190,62.5,80.156,93,derived_overall+published_development,https://cob.go.ke/download/county-governments-budget-implementation-review-report-for-the-fy-2019-20/?wpdmdl=15308
2019/20,2019-07-01,2020-06-30,KEN-C044,Migori,9730,6600,41.3,67.831,244,derived_overall+published_development,https://cob.go.ke/download/county-governments-budget-implementation-review-report-for-the-fy-2019-20/?wpdmdl=15308
2019/20,2019-07-01,2020-06-30,KEN-C045,Kisii,12930,9440,58.4,73.009,161,derived_overall+published_development,https://cob.go.ke/download/county-governments-budget-implementation-review-report-for-the-fy-2019-20/?wpdmdl=15308
2019/20,2019-07-01,2020-06-30,KEN-C046,Nyamira,7000,5770,61.5,82.429,307,derived_overall+published_development,https://cob.go.ke/download/county-governments-budget-implementation-review-report-for-the-fy-2019-20/?wpdmdl=15308
2019/20,2019-07-01,2020-06-30,KEN-C047,Nairobi,36980,23350,24.5,63.142,271,derived_overall+published_development,https://cob.go.ke/download/county-governments-budget-implementation-review-report-for-the-fy-2019-20/?wpdmdl=15308
2020/21,2020-07-01,2021-06-30,KEN-C001,Mombasa,15630,11530,93.7,73.768,282,derived_overall+published_development,https://cob.go.ke/download/annual-county-governments-budget-implementation-review-report-fy-2020-21/?wpdmdl=15580
2020/21,2020-07-01,2021-06-30,KEN-C002,Kwale,12260,9750,61.8,79.527,205,derived_overall+published_development,https://cob.go.ke/download/annual-county-governments-budget-implementation-review-report-fy-2020-21/?wpdmdl=15580
2020/21,2020-07-01,2021-06-30,KEN-C003,Kilifi,14660,11870,75.9,80.969,160,derived_overall+published_development,https://cob.go.ke/download/annual-county-governments-budget-implementation-review-report-fy-2020-21/?wpdmdl=15580
2020/21,2020-07-01,2021-06-30,KEN-C004,Tana River,8150,4680,37.7,57.423,393,derived_overall+published_development,https://cob.go.ke/download/annual-county-governments-budget-implementation-review-report-fy-2020-21/?wpdmdl=15580
2020/21,2020-07-01,2021-06-30,KEN-C005,Lamu,4710,3120,43.9,66.242,223,derived_overall+published_development,https://cob.go.ke/download/annual-county-governments-budget-implementation-review-report-fy-2020-21/?wpdmdl=15580
2020/21,2020-07-01,2021-06-30,KEN-C006,Taita Taveta,6110,5350,86.5,87.561,385,derived_overall+published_development,https://cob.go.ke/download/annual-county-governments-budget-implementation-review-report-fy-2020-21/?wpdmdl=15580
2020/21,2020-07-01,2021-06-30,KEN-C007,Garissa,10180,8470,53.9,83.202,94,derived_overall+published_development,https://cob.go.ke/download/annual-county-governments-budget-implementation-review-report-fy-2020-21/?wpdmdl=15580
2020/21,2020-07-01,2021-06-30,KEN-C008,Wajir,10940,9250,74.6,84.552,454,derived_overall+published_development,https://cob.go.ke/download/annual-county-governments-budget-implementation-review-report-fy-2020-21/?wpdmdl=15580
2020/21,2020-07-01,2021-06-30,KEN-C009,Mandera,13210,11670,78.6,88.342,248,derived_overall+published_development,https://cob.go.ke/download/annual-county-governments-budget-implementation-review-report-fy-2020-21/?wpdmdl=15580
2020/21,2020-07-01,2021-06-30,KEN-C010,Marsabit,8720,7200,75.4,82.569,256,derived_overall+published_development,https://cob.go.ke/download/annual-county-governments-budget-implementation-review-report-fy-2020-21/?wpdmdl=15580
2020/21,2020-07-01,2021-06-30,KEN-C011,Isiolo,5760,4390,50.5,76.215,112,derived_overall+published_development,https://cob.go.ke/download/annual-county-governments-budget-implementation-review-report-fy-2020-21/?wpdmdl=15580
2020/21,2020-07-01,2021-06-30,KEN-C012,Meru,11780,10070,70.4,85.484,263,derived_overall+published_development,https://cob.go.ke/download/annual-county-governments-budget-implementation-review-report-fy-2020-21/?wpdmdl=15580
2020/21,2020-07-01,2021-06-30,KEN-C013,Tharaka-Nithi,5860,4930,63.8,84.13,401,derived_overall+published_development,https://cob.go.ke/download/annual-county-governments-budget-implementation-review-report-fy-2020-21/?wpdmdl=15580
2020/21,2020-07-01,2021-06-30,KEN-C014,Embu,7110,5230,54.5,73.558,85,derived_overall+published_development,https://cob.go.ke/download/annual-county-governments-budget-implementation-review-report-fy-2020-21/?wpdmdl=15580
2020/21,2020-07-01,2021-06-30,KEN-C015,Kitui,11840,10520,78.4,88.851,191,derived_overall+published_development,https://cob.go.ke/download/annual-county-governments-budget-implementation-review-report-fy-2020-21/?wpdmdl=15580
2020/21,2020-07-01,2021-06-30,KEN-C016,Machakos,13490,10960,54.5,81.245,230,derived_overall+published_development,https://cob.go.ke/download/annual-county-governments-budget-implementation-review-report-fy-2020-21/?wpdmdl=15580
2020/21,2020-07-01,2021-06-30,KEN-C017,Makueni,11710,9240,65.8,78.907,238,derived_overall+published_development,https://cob.go.ke/download/annual-county-governments-budget-implementation-review-report-fy-2020-21/?wpdmdl=15580
2020/21,2020-07-01,2021-06-30,KEN-C018,Nyandarua,7810,6660,70.7,85.275,346,derived_overall+published_development,https://cob.go.ke/download/annual-county-governments-budget-implementation-review-report-fy-2020-21/?wpdmdl=15580
2020/21,2020-07-01,2021-06-30,KEN-C019,Nyeri,9090,7750,68,85.259,355,derived_overall+published_development,https://cob.go.ke/download/annual-county-governments-budget-implementation-review-report-fy-2020-21/?wpdmdl=15580
2020/21,2020-07-01,2021-06-30,KEN-C020,Kirinyaga,6800,5600,57,82.353,167,derived_overall+published_development,https://cob.go.ke/download/annual-county-governments-budget-implementation-review-report-fy-2020-21/?wpdmdl=15580
2020/21,2020-07-01,2021-06-30,KEN-C021,Murang'a,8880,7720,82.5,86.937,291,derived_overall+published_development,https://cob.go.ke/download/annual-county-governments-budget-implementation-review-report-fy-2020-21/?wpdmdl=15580
2020/21,2020-07-01,2021-06-30,KEN-C022,Kiambu,17880,13640,54.5,76.286,151,derived_overall+published_development,https://cob.go.ke/download/annual-county-governments-budget-implementation-review-report-fy-2020-21/?wpdmdl=15580
2020/21,2020-07-01,2021-06-30,KEN-C023,Turkana,14480,11170,51.8,77.141,418,derived_overall+published_development,https://cob.go.ke/download/annual-county-governments-budget-implementation-review-report-fy-2020-21/?wpdmdl=15580
2020/21,2020-07-01,2021-06-30,KEN-C024,West Pokot,6990,6260,77.4,89.557,463,derived_overall+published_development,https://cob.go.ke/download/annual-county-governments-budget-implementation-review-report-fy-2020-21/?wpdmdl=15580
2020/21,2020-07-01,2021-06-30,KEN-C025,Samburu,6790,5230,54.3,77.025,364,derived_overall+published_development,https://cob.go.ke/download/annual-county-governments-budget-implementation-review-report-fy-2020-21/?wpdmdl=15580
2020/21,2020-07-01,2021-06-30,KEN-C026,Trans Nzoia,8400,7410,78.8,88.214,410,derived_overall+published_development,https://cob.go.ke/download/annual-county-governments-budget-implementation-review-report-fy-2020-21/?wpdmdl=15580
2020/21,2020-07-01,2021-06-30,KEN-C027,Uasin Gishu,12010,8280,43.5,68.943,436,derived_overall+published_development,https://cob.go.ke/download/annual-county-governments-budget-implementation-review-report-fy-2020-21/?wpdmdl=15580
2020/21,2020-07-01,2021-06-30,KEN-C028,Elgeyo/Marakwet,5950,4760,59.2,80,76,derived_overall+published_development,https://cob.go.ke/download/annual-county-governments-budget-implementation-review-report-fy-2020-21/?wpdmdl=15580
2020/21,2020-07-01,2021-06-30,KEN-C029,Nandi,7610,6900,74.3,90.67,322,derived_overall+published_development,https://cob.go.ke/download/annual-county-governments-budget-implementation-review-report-fy-2020-21/?wpdmdl=15580
2020/21,2020-07-01,2021-06-30,KEN-C030,Baringo,7910,4600,27.2,58.154,33,derived_overall+published_development,https://cob.go.ke/download/annual-county-governments-budget-implementation-review-report-fy-2020-21/?wpdmdl=15580
2020/21,2020-07-01,2021-06-30,KEN-C031,Laikipia,7490,5830,53.9,77.837,215,derived_overall+published_development,https://cob.go.ke/download/annual-county-governments-budget-implementation-review-report-fy-2020-21/?wpdmdl=15580
2020/21,2020-07-01,2021-06-30,KEN-C032,Nakuru,20970,13880,48.3,66.19,313,derived_overall+published_development,https://cob.go.ke/download/annual-county-governments-budget-implementation-review-report-fy-2020-21/?wpdmdl=15580
2020/21,2020-07-01,2021-06-30,KEN-C033,Narok,11660,8870,32.1,76.072,331,derived_overall+published_development,https://cob.go.ke/download/annual-county-governments-budget-implementation-review-report-fy-2020-21/?wpdmdl=15580
2020/21,2020-07-01,2021-06-30,KEN-C034,Kajiado,10050,8890,79.3,88.458,125,derived_overall+published_development,https://cob.go.ke/download/annual-county-governments-budget-implementation-review-report-fy-2020-21/?wpdmdl=15580
2020/21,2020-07-01,2021-06-30,KEN-C035,Kericho,7620,6140,57.6,80.577,142,derived_overall+published_development,https://cob.go.ke/download/annual-county-governments-budget-implementation-review-report-fy-2020-21/?wpdmdl=15580
2020/21,2020-07-01,2021-06-30,KEN-C036,Bomet,7620,5640,55.7,74.016,45,derived_overall+published_development,https://cob.go.ke/download/annual-county-governments-budget-implementation-review-report-fy-2020-21/?wpdmdl=15580
2020/21,2020-07-01,2021-06-30,KEN-C037,Kakamega,16070,12610,65.6,78.469,132,derived_overall+published_development,https://cob.go.ke/download/annual-county-governments-budget-implementation-review-report-fy-2020-21/?wpdmdl=15580
2020/21,2020-07-01,2021-06-30,KEN-C038,Vihiga,6580,5710,79.7,86.778,446,derived_overall+published_development,https://cob.go.ke/download/annual-county-governments-budget-implementation-review-report-fy-2020-21/?wpdmdl=15580
2020/21,2020-07-01,2021-06-30,KEN-C039,Bungoma,14000,11390,71.2,81.357,53,derived_overall+published_development,https://cob.go.ke/download/annual-county-governments-budget-implementation-review-report-fy-2020-21/?wpdmdl=15580
2020/21,2020-07-01,2021-06-30,KEN-C040,Busia,10420,7470,45.8,71.689,65,derived_overall+published_development,https://cob.go.ke/download/annual-county-governments-budget-implementation-review-report-fy-2020-21/?wpdmdl=15580
2020/21,2020-07-01,2021-06-30,KEN-C041,Siaya,8220,6950,66.4,84.55,375,derived_overall+published_development,https://cob.go.ke/download/annual-county-governments-budget-implementation-review-report-fy-2020-21/?wpdmdl=15580
2020/21,2020-07-01,2021-06-30,KEN-C042,Kisumu,12780,9250,40.6,72.379,182,derived_overall+published_development,https://cob.go.ke/download/annual-county-governments-budget-implementation-review-report-fy-2020-21/?wpdmdl=15580
2020/21,2020-07-01,2021-06-30,KEN-C043,Homa Bay,8980,7460,61.7,83.073,102,derived_overall+published_development,https://cob.go.ke/download/annual-county-governments-budget-implementation-review-report-fy-2020-21/?wpdmdl=15580
2020/21,2020-07-01,2021-06-30,KEN-C044,Migori,9160,7330,59,80.022,272,derived_overall+published_development,https://cob.go.ke/download/annual-county-governments-budget-implementation-review-report-fy-2020-21/?wpdmdl=15580
2020/21,2020-07-01,2021-06-30,KEN-C045,Kisii,12670,9780,63.2,77.19,175,derived_overall+published_development,https://cob.go.ke/download/annual-county-governments-budget-implementation-review-report-fy-2020-21/?wpdmdl=15580
2020/21,2020-07-01,2021-06-30,KEN-C046,Nyamira,6800,5750,65.3,84.559,339,derived_overall+published_development,https://cob.go.ke/download/annual-county-governments-budget-implementation-review-report-fy-2020-21/?wpdmdl=15580
2020/21,2020-07-01,2021-06-30,KEN-C047,Nairobi,37880,30130,66.4,79.541,301,derived_overall+published_development,https://cob.go.ke/download/annual-county-governments-budget-implementation-review-report-fy-2020-21/?wpdmdl=15580
2021/22,2021-07-01,2022-06-30,KEN-C001,Mombasa,14600,10510,78.4,71.986,305,derived_overall+published_development,https://cob.go.ke/wp-content/uploads/2022/09/Counties-Sep-2022-web.pdf
2021/22,2021-07-01,2022-06-30,KEN-C002,Kwale,12770,9790,55.1,76.664,221,derived_overall+published_development,https://cob.go.ke/wp-content/uploads/2022/09/Counties-Sep-2022-web.pdf
2021/22,2021-07-01,2022-06-30,KEN-C003,Kilifi,15950,10790,35.4,67.649,170,derived_overall+published_development,https://cob.go.ke/wp-content/uploads/2022/09/Counties-Sep-2022-web.pdf
2021/22,2021-07-01,2022-06-30,KEN-C004,Tana River,8480,7720,64.8,91.038,423,derived_overall+published_development,https://cob.go.ke/wp-content/uploads/2022/09/Counties-Sep-2022-web.pdf
2021/22,2021-07-01,2022-06-30,KEN-C005,Lamu,5000,3740,55.2,74.8,240,derived_overall+published_development,https://cob.go.ke/wp-content/uploads/2022/09/Counties-Sep-2022-web.pdf
2021/22,2021-07-01,2022-06-30,KEN-C006,Taita Taveta,7150,5310,33,74.266,416,derived_overall+published_development,https://cob.go.ke/wp-content/uploads/2022/09/Counties-Sep-2022-web.pdf
2021/22,2021-07-01,2022-06-30,KEN-C007,Garissa,10440,7830,96.5,75,99,derived_overall+published_development,https://cob.go.ke/wp-content/uploads/2022/09/Counties-Sep-2022-web.pdf
2021/22,2021-07-01,2022-06-30,KEN-C008,Wajir,11590,9310,56.4,80.328,488,derived_overall+published_development,https://cob.go.ke/wp-content/uploads/2022/09/Counties-Sep-2022-web.pdf
2021/22,2021-07-01,2022-06-30,KEN-C009,Mandera,13280,11600,74,87.349,269,derived_overall+published_development,https://cob.go.ke/wp-content/uploads/2022/09/Counties-Sep-2022-web.pdf
2021/22,2021-07-01,2022-06-30,KEN-C010,Marsabit,9330,7760,70.8,83.173,276,derived_overall+published_development,https://cob.go.ke/wp-content/uploads/2022/09/Counties-Sep-2022-web.pdf
2021/22,2021-07-01,2022-06-30,KEN-C011,Isiolo,6370,4960,53.3,77.865,121,derived_overall+published_development,https://cob.go.ke/wp-content/uploads/2022/09/Counties-Sep-2022-web.pdf
2021/22,2021-07-01,2022-06-30,KEN-C012,Meru,12540,10000,62.3,79.745,286,derived_overall+published_development,https://cob.go.ke/wp-content/uploads/2022/09/Counties-Sep-2022-web.pdf
2021/22,2021-07-01,2022-06-30,KEN-C013,Tharaka-Nithi,5910,4300,58.9,72.758,433,derived_overall+published_development,https://cob.go.ke/wp-content/uploads/2022/09/Counties-Sep-2022-web.pdf
2021/22,2021-07-01,2022-06-30,KEN-C014,Embu,6920,5330,51.2,77.023,88,derived_overall+published_development,https://cob.go.ke/wp-content/uploads/2022/09/Counties-Sep-2022-web.pdf
2021/22,2021-07-01,2022-06-30,KEN-C015,Kitui,12470,10310,65.9,82.678,210,derived_overall+published_development,https://cob.go.ke/wp-content/uploads/2022/09/Counties-Sep-2022-web.pdf
2021/22,2021-07-01,2022-06-30,KEN-C016,Machakos,13090,10000,32.6,76.394,250,derived_overall+published_development,https://cob.go.ke/wp-content/uploads/2022/09/Counties-Sep-2022-web.pdf
2021/22,2021-07-01,2022-06-30,KEN-C017,Makueni,11540,8450,60,73.224,259,derived_overall+published_development,https://cob.go.ke/wp-content/uploads/2022/09/Counties-Sep-2022-web.pdf
2021/22,2021-07-01,2022-06-30,KEN-C018,Nyandarua,8030,5880,39.8,73.225,376,derived_overall+published_development,https://cob.go.ke/wp-content/uploads/2022/09/Counties-Sep-2022-web.pdf
2021/22,2021-07-01,2022-06-30,KEN-C019,Nyeri,8740,7220,53.2,82.609,384,derived_overall+published_development,https://cob.go.ke/wp-content/uploads/2022/09/Counties-Sep-2022-web.pdf
2021/22,2021-07-01,2022-06-30,KEN-C020,Kirinyaga,7710,5960,55.1,77.302,179,derived_overall+published_development,https://cob.go.ke/wp-content/uploads/2022/09/Counties-Sep-2022-web.pdf
2021/22,2021-07-01,2022-06-30,KEN-C021,Murang'a,10670,8060,41.7,75.539,314,derived_overall+published_development,https://cob.go.ke/wp-content/uploads/2022/09/Counties-Sep-2022-web.pdf
2021/22,2021-07-01,2022-06-30,KEN-C022,Kiambu,17510,12810,59.3,73.158,160,derived_overall+published_development,https://cob.go.ke/wp-content/uploads/2022/09/Counties-Sep-2022-web.pdf
2021/22,2021-07-01,2022-06-30,KEN-C023,Turkana,16190,10770,39.5,66.523,452,derived_overall+published_development,https://cob.go.ke/wp-content/uploads/2022/09/Counties-Sep-2022-web.pdf
2021/22,2021-07-01,2022-06-30,KEN-C024,West Pokot,7670,6540,63.3,85.267,498,derived_overall+published_development,https://cob.go.ke/wp-content/uploads/2022/09/Counties-Sep-2022-web.pdf
2021/22,2021-07-01,2022-06-30,KEN-C025,Samburu,7340,5890,68.1,80.245,393,derived_overall+published_development,https://cob.go.ke/wp-content/uploads/2022/09/Counties-Sep-2022-web.pdf
2021/22,2021-07-01,2022-06-30,KEN-C026,Trans Nzoia,9310,7800,64,83.781,443,derived_overall+published_development,https://cob.go.ke/wp-content/uploads/2022/09/Counties-Sep-2022-web.pdf
2021/22,2021-07-01,2022-06-30,KEN-C027,Uasin Gishu,13210,10190,61.9,77.139,467,derived_overall+published_development,https://cob.go.ke/wp-content/uploads/2022/09/Counties-Sep-2022-web.pdf
2021/22,2021-07-01,2022-06-30,KEN-C028,Elgeyo/Marakwet,6600,5100,55.9,77.273,80,derived_overall+published_development,https://cob.go.ke/wp-content/uploads/2022/09/Counties-Sep-2022-web.pdf
2021/22,2021-07-01,2022-06-30,KEN-C029,Nandi,8970,7610,61.4,84.838,350,derived_overall+published_development,https://cob.go.ke/wp-content/uploads/2022/09/Counties-Sep-2022-web.pdf
2021/22,2021-07-01,2022-06-30,KEN-C030,Baringo,9620,6990,43.9,72.661,35,derived_overall+published_development,https://cob.go.ke/wp-content/uploads/2022/09/Counties-Sep-2022-web.pdf
2021/22,2021-07-01,2022-06-30,KEN-C031,Laikipia,8880,6220,47.6,70.045,230,derived_overall+published_development,https://cob.go.ke/wp-content/uploads/2022/09/Counties-Sep-2022-web.pdf
2021/22,2021-07-01,2022-06-30,KEN-C032,Nakuru,23510,15540,51.6,66.1,335,derived_overall+published_development,https://cob.go.ke/wp-content/uploads/2022/09/Counties-Sep-2022-web.pdf
2021/22,2021-07-01,2022-06-30,KEN-C033,Narok,13350,10610,33.4,79.476,357,derived_overall+published_development,https://cob.go.ke/wp-content/uploads/2022/09/Counties-Sep-2022-web.pdf
2021/22,2021-07-01,2022-06-30,KEN-C034,Kajiado,11020,7670,59.3,69.601,131,derived_overall+published_development,https://cob.go.ke/wp-content/uploads/2022/09/Counties-Sep-2022-web.pdf
2021/22,2021-07-01,2022-06-30,KEN-C035,Kericho,8400,6880,58.7,81.905,151,derived_overall+published_development,https://cob.go.ke/wp-content/uploads/2022/09/Counties-Sep-2022-web.pdf
2021/22,2021-07-01,2022-06-30,KEN-C036,Bomet,8800,6880,58.1,78.182,46,derived_overall+published_development,https://cob.go.ke/wp-content/uploads/2022/09/Counties-Sep-2022-web.pdf
2021/22,2021-07-01,2022-06-30,KEN-C037,Kakamega,16400,13850,73.4,84.451,140,derived_overall+published_development,https://cob.go.ke/wp-content/uploads/2022/09/Counties-Sep-2022-web.pdf
2021/22,2021-07-01,2022-06-30,KEN-C038,Vihiga,6410,4320,33.5,67.395,478,derived_overall+published_development,https://cob.go.ke/wp-content/uploads/2022/09/Counties-Sep-2022-web.pdf
2021/22,2021-07-01,2022-06-30,KEN-C039,Bungoma,14450,10610,44,73.426,54,derived_overall+published_development,https://cob.go.ke/wp-content/uploads/2022/09/Counties-Sep-2022-web.pdf
2021/22,2021-07-01,2022-06-30,KEN-C040,Busia,10300,6420,33.8,62.33,68,derived_overall+published_development,https://cob.go.ke/wp-content/uploads/2022/09/Counties-Sep-2022-web.pdf
2021/22,2021-07-01,2022-06-30,KEN-C041,Siaya,8970,7110,56.2,79.264,406,derived_overall+published_development,https://cob.go.ke/wp-content/uploads/2022/09/Counties-Sep-2022-web.pdf
2021/22,2021-07-01,2022-06-30,KEN-C042,Kisumu,12180,7480,31.5,61.412,198,derived_overall+published_development,https://cob.go.ke/wp-content/uploads/2022/09/Counties-Sep-2022-web.pdf
2021/22,2021-07-01,2022-06-30,KEN-C043,Homa Bay,9680,7880,65.7,81.405,108,derived_overall+published_development,https://cob.go.ke/wp-content/uploads/2022/09/Counties-Sep-2022-web.pdf
2021/22,2021-07-01,2022-06-30,KEN-C044,Migori,10440,8740,56.4,83.716,295,derived_overall+published_development,https://cob.go.ke/wp-content/uploads/2022/09/Counties-Sep-2022-web.pdf
2021/22,2021-07-01,2022-06-30,KEN-C045,Kisii,12590,9590,46.1,76.172,189,derived_overall+published_development,https://cob.go.ke/wp-content/uploads/2022/09/Counties-Sep-2022-web.pdf
2021/22,2021-07-01,2022-06-30,KEN-C046,Nyamira,6830,5850,64.9,85.652,367,derived_overall+published_development,https://cob.go.ke/wp-content/uploads/2022/09/Counties-Sep-2022-web.pdf
2021/22,2021-07-01,2022-06-30,KEN-C047,Nairobi,39630,27030,29.3,68.206,324,derived_overall+published_development,https://cob.go.ke/wp-content/uploads/2022/09/Counties-Sep-2022-web.pdf
2022/23,2022-07-01,2023-06-30,KEN-C001,Mombasa,14000,12540,52.9,89.571,419,derived_overall+published_development,https://cob.go.ke/download/county-governments-budget-implementation-review-report-for-the-financial-year-fy-2022-23/?wpdmdl=15957
2022/23,2022-07-01,2023-06-30,KEN-C002,Kwale,11930,9710,61,81.391,287,derived_overall+published_development,https://cob.go.ke/download/county-governments-budget-implementation-review-report-for-the-financial-year-fy-2022-23/?wpdmdl=15957
2022/23,2022-07-01,2023-06-30,KEN-C003,Kilifi,15350,11180,61.9,72.834,214,derived_overall+published_development,https://cob.go.ke/download/county-governments-budget-implementation-review-report-for-the-financial-year-fy-2022-23/?wpdmdl=15957
2022/23,2022-07-01,2023-06-30,KEN-C004,Tana River,7980,5910,51.3,74.06,607,derived_overall+published_development,https://cob.go.ke/download/county-governments-budget-implementation-review-report-for-the-financial-year-fy-2022-23/?wpdmdl=15957
2022/23,2022-07-01,2023-06-30,KEN-C005,Lamu,4370,3510,55.9,80.32,321,derived_overall+published_development,https://cob.go.ke/download/county-governments-budget-implementation-review-report-for-the-financial-year-fy-2022-23/?wpdmdl=15957
2022/23,2022-07-01,2023-06-30,KEN-C006,Taita Taveta,7190,6130,57.4,85.257,587,derived_overall+published_development,https://cob.go.ke/download/county-governments-budget-implementation-review-report-for-the-financial-year-fy-2022-23/?wpdmdl=15957
2022/23,2022-07-01,2023-06-30,KEN-C007,Garissa,10440,7760,56.8,74.33,119,derived_overall+published_development,https://cob.go.ke/download/county-governments-budget-implementation-review-report-for-the-financial-year-fy-2022-23/?wpdmdl=15957
2022/23,2022-07-01,2023-06-30,KEN-C008,Wajir,11230,10230,76.5,91.095,719,derived_overall+published_development,https://cob.go.ke/download/county-governments-budget-implementation-review-report-for-the-financial-year-fy-2022-23/?wpdmdl=15957
2022/23,2022-07-01,2023-06-30,KEN-C009,Mandera,12710,11860,85.3,93.312,365,derived_overall+published_development,https://cob.go.ke/download/county-governments-budget-implementation-review-report-for-the-financial-year-fy-2022-23/?wpdmdl=15957
2022/23,2022-07-01,2023-06-30,KEN-C010,Marsabit,8830,7630,71,86.41,376,derived_overall+published_development,https://cob.go.ke/download/county-governments-budget-implementation-review-report-for-the-financial-year-fy-2022-23/?wpdmdl=15957
2022/23,2022-07-01,2023-06-30,KEN-C011,Isiolo,6460,5490,70.2,84.985,151,derived_overall+published_development,https://cob.go.ke/download/county-governments-budget-implementation-review-report-for-the-financial-year-fy-2022-23/?wpdmdl=15957
2022/23,2022-07-01,2023-06-30,KEN-C012,Meru,12650,11460,71.1,90.593,391,derived_overall+published_development,https://cob.go.ke/download/county-governments-budget-implementation-review-report-for-the-financial-year-fy-2022-23/?wpdmdl=15957
2022/23,2022-07-01,2023-06-30,KEN-C013,Tharaka-Nithi,5680,5000,69.4,88.028,626,derived_overall+published_development,https://cob.go.ke/download/county-governments-budget-implementation-review-report-for-the-financial-year-fy-2022-23/?wpdmdl=15957
2022/23,2022-07-01,2023-06-30,KEN-C014,Embu,7300,6110,55.8,83.699,103,derived_overall+published_development,https://cob.go.ke/download/county-governments-budget-implementation-review-report-for-the-financial-year-fy-2022-23/?wpdmdl=15957
2022/23,2022-07-01,2023-06-30,KEN-C015,Kitui,12310,10300,58.5,83.672,272,derived_overall+published_development,https://cob.go.ke/download/county-governments-budget-implementation-review-report-for-the-financial-year-fy-2022-23/?wpdmdl=15957
2022/23,2022-07-01,2023-06-30,KEN-C016,Machakos,12540,9600,42.5,76.555,335,derived_overall+published_development,https://cob.go.ke/download/county-governments-budget-implementation-review-report-for-the-financial-year-fy-2022-23/?wpdmdl=15957
2022/23,2022-07-01,2023-06-30,KEN-C017,Makueni,10760,9850,77.4,91.543,349,derived_overall+published_development,https://cob.go.ke/download/county-governments-budget-implementation-review-report-for-the-financial-year-fy-2022-23/?wpdmdl=15957
2022/23,2022-07-01,2023-06-30,KEN-C018,Nyandarua,7580,6660,73.5,87.863,517,derived_overall+published_development,https://cob.go.ke/download/county-governments-budget-implementation-review-report-for-the-financial-year-fy-2022-23/?wpdmdl=15957
2022/23,2022-07-01,2023-06-30,KEN-C019,Nyeri,8730,6830,75,78.236,533,derived_overall+published_development,https://cob.go.ke/download/county-governments-budget-implementation-review-report-for-the-financial-year-fy-2022-23/?wpdmdl=15957
2022/23,2022-07-01,2023-06-30,KEN-C020,Kirinyaga,7030,6440,73.7,91.607,225,derived_overall+published_development,https://cob.go.ke/download/county-governments-budget-implementation-review-report-for-the-financial-year-fy-2022-23/?wpdmdl=15957
2022/23,2022-07-01,2023-06-30,KEN-C021,Murang'a,9800,8470,69.3,86.429,431,derived_overall+published_development,https://cob.go.ke/download/county-governments-budget-implementation-review-report-for-the-financial-year-fy-2022-23/?wpdmdl=15957
2022/23,2022-07-01,2023-06-30,KEN-C022,Kiambu,17660,11860,26.4,67.157,199,derived_overall+published_development,https://cob.go.ke/download/county-governments-budget-implementation-review-report-for-the-financial-year-fy-2022-23/?wpdmdl=15957
2022/23,2022-07-01,2023-06-30,KEN-C023,Turkana,18410,14510,56.4,78.816,659,derived_overall+published_development,https://cob.go.ke/download/county-governments-budget-implementation-review-report-for-the-financial-year-fy-2022-23/?wpdmdl=15957
2022/23,2022-07-01,2023-06-30,KEN-C024,West Pokot,7660,7300,89,95.3,731,derived_overall+published_development,https://cob.go.ke/download/county-governments-budget-implementation-review-report-for-the-financial-year-fy-2022-23/?wpdmdl=15957
2022/23,2022-07-01,2023-06-30,KEN-C025,Samburu,6980,6330,84.1,90.688,548,derived_overall+published_development,https://cob.go.ke/download/county-governments-budget-implementation-review-report-for-the-financial-year-fy-2022-23/?wpdmdl=15957
2022/23,2022-07-01,2023-06-30,KEN-C026,Trans Nzoia,9110,7600,64.6,83.425,646,derived_overall+published_development,https://cob.go.ke/download/county-governments-budget-implementation-review-report-for-the-financial-year-fy-2022-23/?wpdmdl=15957
2022/23,2022-07-01,2023-06-30,KEN-C027,Uasin Gishu,11820,10380,71.3,87.817,693,derived_overall+published_development,https://cob.go.ke/download/county-governments-budget-implementation-review-report-for-the-financial-year-fy-2022-23/?wpdmdl=15957
2022/23,2022-07-01,2023-06-30,KEN-C028,Elgeyo/Marakwet,6260,5160,61.4,82.428,92,derived_overall+published_development,https://cob.go.ke/download/county-governments-budget-implementation-review-report-for-the-financial-year-fy-2022-23/?wpdmdl=15957
2022/23,2022-07-01,2023-06-30,KEN-C029,Nandi,8510,7930,82.1,93.184,479,derived_overall+published_development,https://cob.go.ke/download/county-governments-budget-implementation-review-report-for-the-financial-year-fy-2022-23/?wpdmdl=15957
2022/23,2022-07-01,2023-06-30,KEN-C030,Baringo,9260,7800,61.3,84.233,38,derived_overall+published_development,https://cob.go.ke/download/county-governments-budget-implementation-review-report-for-the-financial-year-fy-2022-23/?wpdmdl=15957
2022/23,2022-07-01,2023-06-30,KEN-C031,Laikipia,7190,6550,66.9,91.099,302,derived_overall+published_development,https://cob.go.ke/download/county-governments-budget-implementation-review-report-for-the-financial-year-fy-2022-23/?wpdmdl=15957
2022/23,2022-07-01,2023-06-30,KEN-C032,Nakuru,23510,13530,36.1,57.55,462,derived_overall+published_development,https://cob.go.ke/download/county-governments-budget-implementation-review-report-for-the-financial-year-fy-2022-23/?wpdmdl=15957
2022/23,2022-07-01,2023-06-30,KEN-C033,Narok,14980,12800,65.2,85.447,494,derived_overall+published_development,https://cob.go.ke/download/county-governments-budget-implementation-review-report-for-the-financial-year-fy-2022-23/?wpdmdl=15957
2022/23,2022-07-01,2023-06-30,KEN-C034,Kajiado,10670,9520,75.5,89.222,161,derived_overall+published_development,https://cob.go.ke/download/county-governments-budget-implementation-review-report-for-the-financial-year-fy-2022-23/?wpdmdl=15957
2022/23,2022-07-01,2023-06-30,KEN-C035,Kericho,8450,7620,83.3,90.178,186,derived_overall+published_development,https://cob.go.ke/download/county-governments-budget-implementation-review-report-for-the-financial-year-fy-2022-23/?wpdmdl=15957
2022/23,2022-07-01,2023-06-30,KEN-C036,Bomet,8290,7060,62.9,85.163,50,derived_overall+published_development,https://cob.go.ke/download/county-governments-budget-implementation-review-report-for-the-financial-year-fy-2022-23/?wpdmdl=15957
2022/23,2022-07-01,2023-06-30,KEN-C037,Kakamega,16190,14140,73.3,87.338,172,derived_overall+published_development,https://cob.go.ke/download/county-governments-budget-implementation-review-report-for-the-financial-year-fy-2022-23/?wpdmdl=15957
2022/23,2022-07-01,2023-06-30,KEN-C038,Vihiga,6490,5950,75.6,91.68,707,derived_overall+published_development,https://cob.go.ke/download/county-governments-budget-implementation-review-report-for-the-financial-year-fy-2022-23/?wpdmdl=15957
2022/23,2022-07-01,2023-06-30,KEN-C039,Bungoma,14820,12010,61.5,81.039,61,derived_overall+published_development,https://cob.go.ke/download/county-governments-budget-implementation-review-report-for-the-financial-year-fy-2022-23/?wpdmdl=15957
2022/23,2022-07-01,2023-06-30,KEN-C040,Busia,9580,7480,41.4,78.079,76,derived_overall+published_development,https://cob.go.ke/download/county-governments-budget-implementation-review-report-for-the-financial-year-fy-2022-23/?wpdmdl=15957
2022/23,2022-07-01,2023-06-30,KEN-C041,Siaya,8600,6800,53.4,79.07,574,derived_overall+published_development,https://cob.go.ke/download/county-governments-budget-implementation-review-report-for-the-financial-year-fy-2022-23/?wpdmdl=15957
2022/23,2022-07-01,2023-06-30,KEN-C042,Kisumu,12050,9080,50.8,75.353,253,derived_overall+published_development,https://cob.go.ke/download/county-governments-budget-implementation-review-report-for-the-financial-year-fy-2022-23/?wpdmdl=15957
2022/23,2022-07-01,2023-06-30,KEN-C043,Homa Bay,9680,9420,79.9,97.314,132,derived_overall+published_development,https://cob.go.ke/download/county-governments-budget-implementation-review-report-for-the-financial-year-fy-2022-23/?wpdmdl=15957
2022/23,2022-07-01,2023-06-30,KEN-C044,Migori,10440,8500,54.5,81.418,404,derived_overall+published_development,https://cob.go.ke/download/county-governments-budget-implementation-review-report-for-the-financial-year-fy-2022-23/?wpdmdl=15957
2022/23,2022-07-01,2023-06-30,KEN-C045,Kisii,11110,7980,13.9,71.827,239,derived_overall+published_development,https://cob.go.ke/download/county-governments-budget-implementation-review-report-for-the-financial-year-fy-2022-23/?wpdmdl=15957
2022/23,2022-07-01,2023-06-30,KEN-C046,Nyamira,7090,5740,63.8,80.959,505,derived_overall+published_development,https://cob.go.ke/download/county-governments-budget-implementation-review-report-for-the-financial-year-fy-2022-23/?wpdmdl=15957
2022/23,2022-07-01,2023-06-30,KEN-C047,Nairobi,39610,30710,49.9,77.531,446,derived_overall+published_development,https://cob.go.ke/download/county-governments-budget-implementation-review-report-for-the-financial-year-fy-2022-23/?wpdmdl=15957
2023/24,2023-07-01,2024-06-30,KEN-C001,Mombasa,15990,11910,43.4,74.484,384,derived_overall+published_development,https://cob.go.ke/download/county-governments-budget-implementation-review-report-for-the-financial-year-2023-24/?wpdmdl=16104
2023/24,2023-07-01,2024-06-30,KEN-C002,Kwale,14260,10140,48.3,71.108,261,derived_overall+published_development,https://cob.go.ke/download/county-governments-budget-implementation-review-report-for-the-financial-year-2023-24/?wpdmdl=16104
2023/24,2023-07-01,2024-06-30,KEN-C003,Kilifi,20040,15420,55.8,76.946,198,derived_overall+published_development,https://cob.go.ke/download/county-governments-budget-implementation-review-report-for-the-financial-year-2023-24/?wpdmdl=16104
2023/24,2023-07-01,2024-06-30,KEN-C004,Tana River,7980,7230,28.4,90.602,533,derived_overall+published_development,https://cob.go.ke/download/county-governments-budget-implementation-review-report-for-the-financial-year-2023-24/?wpdmdl=16104
2023/24,2023-07-01,2024-06-30,KEN-C005,Lamu,4540,3470,52.2,76.432,293,derived_overall+published_development,https://cob.go.ke/download/county-governments-budget-implementation-review-report-for-the-financial-year-2023-24/?wpdmdl=16104
2023/24,2023-07-01,2024-06-30,KEN-C006,Taita Taveta,7500,5870,46.9,78.267,520,derived_overall+published_development,https://cob.go.ke/download/county-governments-budget-implementation-review-report-for-the-financial-year-2023-24/?wpdmdl=16104
2023/24,2023-07-01,2024-06-30,KEN-C007,Garissa,10700,7190,44.8,67.196,115,derived_overall+published_development,https://cob.go.ke/download/county-governments-budget-implementation-review-report-for-the-financial-year-2023-24/?wpdmdl=16104
2023/24,2023-07-01,2024-06-30,KEN-C008,Wajir,11230,11020,83.4,98.13,610,derived_overall+published_development,https://cob.go.ke/download/county-governments-budget-implementation-review-report-for-the-financial-year-2023-24/?wpdmdl=16104
2023/24,2023-07-01,2024-06-30,KEN-C009,Mandera,13000,11700,82.6,90,331,derived_overall+published_development,https://cob.go.ke/download/county-governments-budget-implementation-review-report-for-the-financial-year-2023-24/?wpdmdl=16104
2023/24,2023-07-01,2024-06-30,KEN-C010,Marsabit,9420,7650,68.3,81.21,340,derived_overall+published_development,https://cob.go.ke/download/county-governments-budget-implementation-review-report-for-the-financial-year-2023-24/?wpdmdl=16104
2023/24,2023-07-01,2024-06-30,KEN-C011,Isiolo,5800,4250,55,73.276,142,derived_overall+published_development,https://cob.go.ke/download/county-governments-budget-implementation-review-report-for-the-financial-year-2023-24/?wpdmdl=16104
2023/24,2023-07-01,2024-06-30,KEN-C012,Meru,12230,10960,79.3,89.616,353,derived_overall+published_development,https://cob.go.ke/download/county-governments-budget-implementation-review-report-for-the-financial-year-2023-24/?wpdmdl=16104
2023/24,2023-07-01,2024-06-30,KEN-C013,Tharaka-Nithi,6520,5090,54.5,78.067,546,derived_overall+published_development,https://cob.go.ke/download/county-governments-budget-implementation-review-report-for-the-financial-year-2023-24/?wpdmdl=16104
2023/24,2023-07-01,2024-06-30,KEN-C014,Embu,7950,6640,60,83.522,101,derived_overall+published_development,https://cob.go.ke/download/county-governments-budget-implementation-review-report-for-the-financial-year-2023-24/?wpdmdl=16104
2023/24,2023-07-01,2024-06-30,KEN-C015,Kitui,14240,12420,71.3,87.219,249,derived_overall+published_development,https://cob.go.ke/download/county-governments-budget-implementation-review-report-for-the-financial-year-2023-24/?wpdmdl=16104
2023/24,2023-07-01,2024-06-30,KEN-C016,Machakos,15810,12530,58.6,79.254,306,derived_overall+published_development,https://cob.go.ke/download/county-governments-budget-implementation-review-report-for-the-financial-year-2023-24/?wpdmdl=16104
2023/24,2023-07-01,2024-06-30,KEN-C017,Makueni,11180,9050,62.2,80.948,319,derived_overall+published_development,https://cob.go.ke/download/county-governments-budget-implementation-review-report-for-the-financial-year-2023-24/?wpdmdl=16104
2023/24,2023-07-01,2024-06-30,KEN-C018,Nyandarua,8750,6640,45.9,75.886,468,derived_overall+published_development,https://cob.go.ke/download/county-governments-budget-implementation-review-report-for-the-financial-year-2023-24/?wpdmdl=16104
2023/24,2023-07-01,2024-06-30,KEN-C019,Nyeri,8980,7940,72.4,88.419,481,derived_overall+published_development,https://cob.go.ke/download/county-governments-budget-implementation-review-report-for-the-financial-year-2023-24/?wpdmdl=16104
2023/24,2023-07-01,2024-06-30,KEN-C020,Kirinyaga,7240,6040,53.5,83.425,211,derived_overall+published_development,https://cob.go.ke/download/county-governments-budget-implementation-review-report-for-the-financial-year-2023-24/?wpdmdl=16104
2023/24,2023-07-01,2024-06-30,KEN-C021,Murang'a,10410,8700,65.6,83.573,395,derived_overall+published_development,https://cob.go.ke/download/county-governments-budget-implementation-review-report-for-the-financial-year-2023-24/?wpdmdl=16104
2023/24,2023-07-01,2024-06-30,KEN-C022,Kiambu,23210,17780,49.5,76.605,187,derived_overall+published_development,https://cob.go.ke/download/county-governments-budget-implementation-review-report-for-the-financial-year-2023-24/?wpdmdl=16104
2023/24,2023-07-01,2024-06-30,KEN-C023,Turkana,17220,14560,63.1,84.553,567,derived_overall+published_development,https://cob.go.ke/download/county-governments-budget-implementation-review-report-for-the-financial-year-2023-24/?wpdmdl=16104
2023/24,2023-07-01,2024-06-30,KEN-C024,West Pokot,7710,6730,67.3,87.289,621,derived_overall+published_development,https://cob.go.ke/download/county-governments-budget-implementation-review-report-for-the-financial-year-2023-24/?wpdmdl=16104
2023/24,2023-07-01,2024-06-30,KEN-C025,Samburu,7520,6190,59.9,82.314,494,derived_overall+published_development,https://cob.go.ke/download/county-governments-budget-implementation-review-report-for-the-financial-year-2023-24/?wpdmdl=16104
2023/24,2023-07-01,2024-06-30,KEN-C026,Trans Nzoia,10180,8400,59.8,82.515,557,derived_overall+published_development,https://cob.go.ke/download/county-governments-budget-implementation-review-report-for-the-financial-year-2023-24/?wpdmdl=16104
2023/24,2023-07-01,2024-06-30,KEN-C027,Uasin Gishu,13290,10260,48.9,77.201,584,derived_overall+published_development,https://cob.go.ke/download/county-governments-budget-implementation-review-report-for-the-financial-year-2023-24/?wpdmdl=16104
2023/24,2023-07-01,2024-06-30,KEN-C028,Elgeyo/Marakwet,6790,5390,49.4,79.381,91,derived_overall+published_development,https://cob.go.ke/download/county-governments-budget-implementation-review-report-for-the-financial-year-2023-24/?wpdmdl=16104
2023/24,2023-07-01,2024-06-30,KEN-C029,Nandi,9850,8320,49.8,84.467,437,derived_overall+published_development,https://cob.go.ke/download/county-governments-budget-implementation-review-report-for-the-financial-year-2023-24/?wpdmdl=16104
2023/24,2023-07-01,2024-06-30,KEN-C030,Baringo,8890,7670,64.4,86.277,33,derived_overall+published_development,https://cob.go.ke/download/county-governments-budget-implementation-review-report-for-the-financial-year-2023-24/?wpdmdl=16104
2023/24,2023-07-01,2024-06-30,KEN-C031,Laikipia,7730,5840,48.7,75.55,279,derived_overall+published_development,https://cob.go.ke/download/county-governments-budget-implementation-review-report-for-the-financial-year-2023-24/?wpdmdl=16104
2023/24,2023-07-01,2024-06-30,KEN-C032,Nakuru,23310,16430,46,70.485,422,derived_overall+published_development,https://cob.go.ke/download/county-governments-budget-implementation-review-report-for-the-financial-year-2023-24/?wpdmdl=16104
2023/24,2023-07-01,2024-06-30,KEN-C033,Narok,14990,13530,90.3,90.26,446,derived_overall+published_development,https://cob.go.ke/download/county-governments-budget-implementation-review-report-for-the-financial-year-2023-24/?wpdmdl=16104
2023/24,2023-07-01,2024-06-30,KEN-C034,Kajiado,11590,8800,57.5,75.928,154,derived_overall+published_development,https://cob.go.ke/download/county-governments-budget-implementation-review-report-for-the-financial-year-2023-24/?wpdmdl=16104
2023/24,2023-07-01,2024-06-30,KEN-C035,Kericho,8480,6960,61.7,82.075,175,derived_overall+published_development,https://cob.go.ke/download/county-governments-budget-implementation-review-report-for-the-financial-year-2023-24/?wpdmdl=16104
2023/24,2023-07-01,2024-06-30,KEN-C036,Bomet,8520,7450,76.2,87.441,47,derived_overall+published_development,https://cob.go.ke/download/county-governments-budget-implementation-review-report-for-the-financial-year-2023-24/?wpdmdl=16104
2023/24,2023-07-01,2024-06-30,KEN-C037,Kakamega,16790,13860,57.3,82.549,167,derived_overall+published_development,https://cob.go.ke/download/county-governments-budget-implementation-review-report-for-the-financial-year-2023-24/?wpdmdl=16104
2023/24,2023-07-01,2024-06-30,KEN-C038,Vihiga,6680,5270,50.9,78.892,599,derived_overall+published_development,https://cob.go.ke/download/county-governments-budget-implementation-review-report-for-the-financial-year-2023-24/?wpdmdl=16104
2023/24,2023-07-01,2024-06-30,KEN-C039,Bungoma,15230,10950,55.2,71.898,58,derived_overall+published_development,https://cob.go.ke/download/county-governments-budget-implementation-review-report-for-the-financial-year-2023-24/?wpdmdl=16104
2023/24,2023-07-01,2024-06-30,KEN-C040,Busia,10200,7450,59.6,73.039,77,derived_overall+published_development,https://cob.go.ke/download/county-governments-budget-implementation-review-report-for-the-financial-year-2023-24/?wpdmdl=16104
2023/24,2023-07-01,2024-06-30,KEN-C041,Siaya,9760,7630,64.6,78.176,509,derived_overall+published_development,https://cob.go.ke/download/county-governments-budget-implementation-review-report-for-the-financial-year-2023-24/?wpdmdl=16104
2023/24,2023-07-01,2024-06-30,KEN-C042,Kisumu,13700,8870,37,64.745,234,derived_overall+published_development,https://cob.go.ke/download/county-governments-budget-implementation-review-report-for-the-financial-year-2023-24/?wpdmdl=16104
2023/24,2023-07-01,2024-06-30,KEN-C043,Homa Bay,10080,9080,86.3,90.079,125,derived_overall+published_development,https://cob.go.ke/download/county-governments-budget-implementation-review-report-for-the-financial-year-2023-24/?wpdmdl=16104
2023/24,2023-07-01,2024-06-30,KEN-C044,Migori,11470,8890,47.3,77.507,365,derived_overall+published_development,https://cob.go.ke/download/county-governments-budget-implementation-review-report-for-the-financial-year-2023-24/?wpdmdl=16104
2023/24,2023-07-01,2024-06-30,KEN-C045,Kisii,13260,9230,29.2,69.608,223,derived_overall+published_development,https://cob.go.ke/download/county-governments-budget-implementation-review-report-for-the-financial-year-2023-24/?wpdmdl=16104
2023/24,2023-07-01,2024-06-30,KEN-C046,Nyamira,7280,6170,61.2,84.753,456,derived_overall+published_development,https://cob.go.ke/download/county-governments-budget-implementation-review-report-for-the-financial-year-2023-24/?wpdmdl=16104
2023/24,2023-07-01,2024-06-30,KEN-C047,Nairobi,42290,31790,38.7,75.171,407,derived_overall+published_development,https://cob.go.ke/download/county-governments-budget-implementation-review-report-for-the-financial-year-2023-24/?wpdmdl=16104
